{
  "description": "",
  "root": "resetVariablesPAccountName",
  "actions": {
    "resetVariablesPAccountName": {
      "module": "vb/action/builtin/resetVariablesAction",
      "parameters": {
        "variables": [
          "$page.variables.p_account_name",
          "$page.variables.p_owner_type",
          "$page.variables.p_reporting_group",
          "$page.variables.p_category_1",
          "$page.variables.p_category_2",
          "$page.variables.p_item_number",
          "$page.variables.p_short_author",
          "$page.variables.p_short_title",
          "$page.variables.p_organization",
          "$page.variables.p_organization_name",
          "$page.variables.p_account_number",
          "$page.variables.p_shipto_site",
          "$page.variables.p_shipto_sitename",
          "$page.variables.p_countrycode",
          "$page.variables.p_state",
          "$page.variables.p_holdname",
          "$page.variables.p_autorelease_flag",
          "$page.variables.p_rule_id",
          "$page.variables.p_show_only_active"
        ]
      },
      "outcomes": {
        "success": "assignVariablesPShowOnlyActive"
      }
    },
    "callChainSearchScreenAction1": {
      "module": "vb/action/builtin/callChainAction",
      "parameters": {
        "id": "SearchScreenAction1"
      }
    },
    "assignVariablesPShowOnlyActive": {
      "module": "vb/action/builtin/assignVariablesAction",
      "parameters": {
        "$page.variables.p_show_only_active": {
          "source": "Active"
        }
      },
      "outcomes": {
        "success": "callChainSearchScreenAction1"
      }
    }
  },
  "variables": {}
}