{
  "title": "",
  "description": "",
  "variables": {
    "CreateTemplateOption": {
      "type": "string"
    }

  },
  "metadata": {},
  "types": {
    "@decorators.getall_ReasonCode": {
      "endpoint": "getall_ReasonCode",
      "service": "businessObjects",
      "path": "response"
    },
    "@decorators.getall_ReservationStatus": {
      "endpoint": "getall_ReservationStatus",
      "service": "businessObjects",
      "path": "response"
    },
    "@decorators.getallReservationTypeResponse": {
      "endpoint": "getall_ReservationType",
      "service": "businessObjects",
      "path": "response"
    },
    "@decorators.GetInvOrgData": {
      "endpoint": "GetInvOrgData",
      "service": "devOrds",
      "path": "response"
    },
    "@decorators.getReservationsUIGetReservationNumber": {
      "endpoint": "getReservationsUIGetReservationNumber",
      "service": "devOrds",
      "path": "response"
    },
    "@decorators.getReservationsUIReservationHeader": {
      "endpoint": "getReservationsUIReservationHeader",
      "service": "devOrds",
      "path": "response-_-items[0]"
    },
    "getall_ReasonCode": {
      "items": [
        {
          "reasonCode": "string"
        }
      ]
    },
    "getall_ReservationStatus": {
      "items": [
        {
          "reservationStatus": "string"
        }
      ]
    },
    "getallReservationTypeResponse": {
      "items": [
        {
          "reservationType": "string"
        }
      ]
    },
    "GetInvOrgData": {
      "items": [
        {
          "organization_code": "string"
        }
      ]
    },
    "getReservationsUIGetReservationNumber": {
      "items": [
        {
          "pre_reservation_number": "number"
        }
      ]
    },
    "getReservationsUIReservationHeader": {
      "approver": "string",
      "auto_clear_on_expiry_date": "string",
      "comments": "string",
      "created_by": "string",
      "created_date": "string",
      "criteria_uid": "number",
      "expiration_date": "string",
      "inventory_organization": "string",
      "item_code": "number",
      "last_update_date": "string",
      "last_updated_by": "string",
      "pre_reservation_number": "number",
      "print_number": "string",
      "reason_code": "string",
      "requester": "string",
      "reservation_type": "string",
      "status": "string"

    }

  },
  "eventListeners": {
    "buttonAction": {
      "chains": [
        {
          "chainId": "ButtonActionChain"
        }
      ]
    },
    "buttonAction2": {
      "chains": [
        {
          "chainId": "ButtonActionChain1"
        }
      ]
    },

    "buttonAction3": {
      "chains": [
        {
          "chainId": "CreateReservationDialogClose"
        }
      ]
    },
    "buttonAction4": {
      "chains": [
        {
          "chainId": "CreateResevationDetialDialogOpen"
        }
      ]
    },
    "buttonAction5": {
      "chains": [
        {
          "chainId": "ButtonActionChain"
        }
      ]
    },
    "buttonAction6": {
      "chains": [
        {
          "chainId": "NavigateToCreateShippingSchedule"
        }
      ]
    },
    "toggleDrawer": {
      "chains": [
        {
          "chainId": "application:toggleDrawerHandler"
        }
      ]
    },
    "vbEnter": {
      "chains": [

        {
          "parameters": {},
          "chainId": "FetchLovs"
        }
      ]
    }

  },
  "imports": {
    "components": {
      "oj-button": {
        "path": "ojs/ojbutton"
      },
      "oj-checkboxset": {
        "path": "ojs/ojcheckboxset"
      },
      "oj-combobox-one": {
        "path": "ojs/ojselectcombobox"
      },
      "oj-dialog": {
        "path": "ojs/ojdialog"
      },
      "oj-form-layout": {
        "path": "ojs/ojformlayout"
      },
      "oj-highlight-text": {
        "path": "ojs/ojhighlighttext"
      },
      "oj-input-date": {
        "path": "ojs/ojdatetimepicker"
      },
      "oj-input-number": {
        "path": "ojs/ojinputnumber"
      },
      "oj-input-text": {
        "path": "ojs/ojinputtext"
      },
      "oj-menu": {
        "path": "ojs/ojmenu"
      },
      "oj-option": {
        "path": "ojs/ojoption"
      },
      "oj-radioset": {
        "path": "ojs/ojradioset"
      }

    },
    "modules": {
      "ojValidationNumber": {
        "path": "ojs/ojvalidation-number"
      }
    }
  }
}