{
    "items": [
        {
            "shipping_schedule_type": "Backlist"
        },
        {
            "shipping_schedule_type": "Calendar"
        },
        {
            "shipping_schedule_type": "Digital Content"
        },
        {
            "shipping_schedule_type": "Galley"
        },
        {
            "shipping_schedule_type": "Mass Market"
        },
        {
            "shipping_schedule_type": "New Book"
        },
        {
            "shipping_schedule_type": "On-Sale Date"
        },
        {
            "shipping_schedule_type": "One day Laydown"
        }
    ],
    "hasMore": false,
    "limit": 25,
    "offset": 0,
    "count": 8,
    "links": [
        {
            "rel": "self",
            "href": "https://10.2.0.169:8081/ords/hbg_integration/ShippingSchedules/ShippingScheduleTypeLov"
        },
        {
            "rel": "describedby",
            "href": "https://10.2.0.169:8081/ords/hbg_integration/metadata-catalog/ShippingSchedules/item"
        },
        {
            "rel": "first",
            "href": "https://10.2.0.169:8081/ords/hbg_integration/ShippingSchedules/ShippingScheduleTypeLov"
        }
    ]
}