{
    "items": [
        {
            "value_set_name": "HBG_Owner",
            "flex_value": "AB",
            "description": "Abrams Books",
            "enabled_flag": "Y",
            "start_date_active": null,
            "end_date_active": null,
            "created_by": "thastings@pelotongroup.com",
            "creation_date": "2022-11-21T21:20:11Z",
            "last_updated_by": "thastings@pelotongroup.com",
            "last_update_date": "2022-11-21T21:20:24.334Z"
        },
        {
            "value_set_name": "HBG_Owner",
            "flex_value": "AN",
            "description": "Anness Publishing",
            "enabled_flag": "Y",
            "start_date_active": null,
            "end_date_active": null,
            "created_by": "thastings@pelotongroup.com",
            "creation_date": "2022-11-21T21:20:23.623Z",
            "last_updated_by": "thastings@pelotongroup.com",
            "last_update_date": "2022-11-21T21:20:24.403Z"
        },
        {
            "value_set_name": "HBG_Owner",
            "flex_value": "AP",
            "description": "Amazing People",
            "enabled_flag": "Y",
            "start_date_active": null,
            "end_date_active": null,
            "created_by": "thastings@pelotongroup.com",
            "creation_date": "2022-11-21T21:20:23.633Z",
            "last_updated_by": "thastings@pelotongroup.com",
            "last_update_date": "2022-11-21T21:20:24.412Z"
        },
        {
            "value_set_name": "HBG_Owner",
            "flex_value": "AR",
            "description": "Arcade Publishing",
            "enabled_flag": "Y",
            "start_date_active": null,
            "end_date_active": null,
            "created_by": "thastings@pelotongroup.com",
            "creation_date": "2022-11-21T21:20:23.646Z",
            "last_updated_by": "thastings@pelotongroup.com",
            "last_update_date": "2022-11-21T21:20:24.415Z"
        },
        {
            "value_set_name": "HBG_Owner",
            "flex_value": "BB",
            "description": "Bloomberg Business",
            "enabled_flag": "Y",
            "start_date_active": null,
            "end_date_active": null,
            "created_by": "thastings@pelotongroup.com",
            "creation_date": "2022-11-21T21:20:23.656Z",
            "last_updated_by": "thastings@pelotongroup.com",
            "last_update_date": "2022-11-21T21:20:24.418Z"
        },
        {
            "value_set_name": "HBG_Owner",
            "flex_value": "CB",
            "description": "Chronicle Books",
            "enabled_flag": "Y",
            "start_date_active": null,
            "end_date_active": null,
            "created_by": "thastings@pelotongroup.com",
            "creation_date": "2022-11-21T21:20:23.664Z",
            "last_updated_by": "thastings@pelotongroup.com",
            "last_update_date": "2022-11-21T21:20:24.421Z"
        },
        {
            "value_set_name": "HBG_Owner",
            "flex_value": "DC",
            "description": "DC Comics",
            "enabled_flag": "Y",
            "start_date_active": null,
            "end_date_active": null,
            "created_by": "thastings@pelotongroup.com",
            "creation_date": "2022-11-21T21:20:23.674Z",
            "last_updated_by": "thastings@pelotongroup.com",
            "last_update_date": "2022-11-21T21:20:24.424Z"
        },
        {
            "value_set_name": "HBG_Owner",
            "flex_value": "DP",
            "description": "Disney Publishng World Wide",
            "enabled_flag": "Y",
            "start_date_active": null,
            "end_date_active": null,
            "created_by": "thastings@pelotongroup.com",
            "creation_date": "2022-11-21T21:20:23.682Z",
            "last_updated_by": "thastings@pelotongroup.com",
            "last_update_date": "2022-11-21T21:20:24.427Z"
        },
        {
            "value_set_name": "HBG_Owner",
            "flex_value": "FP",
            "description": "Hearst Books",
            "enabled_flag": "Y",
            "start_date_active": null,
            "end_date_active": null,
            "created_by": "thastings@pelotongroup.com",
            "creation_date": "2022-11-21T21:20:23.692Z",
            "last_updated_by": "thastings@pelotongroup.com",
            "last_update_date": "2022-11-21T21:20:24.430Z"
        },
        {
            "value_set_name": "HBG_Owner",
            "flex_value": "GA",
            "description": "Grupo Anaya",
            "enabled_flag": "Y",
            "start_date_active": null,
            "end_date_active": null,
            "created_by": "thastings@pelotongroup.com",
            "creation_date": "2022-11-21T21:20:23.723Z",
            "last_updated_by": "thastings@pelotongroup.com",
            "last_update_date": "2022-11-21T21:20:24.433Z"
        },
        {
            "value_set_name": "HBG_Owner",
            "flex_value": "GM",
            "description": "Gildan Media Corporation",
            "enabled_flag": "Y",
            "start_date_active": null,
            "end_date_active": null,
            "created_by": "thastings@pelotongroup.com",
            "creation_date": "2022-11-21T21:20:23.731Z",
            "last_updated_by": "thastings@pelotongroup.com",
            "last_update_date": "2022-11-21T21:20:24.436Z"
        },
        {
            "value_set_name": "HBG_Owner",
            "flex_value": "GR",
            "description": "Guinness World Records",
            "enabled_flag": "Y",
            "start_date_active": null,
            "end_date_active": null,
            "created_by": "thastings@pelotongroup.com",
            "creation_date": "2022-11-21T21:20:23.739Z",
            "last_updated_by": "thastings@pelotongroup.com",
            "last_update_date": "2022-11-21T21:20:24.439Z"
        },
        {
            "value_set_name": "HBG_Owner",
            "flex_value": "HB",
            "description": "Hachette Books",
            "enabled_flag": "Y",
            "start_date_active": null,
            "end_date_active": null,
            "created_by": "thastings@pelotongroup.com",
            "creation_date": "2022-11-21T21:20:23.746Z",
            "last_updated_by": "thastings@pelotongroup.com",
            "last_update_date": "2022-11-21T21:20:24.441Z"
        },
        {
            "value_set_name": "HBG_Owner",
            "flex_value": "HL",
            "description": "Hachette Livre",
            "enabled_flag": "Y",
            "start_date_active": null,
            "end_date_active": null,
            "created_by": "thastings@pelotongroup.com",
            "creation_date": "2022-11-21T21:20:23.753Z",
            "last_updated_by": "thastings@pelotongroup.com",
            "last_update_date": "2022-11-21T21:20:24.492Z"
        },
        {
            "value_set_name": "HBG_Owner",
            "flex_value": "HM",
            "description": "Houghton Mifflin Harcourt",
            "enabled_flag": "Y",
            "start_date_active": null,
            "end_date_active": null,
            "created_by": "thastings@pelotongroup.com",
            "creation_date": "2022-11-21T21:20:23.761Z",
            "last_updated_by": "thastings@pelotongroup.com",
            "last_update_date": "2022-11-21T21:20:24.495Z"
        },
        {
            "value_set_name": "HBG_Owner",
            "flex_value": "HP",
            "description": "Hudson Park Press",
            "enabled_flag": "Y",
            "start_date_active": null,
            "end_date_active": null,
            "created_by": "thastings@pelotongroup.com",
            "creation_date": "2022-11-21T21:20:23.771Z",
            "last_updated_by": "thastings@pelotongroup.com",
            "last_update_date": "2022-11-21T21:20:24.497Z"
        },
        {
            "value_set_name": "HBG_Owner",
            "flex_value": "HU",
            "description": "Hachette UK",
            "enabled_flag": "Y",
            "start_date_active": null,
            "end_date_active": null,
            "created_by": "thastings@pelotongroup.com",
            "creation_date": "2022-11-21T21:20:23.804Z",
            "last_updated_by": "thastings@pelotongroup.com",
            "last_update_date": "2022-11-21T21:20:24.500Z"
        },
        {
            "value_set_name": "HBG_Owner",
            "flex_value": "IK",
            "description": "Innovative Kids",
            "enabled_flag": "Y",
            "start_date_active": null,
            "end_date_active": null,
            "created_by": "thastings@pelotongroup.com",
            "creation_date": "2022-11-21T21:20:23.814Z",
            "last_updated_by": "thastings@pelotongroup.com",
            "last_update_date": "2022-11-21T21:20:24.502Z"
        },
        {
            "value_set_name": "HBG_Owner",
            "flex_value": "JB",
            "description": "Joe Books LTD",
            "enabled_flag": "Y",
            "start_date_active": null,
            "end_date_active": null,
            "created_by": "thastings@pelotongroup.com",
            "creation_date": "2022-11-21T21:20:23.822Z",
            "last_updated_by": "thastings@pelotongroup.com",
            "last_update_date": "2022-11-21T21:20:24.504Z"
        },
        {
            "value_set_name": "HBG_Owner",
            "flex_value": "KB",
            "description": "Kensington Books",
            "enabled_flag": "Y",
            "start_date_active": null,
            "end_date_active": null,
            "created_by": "thastings@pelotongroup.com",
            "creation_date": "2022-11-21T21:20:23.830Z",
            "last_updated_by": "thastings@pelotongroup.com",
            "last_update_date": "2022-11-21T21:20:24.507Z"
        },
        {
            "value_set_name": "HBG_Owner",
            "flex_value": "KP",
            "description": "Kids Can Press",
            "enabled_flag": "Y",
            "start_date_active": null,
            "end_date_active": null,
            "created_by": "thastings@pelotongroup.com",
            "creation_date": "2022-11-21T21:20:23.838Z",
            "last_updated_by": "thastings@pelotongroup.com",
            "last_update_date": "2022-11-21T21:20:24.509Z"
        },
        {
            "value_set_name": "HBG_Owner",
            "flex_value": "LP",
            "description": "Lonely Planet",
            "enabled_flag": "Y",
            "start_date_active": null,
            "end_date_active": null,
            "created_by": "thastings@pelotongroup.com",
            "creation_date": "2022-11-21T21:20:23.846Z",
            "last_updated_by": "thastings@pelotongroup.com",
            "last_update_date": "2022-11-21T21:20:24.511Z"
        },
        {
            "value_set_name": "HBG_Owner",
            "flex_value": "MP",
            "description": "Microsoft Press",
            "enabled_flag": "Y",
            "start_date_active": null,
            "end_date_active": null,
            "created_by": "thastings@pelotongroup.com",
            "creation_date": "2022-11-21T21:20:23.854Z",
            "last_updated_by": "thastings@pelotongroup.com",
            "last_update_date": "2022-11-21T21:20:24.514Z"
        },
        {
            "value_set_name": "HBG_Owner",
            "flex_value": "MS",
            "description": "Moleskine",
            "enabled_flag": "Y",
            "start_date_active": null,
            "end_date_active": null,
            "created_by": "thastings@pelotongroup.com",
            "creation_date": "2022-11-21T21:20:23.862Z",
            "last_updated_by": "thastings@pelotongroup.com",
            "last_update_date": "2022-11-21T21:20:24.517Z"
        },
        {
            "value_set_name": "HBG_Owner",
            "flex_value": "MW",
            "description": "Mouseworks",
            "enabled_flag": "Y",
            "start_date_active": null,
            "end_date_active": null,
            "created_by": "thastings@pelotongroup.com",
            "creation_date": "2022-11-21T21:20:23.870Z",
            "last_updated_by": "thastings@pelotongroup.com",
            "last_update_date": "2022-11-21T21:20:24.520Z"
        }
    ],
    "hasMore": true,
    "limit": 25,
    "offset": 0,
    "count": 25,
    "links": [
        {
            "rel": "self",
            "href": "https://10.2.0.169:8081/ords/hbg_integration/DistributionTitleRights/getValueSetsInfo?P_VALUE_SET_NAME=HBG_Owner"
        },
        {
            "rel": "describedby",
            "href": "https://10.2.0.169:8081/ords/hbg_integration/metadata-catalog/DistributionTitleRights/item"
        },
        {
            "rel": "first",
            "href": "https://10.2.0.169:8081/ords/hbg_integration/DistributionTitleRights/getValueSetsInfo?P_VALUE_SET_NAME=HBG_Owner"
        },
        {
            "rel": "next",
            "href": "https://10.2.0.169:8081/ords/hbg_integration/DistributionTitleRights/getValueSetsInfo?P_VALUE_SET_NAME=HBG_Owner&offset=25"
        }
    ]
}