{
    "items": [
        {
            "dist_mainten_stg_id": 103,
            "owner": "AP",
            "owner_description": "Amazing People",
            "reporting_group": "44",
            "creation_date": "2023-02-20T08:40:53Z",
            "created_by": "freis@pelotongroup.com",
            "last_updated_by": "freis@pelotongroup.com",
            "last_update_date": "2023-02-20T08:40:53Z",
            "start_date": null,
            "end_date": null,
            "dist_channel_id": 1016,
            "reporting_group_description": "Amazing People Club"
        },
        {
            "dist_mainten_stg_id": 102,
            "owner": "AN",
            "owner_description": "Anness Publishing",
            "reporting_group": "59",
            "creation_date": "2023-02-20T08:40:24Z",
            "created_by": "freis@pelotongroup.com",
            "last_updated_by": "freis@pelotongroup.com",
            "last_update_date": "2023-02-20T08:40:24Z",
            "start_date": null,
            "end_date": null,
            "dist_channel_id": 1016,
            "reporting_group_description": "Anness Publishing"
        }
    ],
    "hasMore": false,
    "limit": 100,
    "offset": 0,
    "count": 2,
    "links": [
        {
            "rel": "self",
            "href": "https://10.2.0.169:8081/ords/hbg_integration/salesCredit/DistributionMaintenance?P_DIST_CHANNEL_ID=1016"
        },
        {
            "rel": "edit",
            "href": "https://10.2.0.169:8081/ords/hbg_integration/salesCredit/DistributionMaintenance?P_DIST_CHANNEL_ID=1016"
        },
        {
            "rel": "describedby",
            "href": "https://10.2.0.169:8081/ords/hbg_integration/metadata-catalog/salesCredit/item"
        },
        {
            "rel": "first",
            "href": "https://10.2.0.169:8081/ords/hbg_integration/salesCredit/DistributionMaintenance?P_DIST_CHANNEL_ID=1016"
        }
    ]
}