{
    "items": [
        {
            "dist_channel_id": 1,
            "distribution_channel": "test",
            "dist_channel_description": null
        }
    ],
    "hasMore": false,
    "limit": 100,
    "offset": 0,
    "count": 1,
    "links": [
        {
            "rel": "self",
            "href": "https://10.2.0.169:8081/ords/hbg_integration/salesCredit/getDistributionChannel"
        },
        {
            "rel": "describedby",
            "href": "https://10.2.0.169:8081/ords/hbg_integration/metadata-catalog/salesCredit/item"
        },
        {
            "rel": "first",
            "href": "https://10.2.0.169:8081/ords/hbg_integration/salesCredit/getDistributionChannel"
        }
    ]
}