{
    "fields": [
        {
            "type": "number",
            "name": "id",
            "key": true,
            "oid": "578bb7a3-da1c-4366-af2f-0212be455aab",
            "required": true,
            "unique": true,
            "displayLabel": "Id"
        },
        {
            "type": "datetime",
            "name": "creationDate",
            "oid": "cb8d9d5c-dad5-4a1a-a6b3-c9951ccf1401",
            "displayLabel": "Created",
            "historyType": "timeCreated"
        },
        {
            "type": "datetime",
            "name": "lastUpdateDate",
            "oid": "1afc5f99-bb65-4d46-85c5-1d5cf35d74e0",
            "displayLabel": "Last Updated",
            "historyType": "timeUpdated"
        },
        {
            "type": "string",
            "name": "createdBy",
            "oid": "a2b13e6d-cec1-426a-8849-6dc3f710b1d2",
            "displayLabel": "Created By",
            "historyType": "createdBy"
        },
        {
            "type": "string",
            "name": "lastUpdatedBy",
            "oid": "8bec6a54-87d2-4ac2-a221-c427d363cb0c",
            "displayLabel": "Last Updated By",
            "historyType": "updatedBy"
        },
{
            "type": "number",
            "name": "abcsChangeNumber",
            "oid": "8f80c06c-ed66-4316-b848-1b665c355ade",
            "displayLabel": "Version Number",
            "historyType": "versionNumber"
        },
        {
            "type": "string",
            "name": "flagCode",
            "oid": "7295aeef-2b37-474d-ab11-6257f17173e3",
            "displayLabel": "Flag_code"
        }        ,
        {
            "type": "string",
            "name": "description",
            "oid": "f8a05573-96ab-4780-9b05-4c3e238d772f",
            "displayLabel": "description"
        }
    ],
    "name": "FlagCode",
    "oid": "b5568c7e-5ffa-48bb-b959-8c3867976530",
    "displayLabel": "FlagCode"
}