{
    "items": [
        {
            "pre_reservation_number": 1000000000404,
            "item_code": "9780316347006",
            "criteria_uid": null,
            "field_name": null,
            "user_name": "freis@pelotongroup.com",
            "changed_date": "2023-03-06T10:06:00Z",
            "changed_from": null,
            "changed_to": null,
            "order_type": null,
            "order_reference_number": null,
            "purchase_order_number": null,
            "work_order_number": null,
            "organization_number": null,
            "organization_name": "HBG",
            "account_number": null,
            "account_name": null,
            "released_from_pre_reservation_quantity": null,
            "transaction_type": "Created"
        },
        {
            "pre_reservation_number": 1000000000404,
            "item_code": "9780316347006",
            "criteria_uid": null,
            "field_name": null,
            "user_name": null,
            "changed_date": "2023-03-06T10:42:59Z",
            "changed_from": null,
            "changed_to": null,
            "order_type": null,
            "order_reference_number": null,
            "purchase_order_number": null,
            "work_order_number": null,
            "organization_number": null,
            "organization_name": "HBG",
            "account_number": null,
            "account_name": null,
            "released_from_pre_reservation_quantity": null,
            "transaction_type": "Deleted"
        }
    ],
    "hasMore": false,
    "limit": 25,
    "offset": 0,
    "count": 2,
    "links": [
        {
            "rel": "self",
            "href": "https://10.2.0.169:8081/ords/hbg_integration/ReservationsUI/ReservationHistory?p_item_code=9780316347006&p_pre_reservation_number=1000000000404"
        },
        {
            "rel": "describedby",
            "href": "https://10.2.0.169:8081/ords/hbg_integration/metadata-catalog/ReservationsUI/item"
        },
        {
            "rel": "first",
            "href": "https://10.2.0.169:8081/ords/hbg_integration/ReservationsUI/ReservationHistory?p_item_code=9780316347006&p_pre_reservation_number=1000000000404"
        }
    ]
}