{
    "items": [
        {
            "owner_code": "MR_1_Cod1e",
            "owner_name": "MR_1_Nam1e",
            "owner_abbr": "MR_1_Abb1"
        },
        {
            "owner_code": "HL",
            "owner_name": "Hachette Livre",
            "owner_abbr": "Hachette Livre"
        },
        {
            "owner_code": "DU",
            "owner_name": "duopress",
            "owner_abbr": "duopress"
        },
        {
            "owner_code": "ER",
            "owner_name": "Erewhon",
            "owner_abbr": "Erewhon"
        },
        {
            "owner_code": "GM",
            "owner_name": "Gildan Media Corporation",
            "owner_abbr": "Gildan Media"
        },
        {
            "owner_code": "IK",
            "owner_name": "Innovative Kids",
            "owner_abbr": "Ikids"
        },
        {
            "owner_code": "MW",
            "owner_name": "Mouseworks",
            "owner_abbr": "Mseworks"
        },
        {
            "owner_code": "PN",
            "owner_name": "Peterson's Nelnet",
            "owner_abbr": "Peterson's"
        },
        {
            "owner_code": "YP",
            "owner_name": "Yen Press LLC",
            "owner_abbr": "Yen Press LLC"
        },
        {
            "owner_code": "PK",
            "owner_name": "Phoenix International",
            "owner_abbr": "PIKids"
        },
        {
            "owner_code": "KP",
            "owner_name": "Kids Can Press",
            "owner_abbr": "KCP"
        },
        {
            "owner_code": "AN",
            "owner_name": "Anness Publishing",
            "owner_abbr": "Anness"
        },
        {
            "owner_code": "AP",
            "owner_name": "Amazing People",
            "owner_abbr": "Amzing Ppl Club"
        },
        {
            "owner_code": "AR",
            "owner_name": "Arcade Publishing",
            "owner_abbr": "Arcade Pub"
        },
        {
            "owner_code": "FP",
            "owner_name": "Hearst Books",
            "owner_abbr": "Hearst Bks"
        },
        {
            "owner_code": "SC",
            "owner_name": "Sierra Club",
            "owner_abbr": "Sierra Club"
        },
        {
            "owner_code": "BB",
            "owner_name": "Bloomberg Business",
            "owner_abbr": "Bloomberg"
        },
        {
            "owner_code": "PD",
            "owner_name": "Paula Deen Ventures",
            "owner_abbr": "PDV"
        },
        {
            "owner_code": "AB",
            "owner_name": "Abrams Books",
            "owner_abbr": "Abrams"
        },
        {
            "owner_code": "CB",
            "owner_name": "Chronicle Books",
            "owner_abbr": "Chronicle Bks"
        },
        {
            "owner_code": "KB",
            "owner_name": "Kensington Books",
            "owner_abbr": "Kensington"
        },
        {
            "owner_code": "PI",
            "owner_name": "Peer Information, Inc",
            "owner_abbr": "Peer Info"
        },
        {
            "owner_code": "TE",
            "owner_name": "The Experiment",
            "owner_abbr": "The Experiment"
        },
        {
            "owner_code": "NC",
            "owner_name": "Nosy Crow",
            "owner_abbr": "Nosy Crow"
        },
        {
            "owner_code": "TH",
            "owner_name": "TI Inc. Books",
            "owner_abbr": "TIB"
        }
    ],
    "hasMore": true,
    "limit": 25,
    "offset": 0,
    "count": 25,
    "links": [
        {
            "rel": "self",
            "href": "https://10.2.0.169:8081/ords/hbg_integration/familyCode/ownerlov"
        },
        {
            "rel": "describedby",
            "href": "https://10.2.0.169:8081/ords/hbg_integration/metadata-catalog/familyCode/item"
        },
        {
            "rel": "first",
            "href": "https://10.2.0.169:8081/ords/hbg_integration/familyCode/ownerlov"
        },
        {
            "rel": "next",
            "href": "https://10.2.0.169:8081/ords/hbg_integration/familyCode/ownerlov?offset=25"
        }
    ]
}