{
  "title": "",
  "description": "",
  "variables": {
    "AccountNumberArray": {
      "type": "AccountNumberType[]"
    },
    "ExportADP": {
      "type": "vb/ArrayDataProvider2",
      "defaultValue": {
        "itemType": "ExportType",
        "keyAttributes": "@index"
      },
      "persisted": "session"
    },
    "AccountTypeLOVSDP": {
      "type": "vb/ServiceDataProvider",
      "defaultValue": {
        "endpoint": "devOrds/getSalesCreditGetAccountTypeinfo",
        "keyAttributes": "flex_value",
        "itemsPath": "items",
        "responseType": "AccountTypeLOVType",
        "uriParameters": {
          "P_VALUE_SET_NAME": "HBG_ACCOUNT_TYPE"
        },
        "transformsContext": {
          "vb-textFilterAttributes": [
            "flex_value"
          ]
        }
      }
    },
    "cat1Array": {
      "type": "category1ArrayType[]"
    },
    "cat2Array": {
      "type": "category2ArrayType[]"
    },
    "Category1LOVSDP": {
      "type": "vb/ServiceDataProvider",
      "defaultValue": {
        "endpoint": "devOrds/getlookupValueInfo",
        "itemsPath": "items",
        "responseType": "Category2LOVSDP",
        "uriParameters": {
          "P_LOOKUP_TYPE": "HBG_CATEGORY_1",
          "P_TAG": "{{ $variables.searchObj.p_owner_id+$variables.searchObj.p_rpg_grp }}"
        },
        "keyAttributes": "description",
        "transformsContext": {
          "vb-textFilterAttributes": [
            "description"
          ]
        }
      }
    },
    "Category2LOVSDP": {
      "defaultValue": {
        "endpoint": "devOrds/getlookupValueInfo",
        "keyAttributes": "description",
        "itemsPath": "items",
        "responseType": "Category2LOVSDP",
        "uriParameters": {
          "P_LOOKUP_TYPE": "HBG_CATEGORY_2",
          "P_TAG": "{{ $variables.searchObj.p_owner_id+$variables.searchObj.p_rpg_grp+$variables.searchObj.p_cat1 }}"
        },
        "transformsContext": {
          "vb-textFilterAttributes": [
            "description"
          ]
        }
      },
      "type": "vb/ServiceDataProvider"
    },
    "getRefNumListListSDP2": {
      "type": "vb/ServiceDataProvider",
      "defaultValue": {
        "endpoint": "devOrds/getRefNumList",
        "keyAttributes": "header_id",
        "itemsPath": "items",
        "responseType": "getRefNumListResponse2",
        "transformsContext": {
          "vb-textFilterAttributes": [
            "order_number"
          ]
        }
      }
    },
    "HoldCodeArray": {
      "type": "HoldCodesType[]"
    },
    "ISBNLOVSDP": {
      "type": "vb/ServiceDataProvider",
      "defaultValue": {
        "keyAttributes": "item_number",
        "itemsPath": "items",
        "responseType": "ISBNLOVType",
        "transformsContext": {
          "vb-textFilterAttributes": [
            "item_number"
          ]
        },
        "fetchChainId": "GetAllISBNSFetchAction"
      }
    },
    "ItemsArrayDummy": {
      "type": "ItemsDummy[]"
    },
    "LineStatusArray": {
      "type": "LineStatustype[]"
    },
    "OrderStatusLOVSDP": {
      "type": "vb/ServiceDataProvider",
      "defaultValue": {
        "endpoint": "devOrds/OrderStatusLOV",
        "keyAttributes": "value",
        "itemsPath": "items",
        "responseType": "OrderStatusLOVType",
        "transformsContext": {
          "vb-textFilterAttributes": [
            "name"
          ]
        }
      }
    },
    "OrganizationArray": {
      "type": "OrganizationType[]"
    },
    "OwnerArray": {
      "type": "OwnerArrayType[]"
    },
    "OwnerLovSDP": {
      "type": "vb/ServiceDataProvider",
      "defaultValue": {
        "endpoint": "devOrds/getValueSetInfo",
        "keyAttributes": "flex_value",
        "itemsPath": "items",
        "responseType": "OwnerLovType",
        "uriParameters": {
          "P_VALUE_SET_NAME": "HBG_Owner"
        },
        "transformsContext": {
          "vb-textFilterAttributes": [
            "flex_value"
          ]
        }
      }
    },
    "PoNumberDummy": {
      "type": "getPoNumbersDummy[]"
    },
    "refNumberArray": {
      "type": "getRefNumListDummy[]"
    },
    "RefNumListLovSDP": {
      "type": "vb/ServiceDataProvider",
      "defaultValue": {
        "endpoint": "devOrds/getRefNumList",
        "keyAttributes": "header_id",
        "itemsPath": "items",
        "responseType": "RefNumListLovType",
        "transformsContext": {
          "vb-textFilterAttributes": [
            "order_number"
          ]
        }
      }
    },
    "ReleaseCodeArray": {
      "type": "ReleaseCodesType[]"
    },
    "ReportingGroupArray": {
      "type": "ReportingGroupArrayType[]"
    },
    "ReportingGroupLovSDP": {
      "type": "vb/ServiceDataProvider",
      "defaultValue": {
        "endpoint": "devOrds/getlookupValueInfo",
        "itemsPath": "items",
        "responseType": "ReportingGroupLovType",
        "uriParameters": {
          "P_LOOKUP_TYPE": "HBG_REPORTING_GROUP",
          "P_TAG": "{{ $variables.searchObj.p_owner_id }}"
        },
        "transformsContext": {
          "vb-textFilterAttributes": [
            "description"
          ]
        },
        "keyAttributes": "description"
      }
    },
    "searchObj": {
      "type": {
        "accountNumber": "string",
        "cat1Code": "string",
        "Cat2Code": "string",
        "ExtAccountNumber": "string",
        "itemString": "string",
        "OrganizationName": "string",
        "OwnerCode": "string",
        "p_apply_reson_code": "string",
        "p_cat1": "string",
        "p_cat2": "string",
        "p_cust_account_id": "string",
        "p_ex_cust_account_id": "string",
        "p_from_ord_net_value": "string",
        "p_from_ordered_qty": "string",
        "p_hdr_reason_code": "string",
        "p_header_id": "string",
        "p_invetory_item_id": "string",
        "p_item_number": "string",
        "p_line_status": "string",
        "p_offer_code": "string",
        "p_oic_run_id": "string",
        "p_order_number": "string",
        "p_order_status": "string",
        "p_org_name": "string",
        "p_organization_id": "string",
        "p_organization_id_dummy": "string",
        "p_owner_id": "string",
        "p_party_site_id": "string",
        "p_po_number": "string",
        "p_received_from_date": "string",
        "p_received_to_date": "string",
        "p_release_reason_code": "string",
        "p_rpg_grp": "string",
        "p_to_ord_net_value": "string",
        "p_to_ordered_qty": "string",
        "partySiteName": "string",
        "ReportingGroupCode": "string"

      },
      "input": "fromCaller",
      "persisted": "session"
    },
    "StoreNumberArray": {
      "type": "StoreNumberLovType[]"
    }
  },
  "metadata": {},
  "types": {
    "@decorators.AccountnumberLovsType": {
      "endpoint": "getSalesCreditGetAllAccounts2",
      "service": "devOrds",
      "path": "response"
    },
    "@decorators.AccountNumberType": {
      "endpoint": "getSalesCreditGetAllAccounts2",
      "service": "devOrds",
      "path": "response-_-items[0]"
    },
    "@decorators.AccountTypeLOVType": {
      "endpoint": "getSalesCreditGetAccountTypeinfo",
      "service": "devOrds",
      "path": "response"
    },
    "@decorators.category1ArrayType": {
      "endpoint": "getCategory1",
      "service": "devOrds",
      "path": "response-_-items[0]"
    },
    "@decorators.category2ArrayType": {
      "endpoint": "getcategory2",
      "service": "devOrds",
      "path": "response-_-items[0]"
    },
    "@decorators.Category2LOVSDP": {
      "endpoint": "getlookupValueInfo",
      "service": "devOrds",
      "path": "response"
    },
    "@decorators.FamilyCodetype": {
      "endpoint": "getlookupValueInfo",
      "service": "devOrds",
      "path": "response-_-items[0]"
    },
    "@decorators.getPoNumbersDummy": {
      "endpoint": "getPoNumbers",
      "service": "devOrds",
      "path": "response-_-items[0]"
    },
    "@decorators.getRefNumListDummy": {
      "endpoint": "getRefNumList",
      "service": "devOrds",
      "path": "response-_-items[0]"
    },
    "@decorators.getRefNumListResponse2": {
      "endpoint": "getRefNumList",
      "service": "devOrds",
      "path": "response"
    },
    "@decorators.HoldCodesType": {
      "endpoint": "getSoMasterUpdateGetHoldCodes",
      "service": "devOrds",
      "path": "response-_-items[0]"
    },
    "@decorators.ISBNLOVType": {
      "endpoint": "GetAllISBNS",
      "service": "devOrds",
      "path": "response"
    },
    "@decorators.ItemsDummy": {
      "endpoint": "GetAllISBNS",
      "service": "devOrds",
      "path": "response-_-items[0]"
    },
    "@decorators.LineStatustype": {
      "endpoint": "getLineStatusLOV",
      "service": "devOrds",
      "path": "response-_-items[0]"
    },
    "@decorators.OrderStatusLOVType": {
      "endpoint": "OrderStatusLOV",
      "service": "devOrds",
      "path": "response"
    },
    "@decorators.OrganizationType": {
      "endpoint": "getOrganizations",
      "service": "devOrds",
      "path": "response-_-items[0]"
    },
    "@decorators.OwnerArrayType": {
      "endpoint": "getOwners",
      "service": "devOrds",
      "path": "response-_-items[0]"
    },
    "@decorators.OwnerLovType": {
      "endpoint": "getValueSetInfo",
      "service": "devOrds",
      "path": "response"
    },
    "@decorators.RefNumListLovType": {
      "endpoint": "getRefNumList",
      "service": "devOrds",
      "path": "response"
    },
    "@decorators.ReleaseCodesType": {
      "endpoint": "getSoMasterUpdateGetReleasecodes",
      "service": "devOrds",
      "path": "response-_-items[0]"
    },
    "@decorators.ReportingGroupArrayType": {
      "endpoint": "getReportingGroup",
      "service": "devOrds",
      "path": "response-_-items[0]"
    },
    "@decorators.ReportingGroupLovType": {
      "endpoint": "getlookupValueInfo",
      "service": "devOrds",
      "path": "response"
    },
    "@decorators.StoreNumberLovType": {
      "endpoint": "StoreNumberLov",
      "service": "devOrds",
      "path": "response-_-items[0]"
    },
    "AccountnumberLovsType": {
      "items": [
        {
          "account_number": "string",
          "cust_account_id": "number"
        }
      ]
    },
    "AccountNumberType": {
      "account_name": "string",
      "account_number": "string",
      "cust_account_id": "number"
    },
    "AccountTypeLOVType": {
      "items": [
        {
          "description": "string",
          "flex_value": "string"
        }
      ]
    },
    "category1ArrayType": {
      "category1_code": "string",
      "category1_id": "number",
      "flex_value": "string"
    },
    "category2ArrayType": {
      "category2_code": "string",
      "category2_id": "number",
      "flex_value": "string"
    },
    "ExportType": {
      "category1": "string",
      "category2": "string",
      "customer account number": "string",
      "customer name": "string",
      "customer po number": "string",
      "freight terms code": "string",
      "hold reson code": "string",
      "inventory org": "string",
      "item number": "string",
      "line number": "string",
      "line status": "string",
      "offer code": "string",
      "order number": "string",
      "ordered date": "string",
      "ordered net quantity": "string",
      "ordered quantity": "string",
      "owner code": "string",
      "reporting group": "string"
    },
    "Category2LOVSDP": {
      "items": [
        {
          "description": "string",
          "lookup_code": "string",
          "meaning": "string"
        }
      ]
    },
    "FamilyCodetype": {
      "description": "string"
    },
    "getPoNumbersDummy": {
      "customer_po_number": "string"
    },
    "getRefNumListDummy": {
      "header_id": "number",
      "order_number": "string"
    },
    "getRefNumListResponse2": {
      "items": [
        {
          "header_id": "number",
          "order_number": "string"
        }
      ]
    },
    "HoldCodesType": {
      "hold_code": "string",
      "hold_name": "string"
    },
    "ISBNLOVType": {
      "items": [
        {
          "item_number": "string"
        }
      ]
    },
    "ItemsDummy": {
      "item_number": "string"
    },
    "LineStatustype": {
      "line_status": "string"
    },
    "OrderStatusLOVType": {
      "items": [
        {
          "name": "string",
          "value": "string"
        }
      ]
    },
    "OrganizationType": {
      "party_id": "number",
      "party_name": "string",
      "party_number": "string"
    },
    "OwnerArrayType": {
      "flex_value": "string",
      "owner_code": "string",
      "owner_id": "number"
    },
    "OwnerLovType": {
      "items": [
        {
          "description": "string",
          "flex_value": "string"
        }
      ]
    },
    "RefNumListLovType": {
      "items": [
        {
          "header_id": "number",
          "order_number": "string"
        }
      ]
    },
    "ReleaseCodesType": {
      "lookup_code": "string",
      "meaning": "string"
    },
    "ReportingGroupArrayType": {
      "flex_value": "string",
      "reporting_group_id": "number",
      "reporting_grp_code": "string"
    },
    "ReportingGroupLovType": {
      "items": [
        {
          "description": "string",
          "lookup_code": "string",
          "meaning": "string"
        }
      ]
    },
    "StoreNumberLovType": {
      "party_site_id": "number",
      "party_site_name": "string"
    }
  },
  "eventListeners": {
    "buttonAction": {
      "chains": [
        {
          "chainId": "SearchBtnAction"
        }
      ]
    },
    "buttonAction2": {
      "chains": [
        {
          "chainId": "ResetBtnAction"
        }
      ]
    },
    "buttonAction3": {
      "chains": [
        {
          "chainId": "RefreshBtnAction"
        }
      ]
    },
    "comboKeypress": {
      "chains": [
        {
          "chainId": "FetchStoreNumbersAction",
          "parameters": {
            "CurrentValue": "[[ $event.srcElement.value ]]"
          }
        }
      ]
    },
    "comboKeyup": {
      "chains": [
        {
          "chainId": "OrganizationKeyUpAction",
          "parameters": {
            "CurrentKey": "[[ $event.key ]]",
            "CurrentValue": "[[ $event.srcElement.value ]]"
          }
        }
      ]
    },
    "comboKeyup2": {
      "chains": [
        {
          "chainId": "FetchAccountNumberAction",
          "parameters": {
            "CurrentValue": "[[ $event.srcElement.value ]]"
          }
        }
      ]
    },
    "comboKeyup3": {
      "chains": [
        {
          "chainId": "ReportingGroupKeyUpAction",
          "parameters": {
            "CurrentValue": "[[ $event.srcElement.value ]]"
          }
        }
      ]
    },
    "comboKeyup4": {
      "chains": [
        {
          "chainId": "OwnerkeyUpAction",
          "parameters": {
            "CurrentValue": "[[ $event.srcElement.value ]]"
          }
        }
      ]
    },
    "comboKeyup5": {
      "chains": [
        {
          "chainId": "Cat1KeyUpAction",
          "parameters": {
            "CurrentValue": "[[ $event.srcElement.value ]]"
          }
        }
      ]
    },
    "comboKeyup6": {
      "chains": [
        {
          "chainId": "Cat2KeyupAction",
          "parameters": {
            "CurrentValue": "[[ $event.srcElement.value ]]"
          }
        }
      ]
    },
    "comboValue": {
      "chains": [
        {
          "chainId": "OrganizationValueChangeAction",
          "parameters": {
            "value": "[[ $event.detail.value ]]",
            "label": "[[ $event.detail ]]"
          }
        }
      ]
    },
    "comboValue2": {
      "chains": [
        {
          "chainId": "ReportingGroupValueChangeAction",
          "parameters": {
            "value": "{{ $event.detail.value }}"
          }
        }
      ]
    },
    "comboValue3": {
      "chains": [
        {
          "chainId": "Cat1ValueChangeAction",
          "parameters": {
            "value": "{{ $event.detail.value }}"
          }
        }
      ]
    },
    "comboValue4": {
      "chains": [
        {
          "chainId": "ReportingGroupValueChange",
          "parameters": {
            "value": "{{ $event.detail.value }}"
          }
        }
      ]
    },
    "comboValue5": {
      "chains": [
        {
          "chainId": "OwnerValueChange",
          "parameters": {
            "value": "{{ $event.detail.value }}"
          }
        }
      ]
    },
    "comboValue6": {
      "chains": [
        {
          "chainId": "Cat2ValueChange",
          "parameters": {
            "value": "{{ $event.detail.value }}"
          }
        }
      ]
    },
    "comboValue7": {
      "chains": [
        {
          "chainId": "AccountNumberValueChange",
          "parameters": {
            "value": "{{ $event.detail.value }}"
          }
        }
      ]
    },
    "comboValue8": {
      "chains": [
        {
          "chainId": "ExteAccountNumberValueChange",
          "parameters": {
            "value": "{{ $event.detail.value }}"
          }
        }
      ]
    },
    "comboValue9": {
      "chains": [
        {
          "chainId": "ComboValueChangeChain",
          "parameters": {
            "value": "{{ $event.detail.value }}"
          }
        }
      ]
    },
    "toggleDrawer": {
      "chains": [
        {
          "chainId": "application:toggleDrawerHandler"
        }
      ]
    },
    "vbEnter": {
      "chains": [
        {
          "parameters": {},
          "chainId": "FetchMultiselectLOVS"
        }
      ]
    }

  },
  "imports": {
    "components": {
      "oj-button": {
        "path": "ojs/ojbutton"
      },
      "oj-checkboxset": {
        "path": "ojs/ojcheckboxset"
      },
      "oj-combobox-many": {
        "path": "ojs/ojselectcombobox"
      },
      "oj-combobox-one": {
        "path": "ojs/ojselectcombobox"
      },
      "oj-form-layout": {
        "path": "ojs/ojformlayout"
      },
      "oj-input-date": {
        "path": "ojs/ojdatetimepicker"
      },
      "oj-input-number": {
        "path": "ojs/ojinputnumber"
      },
      "oj-input-text": {
        "path": "ojs/ojinputtext"
      },
      "oj-option": {
        "path": "ojs/ojoption"
      },
      "oj-sample-export-data": {
        "path": "oj-sample/export-data/loader"
      },
      "oj-select-many": {
        "path": "ojs/ojselectcombobox"
      },
      "oj-select-single": {
        "path": "ojs/ojselectsingle"
      },
      "oj-text-area": {
        "path": "ojs/ojinputtext"
      }

    },
    "modules": {
      "ojValidationDateTime": {
        "path": "ojs/ojvalidation-datetime"
      }
    }
  }
}