{
  "description": "",
  "root": "resetVariablesCreateDistributionRulesObj",
  "actions": {
    "callComponentAccountNumberSearchOpen": {
      "module": "vb/action/builtin/callComponentMethodAction",
      "parameters": {
        "component": "{{ document.getElementById('AccountNumberSearch') }}",
        "method": "open"
      }
    },
    "resetVariablesCreateDistributionRulesObj": {
      "module": "vb/action/builtin/resetVariablesAction",
      "parameters": {
        "variables": [
          "$flow.variables.CreateDistributionRulesObj.account_number",
          "$page.variables.p_account_name",
          "$page.variables.p_account_number",
          "$page.variables.SearchAccountNumbersADP.data",
          "$page.variables.CurrentAccountNumberObj"
        ]
      },
      "outcomes": {
        "success": "callComponentAccountNumberSearchOpen"
      }
    }
  },
  "variables": {}
}