{
  "description": "",
  "root": "callRestGetDistributionTitleRightsGetCustomerInfo2",
  "actions": {
    "fireNotification": {
      "module": "vb/action/builtin/fireNotificationEventAction",
      "parameters": {
        "target": "leaf",
        "summary": "[[ $chain.results.callRestGetDistributionTitleRightsGetCustomerInfo2.message.summary ]]",
        "type": "error",
        "displayMode": "persist"
      }
    },
    "callRestGetDistributionTitleRightsGetCustomerInfo2": {
      "module": "vb/action/builtin/restAction",
      "parameters": {
        "endpoint": "ordsHbg_integration/getDistributionTitleRightsGetCustomerInfo2",
        "uriParams": {
          "p_account_name": "{{ $page.variables.p_account_name }}",
          "p_account_number": "{{ $page.variables.p_account_number }}"
        }
      },
      "outcomes": {
        "failure": "fireNotification",
        "success": "assignVariablesSearchAccountNumbersADP"
      }
    },
    "assignVariablesSearchAccountNumbersADP": {
      "module": "vb/action/builtin/assignVariablesAction",
      "parameters": {
        "$page.variables.SearchAccountNumbersADP": {
          "source": {
            "data": "{{ $chain.results.callRestGetDistributionTitleRightsGetCustomerInfo2.body.items }}"
          },
          "reset": "none",
          "auto": "always",
          "mapping": {
            "$target.data": {
              "source": "$source.data",
              "reset": "empty"
            }
          }
        }
      }
    }
  },
  "variables": {}
}