{
  "description": "",
  "root": "assignVariablesCreateDistributionRulesObj",
  "actions": {
    "assignVariablesCreateDistributionRulesObj": {
      "module": "vb/action/builtin/assignVariablesAction",
      "parameters": {
        "$flow.variables.CreateDistributionRulesObj": {
          "source": {
            "account_number": "{{ $page.variables.CurrentAccountNumberObj.cust_account_id }}"
          },
          "reset": "none",
          "auto": "always"
        },
        "$page.variables.p_account_number": {
          "source": "{{ $page.variables.CurrentAccountNumberObj.account_number }}"
        },
        "$page.variables.p_account_name": {
          "source": "{{ $page.variables.CurrentAccountNumberObj.account_name }}"
        }
      },
      "outcomes": {
        "success": "callComponentAccountNumberSearchClose"
      }
    },
    "callComponentAccountNumberSearchClose": {
      "module": "vb/action/builtin/callComponentMethodAction",
      "parameters": {
        "component": "{{ document.getElementById('AccountNumberSearch') }}",
        "method": "close"
      }
    }
  },
  "variables": {}
}