{
  "description": "",
  "root": "callFunctionValidateCreatePayload",
  "actions": {
    "fireNotification": {
      "module": "vb/action/builtin/fireNotificationEventAction",
      "parameters": {
        "target": "leaf",
        "summary": "[[ $chain.results.callRestPostDistributionTitleRightsDistirbutionRules.message.summary ]]",
        "type": "error",
        "displayMode": "persist"
      }
    },
    "callRestPostDistributionTitleRightsDistirbutionRules": {
      "module": "vb/action/builtin/restAction",
      "parameters": {
        "endpoint": "ordsHbg_integration/postDistributionTitleRightsDistirbutionRules",
        "body": "{{ $flow.variables.CreateDistributionRulesObj }}"
      },
      "outcomes": {
        "failure": "fireNotification",
        "success": "if"
      }
    },
    "fireNotification3": {
      "module": "vb/action/builtin/fireNotificationEventAction",
      "parameters": {
        "target": "leaf",
        "summary": "Information Message",
        "message": "[[ $chain.results.callRestPostDistributionTitleRightsDistirbutionRules.body.x_return_status ]]",
        "displayMode": "transient",
        "type": "info"
      }
    },
    "if": {
      "module": "vb/action/builtin/ifAction",
      "parameters": {
        "condition": "[[ $chain.results.callRestPostDistributionTitleRightsDistirbutionRules.body.x_return_status == 'SUCCESS' ]]"
      },
      "outcomes": {
        "false": "fireNotification3",
        "true": "navigateToDistrightsStart"
      }
    },
    "navigateToDistrightsStart": {
      "module": "vb/action/builtin/navigateAction",
      "parameters": {
        "page": "distrights-start"
      }
    },
    "assignVariablesCreateDistributionRulesObj": {
      "module": "vb/action/builtin/assignVariablesAction",
      "parameters": {
        "$flow.variables.CreateDistributionRulesObj": {
          "source": {
            "created_by": "{{ $application.user.username }}",
            "last_updated_by": "{{ $application.user.username }}",
            "start_date": "{{ $flow.variables.CreateDistributionRulesObj.start_date.substring(0,10) }}"
          },
          "reset": "none",
          "auto": "always"
        }
      },
      "outcomes": {
        "success": "callRestPostDistributionTitleRightsDistirbutionRules"
      }
    },
    "fireNotification4": {
      "module": "vb/action/builtin/fireNotificationEventAction",
      "parameters": {
        "target": "leaf",
        "summary": "Information Message",
        "message": "[[ $chain.results.callFunctionValidateCreatePayload ]]",
        "displayMode": "transient",
        "type": "info"
      }
    },
    "if3": {
      "module": "vb/action/builtin/ifAction",
      "parameters": {
        "condition": "[[ $chain.results.callFunctionValidateCreatePayload != 'SUCCESS' ]]"
      },
      "outcomes": {
        "true": "fireNotification4",
        "false": "assignVariablesCreateDistributionRulesObj"
      }
    },
    "callFunctionValidateCreatePayload": {
      "module": "vb/action/builtin/callModuleFunctionAction",
      "parameters": {
        "module": "[[ $functions ]]",
        "functionName": "ValidateCreatePayload",
        "params": [
          "{{ $flow.variables.CreateDistributionRulesObj }}"
        ]
      },
      "outcomes": {
        "success": "if3"
      }
    }
  },
  "variables": {}
}