{
  "description": "",
  "root": "resetVariablesCreateDistributionRulesObj",
  "actions": {
    "resetVariablesCreateDistributionRulesObj": {
      "module": "vb/action/builtin/resetVariablesAction",
      "parameters": {
        "variables": [
          "$flow.variables.CreateDistributionRulesObj.category_1_description",
          "$flow.variables.CreateDistributionRulesObj.category_2",
          "$flow.variables.CreateDistributionRulesObj.category_2_description",
          "$flow.variables.getCategory2ADP"
        ]
      },
      "outcomes": {
        "success": "if"
      }
    },
    "if": {
      "module": "vb/action/builtin/ifAction",
      "parameters": {
        "condition": "[[ $flow.variables.CreateDistributionRulesObj.category_1 == null || $flow.variables.CreateDistributionRulesObj.category_1 == 'undefined' ]]"
      },
      "outcomes": {
        "false": "runInParallel"
      }
    },
    "runInParallel": {
      "module": "vb/action/builtin/forkAction",
      "parameters": {
        "actions": {
          "callRest": "callRestGetDistributionTitleRightsGetLookupValuesInfo",
          "callRestGetDistributionTitleRightsGetLookupValuesDetails": "callRestGetDistributionTitleRightsGetLookupValuesDetails"
        }
      }
    },
    "fireNotification": {
      "module": "vb/action/builtin/fireNotificationEventAction",
      "parameters": {
        "target": "leaf",
        "summary": "[[ $chain.results.callRestGetDistributionTitleRightsGetLookupValuesDetails.message.summary ]]",
        "type": "error",
        "displayMode": "persist"
      }
    },
    "callRestGetDistributionTitleRightsGetLookupValuesDetails": {
      "module": "vb/action/builtin/restAction",
      "parameters": {
        "endpoint": "ordsHbg_integration/getDistributionTitleRightsGetLookupValuesDetails",
        "uriParams": {
          "P_LOOKUP_CODE": "{{ $flow.variables.CreateDistributionRulesObj.category_1 }}",
          "P_LOOKUP_TYPE": "HBG_CATEGORY_1"
        }
      },
      "outcomes": {
        "failure": "fireNotification",
        "success": "assignVariablesCreateDistributionRulesObj"
      }
    },
    "assignVariablesCreateDistributionRulesObj": {
      "module": "vb/action/builtin/assignVariablesAction",
      "parameters": {
        "$flow.variables.CreateDistributionRulesObj": {
          "source": {
            "category_1_description": "{{ $chain.results.callRestGetDistributionTitleRightsGetLookupValuesDetails.body.items[0].meaning }}"
          },
          "reset": "none",
          "auto": "always"
        }
      }
    },
    "fireNotification2": {
      "module": "vb/action/builtin/fireNotificationEventAction",
      "parameters": {
        "target": "leaf",
        "summary": "[[ $chain.results.callRestGetDistributionTitleRightsGetLookupValuesInfo.message.summary ]]",
        "type": "error",
        "displayMode": "persist"
      }
    },
    "callRestGetDistributionTitleRightsGetLookupValuesInfo": {
      "module": "vb/action/builtin/restAction",
      "parameters": {
        "endpoint": "ordsHbg_integration/getDistributionTitleRightsGetLookupValuesInfo",
        "uriParams": {
          "P_LOOKUP_TYPE": "HBG_CATEGORY_2",
          "P_TAG": "{{ $flow.variables.CreateDistributionRulesObj.category_1 }}"
        }
      },
      "outcomes": {
        "failure": "fireNotification2",
        "success": "forEach"
      }
    },
    "forEach": {
      "module": "vb/action/builtin/forEachAction",
      "parameters": {
        "items": "{{ $chain.results.callRestGetDistributionTitleRightsGetLookupValuesInfo.body.items }}",
        "actionId": "assignVariablesGetCategory2Obj"
      },
      "outcomes": {
        "success": "fireDataProviderEventGetCategory2ADP2"
      }
    },
    "assignVariablesGetCategory2Obj": {
      "module": "vb/action/builtin/assignVariablesAction",
      "parameters": {
        "$flow.variables.getCategory2Obj": {
          "source": {
            "created_by": "{{ $chain.results.callRestGetDistributionTitleRightsGetLookupValuesInfo.body.items[$current.index].created_by }}",
            "creation_date": "{{ $chain.results.callRestGetDistributionTitleRightsGetLookupValuesInfo.body.items[$current.index].creation_date }}",
            "description": "{{ $chain.results.callRestGetDistributionTitleRightsGetLookupValuesInfo.body.items[$current.index].description }}",
            "display_sequence": "{{ $chain.results.callRestGetDistributionTitleRightsGetLookupValuesInfo.body.items[$current.index].display_sequence }}",
            "enabled_flag": "{{ $chain.results.callRestGetDistributionTitleRightsGetLookupValuesInfo.body.items[$current.index].enabled_flag }}",
            "last_update_date": "{{ $chain.results.callRestGetDistributionTitleRightsGetLookupValuesInfo.body.items[$current.index].last_update_date }}",
            "last_updated_by": "{{ $chain.results.callRestGetDistributionTitleRightsGetLookupValuesInfo.body.items[$current.index].last_updated_by }}",
            "lookup_code": "{{ $chain.results.callRestGetDistributionTitleRightsGetLookupValuesInfo.body.items[$current.index].lookup_code }}",
            "lookup_type": "{{ $chain.results.callRestGetDistributionTitleRightsGetLookupValuesInfo.body.items[$current.index].lookup_type }}",
            "meaning": "{{ $chain.results.callRestGetDistributionTitleRightsGetLookupValuesInfo.body.items[$current.index].meaning }}",
            "oic_run_id": "{{ $chain.results.callRestGetDistributionTitleRightsGetLookupValuesInfo.body.items[$current.index].oic_run_id }}",
            "status": "{{ $chain.results.callRestGetDistributionTitleRightsGetLookupValuesInfo.body.items[$current.index].status }}",
            "status_message": "{{ $chain.results.callRestGetDistributionTitleRightsGetLookupValuesInfo.body.items[$current.index].status_message }}",
            "tag": "{{ $chain.results.callRestGetDistributionTitleRightsGetLookupValuesInfo.body.items[$current.index].tag }}"
          },
          "reset": "none",
          "auto": "always"
        }
      },
      "outcomes": {
        "success": "fireDataProviderEventGetCategory2ADP"
      }
    },
    "fireDataProviderEventGetCategory2ADP": {
      "module": "vb/action/builtin/fireDataProviderEventAction",
      "parameters": {
        "target": "[[ $flow.variables.getCategory2ADP ]]",
        "add": {
          "data": "{{ $flow.variables.getCategory2Obj }}"
        }
      }
    },
    "fireDataProviderEventGetCategory2ADP2": {
      "module": "vb/action/builtin/fireDataProviderEventAction",
      "parameters": {
        "target": "[[ $flow.variables.getCategory2ADP ]]",
        "refresh": null
      }
    }
  },
  "variables": {}
}