{
  "description": "",
  "root": "resetVariablesCreateDistributionRulesObj",
  "actions": {
    "resetVariablesCreateDistributionRulesObj": {
      "module": "vb/action/builtin/resetVariablesAction",
      "parameters": {
        "variables": [
          "$flow.variables.CreateDistributionRulesObj.owner_description",
          "$flow.variables.CreateDistributionRulesObj.format"          ,
          "$flow.variables.CreateDistributionRulesObj.format_description"          ,
          "$flow.variables.CreateDistributionRulesObj.subformat"          ,
          "$flow.variables.CreateDistributionRulesObj.subformat_description"          ,
          "$flow.variables.CreateDistributionRulesObj.reporting_group"          ,
          "$flow.variables.CreateDistributionRulesObj.category_1"          ,
          "$flow.variables.CreateDistributionRulesObj.category_1_description"          ,
          "$flow.variables.CreateDistributionRulesObj.category_2"          ,
          "$flow.variables.CreateDistributionRulesObj.category_2_description"          ,
          "$flow.variables.getReportingGroupADP"          ,
          "$flow.variables.CreateDistributionRulesObj.reporting_group_description",
          "$flow.variables.CreateDistributionRulesObj.edition"          ,
          "$flow.variables.CreateDistributionRulesObj.from_pub_date"          ,
          "$flow.variables.CreateDistributionRulesObj.to_pub_date"
        ]
      },
      "outcomes": {
        "success": "if"
      }
    },
    "runInParallel": {
      "module": "vb/action/builtin/forkAction",
      "parameters": {
        "actions": {
          "callRest": "getReportingGroupLOV",
          "callRestGetDistributionTitleRightsGetValueSetsDetails": "getOwnerDescription"
        }
      }
    },
    "fireNotification": {
      "module": "vb/action/builtin/fireNotificationEventAction",
      "parameters": {
        "target": "leaf",
        "summary": "[[ $chain.results.getOwnerDescription.message.summary ]]",
        "type": "error",
        "displayMode": "persist"
      }
    },
    "assignVariablesCreateDistributionRulesObj": {
      "module": "vb/action/builtin/assignVariablesAction",
      "parameters": {
        "$flow.variables.CreateDistributionRulesObj": {
          "source": {
            "owner_description": "{{ $chain.results.getOwnerDescription.body.items[0].description }}"
          },
          "reset": "none",
          "auto": "always"
        }
      }
    },
    "if": {
      "module": "vb/action/builtin/ifAction",
      "parameters": {
        "condition": "[[ $flow.variables.CreateDistributionRulesObj.owner == null || $flow.variables.CreateDistributionRulesObj.owner == 'undefined' ]]"
      },
      "outcomes": {
        "false": "runInParallel"
      }
    },
    "fireNotification2": {
      "module": "vb/action/builtin/fireNotificationEventAction",
      "parameters": {
        "target": "leaf",
        "summary": "[[ $chain.results.getReportingGroupLOV.message.summary ]]",
        "type": "error",
        "displayMode": "persist"
      }
    },
    "getOwnerDescription": {
      "module": "vb/action/builtin/restAction",
      "parameters": {
        "endpoint": "ordsHbg_integration/getDistributionTitleRightsGetValueSetsDetails",
        "uriParams": {
          "P_FLEX_VALUE": "{{ $flow.variables.CreateDistributionRulesObj.owner }}",
          "P_VALUE_SET_NAME": "HBG_Owner"
        }
      },
      "outcomes": {
        "failure": "fireNotification",
        "success": "assignVariablesCreateDistributionRulesObj"
      }
    },
    "getReportingGroupLOV": {
      "module": "vb/action/builtin/restAction",
      "parameters": {
        "endpoint": "ordsHbg_integration/getDistributionTitleRightsGetLookupValuesInfo",
        "uriParams": {
          "P_LOOKUP_TYPE": "HBG_REPORTING_GROUP",
          "P_TAG": "{{ $flow.variables.CreateDistributionRulesObj.owner }}"
        }
      },
      "outcomes": {
        "failure": "fireNotification2",
        "success": "forEach"
      }
    },
    "forEach": {
      "module": "vb/action/builtin/forEachAction",
      "parameters": {
        "items": "{{ $chain.results.getReportingGroupLOV.body.items }}",
        "actionId": "assignVariablesGetReportingGroupObj"
      },
      "outcomes": {
        "success": "fireDataProviderEventGetReportingGroupADP"
      }
    },
    "assignVariablesGetReportingGroupObj": {
      "module": "vb/action/builtin/assignVariablesAction",
      "parameters": {
        "$flow.variables.getReportingGroupObj": {
          "source": {
            "created_by": "{{ $chain.results.getReportingGroupLOV.body.items[$current.index].created_by }}",
            "creation_date": "{{ $chain.results.getReportingGroupLOV.body.items[$current.index].creation_date }}",
            "description": "{{ $chain.results.getReportingGroupLOV.body.items[$current.index].description }}",
            "display_sequence": "{{ $chain.results.getReportingGroupLOV.body.items[$current.index].display_sequence }}",
            "enabled_flag": "{{ $chain.results.getReportingGroupLOV.body.items[$current.index].enabled_flag }}",
            "last_update_date": "{{ $chain.results.getReportingGroupLOV.body.items[$current.index].last_update_date }}",
            "last_updated_by": "{{ $chain.results.getReportingGroupLOV.body.items[$current.index].last_updated_by }}",
            "lookup_code": "{{ $chain.results.getReportingGroupLOV.body.items[$current.index].lookup_code }}",
            "lookup_type": "{{ $chain.results.getReportingGroupLOV.body.items[$current.index].lookup_type }}",
            "meaning": "{{ $chain.results.getReportingGroupLOV.body.items[$current.index].meaning }}",
            "oic_run_id": "{{ $chain.results.getReportingGroupLOV.body.items[$current.index].oic_run_id }}",
            "status": "{{ $chain.results.getReportingGroupLOV.body.items[$current.index].status }}",
            "status_message": "{{ $chain.results.getReportingGroupLOV.body.items[$current.index].status_message }}",
            "tag": "{{ $chain.results.getReportingGroupLOV.body.items[$current.index].tag }}"
          },
          "reset": "none",
          "auto": "always"
        }
      },
      "outcomes": {
        "success": "fireDataProviderEventGetReportingGroupADP2"
      }
    },
    "fireDataProviderEventGetReportingGroupADP": {
      "module": "vb/action/builtin/fireDataProviderEventAction",
      "parameters": {
        "refresh": null,
        "target": "[[ $flow.variables.getReportingGroupADP ]]"
      }
    },
    "fireDataProviderEventGetReportingGroupADP2": {
      "module": "vb/action/builtin/fireDataProviderEventAction",
      "parameters": {
        "add": {
          "data": "{{ $flow.variables.getReportingGroupObj }}"
        },
        "target": "[[ $flow.variables.getReportingGroupADP ]]"
      }
    }
  },
  "variables": {}
}