{
  "description": "",
  "root": "resetVariablesCreateDistributionRulesObj",
  "actions": {
    "resetVariablesCreateDistributionRulesObj": {
      "module": "vb/action/builtin/resetVariablesAction",
      "parameters": {
        "variables": [
          "$flow.variables.CreateDistributionRulesObj.subformat_description"
        ]
      },
      "outcomes": {
        "success": "if"
      }
    },
    "if": {
      "module": "vb/action/builtin/ifAction",
      "parameters": {
        "condition": "[[ $flow.variables.CreateDistributionRulesObj.subformat == null || $flow.variables.CreateDistributionRulesObj.subformat == 'undefined' ]]"
      },
      "outcomes": {
        "false": "callRestGetDistributionTitleRightsGetValueSetsDetails"
      }
    },
    "fireNotification": {
      "module": "vb/action/builtin/fireNotificationEventAction",
      "parameters": {
        "target": "leaf",
        "summary": "[[ $chain.results.callRestGetDistributionTitleRightsGetValueSetsDetails.message.summary ]]",
        "type": "error",
        "displayMode": "persist"
      }
    },
    "callRestGetDistributionTitleRightsGetValueSetsDetails": {
      "module": "vb/action/builtin/restAction",
      "parameters": {
        "endpoint": "ordsHbg_integration/getDistributionTitleRightsGetValueSetsDetails",
        "uriParams": {
          "P_FLEX_VALUE": "{{ $flow.variables.CreateDistributionRulesObj.subformat }}",
          "P_VALUE_SET_NAME": "HBG_Subformat"
        }
      },
      "outcomes": {
        "failure": "fireNotification",
        "success": "assignVariablesCreateDistributionRulesObj"
      }
    },
    "assignVariablesCreateDistributionRulesObj": {
      "module": "vb/action/builtin/assignVariablesAction",
      "parameters": {
        "$flow.variables.CreateDistributionRulesObj": {
          "source": {
            "subformat_description": "{{ $chain.results.callRestGetDistributionTitleRightsGetValueSetsDetails.body.items[0].description }}"
          },
          "reset": "none",
          "auto": "always"
        }
      }
    }
  },
  "variables": {}
}