{
    "items": [
        {
            "category1_code": "07",
            "category1_name": "Stewart, Tabori and Chang",
            "category1_id": 3163550187
        }
    ],
    "hasMore": false,
    "limit": 25,
    "offset": 0,
    "count": 1,
    "links": [
        {
            "rel": "self",
            "href": "https://10.2.0.169:8081/ords/hbg_integration/Common/getCat1NamebyCode?P_CATEGORY1_CODE=07&P_REPORTING_GROUP_ID=3163548437"
        },
        {
            "rel": "describedby",
            "href": "https://10.2.0.169:8081/ords/hbg_integration/metadata-catalog/Common/item"
        },
        {
            "rel": "first",
            "href": "https://10.2.0.169:8081/ords/hbg_integration/Common/getCat1NamebyCode?P_CATEGORY1_CODE=07&P_REPORTING_GROUP_ID=3163548437"
        }
    ]
}