{
  "description": "",
  "root": "callComponentCountryGroupAssociationsOpen",
  "actions": {
    "callComponentCountryGroupAssociationsOpen": {
      "module": "vb/action/builtin/callComponentMethodAction",
      "parameters": {
        "component": "{{ document.getElementById('CountryGroupAssociations') }}",
        "method": "open"
      },
      "outcomes": {
        "success": "callRestGetDistributionTitleRightsGetCountryGroupAssociationList"
      }
    },
    "fireNotification": {
      "module": "vb/action/builtin/fireNotificationEventAction",
      "parameters": {
        "target": "leaf",
        "summary": "[[ $chain.results.callRestGetDistributionTitleRightsGetCountryGroupAssociationList.message.summary ]]",
        "type": "error",
        "displayMode": "persist"
      }
    },
    "callRestGetDistributionTitleRightsGetCountryGroupAssociationList": {
      "module": "vb/action/builtin/restAction",
      "parameters": {
        "endpoint": "ordsHbg_integration/getDistributionTitleRightsGetCountryGroupAssociationList",
        "uriParams": {
          "p_country_group_code": "{{ $flow.variables.getDistributionRightsADP.data[$chain.variables.index].country_group }}"
        }
      },
      "outcomes": {
        "failure": "fireNotification",
        "success": "assignVariablesGetCountryGroupAssocADP"
      }
    },
    "assignVariablesGetCountryGroupAssocADP": {
      "module": "vb/action/builtin/assignVariablesAction",
      "parameters": {
        "$page.variables.getCountryGroupAssocADP": {
          "source": {
            "data": "{{ $chain.results.callRestGetDistributionTitleRightsGetCountryGroupAssociationList.body.items }}"
          },
          "reset": "none",
          "auto": "always",
          "mapping": {
            "$target.data": {
              "source": "$source.data",
              "reset": "empty"
            }
          }
        }
      }
    }
  },
  "variables": {
    "key": {
      "required": true,
      "type": "any",
      "input": "fromCaller"
    },
    "index": {
      "required": true,
      "type": "number",
      "input": "fromCaller"
    },
    "current": {
      "required": true,
      "type": "any",
      "input": "fromCaller"
    }
  }
}