{
  "description": "",
  "root": "resetVariablesCreateDistributionRulesObj",
  "actions": {
    "navigateToDistrightsCreate": {
      "module": "vb/action/builtin/navigateAction",
      "parameters": {
        "page": "distrights-create"
      },
      "outcomes": {}
    },
    "resetVariablesCreateDistributionRulesObj": {
      "module": "vb/action/builtin/resetVariablesAction",
      "parameters": {
        "variables": [
          "$flow.variables.CreateDistributionRulesObj"
        ]
      },
      "outcomes": {
        "success": "navigateToDistrightsCreate"
      }
    }
  },
  "variables": {}
}