{
    "items": [
        {
            "distribution_right_id": 1006,
            "owner": "DP",
            "owner_description": "Disney Publishng World Wide",
            "reporting_group": null,
            "reporting_group_description": null,
            "category_1": null,
            "category_1_description": null,
            "category_2": null,
            "category_2_description": null,
            "format": null,
            "format_description": null,
            "subformat": null,
            "subformat_description": null,
            "from_pub_date": null,
            "to_pub_date": null,
            "country_group": null,
            "country_code": null,
            "edition": null,
            "item_number": null,
            "short_title": null,
            "short_author": null,
            "account_number": null,
            "account_type": null,
            "default_account_type": null,
            "outcome": null,
            "start_date": null,
            "end_date": null,
            "group_rule": null,
            "comments": null,
            "creation_date": null,
            "created_by": null,
            "last_update_date": null,
            "last_updated_by": null,
            "precedence_level": null
        },
        {
            "distribution_right_id": 1005,
            "owner": "DP",
            "owner_description": "Disney Publishng World Wide",
            "reporting_group": "94",
            "reporting_group_description": "Marvel Entertainment",
            "category_1": null,
            "category_1_description": null,
            "category_2": null,
            "category_2_description": null,
            "format": null,
            "format_description": null,
            "subformat": null,
            "subformat_description": null,
            "from_pub_date": null,
            "to_pub_date": null,
            "country_group": null,
            "country_code": null,
            "edition": null,
            "item_number": null,
            "short_title": null,
            "short_author": null,
            "account_number": null,
            "account_type": null,
            "default_account_type": null,
            "outcome": null,
            "start_date": null,
            "end_date": null,
            "group_rule": null,
            "comments": null,
            "creation_date": null,
            "created_by": null,
            "last_update_date": null,
            "last_updated_by": null,
            "precedence_level": null
        },
        {
            "distribution_right_id": 1010,
            "owner": "AP",
            "owner_description": "Amazing People",
            "reporting_group": null,
            "reporting_group_description": null,
            "category_1": null,
            "category_1_description": null,
            "category_2": null,
            "category_2_description": null,
            "format": null,
            "format_description": null,
            "subformat": null,
            "subformat_description": null,
            "from_pub_date": null,
            "to_pub_date": null,
            "country_group": null,
            "country_code": null,
            "edition": null,
            "item_number": null,
            "short_title": null,
            "short_author": null,
            "account_number": null,
            "account_type": null,
            "default_account_type": null,
            "outcome": "EVALUATE TITLE RIGHTS",
            "start_date": null,
            "end_date": null,
            "group_rule": null,
            "comments": null,
            "creation_date": "12/08/2022",
            "created_by": "freis@pelotongroup.com",
            "last_update_date": "12/08/2022",
            "last_updated_by": "freis@pelotongroup.com",
            "precedence_level": null
        },
        {
            "distribution_right_id": 1003,
            "owner": "AB",
            "owner_description": "Abrams Books",
            "reporting_group": "58",
            "reporting_group_description": "Harry N. Abrams",
            "category_1": null,
            "category_1_description": null,
            "category_2": null,
            "category_2_description": null,
            "format": null,
            "format_description": null,
            "subformat": null,
            "subformat_description": null,
            "from_pub_date": null,
            "to_pub_date": null,
            "country_group": null,
            "country_code": null,
            "edition": null,
            "item_number": null,
            "short_title": null,
            "short_author": null,
            "account_number": null,
            "account_type": null,
            "default_account_type": null,
            "outcome": null,
            "start_date": null,
            "end_date": null,
            "group_rule": null,
            "comments": null,
            "creation_date": null,
            "created_by": null,
            "last_update_date": null,
            "last_updated_by": null,
            "precedence_level": null
        },
        {
            "distribution_right_id": 1007,
            "owner": "DP",
            "owner_description": "Disney Publishng World Wide",
            "reporting_group": null,
            "reporting_group_description": null,
            "category_1": null,
            "category_1_description": null,
            "category_2": null,
            "category_2_description": null,
            "format": null,
            "format_description": null,
            "subformat": null,
            "subformat_description": null,
            "from_pub_date": null,
            "to_pub_date": null,
            "country_group": null,
            "country_code": null,
            "edition": null,
            "item_number": null,
            "short_title": null,
            "short_author": null,
            "account_number": null,
            "account_type": null,
            "default_account_type": null,
            "outcome": null,
            "start_date": null,
            "end_date": null,
            "group_rule": null,
            "comments": null,
            "creation_date": null,
            "created_by": null,
            "last_update_date": null,
            "last_updated_by": null,
            "precedence_level": null
        },
        {
            "distribution_right_id": 1011,
            "owner": null,
            "owner_description": null,
            "reporting_group": null,
            "reporting_group_description": null,
            "category_1": null,
            "category_1_description": null,
            "category_2": null,
            "category_2_description": null,
            "format": null,
            "format_description": null,
            "subformat": null,
            "subformat_description": null,
            "from_pub_date": null,
            "to_pub_date": null,
            "country_group": null,
            "country_code": null,
            "edition": null,
            "item_number": null,
            "short_title": null,
            "short_author": null,
            "account_number": "14605017-AMAZON.COM",
            "account_type": null,
            "default_account_type": null,
            "outcome": "BLOCK",
            "start_date": null,
            "end_date": null,
            "group_rule": null,
            "comments": null,
            "creation_date": "12/08/2022",
            "created_by": "freis@pelotongroup.com",
            "last_update_date": "12/08/2022",
            "last_updated_by": "freis@pelotongroup.com",
            "precedence_level": null
        },
        {
            "distribution_right_id": 1002,
            "owner": "AB",
            "owner_description": "Abrams Books",
            "reporting_group": null,
            "reporting_group_description": null,
            "category_1": null,
            "category_1_description": null,
            "category_2": null,
            "category_2_description": null,
            "format": null,
            "format_description": null,
            "subformat": null,
            "subformat_description": null,
            "from_pub_date": null,
            "to_pub_date": null,
            "country_group": null,
            "country_code": null,
            "edition": null,
            "item_number": null,
            "short_title": null,
            "short_author": null,
            "account_number": null,
            "account_type": null,
            "default_account_type": null,
            "outcome": null,
            "start_date": null,
            "end_date": null,
            "group_rule": null,
            "comments": null,
            "creation_date": null,
            "created_by": null,
            "last_update_date": null,
            "last_updated_by": null,
            "precedence_level": null
        },
        {
            "distribution_right_id": 1004,
            "owner": "AR",
            "owner_description": "Arcade Publishing",
            "reporting_group": "65",
            "reporting_group_description": "Arcade Publishing",
            "category_1": null,
            "category_1_description": null,
            "category_2": null,
            "category_2_description": null,
            "format": null,
            "format_description": null,
            "subformat": null,
            "subformat_description": null,
            "from_pub_date": null,
            "to_pub_date": null,
            "country_group": null,
            "country_code": null,
            "edition": null,
            "item_number": null,
            "short_title": null,
            "short_author": null,
            "account_number": null,
            "account_type": null,
            "default_account_type": null,
            "outcome": null,
            "start_date": null,
            "end_date": null,
            "group_rule": null,
            "comments": null,
            "creation_date": null,
            "created_by": null,
            "last_update_date": null,
            "last_updated_by": null,
            "precedence_level": null
        }
    ],
    "hasMore": false,
    "limit": 25,
    "offset": 0,
    "count": 8,
    "links": [
        {
            "rel": "self",
            "href": "https://10.2.0.169:8081/ords/hbg_integration/DistributionTitleRights/DistirbutionRules"
        },
        {
            "rel": "edit",
            "href": "https://10.2.0.169:8081/ords/hbg_integration/DistributionTitleRights/DistirbutionRules"
        },
        {
            "rel": "describedby",
            "href": "https://10.2.0.169:8081/ords/hbg_integration/metadata-catalog/DistributionTitleRights/item"
        },
        {
            "rel": "first",
            "href": "https://10.2.0.169:8081/ords/hbg_integration/DistributionTitleRights/DistirbutionRules"
        }
    ]
}