{
    "items": [
        {
            "title_right_id": 1000,
            "inventory_item_id": 100000000449452,
            "item_number": "9780824919351",
            "short_title": "Frosty Snowman",
            "short_author": "Jack Rollins",
            "owner": "HB",
            "owner_description": "Hachette Books",
            "reporting_group": "01",
            "reporting_group_description": "HBG Books, Inc.",
            "category_1": "07",
            "category_1_description": "Worthy_HB0107",
            "category_2": "01",
            "category_2_description": "WorthyKids_HB010701",
            "format": "01",
            "format_description": "Mass Market",
            "subformat": "01",
            "subformat_description": "Mini Books CL"
        }
    ],
    "hasMore": false,
    "limit": 25,
    "offset": 0,
    "count": 1,
    "links": [
        {
            "rel": "self",
            "href": "https://10.2.0.169:8081/ords/hbg_integration/DistributionTitleRights/getTitleRightHeaderInfo?P_ITEM_NUMBER=9780824919351"
        },
        {
            "rel": "describedby",
            "href": "https://10.2.0.169:8081/ords/hbg_integration/metadata-catalog/DistributionTitleRights/item"
        },
        {
            "rel": "first",
            "href": "https://10.2.0.169:8081/ords/hbg_integration/DistributionTitleRights/getTitleRightHeaderInfo?P_ITEM_NUMBER=9780824919351"
        }
    ]
}