{
    "items": [
        {
            "sf_sales_rep_id": 9,
            "sales_rep_number": "SR1",
            "sales_rep_name": "SR1Name",
            "external_sales_rep_identifier": 34,
            "address": "SR1 Address",
            "city": "SR1 City",
            "state": "SR1 State",
            "postal_code": "SR1 Code",
            "country": "SR1 Country",
            "phone_number": "34567",
            "email": "SR1 Company@test",
            "company": "SR1 Company",
            "company_description": "SR1 Company",
            "external_checkbox": null,
            "wholesale_commision": 12,
            "retail_commision": 23,
            "edelweiss": "Yes",
            "notes": "SR1 NOtes",
            "entered_by": "freis@pelotongroup.com",
            "entered_date": "2023-01-10T09:55:18Z",
            "updated_by": "freis@pelotongroup.com",
            "updated_date": "2023-01-10T09:55:18Z",
            "start_date": "0010-01-21T00:00:00Z",
            "end_date": "2023-01-11T00:00:00Z",
            "status": "Active",
            "sf_territory_id": 16
        }
    ],
    "hasMore": false,
    "limit": 100,
    "offset": 0,
    "count": 1,
    "links": [
        {
            "rel": "self",
            "href": "https://10.2.0.169:8081/ords/hbg_integration/salesCredit/salesRep?SF_TERRITORY_ID=16"
        },
        {
            "rel": "edit",
            "href": "https://10.2.0.169:8081/ords/hbg_integration/salesCredit/salesRep?SF_TERRITORY_ID=16"
        },
        {
            "rel": "describedby",
            "href": "https://10.2.0.169:8081/ords/hbg_integration/metadata-catalog/salesCredit/item"
        },
        {
            "rel": "first",
            "href": "https://10.2.0.169:8081/ords/hbg_integration/salesCredit/salesRep?SF_TERRITORY_ID=16"
        }
    ]
}