{
  "id": "countrygroups",
  "description": "Flow main",
  "defaultPage": "countrygroups-start",
  "services": {},
  "types": {
    "@decorators.getCountriesList": {
      "endpoint": "getDistributionTitleRightsGetCountriesList",
      "service": "ordsHbg_integration",
      "path": "response"
    },
    "@decorators.getCountryAssocList": {
      "endpoint": "getDistributionTitleRightsGetCountriesList",
      "service": "ordsHbg_integration",
      "path": "response"
    },
    "@decorators.getCountryGroupList": {
      "endpoint": "getDistributionTitleRightsGetCountryGroupList",
      "service": "ordsHbg_integration",
      "path": "response"
    },
    "getCountriesList": {
      "concat_country_code": "string",
   
          "country_code": "string",
          "country_id": "number",
          "country_name": "string"
  
    
    },
    "getCountryAssocList": {
      "country_code": "string",
      "country_group_id": "number",
      "country_group_name": "string",
      "country_id": "number",
      "country_name": "string",
      "created_by": "any",
      "creation_date": "any",
      "last_update_date": "any",
      "last_updated_by": "any"

    },
    "getCountryGroupList": {
      "comments": "any",
      "country_group_code": "string",
      "country_group_id": "number",
      "country_group_name": "string",
      "created_by": "any",
      "creation_date": "any",
      "enabled_flag": "string",
      "last_update_date": "any",
      "last_updated_by": "any"
    }

  },
  "variables": {
    "getCountriesListADP": {
      "type": "vb/ArrayDataProvider2",
      "defaultValue": {
        "itemType": "getCountriesList",
        "keyAttributes": "country_id"
      }
    },
    "getCountryGroupListADP": {
      "type": "vb/ArrayDataProvider2",
      "defaultValue": {
        "itemType": "getCountryGroupList",
        "keyAttributes": "country_group_id"
      }
    }
  },
  "eventListeners": {
    "vbEnter": {
      "chains": [
        {
          "parameters": {},
          "chainId": "getAllListofValues"
        }
      ]
    }
  }
}