{
    "fields": [
        {
            "type": "number",
            "name": "id",
            "key": true,
            "oid": "5750faf9-79e6-4e3e-a032-d3f78cdf2a0f",
            "required": true,
            "unique": true,
            "displayLabel": "Id"
        },
        {
            "type": "datetime",
            "name": "creationDate",
            "oid": "38e63be4-5f69-4c44-acc7-74565f388822",
            "displayLabel": "Created",
            "historyType": "timeCreated"
        },
        {
            "type": "datetime",
            "name": "lastUpdateDate",
            "oid": "647b8dc6-b0b2-4cbc-bf21-f6e5d82fa9b5",
            "displayLabel": "Last Updated",
            "historyType": "timeUpdated"
        },
        {
            "type": "string",
            "name": "createdBy",
            "oid": "247ff4c2-2975-4ce2-b703-f7fc13a85f17",
            "displayLabel": "Created By",
            "historyType": "createdBy"
        },
        {
            "type": "string",
            "name": "lastUpdatedBy",
            "oid": "f33d1b12-0a53-4c80-adbc-26e58f853bad",
            "displayLabel": "Last Updated By",
            "historyType": "updatedBy"
        },
{
            "type": "number",
            "name": "abcsChangeNumber",
            "oid": "ecf88f3e-f49c-4ae9-be71-4008b22632b8",
            "displayLabel": "Version Number",
            "historyType": "versionNumber"
        },
        {
            "type": "string",
            "name": "organizationNumber",
            "oid": "a9d0b550-5cb6-4024-a0da-8b64c369bba2",
            "displayLabel": "OrganizationNumber"
        }        ,
        {
            "type": "string",
            "name": "organizationName",
            "oid": "1345bacc-533e-459f-8c2b-55f50e29bbed",
            "displayLabel": "OrganizationName"
        }
    ],
    "name": "OrganizationBO",
    "oid": "c7ab2f83-4c50-4a6a-8f9b-732e7df3fcfb",
    "displayLabel": "OrganizationBO"
}