{
  "description": "",
  "root": "callFunctionCheckboxdeselectAction",
  "actions": {
    "callFunctionCheckboxdeselectAction": {
      "module": "vb/action/builtin/callModuleFunctionAction",
      "parameters": {
        "module": "[[ $functions ]]",
        "functionName": "checkboxdeselectAction"
      },
      "outcomes": {
        "success": "resetVariablesSearchObj"
      }
    },
    "resetVariablesSearchObj": {
      "module": "vb/action/builtin/resetVariablesAction",
      "parameters": {
        "variables": [
          "$page.variables.SearchObj.aging_cat",
          "$page.variables.SearchObj.amt_from",
          "$page.variables.SearchObj.amt_to",
          "$page.variables.SearchObj.claim_nbr",
          "$page.variables.SearchObj.flag_code",
          "$page.variables.SearchObj.held_by_othrs_data",
          "$page.variables.SearchObj.include_claim",
          "$page.variables.SearchObj.include_cm",
          "$page.variables.SearchObj.include_inv",
          "$page.variables.SearchObj.include_receipts",
          "$page.variables.SearchObj.inv_num_from",
          "$page.variables.SearchObj.inv_num_to",
          "$page.variables.SearchObj.inv_po_nbr",
          "$page.variables.SearchObj.inv_ref_nbr",
          "$page.variables.SearchObj.loggedin_user",
          "$page.variables.SearchObj.trxtype_reason",
          "$page.variables.SearchObj.trx_to_date",
          "$page.variables.SearchObj.trx_from_date",
          "$page.variables.SearchObj.trx_code",
          "$page.variables.SearchObj.shipment_nbr",
          "$page.variables.SearchObj.status",
          "$page.variables.DashboardObjType",
          "$page.variables.CollapseTransADP.data.balance",
          "$page.variables.TransactionTblADP",
          "$page.variables.p_held_by_othrs",
          "$page.variables.SearchObj.processId"          ,
          "$page.variables.p_sort_by"          ,
          "$page.variables.p_sort_dir",
          "$page.variables.p_trx_code"
        ]
      }
    }
  },
  "variables": {}
}