{
  "description": "",
  "root": "resetVariablesGetCustomerDetailsObj",
  "actions": {
    "fireNotification": {
      "module": "vb/action/builtin/fireNotificationEventAction",
      "parameters": {
        "target": "leaf",
        "summary": "[[ $chain.results.callRestGetCustomerDetails.message.summary ]]",
        "type": "error",
        "displayMode": "persist"
      }
    },
    "callRestGetCustomerDetails": {
      "module": "vb/action/builtin/restAction",
      "parameters": {
        "endpoint": "ORDSConn/GetCustomerDetails",
        "uriParams": {
          "p_acct_name": "{{ $page.variables.searchAccountPopup.account_name }}",
          "p_acct_num": "{{ $page.variables.searchAccountPopup.account_num }}",
          "p_org_name": "{{ $page.variables.searchAccountPopup.party_name }}"
        }
      },
      "outcomes": {
        "failure": "fireNotification",
        "success": "if"
      }
    },
    "assignVariablesGetCustomerDetailsObj": {
      "module": "vb/action/builtin/assignVariablesAction",
      "parameters": {
        "$page.variables.GetCustomerDetailsADP": {
          "source": {
            "data": "{{ $chain.results.callRestGetCustomerDetails.body.items }}"
          },
          "reset": "none",
          "auto": "always"
        }
      }
    },
    "resetVariablesGetCustomerDetailsObj": {
      "module": "vb/action/builtin/resetVariablesAction",
      "parameters": {
        "variables": [
          "$page.variables.GetCustomerDetailsADP"
        ]
      },
      "outcomes": {
        "success": "callRestGetCustomerDetails"
      }
    },
    "if": {
      "module": "vb/action/builtin/ifAction",
      "parameters": {
        "condition": "[[ $chain.results.callRestGetCustomerDetails.body.count > 0 ]]"
      },
      "outcomes": {
        "true": "assignVariablesGetCustomerDetailsObj",
        "false": "fireNotification3"
      }
    },
    "fireNotification3": {
      "module": "vb/action/builtin/fireNotificationEventAction",
      "parameters": {
        "target": "leaf",
        "summary": "search criteria did not fetch any results",
        "type": "warning",
        "displayMode": "transient"
      }
    }
  },
  "variables": {}
}