{
  "description": "",
  "root": "resetVariablesTransactionTblADP",
  "actions": {
    "assignVariablesTransactionTblADP": {
      "module": "vb/action/builtin/assignVariablesAction",
      "parameters": {
        "$page.variables.TransactionTblADP": {
          "source": {
            "data": "{{ $chain.results.callRestPostRetrieveSelectedRecords.body.transactions[0].transaction_details }}"
          },
          "reset": "none",
          "auto": "always"
        },
        "$page.variables.DashboardObjType": {
          "source": "{{ $chain.results.callRestPostRetrieveSelectedRecords.body.transactions[0] }}",
          "auto": "always"
        }
      }
    },
    "resetVariablesTransactionTblADP": {
      "module": "vb/action/builtin/resetVariablesAction",
      "parameters": {
        "variables": [
          "$page.variables.TransactionTblADP.data",
          "$page.variables.DashboardObjType"
        ]
      },
      "outcomes": {
        "success": "assignVariablesRetrieveSelectedRecordsObj"
      }
    },
    "fireNotification": {
      "module": "vb/action/builtin/fireNotificationEventAction",
      "parameters": {
        "target": "leaf",
        "summary": "[[ $chain.results.callRestPostRetrieveSelectedRecords.message.summary ]]",
        "type": "error",
        "displayMode": "persist"
      }
    },
    "callRestPostRetrieveSelectedRecords": {
      "module": "vb/action/builtin/restAction",
      "parameters": {
        "endpoint": "ORDSConn/postRetrieveSelectedRecords",
        "body": "{{ $page.variables.retrieveSelectedRecordsObj }}"
      },
      "outcomes": {
        "failure": "fireNotification",
        "success": "assignVariablesTransactionTblADP"
      }
    },
    "assignVariablesRetrieveSelectedRecordsObj": {
      "module": "vb/action/builtin/assignVariablesAction",
      "parameters": {
        "$page.variables.retrieveSelectedRecordsObj": {
          "source": {
            "acct_nbr": "{{ $page.variables.SearchObj.acct_nbr }}",
            "org_name": "{{ $page.variables.SearchObj.org_name }}",
            "loggedin_user": "{{ $application.user.email }}"
          },
          "reset": "none",
          "auto": "always"
        }
      },
      "outcomes": {
        "success": "callRestPostRetrieveSelectedRecords"
      }
    }
  },
  "variables": {}
}