{
  "description": "",
  "root": "callChainStoreSelectionBtnAction",
  "actions": {
    "callChainStoreSelectionBtnAction": {
      "module": "vb/action/builtin/callChainAction",
      "parameters": {
        "id": "StoreSelectionBtnAction"
      },
      "outcomes": {
        "success": "assignVariablesSearchObj"
      }
    },
    "assignVariablesSearchObj": {
      "module": "vb/action/builtin/assignVariablesAction",
      "parameters": {
        "$page.variables.SearchObj": {
          "source": {
            "status": "Hold"
          },
          "reset": "none",
          "auto": "always"
        }
      },
      "outcomes": {
        "success": "callChainSearchBtnAction"
      }
    },
    "callChainSearchBtnAction": {
      "module": "vb/action/builtin/callChainAction",
      "parameters": {
        "id": "SearchBtnAction"
      },
      "outcomes": {
        "success": "callFunctionSelectAll"
      }
    },
    "callFunctionSelectAll": {
      "module": "vb/action/builtin/callModuleFunctionAction",
      "parameters": {
        "module": "[[ $functions ]]",
        "functionName": "selectAll",
        "params": [
          "{{ $page.variables.TransactionTblADP.data }}"
        ]
      }
    }
  },
  "variables": {}
}