{
  "description": "",
  "root": "resetVariablesSearchObj",
  "actions": {
    "callChainSearchBtnAction": {
      "module": "vb/action/builtin/callChainAction",
      "parameters": {
        "id": "SearchBtnAction"
      }
    },
    "resetVariablesSearchObj": {
      "module": "vb/action/builtin/resetVariablesAction",
      "parameters": {
        "variables": [
          "$page.variables.SearchObj.customer_name",
          "$page.variables.SearchObj.acct_nbr"
        ]
      },
      "outcomes": {
        "success": "callChainSearchBtnAction"
      }
    }
  },
  "variables": {}
}