{
  "description": "",
  "root": "ifWriteOffJEDashboard",
  "actions": {
    "ifWriteOffJEDashboard": {
      "module": "vb/action/builtin/ifAction",
      "parameters": {
        "condition": "[[ $page.variables.WriteOffJEDashboard.balance == 0 ]]"
      },
      "outcomes": {
        "true": "resetVariablesCollapseTransADP",
        "false": "fireNotification"
      }
    },
    "fireNotification": {
      "module": "vb/action/builtin/fireNotificationEventAction",
      "parameters": {
        "target": "leaf",
        "displayMode": "persist",
        "type": "warning",
        "summary": "'The balance amount needs to be 0.'"
      }
    },
    "assignVariablesCollapseTransADP": {
      "module": "vb/action/builtin/assignVariablesAction",
      "parameters": {
        "$page.variables.CollapseTransADP": {
          "source": {
            "data": "{{ $page.variables.JSONFromJs.data }}"
          },
          "reset": "none",
          "auto": "always",
          "mapping": {
            "$target.data": {
              "source": "$source.data",
              "reset": "empty",
              "auto": "always",
              "mapping": {
                "$target.action": {
                  "source": "'Writeoff'",
                  "reset": "none"
                },
                "$target.session_id": {
                  "source": "$application.variables.sessionId",
                  "reset": "none"
                },
                "$target.submitted_by": {
                  "source": "$application.user.email",
                  "reset": "none"
                }
              }
            }
          }
        }
      },
      "outcomes": {
        "success": "callRestPostCollapseData"
      }
    },
    "callRestPostCollapseData": {
      "module": "vb/action/builtin/restAction",
      "parameters": {
        "endpoint": "ORDSConn/PostCollapseData",
        "body": "{{ {\"transactions\":$page.variables.CollapseTransADP.data} }}"
      },
      "outcomes": {
        "failure": "fireNotification3",
        "success": "if"
      }
    },
    "resetVariablesCollapseTransADP": {
      "module": "vb/action/builtin/resetVariablesAction",
      "parameters": {
        "variables": [
          "$page.variables.CollapseTransADP"
        ]
      },
      "outcomes": {
        "success": "assignVariablesCollapseTransADP"
      }
    },
    "fireNotification3": {
      "module": "vb/action/builtin/fireNotificationEventAction",
      "parameters": {
        "target": "leaf",
        "summary": "[[ 'Failed to submit writeoff transaction ' +$chain.results.callRestPostCollapseData.message.summary ]]",
        "type": "error",
        "displayMode": "persist"
      }
    },
    "if": {
      "module": "vb/action/builtin/ifAction",
      "parameters": {
        "condition": "[[ $chain.results.callRestPostCollapseData.body.process_id > 0 ]]"
      },
      "outcomes": {
        "true": "forEachInWriteOffJEADP"
      }
    },
    "fireNotification2": {
      "module": "vb/action/builtin/fireNotificationEventAction",
      "parameters": {
        "target": "leaf",
        "summary": "[[ $chain.results.callRestCreateWriteOffTrxs.message.summary ]]",
        "type": "error",
        "displayMode": "persist"
      }
    },
    "callRestCreateWriteOffTrxs": {
      "module": "vb/action/builtin/restAction",
      "parameters": {
        "endpoint": "ORDSConn/CreateWriteOffTrxs",
        "body": "{{ {\"transactions\":$page.variables.createWriteOffTrxArray.data} }}"
      },
      "outcomes": {
        "failure": "fireNotification2"
      }
    },
    "forEachInWriteOffJEADP": {
      "module": "vb/action/builtin/forEachAction",
      "parameters": {
        "items": "{{ $page.variables.WriteOffJEADP.data }}",
        "mode": "parallel",
        "actionId": "resetVariablesCreateWriteOffTrxObj"
      },
      "outcomes": {
        "success": "callRestCreateWriteOffTrxs"
      }
    },
    "assignVariablesCreateWriteOffTrxObj": {
      "module": "vb/action/builtin/assignVariablesAction",
      "parameters": {
        "$page.variables.createWriteOffTrxObj": {
          "source": {
            "amount": "{{ $current.data.Amount }}",
            "gl_acc_name": "{{ $current.data.GLAccountName }}",
            "gl_acc_number": "{{ $current.data.GLAccountNum }}",
            "je_reason": "{{ $current.data.JEReason }}",
            "process_id": "{{ $chain.results.callRestPostCollapseData.body.process_id }}",
            "org_nbr": "{{ $page.variables.DashboardObjType.org_number }}",
            "submitted_by": "{{ $application.user.email }}"
          },
          "reset": "none",
          "auto": "always"
        }
      },
      "outcomes": {
        "success": "fireDataProviderEventCreateWriteOffTrxArray"
      }
    },
    "resetVariablesCreateWriteOffTrxObj": {
      "module": "vb/action/builtin/resetVariablesAction",
      "parameters": {
        "variables": [
          "$page.variables.createWriteOffTrxObj"
        ]
      },
      "outcomes": {
        "success": "assignVariablesCreateWriteOffTrxObj"
      }
    },
    "fireDataProviderEventCreateWriteOffTrxArray": {
      "module": "vb/action/builtin/fireDataProviderEventAction",
      "parameters": {
        "target": "[[ $page.variables.createWriteOffTrxArray ]]",
        "add": {
          "data": "{{ $page.variables.createWriteOffTrxObj }}"
        }
      }
    }
  },
  "variables": {}
}