{
  "description": "",
  "root": "resetVariablesWriteOffAddRow",
  "actions": {
    "callComponentWriteOffJEOpen": {
      "module": "vb/action/builtin/callComponentMethodAction",
      "parameters": {
        "component": "{{ document.getElementById('writeOffJE') }}",
        "method": "open"
      }
    },
    "resetVariablesWriteOffAddRow": {
      "module": "vb/action/builtin/resetVariablesAction",
      "parameters": {
        "variables": [
          "$page.variables.writeOffAddRow",
          "$page.variables.WriteOffCurRow",
          "$page.variables.WriteOffJEADP"
        ]
      },
      "outcomes": {
        "success": "assignVariablesWriteOffJEDashboard"
      }
    },
    "assignVariablesWriteOffJEDashboard": {
      "module": "vb/action/builtin/assignVariablesAction",
      "parameters": {
        "$page.variables.WriteOffJEDashboard": {
          "source": {
            "balance": "{{ $page.variables.DashboardObjType.selectedtotal }}",
            "org_name": "{{ $page.variables.DashboardObjType.org_name }}",
            "organization": "{{ $page.variables.DashboardObjType.org_number }}"
          },
          "reset": "none",
          "auto": "always"
        }
      },
      "outcomes": {
        "success": "callComponentWriteOffJEOpen"
      }
    }
  },
  "variables": {}
}