{
  "description": "",
  "root": "fireDataProviderEventWriteOffJEADP",
  "actions": {
    "fireDataProviderEventWriteOffJEADP": {
      "module": "vb/action/builtin/fireDataProviderEventAction",
      "parameters": {
        "remove": {
          "data": "{{ $variables.current.data }}",
          "keys": [
            "{{ $variables.key }}"
          ]
        },
        "target": "[[ $page.variables.WriteOffJEADP ]]"
      }
    }
  },
  "variables": {
    "key": {
      "required": true,
      "type": "any",
      "input": "fromCaller"
    },
    "index": {
      "required": true,
      "type": "number",
      "input": "fromCaller"
    },
    "current": {
      "required": true,
      "type": "any",
      "input": "fromCaller"
    }
  }
}