{
  "description": "",
  "root": "fireDataProviderEventWriteOffJEADP",
  "actions": {
    "fireDataProviderEventWriteOffJEADP": {
      "module": "vb/action/builtin/fireDataProviderEventAction",
      "parameters": {
        "target": "[[ $page.variables.WriteOffJEADP ]]",
        "add": {
          "data": "{{ $page.variables.writeOffAddRow }}",
          "keys": "{{ $variables.key }}"
        }
      },
      "outcomes": {
        "success": "callFunctionSumofWriteOffJeBal"
      }
    },
    "resetVariablesWriteOffAddRow": {
      "module": "vb/action/builtin/resetVariablesAction",
      "parameters": {
        "variables": [
          "$page.variables.writeOffAddRow"
        ]
      }
    },
    "callFunctionSumofWriteOffJeBal": {
      "module": "vb/action/builtin/callModuleFunctionAction",
      "parameters": {
        "module": "[[ $functions ]]",
        "functionName": "sumofWriteOffJeBal",
        "params": [
          "{{ $page.variables.WriteOffJEADP.data }}",
          "{{ $page.variables.DashboardObjType.selectedtotal }}"
        ]
      },
      "outcomes": {
        "success": "assignVariablesWriteOffJEDashboard"
      }
    },
    "assignVariablesWriteOffJEDashboard": {
      "module": "vb/action/builtin/assignVariablesAction",
      "parameters": {
        "$page.variables.WriteOffJEDashboard": {
          "source": {
            "balance": "{{ $chain.results.callFunctionSumofWriteOffJeBal }}"
          },
          "reset": "none",
          "auto": "always"
        }
      },
      "outcomes": {
        "success": "resetVariablesWriteOffAddRow"
      }
    }
  },
  "variables": {
    "key": {
      "required": true,
      "type": "any",
      "input": "fromCaller"
    },
    "index": {
      "required": true,
      "type": "number",
      "input": "fromCaller"
    },
    "current": {
      "required": true,
      "type": "any",
      "input": "fromCaller"
    }
  }
}