{
  "description": "",
  "root": "fireDataProviderEventWriteOffJEADP",
  "actions": {
    "fireDataProviderEventWriteOffJEADP": {
      "module": "vb/action/builtin/fireDataProviderEventAction",
      "parameters": {
        "update": {
          "data": "{{ $page.variables.WriteOffCurRow }}"
        },
        "target": "[[ $page.variables.WriteOffJEADP ]]"
      },
      "outcomes": {
        "success": "callFunctionSumofWriteOffJeBal"
      }
    },
    "callFunctionSumofWriteOffJeBal": {
      "module": "vb/action/builtin/callModuleFunctionAction",
      "parameters": {
        "module": "[[ $functions ]]",
        "functionName": "sumofWriteOffJeBal",
        "params": [
          "{{ $page.variables.WriteOffJEADP.data }}",
          "{{ $page.variables.DashboardObjType.selectedtotal }}"
        ]
      },
      "outcomes": {
        "success": "assignVariablesWriteOffJEDashboard"
      }
    },
    "assignVariablesWriteOffJEDashboard": {
      "module": "vb/action/builtin/assignVariablesAction",
      "parameters": {
        "$page.variables.WriteOffJEDashboard": {
          "source": {
            "balance": "{{ $chain.results.callFunctionSumofWriteOffJeBal }}"
          },
          "reset": "none",
          "auto": "always"
        }
      }
    }
  },
  "variables": {
    "cancelEdit": {
      "required": true,
      "type": "any",
      "input": "fromCaller"
    },
    "rowKey": {
      "required": true,
      "type": "any",
      "input": "fromCaller"
    },
    "rowIndex": {
      "required": true,
      "type": "number",
      "input": "fromCaller"
    },
    "rowData": {
      "required": true,
      "type": "any",
      "input": "fromCaller"
    }
  }
}