{
    "items": [
        {
            "dist_chnl_assign_id": 38,
            "account_number": "11909251-TODAY'S SPECIA",
            "account_name": "TODAY'S SPECIAL",
            "sales_force_number": "88",
            "sales_force_name": "Taylor",
            "owner": "HB",
            "reporting_group": "01",
            "category_1": null,
            "category_2": null,
            "bisac": null,
            "bisac_description": null,
            "distribution_channel": "Taylor88",
            "dist_channel_description": "Taylor Books",
            "notes": null,
            "entered_by": "freis@pelotongroup.com",
            "entered_date": "2023-03-06T14:30:06Z",
            "updated_by": "freis@pelotongroup.com",
            "updated_date": "2023-03-06T14:30:06Z",
            "start_date": "2023-03-06",
            "end_date": null,
            "dist_channel_id": null
        },
        {
            "dist_chnl_assign_id": 37,
            "account_number": "12224132-BARNES & NOBLE INC",
            "account_name": "BARNES & NOBLE INC",
            "sales_force_number": "97",
            "sales_force_name": "Test 97",
            "owner": "HB",
            "reporting_group": "01",
            "category_1": "07",
            "category_2": "01",
            "bisac": "JUV017010",
            "bisac_description": "JUVENILE FICTION / Holidays & Celebrations / Christmas & Advent",
            "distribution_channel": "TAYTEST",
            "dist_channel_description": "Taylor Te",
            "notes": null,
            "entered_by": "thastings@pelotongroup.com",
            "entered_date": "2023-03-03T19:51:18Z",
            "updated_by": "thastings@pelotongroup.com",
            "updated_date": "2023-03-03T19:51:18Z",
            "start_date": "2023-03-03",
            "end_date": null,
            "dist_channel_id": null
        },
        {
            "dist_chnl_assign_id": 36,
            "account_number": "14609111-MORGAN STANLEY",
            "account_name": "MORGAN STANLEY WEALTH",
            "sales_force_number": "MR-14",
            "sales_force_name": "MR-14",
            "owner": "AB",
            "reporting_group": "58",
            "category_1": "01",
            "category_2": "01",
            "bisac": "ART006000",
            "bisac_description": "ART / Collections, Catalogs, Exhibitions / General",
            "distribution_channel": "MR-14",
            "dist_channel_description": "MR-14",
            "notes": "MR-142",
            "entered_by": "freis@pelotongroup.com",
            "entered_date": "2023-03-02T10:44:15Z",
            "updated_by": "freis@pelotongroup.com",
            "updated_date": "2023-03-02T10:44:30Z",
            "start_date": "2023-03-02",
            "end_date": "2023-03-28",
            "dist_channel_id": 1024
        },
        {
            "dist_chnl_assign_id": 35,
            "account_number": "Walch Book - 12345",
            "account_name": "Walch Book",
            "sales_force_number": "01",
            "sales_force_name": "HBG ID/WHL SALES",
            "owner": "HB",
            "reporting_group": "01",
            "category_1": null,
            "category_2": null,
            "bisac": null,
            "bisac_description": null,
            "distribution_channel": "TAYLORTEST4",
            "dist_channel_description": "TAYLORTEST4",
            "notes": null,
            "entered_by": "freis@pelotongroup.com",
            "entered_date": "2023-03-01T13:48:32Z",
            "updated_by": "freis@pelotongroup.com",
            "updated_date": "2023-03-01T13:48:32Z",
            "start_date": "2023-03-01",
            "end_date": null,
            "dist_channel_id": null
        },
        {
            "dist_chnl_assign_id": 34,
            "account_number": "Walch Book - 12345",
            "account_name": "Walch Book",
            "sales_force_number": "01",
            "sales_force_name": "HBG ID/WHL SALES",
            "owner": "HB",
            "reporting_group": "01",
            "category_1": "07",
            "category_2": "01",
            "bisac": null,
            "bisac_description": null,
            "distribution_channel": "TAYLORTEST5",
            "dist_channel_description": "TAYLORTEST5",
            "notes": null,
            "entered_by": "freis@pelotongroup.com",
            "entered_date": "2023-03-01T12:15:58Z",
            "updated_by": "freis@pelotongroup.com",
            "updated_date": "2023-03-01T12:15:58Z",
            "start_date": "2023-01-02",
            "end_date": null,
            "dist_channel_id": null
        },
        {
            "dist_chnl_assign_id": 33,
            "account_number": "10802802-POLITICS & PRO",
            "account_name": "POLITICS & PROSE BKSTORE",
            "sales_force_number": "TTEST1",
            "sales_force_name": "TTEST1",
            "owner": "AB",
            "reporting_group": "58",
            "category_1": "01",
            "category_2": "01",
            "bisac": "ART006020",
            "bisac_description": "ART / Collections, Catalogs, Exhibitions / Permanent Collections",
            "distribution_channel": "TTEST1",
            "dist_channel_description": "TTEST1",
            "notes": null,
            "entered_by": "thastings@pelotongroup.com",
            "entered_date": "2023-02-28T16:26:12Z",
            "updated_by": "thastings@pelotongroup.com",
            "updated_date": "2023-02-28T16:26:12Z",
            "start_date": "2023-02-28",
            "end_date": null,
            "dist_channel_id": null
        },
        {
            "dist_chnl_assign_id": 32,
            "account_number": "14900052-SIERRA TRADING",
            "account_name": "SIERRA TRADING POST",
            "sales_force_number": "01",
            "sales_force_name": "HBG ID/WHL SALES",
            "owner": "HB",
            "reporting_group": "01",
            "category_1": "03",
            "category_2": null,
            "bisac": null,
            "bisac_description": null,
            "distribution_channel": "TAYLORTEST4",
            "dist_channel_description": "TAYLORTEST4",
            "notes": null,
            "entered_by": "thastings@pelotongroup.com",
            "entered_date": "2023-02-27T18:43:55Z",
            "updated_by": "thastings@pelotongroup.com",
            "updated_date": "2023-02-28T15:31:34Z",
            "start_date": "2023-02-27",
            "end_date": null,
            "dist_channel_id": 1021
        },
        {
            "dist_chnl_assign_id": 31,
            "account_number": "12016791-TJ Maxx Zone 1",
            "account_name": "TJ Maxx Zone 1",
            "sales_force_number": "01",
            "sales_force_name": "HBG ID/WHL SALES",
            "owner": "HB",
            "reporting_group": "01",
            "category_1": null,
            "category_2": null,
            "bisac": null,
            "bisac_description": null,
            "distribution_channel": "TAYLORTEST5",
            "dist_channel_description": "TAYLORTEST5",
            "notes": null,
            "entered_by": "thastings@pelotongroup.com",
            "entered_date": "2023-02-27T18:41:39Z",
            "updated_by": "thastings@pelotongroup.com",
            "updated_date": "2023-02-27T18:42:23Z",
            "start_date": "2023-02-27",
            "end_date": "2023-03-23",
            "dist_channel_id": 1022
        },
        {
            "dist_chnl_assign_id": 30,
            "account_number": "12011326-H G BUYING INC",
            "account_name": "H G BUYING INC",
            "sales_force_number": "01",
            "sales_force_name": "HBG ID/WHL SALES",
            "owner": "HB",
            "reporting_group": "01",
            "category_1": null,
            "category_2": null,
            "bisac": null,
            "bisac_description": null,
            "distribution_channel": "TAYLORTEST5",
            "dist_channel_description": "TAYLORTEST5",
            "notes": null,
            "entered_by": "thastings@pelotongroup.com",
            "entered_date": "2023-02-27T18:37:14Z",
            "updated_by": "thastings@pelotongroup.com",
            "updated_date": "2023-02-27T18:37:14Z",
            "start_date": "0027-02-23",
            "end_date": null,
            "dist_channel_id": null
        },
        {
            "dist_chnl_assign_id": 29,
            "account_number": "12006009-TJ MAXX",
            "account_name": "TJ MAXX",
            "sales_force_number": "09",
            "sales_force_name": "Taylor Test",
            "owner": "HB",
            "reporting_group": "01",
            "category_1": null,
            "category_2": null,
            "bisac": null,
            "bisac_description": null,
            "distribution_channel": "TAYLORTEST5",
            "dist_channel_description": "TAYLORTEST5",
            "notes": null,
            "entered_by": "thastings@pelotongroup.com",
            "entered_date": "2023-02-27T18:29:22Z",
            "updated_by": "thastings@pelotongroup.com",
            "updated_date": "2023-02-27T18:29:22Z",
            "start_date": "0027-02-23",
            "end_date": null,
            "dist_channel_id": null
        },
        {
            "dist_chnl_assign_id": 28,
            "account_number": "12006009-TJ MAXX",
            "account_name": "TJ MAXX",
            "sales_force_number": "TaylorTest1",
            "sales_force_name": "TaylorTest1",
            "owner": "HB",
            "reporting_group": "01",
            "category_1": null,
            "category_2": null,
            "bisac": null,
            "bisac_description": null,
            "distribution_channel": "TAYLORTEST5",
            "dist_channel_description": "TAYLORTEST5",
            "notes": null,
            "entered_by": "thastings@pelotongroup.com",
            "entered_date": "2023-02-27T18:28:54Z",
            "updated_by": "thastings@pelotongroup.com",
            "updated_date": "2023-02-27T18:28:54Z",
            "start_date": "0027-02-23",
            "end_date": null,
            "dist_channel_id": null
        },
        {
            "dist_chnl_assign_id": 27,
            "account_number": "12006009-TJ MAXX",
            "account_name": "TJ MAXX",
            "sales_force_number": "TaylorTest5",
            "sales_force_name": "TaylorTest5",
            "owner": "AN",
            "reporting_group": "59",
            "category_1": "01",
            "category_2": "01",
            "bisac": "ART002000",
            "bisac_description": "ART / Techniques / Airbrush",
            "distribution_channel": "TAYLORTEST5",
            "dist_channel_description": "TAYLORTEST5",
            "notes": null,
            "entered_by": "thastings@pelotongroup.com",
            "entered_date": "2023-02-27T18:10:05Z",
            "updated_by": "thastings@pelotongroup.com",
            "updated_date": "2023-02-27T18:10:05Z",
            "start_date": "0027-02-23",
            "end_date": null,
            "dist_channel_id": null
        },
        {
            "dist_chnl_assign_id": 26,
            "account_number": "14001041-SCOTT LUKEN SC",
            "account_name": "SCOTT LUKEN SCULPTURE",
            "sales_force_number": "01",
            "sales_force_name": "HBG ID/WHL SALES",
            "owner": null,
            "reporting_group": null,
            "category_1": null,
            "category_2": null,
            "bisac": null,
            "bisac_description": null,
            "distribution_channel": "MR-DIST1",
            "dist_channel_description": "MR-DIST1 DES",
            "notes": null,
            "entered_by": "thastings@pelotongroup.com",
            "entered_date": "2023-02-24T19:52:21Z",
            "updated_by": "thastings@pelotongroup.com",
            "updated_date": "2023-02-24T19:52:21Z",
            "start_date": "0024-02-23",
            "end_date": null,
            "dist_channel_id": null
        },
        {
            "dist_chnl_assign_id": 25,
            "account_number": "14001028-MASTER GARDNER",
            "account_name": "MASTER GARDNERS OF SD",
            "sales_force_number": "01",
            "sales_force_name": "HBG ID/WHL SALES",
            "owner": "HB",
            "reporting_group": "11",
            "category_1": "02",
            "category_2": "03",
            "bisac": "ART000000",
            "bisac_description": "ART / General",
            "distribution_channel": "MR-DIST1",
            "dist_channel_description": "MR-DIST1 DES",
            "notes": null,
            "entered_by": "thastings@pelotongroup.com",
            "entered_date": "2023-02-24T19:49:52Z",
            "updated_by": "thastings@pelotongroup.com",
            "updated_date": "2023-02-24T19:49:52Z",
            "start_date": "0024-02-23",
            "end_date": null,
            "dist_channel_id": null
        },
        {
            "dist_chnl_assign_id": 24,
            "account_number": "12009229-MARSHALLS",
            "account_name": "MARSHALLS",
            "sales_force_number": "01",
            "sales_force_name": "HBG ID/WHL SALES",
            "owner": "GA",
            "reporting_group": null,
            "category_1": null,
            "category_2": null,
            "bisac": null,
            "bisac_description": null,
            "distribution_channel": "TAYTEST",
            "dist_channel_description": "Taylor Te",
            "notes": null,
            "entered_by": "thastings@pelotongroup.com",
            "entered_date": "0021-02-20T00:00:00Z",
            "updated_by": "freis@pelotongroup.com",
            "updated_date": "2023-02-24T08:19:59Z",
            "start_date": "2023-02-23",
            "end_date": "2023-02-25",
            "dist_channel_id": 1018
        },
        {
            "dist_chnl_assign_id": 23,
            "account_number": "14605017-AMAZON.COM",
            "account_name": "AMAZON.COM",
            "sales_force_number": "MR-SF1",
            "sales_force_name": "MR-SF1",
            "owner": "AB",
            "reporting_group": "58",
            "category_1": null,
            "category_2": null,
            "bisac": "ART000000",
            "bisac_description": "ART / General",
            "distribution_channel": "MR-DIST1",
            "dist_channel_description": "MR-DIST1 DESC",
            "notes": "MR-ASSIGN DIST1",
            "entered_by": "freis@pelotongroup.com",
            "entered_date": "0020-02-21T00:00:00Z",
            "updated_by": "freis@pelotongroup.com",
            "updated_date": "2023-02-20T12:40:27Z",
            "start_date": "2023-02-22",
            "end_date": "2023-02-24",
            "dist_channel_id": 1017
        }
    ],
    "hasMore": false,
    "limit": 10000,
    "offset": 0,
    "count": 16,
    "links": [
        {
            "rel": "self",
            "href": "https://10.2.0.169:8081/ords/hbg_integration/salesCredit/AssignDistribution"
        },
        {
            "rel": "edit",
            "href": "https://10.2.0.169:8081/ords/hbg_integration/salesCredit/AssignDistribution"
        },
        {
            "rel": "describedby",
            "href": "https://10.2.0.169:8081/ords/hbg_integration/metadata-catalog/salesCredit/item"
        },
        {
            "rel": "first",
            "href": "https://10.2.0.169:8081/ords/hbg_integration/salesCredit/AssignDistribution"
        }
    ]
}