{
    "items": [
        {
            "state": "NC"
        },
        {
            "state": "NM"
        },
        {
            "state": "ND"
        },
        {
            "state": "UT"
        },
        {
            "state": "RI"
        },
        {
            "state": "WA"
        },
        {
            "state": "AS"
        },
        {
            "state": "CT"
        },
        {
            "state": "TN"
        },
        {
            "state": "GU"
        },
        {
            "state": "MO"
        },
        {
            "state": "FL"
        },
        {
            "state": "MN"
        },
        {
            "state": "MD"
        },
        {
            "state": "FM"
        },
        {
            "state": "AR"
        },
        {
            "state": "NV"
        },
        {
            "state": "MS"
        },
        {
            "state": "CO"
        },
        {
            "state": "AZ"
        },
        {
            "state": "OH"
        },
        {
            "state": "ID"
        },
        {
            "state": "MT"
        },
        {
            "state": "MA"
        },
        {
            "state": "PA"
        },
        {
            "state": "VI"
        },
        {
            "state": "KY"
        },
        {
            "state": "MI"
        },
        {
            "state": "ME"
        },
        {
            "state": "DE"
        },
        {
            "state": "VA"
        },
        {
            "state": "PR"
        },
        {
            "state": "NH"
        },
        {
            "state": "AK"
        },
        {
            "state": "SC"
        },
        {
            "state": "DC"
        },
        {
            "state": "PW"
        },
        {
            "state": "AL"
        },
        {
            "state": "HI"
        },
        {
            "state": "IL"
        },
        {
            "state": "VT"
        },
        {
            "state": "NE"
        },
        {
            "state": "SD"
        },
        {
            "state": "NY"
        },
        {
            "state": "KS"
        },
        {
            "state": "MP"
        },
        {
            "state": "OR"
        },
        {
            "state": "WY"
        },
        {
            "state": "WV"
        },
        {
            "state": "IN"
        },
        {
            "state": "TX"
        },
        {
            "state": "GA"
        },
        {
            "state": "WI"
        },
        {
            "state": "CA"
        },
        {
            "state": "LA"
        },
        {
            "state": "NJ"
        },
        {
            "state": "OK"
        },
        {
            "state": "IA"
        },
        {
            "state": "MH"
        }
    ],
    "hasMore": false,
    "limit": 10000,
    "offset": 0,
    "count": 59,
    "links": [
        {
            "rel": "self",
            "href": "https://10.2.0.169:8081/ords/hbg_integration/AutomaticHolds/getStateInfo?P_ORG_NUMBER=1"
        },
        {
            "rel": "describedby",
            "href": "https://10.2.0.169:8081/ords/hbg_integration/metadata-catalog/AutomaticHolds/item"
        },
        {
            "rel": "first",
            "href": "https://10.2.0.169:8081/ords/hbg_integration/AutomaticHolds/getStateInfo?P_ORG_NUMBER=1&limit=10000"
        }
    ]
}