{
    "items": [
        {
            "client_id": 2,
            "owner": "MR",
            "owner_description": "MR_TEST",
            "account_type": "SAVING",
            "account_type_description": "SAVING_TYPE",
            "discount": 2,
            "lookup1": "MR1",
            "lookup2": "MR2",
            "lookup3": "MR3",
            "customer_since": null,
            "last_activity": null,
            "created_by": null,
            "last_updated_by": null,
            "created_date": null,
            "last_updated_date": null,
            "lasted_updated": null
        }
    ],
    "hasMore": false,
    "limit": 100,
    "offset": 0,
    "count": 1,
    "links": [
        {
            "rel": "self",
            "href": "https://10.2.0.169:8081/ords/hbg_integration/salesCredit/getClientinfo"
        },
        {
            "rel": "describedby",
            "href": "https://10.2.0.169:8081/ords/hbg_integration/metadata-catalog/salesCredit/item"
        },
        {
            "rel": "first",
            "href": "https://10.2.0.169:8081/ords/hbg_integration/salesCredit/getClientinfo"
        }
    ]
}