{
  "root": "switchSelectedNavigation",
  "description": "",
  "actions": {
    "switchSelectedNavigation": {
      "module": "vb/action/builtin/switchAction",
      "parameters": {
        "caseValue": "[[ $application.variables.SelectedNavigation ]]",
        "possibleValues": [
          "main",
          "accounts",
          "distribution",
          "assignAcntType"          ,
          "child2"          ,
          "child1"
        ]
      },
      "outcomes": {
        "main": "navigateToMainStart",
        "accounts": "navigateToAccounts",
        "distribution": "navigateToDistribution",
        "assignAcntType": "navigateToAssignaccounttype",
        "child2": "navigateToDefaultunassignsales",
        "child1": "navigateToDistributionDefaultdistribution"
      }
    },
    "navigateToMainStart": {
      "module": "vb/action/builtin/navigateAction",
      "parameters": {
        "page": "/shell/main/main-start"
      }
    },
    "navigateToAccounts": {
      "module": "vb/action/builtin/navigateAction",
      "parameters": {
        "page": "/shell/accounts"
      }
    },
    "navigateToDistribution": {
      "module": "vb/action/builtin/navigateAction",
      "parameters": {
        "page": "/shell/distribution"
      }
    },
    "navigateToAssignaccounttype": {
      "module": "vb/action/builtin/navigateAction",
      "parameters": {
        "page": "/shell/accounts/account-assignaccounttype"
      }
    },
    "navigateToDefaultunassignsales": {
      "module": "vb/action/builtin/navigateAction",
      "parameters": {
        "page": "/shell/accounts/account-defaultunassignsales"
      }
    },
    "navigateToDistributionDefaultdistribution": {
      "module": "vb/action/builtin/navigateAction",
      "parameters": {
        "page": "/shell/distribution/distribution-defaultdistribution"
      }
    }
  }
}