{
    "items": [
        {
            "lookup_type": "HBG_REPORTING_GROUP",
            "lookup_code": "PD79",
            "meaning": "Paula Deen Ventures",
            "description": "79",
            "enabled_flag": "Y",
            "display_sequence": 38,
            "created_by": "thastings@pelotongroup.com",
            "creation_date": "2022-11-21T21:33:15Z",
            "last_updated_by": "thastings@pelotongroup.com",
            "last_update_date": "2022-11-21T21:33:15Z",
            "tag": "PD",
            "status": "N",
            "status_message": null,
            "oic_run_id": 20221123
        }
    ],
    "hasMore": false,
    "limit": 10000,
    "offset": 0,
    "count": 1,
    "links": [
        {
            "rel": "self",
            "href": "https://10.2.0.169:8081/ords/hbg_integration/DistributionTitleRights/getLookupValuesDetails?P_LOOKUP_CODE=PD79&P_LOOKUP_TYPE=HBG_REPORTING_GROUP"
        },
        {
            "rel": "describedby",
            "href": "https://10.2.0.169:8081/ords/hbg_integration/metadata-catalog/DistributionTitleRights/item"
        },
        {
            "rel": "first",
            "href": "https://10.2.0.169:8081/ords/hbg_integration/DistributionTitleRights/getLookupValuesDetails?P_LOOKUP_CODE=PD79&P_LOOKUP_TYPE=HBG_REPORTING_GROUP&limit=10000"
        }
    ]
}