{
    "items": [
        {
            "category2_code": "65",
            "category2_name": "Special Editions",
            "category2_id": 5217247849
        }
    ],
    "hasMore": false,
    "limit": 25,
    "offset": 0,
    "count": 1,
    "links": [
        {
            "rel": "self",
            "href": "https://10.2.0.169:8081/ords/hbg_integration/Common/getcat2NameByCode?P_CATEGORY1_ID=3163550187&P_CATEGORY2_CODE=65"
        },
        {
            "rel": "describedby",
            "href": "https://10.2.0.169:8081/ords/hbg_integration/metadata-catalog/Common/item"
        },
        {
            "rel": "first",
            "href": "https://10.2.0.169:8081/ords/hbg_integration/Common/getcat2NameByCode?P_CATEGORY1_ID=3163550187&P_CATEGORY2_CODE=65"
        }
    ]
}