{
  "id": "distrights",
  "description": "Flow main",
  "defaultPage": "distrights-start",
  "services": {},
  "types": {
    "@decorators.getAccountNumbersLOV": {
      "endpoint": "getDistributionTitleRightsGetCustomerInfo2",
      "service": "ordsHbg_integration",
      "path": "response"
    },
    "@decorators.getCountriesList": {
      "endpoint": "getDistributionTitleRightsGetCountriesList",
      "service": "ordsHbg_integration",
      "path": "response"
    },
    "@decorators.getCountryGroupListInfo": {
      "endpoint": "getDistributionTitleRightsGetCountryGroupList",
      "service": "ordsHbg_integration",
      "path": "response"
    },
    "@decorators.getDistributionRules": {
      "endpoint": "getDistributionTitleRightsDistirbutionRules",
      "service": "ordsHbg_integration",
      "path": "response"
    },
    "@decorators.getLookupValuesInfo": {
      "endpoint": "getDistributionTitleRightsGetLookupValuesInfo",
      "service": "ordsHbg_integration",
      "path": "response"
    },
    "@decorators.getValueSetsInfo": {
      "endpoint": "getDistributionTitleRightsGetValueSetsInfo",
      "service": "ordsHbg_integration",
      "path": "response"
    },
    "getAccountNumbersLOV": {
      "account_name": "string",
    
          "account_number": "string",
          "cust_account_id": "number"
      
    },
    "getCountriesList": {
      "concat_country_code": "string",
      
          "country_code": "string",
          "country_id": "number",
          "country_name": "string"
    
    },
    "getCountryGroupListInfo": {
    
          "comments": "any",
          "country_group_code": "string",
          "country_group_id": "number",
          "country_group_name": "string",
          "created_by": "any",
          "creation_date": "any",
          "enabled_flag": "string",
          "last_update_date": "any",
          "last_updated_by": "any"
    
    },
    "getDistributionRules": {
     
          "account_number": "any",
          "account_type": "string",
          "category_1": "string",
          "category_1_description": "string",
          "category_2": "string",
          "category_2_description": "string",
          "comments": "string",
          "country_code": "string",
          "country_group": "string",
      "country_name": "string",
      "created_by": "string",
          "creation_date": "any",
          "default_account_type": "string",
      "distribution_right_id": "any",
      "edition": "any",
          "end_date": "any",
          "format": "string",
          "format_description": "string",
          "from_pub_date": "any",
          "group_rule": "string",
          "item_number": "string",
          "last_update_date": "any",
          "last_updated_by": "string",
          "outcome": "string",
          "owner": "string",
          "owner_description": "string",
          "precedence_level": "string",
      "reporting_group": "string",
      "reporting_group_description": "string",
      "short_author": "string",
          "short_title": "string",
          "start_date": "any",
          "subformat": "string",
          "subformat_description": "string",
          "to_pub_date": "any"
    
    },
    "getLookupValuesInfo": {
    
          "created_by": "string",
          "creation_date": "string",
          "description": "string",
          "display_sequence": "number",
          "enabled_flag": "string",
          "last_update_date": "string",
          "last_updated_by": "string",
          "lookup_code": "string",
          "lookup_type": "string",
          "meaning": "string",
      "tag": "string"
      
    },
    "getValueSetsInfo": {
      
          "created_by": "string",
          "creation_date": "string",
          "description": "string",
          "enabled_flag": "string",
          "end_date_active": "any",
          "flex_value": "string",
          "last_update_date": "string",
          "last_updated_by": "string",
      "start_date_active": "any",
      "value_set_name": "string"
     
    }

  },
  "variables": {
    "CreateDistributionRulesObj": {
      "type": "getDistributionRules"
    },
    "getAccountNumbersADP": {
      "type": "vb/ArrayDataProvider2",
      "defaultValue": {
        "itemType": "getAccountNumbersLOV",
        "keyAttributes": "cust_account_id"
      }
    },
    "getCategory1ADP": {
      "type": "vb/ArrayDataProvider2",
      "defaultValue": {
        "itemType": "getLookupValuesInfo",
        "keyAttributes": "lookup_code"
      }
    },
    "getCategory1Obj": {
      "type": "getLookupValuesInfo"
    },
    "getCategory2ADP": {
      "type": "vb/ArrayDataProvider2",
      "defaultValue": {
        "itemType": "getLookupValuesInfo",
        "keyAttributes": "lookup_code"
      }
    },
    "getCategory2Obj": {
      "type": "getLookupValuesInfo"
    },
    "getCountriesListADP": {
      "type": "vb/ArrayDataProvider2",
      "defaultValue": {
        "itemType": "getCountriesList",
        "keyAttributes": "country_id"
      }
    },
    "getCountryGroupListADP": {
      "type": "vb/ArrayDataProvider2",
      "defaultValue": {
        "itemType": "getCountryGroupListInfo",
        "keyAttributes": "country_group_id"
      }
    },
    "getDistributionRightsADP": {
      "type": "vb/ArrayDataProvider2",
      "defaultValue": {
        "itemType": "getDistributionRules",
        "keyAttributes": "distribution_right_id"
      }
    },
    "getFormatListADP": {
      "type": "vb/ArrayDataProvider2",
      "defaultValue": {
        "itemType": "getValueSetsInfo",
        "keyAttributes": "flex_value"
      }
    },
    "getOwnerListADP": {
      "type": "vb/ArrayDataProvider2",
      "defaultValue": {
        "itemType": "getValueSetsInfo",
        "keyAttributes": "flex_value"
      }
    },
    "getReportingGroupADP": {
      "type": "vb/ArrayDataProvider2",
      "defaultValue": {
        "itemType": "getLookupValuesInfo",
        "keyAttributes": "lookup_code"
      }
    },
    "getReportingGroupObj": {
      "type": "getLookupValuesInfo"
    },
    "getSubFormatListADP": {
      "type": "vb/ArrayDataProvider2",
      "defaultValue": {
        "itemType": "getValueSetsInfo",
        "keyAttributes": "flex_value"
      }
    }

  },
  "eventListeners": {
    "vbEnter": {
      "chains": [
        {
          "parameters": {},
          "chainId": "getAllListofValues"
        }
      ]
    }
  }
}