{
    "transactions": [
        {
            "account_name": "",
            "account_number": "",
            "aging_cat": "",
            "amount": "",
            "amount_applied": "",
            "balance": "",
            "claim_number": "",
            "cust_account_id": "",
            "due_date": "",
            "edi_ack_date": "",
            "edi_remit_date": "",
            "edi_trans_date": "",
            "flag_code": "",
            "invoice_number": "",
            "invoice_po_number": "",
            "invoice_ref_number": "",
            "org_nbr": "",
            "party_id": "",
            "payment_terms": "",
            "trx_key": "",
            "tranaction_id": "",
            "new_trx_code": "",
            "new_claim_number": "",
            "gl_account_number_new": "",
            "gl_account_number": "",
            "trx_date": "",
            "transaction_class": "",
            "session_id": "",
            "submitted_by": "",
            "submission_date": ""
        }
    ]
}