{
    "items": [
        {
            "dist_channel_id": 1011,
            "distribution_channel": "01",
            "dist_channel_description": "Test Taylor",
            "owner": "HB",
            "owner_description": "Hachette Books",
            "reporting_group": "HB01",
            "reporting_group_description": "HBG Books, Inc.",
            "entered_by": null,
            "entered_date": null,
            "updated_by": null,
            "updated_date": null,
            "start_date": "0018-01-21T00:00:00Z",
            "end_date": null
        },
        {
            "dist_channel_id": 1012,
            "distribution_channel": "DIST1",
            "dist_channel_description": "DIST1",
            "owner": "GA",
            "owner_description": "Grupo Anaya",
            "reporting_group": "54",
            "reporting_group_description": "Grupo Anaya Digital",
            "entered_by": null,
            "entered_date": null,
            "updated_by": null,
            "updated_date": null,
            "start_date": "0031-01-21T00:00:00Z",
            "end_date": null
        },
        {
            "dist_channel_id": 1009,
            "distribution_channel": "DIST1",
            "dist_channel_description": "DIST1",
            "owner": "AB",
            "owner_description": "Abrams Books",
            "reporting_group": "AB58",
            "reporting_group_description": "Harry N. Abrams",
            "entered_by": null,
            "entered_date": null,
            "updated_by": null,
            "updated_date": null,
            "start_date": "0012-01-21T00:00:00Z",
            "end_date": "2023-01-24T00:00:00Z"
        },
        {
            "dist_channel_id": 1010,
            "distribution_channel": "DIST2",
            "dist_channel_description": "DIST2",
            "owner": "AB",
            "owner_description": "Abrams Books",
            "reporting_group": "AB58",
            "reporting_group_description": "Harry N. Abrams",
            "entered_by": null,
            "entered_date": null,
            "updated_by": null,
            "updated_date": null,
            "start_date": "0014-01-21T00:00:00Z",
            "end_date": "2023-01-24T00:00:00Z"
        }
    ],
    "hasMore": false,
    "limit": 100,
    "offset": 0,
    "count": 4,
    "links": [
        {
            "rel": "self",
            "href": "https://10.2.0.169:8081/ords/hbg_integration/salesCredit/DistributionChannel"
        },
        {
            "rel": "edit",
            "href": "https://10.2.0.169:8081/ords/hbg_integration/salesCredit/DistributionChannel"
        },
        {
            "rel": "describedby",
            "href": "https://10.2.0.169:8081/ords/hbg_integration/metadata-catalog/salesCredit/item"
        },
        {
            "rel": "first",
            "href": "https://10.2.0.169:8081/ords/hbg_integration/salesCredit/DistributionChannel"
        }
    ]
}