{
    "items": [
        {
            "sales_force": "MR-SF1",
            "sales_force_name": "MR-SF1",
            "sf_owner": "AB",
            "owner_name": "Abrams Books",
            "account_type": "02",
            "account_type_name": "AGENCY ACCOUNTS (ABRAMS)",
            "notes": "MR-ASSIGN1",
            "entered_by": "freis@pelotongroup.com",
            "entered_date": null,
            "updated_by": "freis@pelotongroup.com",
            "updated_date": "2023-02-20T14:32:18Z",
            "start_date": "2023-02-21",
            "end_date": "2023-02-23",
            "status": "Inactive",
            "sf_account_id": 182
        },
        {
            "sales_force": "MR-SF1",
            "sales_force_name": "MR-SF1",
            "sf_owner": "AN",
            "owner_name": "Anness Publishing",
            "account_type": "02",
            "account_type_name": "AGENCY ACCOUNTS (ABRAMS)",
            "notes": "MR-NOTES",
            "entered_by": "freis@pelotongroup.com",
            "entered_date": "2023-02-27T17:50:25Z",
            "updated_by": "freis@pelotongroup.com",
            "updated_date": "2023-02-27T17:50:25Z",
            "start_date": "0022-02-21",
            "end_date": "0023-02-21",
            "status": "Inactive",
            "sf_account_id": 183
        },
        {
            "sales_force": "01",
            "sales_force_name": "HBG ID/WHL SALES",
            "sf_owner": "HB",
            "owner_name": "Hachette Books",
            "account_type": "11",
            "account_type_name": "SUNSET WHOLESALERS (JOBBERS)",
            "notes": null,
            "entered_by": "thastings@pelotongroup.com",
            "entered_date": "2023-02-24T19:57:16Z",
            "updated_by": "thastings@pelotongroup.com",
            "updated_date": "2023-02-24T19:57:16Z",
            "start_date": "0021-02-24",
            "end_date": "0021-03-31",
            "status": "Inactive",
            "sf_account_id": 241
        },
        {
            "sales_force": "MR_Date",
            "sales_force_name": "MR_Date",
            "sf_owner": "AB",
            "owner_name": "Abrams Books",
            "account_type": "02",
            "account_type_name": "AGENCY ACCOUNTS (ABRAMS)",
            "notes": "MR_Date Check",
            "entered_by": "freis@pelotongroup.com",
            "entered_date": "2023-02-27T17:41:49Z",
            "updated_by": "freis@pelotongroup.com",
            "updated_date": "2023-02-27T17:41:49Z",
            "start_date": "0022-02-23",
            "end_date": "0028-02-23",
            "status": "Inactive",
            "sf_account_id": 263
        },
        {
            "sales_force": "MR_Date1",
            "sales_force_name": "MR_Date1",
            "sf_owner": "AB",
            "owner_name": "Abrams Books",
            "account_type": "02",
            "account_type_name": "AGENCY ACCOUNTS (ABRAMS)",
            "notes": "MR_Date format test2",
            "entered_by": "freis@pelotongroup.com",
            "entered_date": "2023-02-27T17:49:01Z",
            "updated_by": "freis@pelotongroup.com",
            "updated_date": "2023-02-27T17:49:01Z",
            "start_date": "2023-02-22",
            "end_date": "2023-02-28",
            "status": "Inactive",
            "sf_account_id": 265
        },
        {
            "sales_force": "MR-14",
            "sales_force_name": "MR-14",
            "sf_owner": "AB",
            "owner_name": "Abrams Books",
            "account_type": "03",
            "account_type_name": "SS FREE FRT RET WHOLESALER(JOBBER)(3A)",
            "notes": "MR-14",
            "entered_by": "freis@pelotongroup.com",
            "entered_date": "2023-03-02T08:20:01Z",
            "updated_by": "freis@pelotongroup.com",
            "updated_date": "2023-03-02T08:20:01Z",
            "start_date": "2023-03-02",
            "end_date": "2023-03-09",
            "status": "Inactive",
            "sf_account_id": 301
        },
        {
            "sales_force": "27",
            "sales_force_name": "Taylor Test 1",
            "sf_owner": "IK",
            "owner_name": "Innovative Kids",
            "account_type": "10",
            "account_type_name": "SUNSET RETAILERS",
            "notes": null,
            "entered_by": "thastings@pelotongroup.com",
            "entered_date": "2023-03-02T14:59:04Z",
            "updated_by": "thastings@pelotongroup.com",
            "updated_date": "2023-03-02T14:59:04Z",
            "start_date": "2023-03-02",
            "end_date": "2023-03-17",
            "status": "Inactive",
            "sf_account_id": 302
        }
    ],
    "hasMore": false,
    "limit": 0,
    "offset": 0,
    "count": 7,
    "links": [
        {
            "rel": "self",
            "href": "https://10.2.0.169:8081/ords/hbg_integration/salesCredit/getAssignAccountType?P_STATUS=Inactive"
        },
        {
            "rel": "describedby",
            "href": "https://10.2.0.169:8081/ords/hbg_integration/metadata-catalog/salesCredit/item"
        }
    ]
}