{
    "shipping_schedule_type": "Test",
    "add_items_automatically": "Y",
    "remove_items_automatically": "Y",
    "on_sale_date_editable": "Y",
    "on_sale_date_required": "Y",
    "release_date_editable": "Y",
    "release_date_required": "N",
    "release_date_subtract_from_osd": 10,
    "cutoff_date_editable": "Y",
    "cutoff_date_required": "Y",
    "cutoff_date_subtract_from_release_date": 10,
    "cleanup_release_date_editable": "Y",
    "cleanup_release_date_required": "N",
    "cleanup_release_date_subtract_from_osd": 10,
    "created_by": "SCHELLOJU",
    "last_updated_by": "SCHELLOJU"
}