{
    "items": [
        {
            "item_number": "9780759542785"
        },
        {
            "item_number": "9780316853538"
        },
        {
            "item_number": "9780316243216"
        },
        {
            "item_number": "9781580178365"
        },
        {
            "item_number": "9781523509461"
        },
        {
            "item_number": "9780761122180"
        },
        {
            "item_number": "9781603426299"
        },
        {
            "item_number": "9780762482825"
        },
        {
            "item_number": "9780316423779-PB2"
        },
        {
            "item_number": "9781541675704-COV1"
        },
        {
            "item_number": "9798885851282"
        },
        {
            "item_number": "9780316263917"
        },
        {
            "item_number": "9781668616383"
        },
        {
            "item_number": "9780446536479"
        },
        {
            "item_number": "9780786747863"
        },
        {
            "item_number": "9780316054072"
        },
        {
            "item_number": "9780316356428"
        },
        {
            "item_number": "9780316560207"
        },
        {
            "item_number": "9780762452873"
        },
        {
            "item_number": "9781455553877"
        },
        {
            "item_number": "9780316358552"
        },
        {
            "item_number": "9780738235356"
        },
        {
            "item_number": "9780881929409"
        },
        {
            "item_number": "9780306828232"
        },
        {
            "item_number": "9780445202160"
        }
    ],
    "hasMore": true,
    "limit": 25,
    "offset": 0,
    "count": 25,
    "links": [
        {
            "rel": "self",
            "href": "https://10.2.0.169:8081/ords/hbg_integration/ReservationsUI/ItemCodeLov"
        },
        {
            "rel": "describedby",
            "href": "https://10.2.0.169:8081/ords/hbg_integration/metadata-catalog/ReservationsUI/item"
        },
        {
            "rel": "first",
            "href": "https://10.2.0.169:8081/ords/hbg_integration/ReservationsUI/ItemCodeLov"
        },
        {
            "rel": "next",
            "href": "https://10.2.0.169:8081/ords/hbg_integration/ReservationsUI/ItemCodeLov?offset=25"
        }
    ]
}