{
  "description": "",
  "root": "ifValue",
  "actions": {
    "assignVariablesSalesAssignCreatObj": {
      "module": "vb/action/builtin/assignVariablesAction",
      "parameters": {
        "$page.variables.unAssignCreateObj": {
          "source": {
            "account_name": "{{ $chain.results.callRestGetSalesCreditGetAccountNamebyCustAccId.body.items[0].account_name }}",
            "cust_account_id": "{{ $chain.results.callRestGetSalesCreditGetAccountNamebyCustAccId.body.items[0].cust_account_id }}"
          },
          "reset": "none",
          "auto": "always"
        }
      },
      "outcomes": {
        "success": "runInParallel"
      }
    },
    "runInParallel": {
      "module": "vb/action/builtin/forkAction",
      "parameters": {
        "actions": {

          "callRest2": "callRestGetSalesCreditGetBillandShipInfo2",
          "callRestGetSalesCreditGetBillandShipInfo": "callRestGetSalesCreditGetBillandShipInfo"
        }
      }
    },
    "fireNotification": {
      "module": "vb/action/builtin/fireNotificationEventAction",
      "parameters": {
        "target": "leaf",
        "summary": "[[ $chain.results.callRestGetSalesCreditGetBillandShipInfo.message.summary ]]",
        "type": "error",
        "displayMode": "persist"
      }
    },
    "fireNotification2": {
      "module": "vb/action/builtin/fireNotificationEventAction",
      "parameters": {
        "target": "leaf",
        "summary": "[[ $chain.results.callRestGetSalesCreditGetBillandShipInfo2.message.summary ]]",
        "type": "error",
        "displayMode": "persist"
      }
    },
    "callRestGetSalesCreditGetBillandShipInfo": {
      "module": "vb/action/builtin/restAction",
      "parameters": {
        "endpoint": "devOrds/getSalesCreditGetBillandShipInfo",
        "uriParams": {
          "USECODE": "SHIP_TO",
          "CUST_ACCOUNT_ID": "{{ $page.variables.unAssignCreateObj.cust_account_id }}"
        }
      },
      "outcomes": {
        "failure": "fireNotification",
        "success": "assignVariablesSalesAssignCreatObj3"
      }
    },
    "callRestGetSalesCreditGetBillandShipInfo2": {
      "module": "vb/action/builtin/restAction",
      "parameters": {
        "endpoint": "devOrds/getSalesCreditGetBillandShipInfo",
        "uriParams": {
          "USECODE": "BILL_TO",
          "CUST_ACCOUNT_ID": "{{ $page.variables.unAssignCreateObj.cust_account_id }}"
        }
      },
      "outcomes": {
        "failure": "fireNotification2",
        "success": "assignVariablesSalesAssignCreatObj4"
      }
    },
    "assignVariablesSalesAssignCreatObj3": {
      "module": "vb/action/builtin/assignVariablesAction",
      "parameters": {
        "$page.variables.unAssignCreateObj": {
          "source": {
            "ship_to_state": "{{ $chain.results.callRestGetSalesCreditGetBillandShipInfo.body.items[0].state }}",
            "ship_to_country": "{{ $chain.results.callRestGetSalesCreditGetBillandShipInfo.body.items[0].country }}"
          },
          "reset": "none",
          "auto": "always"
        }
      }
    },
    "callRestGetSalesCreditGetAccountNamebyCustAccId": {
      "module": "vb/action/builtin/restAction",
      "parameters": {
        "endpoint": "devOrds/getSalesCreditGetAccountNamebyCustAccId",
        "uriParams": {
          "p_account_number": "{{ $variables.value }}"
        }
      },
      "outcomes": {

        "success": "assignVariablesSalesAssignCreatObj"
      }
    },
    "ifValue": {
      "module": "vb/action/builtin/ifAction",
      "parameters": {
        "condition": "[[ !$variables.value ]]"
      },
      "outcomes": {
        "true": "resetVariablesUnAssignCreateObj",
        "false": "callRestGetSalesCreditGetAccountNamebyCustAccId"
      }
    },
    "assignVariablesSalesAssignCreatObj4": {
      "module": "vb/action/builtin/assignVariablesAction",
      "parameters": {
        "$page.variables.unAssignCreateObj": {
          "source": {
            "bill_to_country": "{{ $chain.results.callRestGetSalesCreditGetBillandShipInfo2.body.items[0].country }}",
            "bill_to_state": "{{ $chain.results.callRestGetSalesCreditGetBillandShipInfo2.body.items[0].state }}"
          },
          "reset": "none",
          "auto": "always"
        }
      }
    },
    "resetVariablesUnAssignCreateObj": {
      "module": "vb/action/builtin/resetVariablesAction",
      "parameters": {
        "variables": [
          "$page.variables.unAssignCreateObj.account_name",
          "$page.variables.unAssignCreateObj.ship_to_country",
          "$page.variables.unAssignCreateObj.ship_to_state",
          "$page.variables.unAssignCreateObj.bill_to_state",
          "$page.variables.unAssignCreateObj.bill_to_country",
          "$page.variables.unAssignCreateObj.final_destination_country"
        ]
      }
    }
  },
  "variables": {
    "value": {
      "required": true,
      "type": "any",
      "input": "fromCaller"
    }
  }
}