{
  "description": "",
  "root": "if",
  "actions": {
    "assignVariablesSalesAssignCreatObj": {
      "module": "vb/action/builtin/assignVariablesAction",
      "parameters": {
        "$page.variables.unAssignRowData": {
          "source": {
            "account_name": "{{ $chain.results.callRestGetSalesCreditGetAccountNamebyCustAccId.body.items[0].account_name }}",
            "cust_account_id": "{{ $chain.results.callRestGetSalesCreditGetAccountNamebyCustAccId.body.items[0].cust_account_id }}"
          },
          "reset": "none",
          "auto": "always"
        }
      },
      "outcomes": {
        "success": "runInParallel"
      }
    },
    "runInParallel": {
      "module": "vb/action/builtin/forkAction",
      "parameters": {
        "actions": {

          "callRest2": "callRestGetSalesCreditGetBillandShipInfo2",
          "callRestGetSalesCreditGetBillandShipInfo": "callRestGetSalesCreditGetBillandShipInfo"
        }
      },
      "outcomes": {
        "join": "resetVariablesRowAccount"
      }
    },
    "callRestGetSalesCreditGetBillandShipInfo": {
      "module": "vb/action/builtin/restAction",
      "parameters": {
        "endpoint": "devOrds/getSalesCreditGetBillandShipInfo",
        "uriParams": {
          "USECODE": "SHIP_TO",
          "CUST_ACCOUNT_ID": "{{ $page.variables.unAssignRowData.cust_account_id ? $page.variables.unAssignRowData.cust_account_id : \"\" }}"
        }
      },
      "outcomes": {

        "success": "assignVariablesSalesAssignCreatObj3"
      }
    },
    "callRestGetSalesCreditGetBillandShipInfo2": {
      "module": "vb/action/builtin/restAction",
      "parameters": {
        "endpoint": "devOrds/getSalesCreditGetBillandShipInfo",
        "uriParams": {
          "USECODE": "BILL_TO",
          "CUST_ACCOUNT_ID": "{{ $page.variables.unAssignRowData.cust_account_id ? $page.variables.unAssignRowData.cust_account_id : \"\" }}"
        }
      },
      "outcomes": {

        "success": "assignVariablesSalesAssignCreatObj4"
      }
    },
    "assignVariablesSalesAssignCreatObj3": {
      "module": "vb/action/builtin/assignVariablesAction",
      "parameters": {
        "$page.variables.unAssignRowData": {
          "source": {
            "ship_to_state": "{{ $chain.results.callRestGetSalesCreditGetBillandShipInfo.body.items[0].state }}",
            "ship_to_country": "{{ $chain.results.callRestGetSalesCreditGetBillandShipInfo.body.items[0].country }}"
          },
          "reset": "none",
          "auto": "always"
        }
      }
    },
    "callRestGetSalesCreditGetAccountNamebyCustAccId": {
      "module": "vb/action/builtin/restAction",
      "parameters": {
        "endpoint": "devOrds/getSalesCreditGetAccountNamebyCustAccId",
        "uriParams": {
          "p_account_number": "{{ $variables.value }}"
        }
      },
      "outcomes": {

        "success": "assignVariablesSalesAssignCreatObj"
      }
    },
    "assignVariablesSalesAssignCreatObj4": {
      "module": "vb/action/builtin/assignVariablesAction",
      "parameters": {
        "$page.variables.unAssignRowData": {
          "source": {
            "bill_to_country": "{{ $chain.results.callRestGetSalesCreditGetBillandShipInfo2.body.items[0].country }}",
            "bill_to_state": "{{ $chain.results.callRestGetSalesCreditGetBillandShipInfo2.body.items[0].state }}"
          },
          "reset": "none",
          "auto": "always"
        }
      }
    },
    "resetVariablesUnAssignCreateObj": {
      "module": "vb/action/builtin/resetVariablesAction",
      "parameters": {
        "variables": [
          "$page.variables.unAssignRowData.account_name",
          "$page.variables.unAssignRowData.ship_to_country",
          "$page.variables.unAssignRowData.ship_to_state",
          "$page.variables.unAssignRowData.bill_to_state",
          "$page.variables.unAssignRowData.bill_to_country",
          "$page.variables.unAssignRowData.final_destination_country"
        ]
      },
      "outcomes": {
        "success": "callRestGetSalesCreditGetAccountNamebyCustAccId"
      }
    },
    "if": {
      "module": "vb/action/builtin/ifAction",
      "parameters": {
        "condition": "[[ $variables.value !== $page.variables.RowAccount && ($variables.value !== \"\" && $variables.value !== null && typeof $variables.value !== \"undefined\") ]]"
      },
      "outcomes": {
        "true": "resetVariablesUnAssignCreateObj"
      }
    },
    "resetVariablesRowAccount": {
      "module": "vb/action/builtin/resetVariablesAction",
      "parameters": {
        "variables": [
          "$page.variables.RowAccount"
        ]
      }
    }
  },
  "variables": {
    "value": {
      "required": true,
      "type": "any",
      "input": "fromCaller"
    }
  }
}