{
  "description": "",
  "root": "if",
  "actions": {
    "assignVariablesSalesAssignRow": {
      "module": "vb/action/builtin/assignVariablesAction",
      "parameters": {
        "$page.variables.unAssignRowData": {
          "source": {
            "sf_div_id": "{{ $variables.data.sf_div_id }}",
            "division_name": "{{ $variables.data.division_name }}"
          },
          "reset": "none",
          "auto": "always"
        }
      },
      "outcomes": {
        "success": "callRestGetSalesCreditTeritoryTableCol2"
      }
    },
    "resetVariablesSalesAssignRow": {
      "module": "vb/action/builtin/resetVariablesAction",
      "parameters": {
        "variables": [
          "$page.variables.unAssignRowData.division_name",
          "$page.variables.unAssignRowData.territory"          ,
          "$page.variables.unAssignRowData.territory_name"          ,
          "$page.variables.unAssignRowData.sales_rep"          ,
          "$page.variables.unAssignRowData.sales_rep_name"
        ]
      },
      "outcomes": {
        "success": "assignVariablesSalesAssignRow"
      }
    },
    "if": {
      "module": "vb/action/builtin/ifAction",
      "parameters": {
        "condition": "[[ $variables.data.division_number !== $page.variables.RowDivision && ($variables.data.division_number !== \"\"&& $variables.data.division_number !== null && typeof $variables.data.division_number !== \"undefined\" ) ]]"
      },
      "outcomes": {
        "true": "resetVariablesSalesAssignRow"
      }
    },
    "resetVariablesRowDivision": {
      "module": "vb/action/builtin/resetVariablesAction",
      "parameters": {
        "variables": [
          "$page.variables.RowDivision"
        ]
      }
    },
    "callRestGetSalesCreditTeritoryTableCol2": {
      "module": "vb/action/builtin/restAction",
      "parameters": {
        "endpoint": "devOrds/getSalesCreditTeritoryTableCol2",
        "uriParams": {
          "SF_DIV_ID": "{{ $page.variables.unAssignRowData.sf_div_id }}"
        }
      },
      "outcomes": {
        "success": "assignVariablesTerritoryArray"
      }
    },
    "assignVariablesTerritoryArray": {
      "module": "vb/action/builtin/assignVariablesAction",
      "parameters": {
        "$page.variables.TerritoryArray": {
          "source": "{{ $chain.results.callRestGetSalesCreditTeritoryTableCol2.body.items }}"
        }
      },
      "outcomes": {
        "success": "resetVariablesRowDivision"
      }
    }
  },
  "variables": {
    "key": {
      "required": true,
      "type": "any",
      "input": "fromCaller"
    },
    "data": {
      "required": true,
      "type": "any",
      "input": "fromCaller"
    },
    "metadata": {
      "required": true,
      "type": "any",
      "input": "fromCaller"
    },
    "index": {
      "required": true,
      "type": "number",
      "input": "fromCaller"
    },
    "current": {
      "required": true,
      "type": "any",
      "input": "fromCaller"
    }
  }
}