{
  "description": "",
  "root": "if",
  "actions": {
    "assignVariablesSalesAssignRow": {
      "module": "vb/action/builtin/assignVariablesAction",
      "parameters": {
        "$page.variables.unAssignRowData": {
          "source": {

            "sf_territory_id": "{{ $chain.results.callRestGetTerritoryId.body.items[0].sf_territory_id }}",
            "territory_name": "{{ $chain.results.callRestGetTerritoryId.body.items[0].territory_name }}"
          },
          "reset": "none",
          "auto": "always"
        },
        "$page.variables.SalesRepADP": {
          "source": {
            "data": "{{ $chain.results.callRestGetSalesRep.body.items }}"
          },
          "reset": "none",
          "auto": "always"
        }
      },
      "outcomes": {
        "success": "resetVariablesRowterritory"
    }
    },
    "resetVariablesSalesAssignRow": {
      "module": "vb/action/builtin/resetVariablesAction",
      "parameters": {
        "variables": [
          "$page.variables.unAssignRowData.territory_name",
          "$page.variables.unAssignRowData.sales_rep"          ,
          "$page.variables.unAssignRowData.sales_rep_name"
        ]
      },
      "outcomes": {
        "success": "callRestGetTerritoryId"
      }
    },
    "if": {
      "module": "vb/action/builtin/ifAction",
      "parameters": {
        "condition": "[[ $variables.value !== $page.variables.Rowterritory && ($variables.value !== \"\" && $variables.value !== null && typeof $variables.value !== \"undefined\") ]]"
      },
      "outcomes": {
        "true": "resetVariablesSalesAssignRow"
      }
    },
    "callRestGetTerritoryId": {
      "module": "vb/action/builtin/restAction",
      "parameters": {
        "endpoint": "devOrds/getTerritoryId",
        "uriParams": {
          "TERRITORY_NUMBER": "{{ $variables.value }}"
        }
      },
      "outcomes": {
        "success": "callRestGetSalesRep"
      }
    },
    "callRestGetSalesRep": {
      "module": "vb/action/builtin/restAction",
      "parameters": {
        "endpoint": "devOrds/GetSalesRep",
        "uriParams": {
          "SF_TERRITORY_ID": "{{ $chain.results.callRestGetTerritoryId.body.items[0].sf_territory_id }}"
        }
      },
      "outcomes": {
        "success": "assignVariablesSalesAssignRow"
      }
    },
    "resetVariablesRowterritory": {
      "module": "vb/action/builtin/resetVariablesAction",
      "parameters": {
        "variables": [
          "$page.variables.Rowterritory"
        ]
      }
    }
  },
  "variables": {
    "value": {
      "required": true,
      "type": "any",
      "input": "fromCaller"
    },
    "key": {
      "required": true,
      "type": "any",
      "input": "fromCaller"
    },
    "index": {
      "required": true,
      "type": "number",
      "input": "fromCaller"
    },
    "current": {
      "required": true,
      "type": "any",
      "input": "fromCaller"
    }
  }
}