{
  "description": "",
  "root": "resetVariablesUnAssignCreateObj",
  "actions": {
    "assignVariablesUnAssignCreateObj": {
      "module": "vb/action/builtin/assignVariablesAction",
      "parameters": {
        "$page.variables.unAssignCreateObj": {
          "source": {
            "sales_rep_name": "{{ $variables.data.sales_rep_name }}"
          },
          "reset": "none",
          "auto": "always"
        }
      }
    },
    "resetVariablesUnAssignCreateObj": {
      "module": "vb/action/builtin/resetVariablesAction",
      "parameters": {
        "variables": [
          "$page.variables.unAssignCreateObj.sales_rep_name"
        ]
      },
      "outcomes": {
        "success": "assignVariablesUnAssignCreateObj"
      }
    }
  },
  "variables": {
    "key": {
      "required": true,
      "type": "any",
      "input": "fromCaller"
    },
    "data": {
      "required": true,
      "type": "any",
      "input": "fromCaller"
    },
    "metadata": {
      "required": true,
      "type": "any",
      "input": "fromCaller"
    }
  }
}