{
  "description": "",
  "root": "callFunctionValidateGroup",
  "actions": {
    "assignVariablesSalesAssignCreatObj": {
      "module": "vb/action/builtin/assignVariablesAction",
      "parameters": {
        "$page.variables.salesAssignCreatObj": {
          "source": {
            "entered_by": "{{ $application.user.email }}",
            "updated_by": "{{ $application.user.email }}"
          },
          "reset": "none",
          "auto": "always"
        }
      },
      "outcomes": {
        "success": "callRestPostSalesCreditSFAssign"
      }
    },
    "fireNotification": {
      "module": "vb/action/builtin/fireNotificationEventAction",
      "parameters": {
        "target": "leaf",
        "summary": "Failed to Create Assign Sales Force",
        "type": "error",
        "displayMode": "transient"
      }
    },
    "callRestPostSalesCreditSFAssign": {
      "module": "vb/action/builtin/restAction",
      "parameters": {
        "endpoint": "devOrds/postSalesCreditSFAssign",
        "body": "{{ $page.variables.salesAssignCreatObj }}"
      },
      "outcomes": {
        "failure": "fireNotification",
        "success": "fireNotification2"
      }
    },
    "callChainFetchSalesAssignTbl": {
      "module": "vb/action/builtin/callChainAction",
      "parameters": {
        "id": "FetchSalesAssignTbl"
      }
    },
    "fireNotification2": {
      "module": "vb/action/builtin/fireNotificationEventAction",
      "parameters": {
        "target": "leaf",
        "summary": "Assign Sales Force Create Successfully",
        "displayMode": "transient",
        "type": "confirmation"
      },
      "outcomes": {
        "success": "callComponentCreatesalesAssignClose"
      }
    },
    "callComponentCreatesalesAssignClose": {
      "module": "vb/action/builtin/callComponentMethodAction",
      "parameters": {
        "component": "{{ document.getElementById('createsalesAssign') }}",
        "method": "close"
      },
      "outcomes": {
        "success": "callChainFetchSalesAssignTbl"
      }
    },
    "callFunctionValidateGroup": {
      "module": "vb/action/builtin/callModuleFunctionAction",
      "parameters": {
        "module": "[[ $application.functions ]]",
        "functionName": "validateGroup",
        "params": [
          "AssignSalesvalidation"
        ]
      },
      "outcomes": {
        "success": "if"
      }
    },
    "if": {
      "module": "vb/action/builtin/ifAction",
      "parameters": {
        "condition": "[[ $chain.results.callFunctionValidateGroup === 'valid' ]]"
      },
      "outcomes": {
        "true": "assignVariablesSalesAssignCreatObj"
      }
    }
  },
  "variables": {}
}