{
  "description": "",
  "root": "callFunctionValidateGroup",
  "actions": {
    "assignVariablesAccountCreateObj": {
      "module": "vb/action/builtin/assignVariablesAction",
      "parameters": {
        "$page.variables.AccountCreateObj": {
          "source": {
            "entered_by": "{{ $application.user.email }}",
            "updated_by": "{{ $application.user.email }}"
          },
          "reset": "none",
          "auto": "always"
        }
      },
      "outcomes": {
        "success": "callRestPostSalesCreditAssignAccountTypeSalesForce"
      }
    },
    "fireNotification": {
      "module": "vb/action/builtin/fireNotificationEventAction",
      "parameters": {
        "target": "leaf",
        "summary": "Failed to Create Account Type",
        "type": "error",
        "displayMode": "transient"
      }
    },
    "callRestPostSalesCreditAssignAccountTypeSalesForce": {
      "module": "vb/action/builtin/restAction",
      "parameters": {
        "endpoint": "devOrds/postSalesCreditAssignAccountTypeSalesForce",
        "body": "{{ $page.variables.AccountCreateObj }}"
      },
      "outcomes": {
        "failure": "fireNotification",
        "success": "if2"
      }
    },
    "fireNotification3": {
      "module": "vb/action/builtin/fireNotificationEventAction",
      "parameters": {
        "target": "leaf",
        "summary": "Account Type Created Successfully",
        "displayMode": "transient",
        "type": "confirmation"
      },
      "outcomes": {
        "success": "callChainFetchAssignAccountAction"
      }
    },
    "callFunctionValidateGroup": {
      "module": "vb/action/builtin/callModuleFunctionAction",
      "parameters": {
        "module": "[[ $application.functions ]]",
        "functionName": "validateGroup",
        "params": [
          "createAccnttypevalidation"
        ]
      },
      "outcomes": {
        "success": "if"
      }
    },
    "if": {
      "module": "vb/action/builtin/ifAction",
      "parameters": {
        "condition": "[[ $chain.results.callFunctionValidateGroup === 'valid' ]]"
      },
      "outcomes": {
        "true": "runInParallel"
      }
    },
    "callChainFetchAssignAccountAction": {
      "module": "vb/action/builtin/callChainAction",
      "parameters": {
        "id": "FetchAssignAccountAction"
      },
      "outcomes": {
        "success": "callComponentCreateAccnttypeClose2"
      }
    },
    "resetVariablesAccountCreateObj": {
      "module": "vb/action/builtin/resetVariablesAction",
      "parameters": {
        "variables": [
          "$page.variables.AccountCreateObj"
        ]
      },
      "outcomes": {
      }
    },
    "fireNotification4": {
      "module": "vb/action/builtin/fireNotificationEventAction",
      "parameters": {
        "target": "leaf",
        "summary": "[[ $chain.results.callRestPostSalesCreditAssignAccountTypeSalesForce.body.p_return_status ]]",
        "displayMode": "transient"
      },
      "outcomes": {
        "success": "callChainFetchAssignAccountAction"
      }
    },
    "if2": {
      "module": "vb/action/builtin/ifAction",
      "parameters": {
        "condition": "[[ $chain.results.callRestPostSalesCreditAssignAccountTypeSalesForce.body.p_return_status === \"SUCCESS\" ]]"
      },
      "outcomes": {
        "true": "if4",
        "false": "fireNotification4"
      }
    },
    "runInParallel": {
      "module": "vb/action/builtin/forkAction",
      "parameters": {
        "actions": {
          "if3": "ifAccountCreateObj",
          "if4": "ifAccountCreateObj2"
        }
      },
      "outcomes": {
        "join": "callFunctionGetstatusvalidated"
      }
    },
    "ifAccountCreateObj": {
      "module": "vb/action/builtin/ifAction",
      "parameters": {
        "condition": "[[ $page.variables.AccountCreateObj.start_date ]]"
      },
      "outcomes": {
        "true": "callFunctionDateformatter"
      }
    },
    "ifAccountCreateObj2": {
      "module": "vb/action/builtin/ifAction",
      "parameters": {
        "condition": "[[ $page.variables.AccountCreateObj.end_date ]]"
      },
      "outcomes": {
        "true": "callFunctionDateformatter2"
      }
    },
    "callFunctionDateformatter": {
      "module": "vb/action/builtin/callModuleFunctionAction",
      "parameters": {
        "module": "[[ $functions ]]",
        "functionName": "dateformatter",
        "params": [
          "{{ $page.variables.AccountCreateObj.start_date }}"
        ]
      },
      "outcomes": {
        "success": "assignVariablesAccountCreateObj2"
      }
    },
    "assignVariablesAccountCreateObj2": {
      "module": "vb/action/builtin/assignVariablesAction",
      "parameters": {
        "$page.variables.AccountCreateObj": {
          "source": {
            "start_date": "{{ $chain.results.callFunctionDateformatter }}"
          },
          "reset": "none",
          "auto": "always"
        }
      }
    },
    "callFunctionDateformatter2": {
      "module": "vb/action/builtin/callModuleFunctionAction",
      "parameters": {
        "module": "[[ $functions ]]",
        "functionName": "dateformatter",
        "params": [
          "{{ $page.variables.AccountCreateObj.end_date }}"
        ]
      },
      "outcomes": {
        "success": "assignVariablesAccountCreateObj3"
      }
    },
    "assignVariablesAccountCreateObj3": {
      "module": "vb/action/builtin/assignVariablesAction",
      "parameters": {
        "$page.variables.AccountCreateObj": {
          "source": {
            "end_date": "{{ $chain.results.callFunctionDateformatter2 }}"
          },
          "reset": "none",
          "auto": "always"
        }
      }
    },
    "if4": {
      "module": "vb/action/builtin/ifAction",
      "parameters": {
        "condition": "[[ $chain.results.callRestPostSalesCreditAssignAccountTypeSalesForce.body.p_return_status === \"SUCCESS\" ]]"
      },
      "outcomes": {
        "true": "fireNotification3",
        "false": "fireNotification5"
      }
    },
    "fireNotification5": {
      "module": "vb/action/builtin/fireNotificationEventAction",
      "parameters": {
        "target": "leaf",
        "summary": "[[ $chain.results.callRestPostSalesCreditAssignAccountTypeSalesForce.body.p_return_status ]]",
        "displayMode": "transient"
      },
      "outcomes": {
        "success": "callChainFetchAssignAccountAction"
      }
    },
    "callComponentCreateAccnttypeClose2": {
      "module": "vb/action/builtin/callComponentMethodAction",
      "parameters": {
        "component": "{{ document.getElementById('createAccnttype') }}",
        "method": "close"
      },
      "outcomes": {
        "success": "resetVariablesAccountCreateObj"
      }
    },
    "ifDlgLabel": {
      "module": "vb/action/builtin/ifAction",
      "parameters": {
        "condition": "[[ $page.variables.DlgLabel === \"Create\" ]]"
      },
      "outcomes": {
        "true": "assignVariablesAccountCreateObj",
        "false": "assignVariablesAccountCreateObj5"
      }
    },
    "assignVariablesAccountCreateObj5": {
      "module": "vb/action/builtin/assignVariablesAction",
      "parameters": {
        "$page.variables.AccountCreateObj": {
          "source": {
            "updated_by": "{{ $application.user.email }}"
          },
          "reset": "none",
          "auto": "always"
        }
      },
      "outcomes": {
        "success": "callRestPutSalesCreditAssignAccountTypeSalesForce"
      }
    },
    "callRestPutSalesCreditAssignAccountTypeSalesForce": {
      "module": "vb/action/builtin/restAction",
      "parameters": {
        "endpoint": "devOrds/putSalesCreditAssignAccountTypeSalesForce",
        "body": "{{ $page.variables.AccountCreateObj }}"
      },
      "outcomes": {
        "failure": "fireNotification6",
        "success": "if5"
      }
    },
    "if5": {
      "module": "vb/action/builtin/ifAction",
      "parameters": {
        "condition": "[[ $chain.results.callRestPutSalesCreditAssignAccountTypeSalesForce.body.P_RETURN_STATUS === \"SUCCESS\" ]]"
      },
      "outcomes": {
        "true": "fireNotification7",
        "false": "fireNotification8"
      }
    },
    "fireNotification7": {
      "module": "vb/action/builtin/fireNotificationEventAction",
      "parameters": {
        "target": "leaf",
        "summary": "Account Type updated Successfully",
        "displayMode": "transient",
        "type": "confirmation"
      },
      "outcomes": {
        "success": "callChainFetchAssignAccountAction"
      }
    },
    "fireNotification8": {
      "module": "vb/action/builtin/fireNotificationEventAction",
      "parameters": {
        "target": "leaf",
        "summary": "[[ $chain.results.callRestPutSalesCreditAssignAccountTypeSalesForce.body.P_RETURN_STATUS ]]",
        "displayMode": "transient"
      },
      "outcomes": {
        "success": "callChainFetchAssignAccountAction"
      }
    },
    "fireNotification6": {
      "module": "vb/action/builtin/fireNotificationEventAction",
      "parameters": {
        "target": "leaf",
        "summary": "Failed to update Account Type",
        "type": "error",
        "displayMode": "persist"
      }
    },
    "assignVariablesAccountCreateObj4": {
      "module": "vb/action/builtin/assignVariablesAction",
      "parameters": {
        "$page.variables.AccountCreateObj": {
          "source": {
            "status": "{{ $chain.results.callFunctionGetstatusvalidated }}"
          },
          "reset": "none",
          "auto": "always"
        }
      },
      "outcomes": {
        "success": "ifDlgLabel"
      }
    },
    "callFunctionGetstatusvalidated": {
      "module": "vb/action/builtin/callModuleFunctionAction",
      "parameters": {
        "module": "[[ $functions ]]",
        "functionName": "getstatusvalidated",
        "params": [
          "{{ $page.variables.AccountCreateObj.start_date }}",
          "{{ $page.variables.AccountCreateObj.end_date }}"
        ]
      },
      "outcomes": {
        "success": "assignVariablesAccountCreateObj4"
      }
    }
  },
  "variables": {}
}