{
  "description": "",
  "root": "assignVariablesMappingCreateObj",
  "actions": {
    "assignVariablesMappingCreateObj": {
      "module": "vb/action/builtin/assignVariablesAction",
      "parameters": {
        "$page.variables.MappingCreateObj": {
          "source": "{{ $variables.current.row }}",
          "auto": "always"
        }
      },
      "outcomes": {
        "success": "assignVariablesMappingDlg"
      }
    },
    "callComponentCreatemappingOpen": {
      "module": "vb/action/builtin/callComponentMethodAction",
      "parameters": {
        "component": "{{ document.getElementById('createmapping') }}",
        "method": "open"
      },
      "outcomes": {}
    },
    "assignVariablesMappingDlg": {
      "module": "vb/action/builtin/assignVariablesAction",
      "parameters": {
        "$page.variables.mappingDlg": {
          "source": "Edit"
        }
      },
      "outcomes": {
        "success": "callRestGetDistributionTitleRightsGetLookupValuesInfo"
      }
    },
    "fireNotification": {
      "module": "vb/action/builtin/fireNotificationEventAction",
      "parameters": {
        "target": "leaf",
        "summary": "[[ $chain.results.callRestGetDistributionTitleRightsGetLookupValuesInfo.message.summary ]]",
        "type": "error",
        "displayMode": "transient"
      }
    },
    "callRestGetDistributionTitleRightsGetLookupValuesInfo": {
      "module": "vb/action/builtin/restAction",
      "parameters": {
        "endpoint": "devOrds/getDistributionTitleRightsGetLookupValuesInfo",
        "uriParams": {
          "P_LOOKUP_TYPE": "HBG_REPORTING_GROUP",
          "P_TAG": "{{ $page.variables.MappingCreateObj.owner }}"
        }
      },
      "outcomes": {
        "failure": "fireNotification",
        "success": "assignVariablesReportingGroupADP"
      }
    },
    "assignVariablesReportingGroupADP": {
      "module": "vb/action/builtin/assignVariablesAction",
      "parameters": {
        "$page.variables.ReportingGroupADP": {
          "source": {
            "data": "{{ $chain.results.callRestGetDistributionTitleRightsGetLookupValuesInfo.body.items }}"
          },
          "reset": "none",
          "auto": "always",
          "mapping": {
            "$target.data": {
              "source": "$source.data",
              "reset": "empty"
            }
          }
        }
      },
      "outcomes": {
        "success": "assignVariablesMappingCreateObj2"
      }
    },
    "assignVariablesMappingCreateObj2": {
      "module": "vb/action/builtin/assignVariablesAction",
      "parameters": {
        "$page.variables.MappingCreateObj": {
          "source": "{{ $variables.current.row }}",
          "auto": "always"
        }
      },
      "outcomes": {
        "success": "callComponentCreatemappingOpen"
      }
    }
  },
  "variables": {
    "key": {
      "required": true,
      "type": "any",
      "input": "fromCaller"
    },
    "index": {
      "required": true,
      "type": "number",
      "input": "fromCaller"
    },
    "current": {
      "required": true,
      "type": "any",
      "input": "fromCaller"
    }
  }
}