{
  "description": "",
  "root": "assignVariablesAccountCreateObj",
  "actions": {
    "assignVariablesAccountCreateObj": {
      "module": "vb/action/builtin/assignVariablesAction",
      "parameters": {
        "$page.variables.AccountCreateObj": {
          "source": "{{ $variables.current.row }}",
          "auto": "always"
        },
        "$page.variables.DlgLabel": {
          "source": "Edit"
        }
      },
      "outcomes": {
        "success": "callComponentCreateAccnttypeOpen"
      }
    },
    "callComponentCreateAccnttypeOpen": {
      "module": "vb/action/builtin/callComponentMethodAction",
      "parameters": {
        "component": "{{ document.getElementById('createAccnttype') }}",
        "method": "open"
      }
    }
  },
  "variables": {
    "key": {
      "required": true,
      "type": "any",
      "input": "fromCaller"
    },
    "index": {
      "required": true,
      "type": "number",
      "input": "fromCaller"
    },
    "current": {
      "required": true,
      "type": "any",
      "input": "fromCaller"
    }
  }
}