{
  "description": "",
  "root": "ifValue",
  "actions": {

    "callRestGetValueSetDetails": {
      "module": "vb/action/builtin/restAction",
      "parameters": {
        "endpoint": "devOrds/GetValueSetDetails",
        "uriParams": {
          "P_FLEX_VALUE": "{{ $variables.value }}",
          "P_VALUE_SET_NAME": "HBG_Owner"
        }
      },
      "outcomes": {
        "success": "assignVariablesAccountCreateObj"
      }
    },
    "ifValue": {
      "module": "vb/action/builtin/ifAction",
      "parameters": {
        "condition": "[[ $variables.value ]]"
      },
      "outcomes": {
        "true": "callRestGetValueSetDetails",
        "false": "resetVariablesAccountCreateObj"
      }
    },
    "assignVariablesAccountCreateObj": {
      "module": "vb/action/builtin/assignVariablesAction",
      "parameters": {
        "$page.variables.AccountCreateObj": {
          "source": {
            "owner_name": "{{ $chain.results.callRestGetValueSetDetails.body.items[0].description }}"
          },
          "reset": "none",
          "auto": "always"

        }
      }
    },
    "resetVariablesAccountCreateObj": {
      "module": "vb/action/builtin/resetVariablesAction",
      "parameters": {
        "variables": [
          "$page.variables.AccountCreateObj.owner_name"
        ]
      },
      "outcomes": {}
    }
  },
  "variables": {
    "value": {
      "required": true,
      "type": "any",
      "input": "fromCaller"
    }
  }
}