{
  "description": "",
  "root": "callRestGetValueSetDetails",
  "actions": {

    "callRestGetValueSetDetails": {
      "module": "vb/action/builtin/restAction",
      "parameters": {
        "endpoint": "devOrds/GetValueSetDetails",
        "uriParams": {

          "P_VALUE_SET_NAME": "HBG_Owner",
          "P_FLEX_VALUE": "{{ $page.variables.AccountTypeRowData.sf_owner }}"
        }
      },
      "outcomes": {

        "success": "assignVariablesAccountCreateObj"
      }
    },
    "assignVariablesAccountCreateObj": {
      "module": "vb/action/builtin/assignVariablesAction",
      "parameters": {
        "$page.variables.AccountTypeRowData": {
          "source": {
            "owner_name": "{{ $chain.results.callRestGetValueSetDetails.body.items[0].description }}"
          },
          "reset": "none",
          "auto": "always"
        }
      }
    }
  },
  "variables": {
    "key": {
      "required": true,
      "type": "any",
      "input": "fromCaller"
    },
    "data": {
      "required": true,
      "type": "any",
      "input": "fromCaller"
    },
    "metadata": {
      "required": true,
      "type": "any",
      "input": "fromCaller"
    },
    "index": {
      "required": true,
      "type": "number",
      "input": "fromCaller"
    },
    "current": {
      "required": true,
      "type": "any",
      "input": "fromCaller"
    }
  }
}