{
  "description": "",
  "root": "assignVariablesMappingTblRow",
  "actions": {
    "assignVariablesMappingTblRow": {
      "module": "vb/action/builtin/assignVariablesAction",
      "parameters": {
        "$page.variables.MappingTblRow": {
          "source": {
            "updated_by": "{{ $application.user.email }}",
            "entered_by": "{{ $application.user.email }}"
          },
          "reset": "none",
          "auto": "always"
        }
      },
      "outcomes": {
        "success": "callRestPutSalesCreditSFMapping"
      }
    },
    "fireNotification": {
      "module": "vb/action/builtin/fireNotificationEventAction",
      "parameters": {
        "target": "leaf",
        "summary": "Failed to update Sales Mapping",
        "type": "error",
        "displayMode": "transient"
      }
    },
    "callRestPutSalesCreditSFMapping": {
      "module": "vb/action/builtin/restAction",
      "parameters": {
        "endpoint": "devOrds/putSalesCreditSFMapping",
        "body": "{{ $page.variables.MappingTblRow }}"
      },
      "outcomes": {
        "failure": "fireNotification",
        "success": "fireNotification3"
      }
    },
    "fireNotification3": {
      "module": "vb/action/builtin/fireNotificationEventAction",
      "parameters": {
        "target": "leaf",
        "summary": "Sales Mapping updated Successfully",
        "displayMode": "transient",
        "type": "confirmation"
      },
      "outcomes": {
        "success": "callChainFetchMappingTblData"
      }
    },
    "callChainFetchMappingTblData": {
      "module": "vb/action/builtin/callChainAction",
      "parameters": {
        "id": "FetchMappingTblData"
      }
    }
  },
  "variables": {
    "key": {
      "required": true,
      "type": "any",
      "input": "fromCaller"
    },
    "index": {
      "required": true,
      "type": "number",
      "input": "fromCaller"
    },
    "current": {
      "required": true,
      "type": "any",
      "input": "fromCaller"
    }
  }
}