{
    "items": [
        {
            "account_number": "987659 - Customer FBDI 1",
            "cust_account_id": 100000223719194,
            "account_name": "Customer FBDI 1"
        },
        {
            "account_number": "14605017-AMAZON.COM",
            "cust_account_id": 100000224224483,
            "account_name": "AMAZON.COM"
        },
        {
            "account_number": "55555-CST ACCT CONTACT.COM",
            "cust_account_id": 100000226488213,
            "account_name": "CST ACCT CONTACT.COM"
        },
        {
            "account_number": "666666-CST ACCT CONTACT.COM",
            "cust_account_id": 100000226695114,
            "account_name": "CST ACCT CONTACT.COM"
        },
        {
            "account_number": "101010-CST ACCT CONTACT.COM",
            "cust_account_id": 100000227068961,
            "account_name": "CST ACCT CONTACT.COM"
        },
        {
            "account_number": "121212-CST ACCT CONTACT.COM",
            "cust_account_id": 100000227075308,
            "account_name": "CST ACCT CONTACT.COM"
        },
        {
            "account_number": "131313-CST ACCT CONTACT.COM",
            "cust_account_id": 100000227076370,
            "account_name": "CST ACCT CONTACT.COM"
        },
        {
            "account_number": "141414-CST ACCT CONTACT.COM",
            "cust_account_id": 100000227078241,
            "account_name": "CST ACCT CONTACT.COM"
        },
        {
            "account_number": "151515-CST ACCT CONTACT.COM",
            "cust_account_id": 100000227125865,
            "account_name": "CST ACCT CONTACT.COM"
        },
        {
            "account_number": "161616-CST ACCT CONTACT.COM",
            "cust_account_id": 100000227128430,
            "account_name": "CST ACCT CONTACT.COM"
        }
    ],
    "hasMore": true,
    "limit": 10,
    "offset": 0,
    "count": 10,
    "links": [
        {
            "rel": "self",
            "href": "https://10.2.0.169:8081/ords/hbg_integration/DistributionTitleRights/getCustomerInfo"
        },
        {
            "rel": "describedby",
            "href": "https://10.2.0.169:8081/ords/hbg_integration/metadata-catalog/DistributionTitleRights/item"
        },
        {
            "rel": "first",
            "href": "https://10.2.0.169:8081/ords/hbg_integration/DistributionTitleRights/getCustomerInfo?limit=10"
        },
        {
            "rel": "next",
            "href": "https://10.2.0.169:8081/ords/hbg_integration/DistributionTitleRights/getCustomerInfo?offset=10&limit=10"
        }
    ]
}