{
  "title": "main createmaintain_shipping_schedule",
  "description": "",
  "variables": {},
  "metadata": {},
  "types": {},
  "eventListeners": {
    "toggleDrawer": {
      "chains": [
        {
          "chainId": "application:toggleDrawerHandler"
        }
      ]
    }
  },
  "imports": {
    "components": {
      "oj-button": {
        "path": "ojs/ojbutton"
      },
      "oj-buttonset-many": {
        "path": "ojs/ojbutton"
      },
      "oj-checkboxset": {
        "path": "ojs/ojcheckboxset"
      },
      "oj-form-layout": {
        "path": "ojs/ojformlayout"
      },
      "oj-input-date": {
        "path": "ojs/ojdatetimepicker"
      },
      "oj-input-text": {
        "path": "ojs/ojinputtext"
      },
      "oj-option": {
        "path": "ojs/ojoption"
      },
      "oj-select-single": {
        "path": "ojs/ojselectsingle"
      },
      "oj-table": {
        "path": "ojs/ojtable"
      }

    }
  }
}