{
  "description": "",
  "root": "callFunctionValidateGroup",
  "actions": {
    "callFunctionValidateGroup": {
      "module": "vb/action/builtin/callModuleFunctionAction",
      "parameters": {
        "module": "[[ $application.functions ]]",
        "functionName": "validateGroup",
        "params": [
          "pubdlgval"
        ]
      },
      "outcomes": {
        "success": "if"
      }
    },
    "if": {
      "module": "vb/action/builtin/ifAction",
      "parameters": {
        "condition": "[[ $chain.results.callFunctionValidateGroup === 'valid' ]]"
      },
      "outcomes": {
        "true": "ifPubDlglabel",
        "false": "callChainFetchPublisherAction"
      }
    },
    "assignVariablesPubCreateObj": {
      "module": "vb/action/builtin/assignVariablesAction",
      "parameters": {
        "$page.variables.PubCreateObj": {
          "source": {
            "last_updated_by": "{{ $application.user.email }}",
            "created_by": "{{ $application.user.email }}",
            "reporting_group_id": "{{ $page.variables.FlowReportingGroupId }}",
            "status": "{{ $page.variables.PubCreateObj.status_dummy[0] ===\"Active\" ? \"Active\" :\"Inactive\" }}"
          },
          "reset": "none",
          "auto": "always"
        }
      },
      "outcomes": {
        "success": "callRestPostFamilyCodeExternalPublisher"
      }
    },
    "fireNotification": {
      "module": "vb/action/builtin/fireNotificationEventAction",
      "parameters": {
        "target": "leaf",
        "summary": "Failed to Create Publisher",
        "type": "error",
        "displayMode": "transient"
      }
    },
    "callRestPostFamilyCodeExternalPublisher": {
      "module": "vb/action/builtin/restAction",
      "parameters": {
        "endpoint": "devOrds/postFamilyCodeExternalPublisher",
        "body": "{{ $page.variables.PubCreateObj }}"
      },
      "outcomes": {
        "failure": "fireNotification",
        "success": "if3"
      }
    },
    "fireNotification3": {
      "module": "vb/action/builtin/fireNotificationEventAction",
      "parameters": {
        "target": "leaf",
        "summary": "Publisher Created Successfully",
        "displayMode": "transient",
        "type": "confirmation"
      },
      "outcomes": {
        "success": "callComponentPubdlgClose"
      }
    },
    "callChainFetchPublisherAction": {
      "module": "vb/action/builtin/callChainAction",
      "parameters": {
        "id": "FetchPublisherAction"
      },
      "outcomes": {
        "success": "callChainRefreshPubLOVAction"
      }
    },
    "callChainRefreshPubLOVAction": {
      "module": "vb/action/builtin/callChainAction",
      "parameters": {
        "id": "RefreshPubLOVAction"
      },
      "outcomes": {
      }
    },
    "callComponentPubdlgClose": {
      "module": "vb/action/builtin/callComponentMethodAction",
      "parameters": {
        "component": "{{ document.getElementById('pubdlg') }}",
        "method": "close"
      },
      "outcomes": {
        "success": "resetVariablesPubCreateObj"
      }
    },
    "ifPubDlglabel": {
      "module": "vb/action/builtin/ifAction",
      "parameters": {
        "condition": "[[ $page.variables.PubDlglabel === \"Create\" ]]"
      },
      "outcomes": {
        "true": "assignVariablesPubCreateObj",
        "false": "assignVariablesPubCreateObj3"
      }
    },
    "if3": {
      "module": "vb/action/builtin/ifAction",
      "parameters": {
        "condition": "[[ $chain.results.callRestPostFamilyCodeExternalPublisher.body.p_return_status ]]"
      },
      "outcomes": {
        "true": "fireNotification3",
        "false": "fireNotification4"
      }
    },
    "fireNotification4": {
      "module": "vb/action/builtin/fireNotificationEventAction",
      "parameters": {
        "target": "leaf",
        "summary": "[[ $chain.results.callRestPostFamilyCodeExternalPublisher.body.p_return_status ]]",
        "displayMode": "transient"
      },
      "outcomes": {
        "success": "callChainFetchPublisherAction"
      }
    },
    "fireNotification2": {
      "module": "vb/action/builtin/fireNotificationEventAction",
      "parameters": {
        "target": "leaf",
        "summary": "[[ $chain.results.callRestPutFamilyCodeExternalPublisher.message.summary ]]",
        "type": "error",
        "displayMode": "transient"
      }
    },
    "assignVariablesPubCreateObj3": {
      "module": "vb/action/builtin/assignVariablesAction",
      "parameters": {
        "$page.variables.PubCreateObj": {
          "source": {
            "last_updated_by": "{{ $application.user.email }}"
          },
          "reset": "none",
          "auto": "always"
        }
      },
      "outcomes": {
        "success": "callRestPutFamilyCodeExternalPublisher"
      }
    },
    "callRestPutFamilyCodeExternalPublisher": {
      "module": "vb/action/builtin/restAction",
      "parameters": {
        "endpoint": "devOrds/putFamilyCodeExternalPublisher",
        "uriParams": {
          "pub_id": "{{ $page.variables.PubCreateObj.pub_id }}"
        },
        "body": "{{ $page.variables.PubCreateObj }}"
      },
      "outcomes": {
        "failure": "fireNotification2",
        "success": "if4"
      }
    },
    "fireNotification7": {
      "module": "vb/action/builtin/fireNotificationEventAction",
      "parameters": {
        "target": "leaf",
        "summary": "Publisher Updated Successfully",
        "displayMode": "transient",
        "type": "confirmation"
      },
      "outcomes": {
        "success": "callComponentPubdlgClose2"
      }
    },
    "callComponentPubdlgClose2": {
      "module": "vb/action/builtin/callComponentMethodAction",
      "parameters": {
        "component": "{{ document.getElementById('pubdlg') }}",
        "method": "close"
      },
      "outcomes": {
        "success": "resetVariablesPubCreateObj2"
      }
    },
    "resetVariablesPubCreateObj": {
      "module": "vb/action/builtin/resetVariablesAction",
      "parameters": {
        "variables": [
          "$page.variables.PubCreateObj"
        ]
      },
      "outcomes": {
        "success": "callChainFetchPublisherAction"
      }
    },
    "resetVariablesPubCreateObj2": {
      "module": "vb/action/builtin/resetVariablesAction",
      "parameters": {
        "variables": [
          "$page.variables.PubCreateObj"
        ]
      },
      "outcomes": {
        "success": "callChainFetchPublisherAction"
      }
    },
    "if4": {
      "module": "vb/action/builtin/ifAction",
      "parameters": {
        "condition": "[[ $chain.results.callRestPutFamilyCodeExternalPublisher.body.p_return_status === \"SUCCESS\" ]]"
      },
      "outcomes": {
        "false": "fireNotification5",
        "true": "fireNotification7"
      }
    },
    "fireNotification5": {
      "module": "vb/action/builtin/fireNotificationEventAction",
      "parameters": {
        "target": "leaf",
        "summary": "[[ $chain.results.callRestPutFamilyCodeExternalPublisher.body.p_return_status ]]",
        "displayMode": "transient"
      },
      "outcomes": {
        "success": "callChainFetchPublisherAction"
      }
    }
  },
  "variables": {}
}