{
  "description": "",
  "root": "callFunctionValidateGroup",
  "actions": {
    "callFunctionValidateGroup": {
      "module": "vb/action/builtin/callModuleFunctionAction",
      "parameters": {
        "module": "[[ $application.functions ]]",
        "functionName": "validateGroup",
        "params": [
          "impdlgval"
        ]
      },
      "outcomes": {
        "success": "if"
      }
    },
    "if": {
      "module": "vb/action/builtin/ifAction",
      "parameters": {
        "condition": "[[ $chain.results.callFunctionValidateGroup === 'valid' ]]"
      },
      "outcomes": {
        "true": "ifImpDlglabel"
      }
    },
    "assignVariablesImprintCreateObj": {
      "module": "vb/action/builtin/assignVariablesAction",
      "parameters": {
        "$page.variables.imprintCreateObj": {
          "source": {
            "created_by": "{{ $application.user.email }}",
            "last_updated_by": "{{ $application.user.email }}",
            "reporting_group_id": "{{ $page.variables.FlowReportingGroupId }}",
            "pub_id": "{{ $page.variables.RowPubId }}"
          },
          "reset": "none",
          "auto": "always"
        }
      },
      "outcomes": {
        "success": "callRestPostFamilyCodeExternalImprint"
      }
    },
    "fireNotification": {
      "module": "vb/action/builtin/fireNotificationEventAction",
      "parameters": {
        "target": "leaf",
        "summary": "[[ $chain.results.callRestPostFamilyCodeExternalImprint.body.p_return_status ]]",
        "type": "error",
        "displayMode": "transient"
      }
    },
    "callRestPostFamilyCodeExternalImprint": {
      "module": "vb/action/builtin/restAction",
      "parameters": {
        "endpoint": "devOrds/postFamilyCodeExternalImprint",
        "body": "{{ $page.variables.imprintCreateObj }}"
      },
      "outcomes": {
        "failure": "fireNotification",
        "success": "if3"
      }
    },
    "fireNotification3": {
      "module": "vb/action/builtin/fireNotificationEventAction",
      "parameters": {
        "target": "leaf",
        "summary": "Imprint Created Successfully",
        "displayMode": "transient",
        "type": "confirmation"
      },
      "outcomes": {
        "success": "callComponentImpdlgClose"
      }
    },
    "callChainFetchImprintAction": {
      "module": "vb/action/builtin/callChainAction",
      "parameters": {
        "id": "FetchImprintAction"
      },
      "outcomes": {
      }
    },
    "callComponentImpdlgClose": {
      "module": "vb/action/builtin/callComponentMethodAction",
      "parameters": {
        "component": "{{ document.getElementById('impdlg') }}",
        "method": "close"
      },
      "outcomes": {
        "success": "resetVariablesImprintCreateObj2"
      }
    },
    "if3": {
      "module": "vb/action/builtin/ifAction",
      "parameters": {
        "condition": "[[ $chain.results.callRestPostFamilyCodeExternalImprint.body.p_return_status === \"SUCCESS\" ]]"
      },
      "outcomes": {
        "true": "fireNotification3",
        "false": "fireNotification4"
      }
    },
    "fireNotification4": {
      "module": "vb/action/builtin/fireNotificationEventAction",
      "parameters": {
        "target": "leaf",
        "summary": "[[ $chain.results.callRestPostFamilyCodeExternalImprint.body.p_return_status ]]",
        "displayMode": "transient"
      },
      "outcomes": {
        "success": "callChainFetchImprintAction"
      }
    },
    "ifImpDlglabel": {
      "module": "vb/action/builtin/ifAction",
      "parameters": {
        "condition": "[[ $page.variables.ImpDlglabel === \"Create\" ]]"
      },
      "outcomes": {
        "true": "assignVariablesImprintCreateObj",
        "false": "assignVariablesImprintCreateObj3"
      }
    },
    "assignVariablesImprintCreateObj3": {
      "module": "vb/action/builtin/assignVariablesAction",
      "parameters": {
        "$page.variables.imprintCreateObj": {
          "source": {
            "last_updated_by": "{{ $application.user.email }}"
          },
          "reset": "none",
          "auto": "always"
        }
      },
      "outcomes": {
        "success": "callRestPutFamilyCodeExternalImprint"
      }
    },
    "callRestPutFamilyCodeExternalImprint": {
      "module": "vb/action/builtin/restAction",
      "parameters": {
        "endpoint": "devOrds/putFamilyCodeExternalImprint",
        "uriParams": {
          "impr_id": "{{ $page.variables.imprintCreateObj.impr_id }}"
        },
        "body": "{{ $page.variables.imprintCreateObj }}"
      },
      "outcomes": {
        "failure": "fireNotification5",
        "success": "if4"
      }
    },
    "if4": {
      "module": "vb/action/builtin/ifAction",
      "parameters": {
        "condition": "[[ $chain.results.callRestPutFamilyCodeExternalImprint.body.p_return_status === \"SUCCESS\" ]]"
      },
      "outcomes": {
        "true": "fireNotification6",
        "false": "fireNotification7"
      }
    },
    "fireNotification6": {
      "module": "vb/action/builtin/fireNotificationEventAction",
      "parameters": {
        "target": "leaf",
        "summary": "Imprint Updated SUccessfully",
        "displayMode": "transient",
        "type": "confirmation"
      },
      "outcomes": {
        "success": "callComponentImpdlgClose2"
      }
    },
    "fireNotification7": {
      "module": "vb/action/builtin/fireNotificationEventAction",
      "parameters": {
        "target": "leaf",
        "summary": "[[ $chain.results.callRestPutFamilyCodeExternalImprint.body.p_return_status ]]"
      },
      "outcomes": {
        "success": "callChainFetchImprintAction"
      }
    },
    "fireNotification5": {
      "module": "vb/action/builtin/fireNotificationEventAction",
      "parameters": {
        "target": "leaf",
        "summary": "Failed to update Imprint",
        "type": "error",
        "displayMode": "transient"
      }
    },
    "callComponentImpdlgClose2": {
      "module": "vb/action/builtin/callComponentMethodAction",
      "parameters": {
        "component": "{{ document.getElementById('impdlg') }}",
        "method": "close"
      },
      "outcomes": {
        "success": "resetVariablesImprintCreateObj"
      }
    },
    "resetVariablesImprintCreateObj": {
      "module": "vb/action/builtin/resetVariablesAction",
      "parameters": {
        "variables": [
          "$page.variables.imprintCreateObj"
        ]
      },
      "outcomes": {
        "success": "callChainFetchImprintAction"
      }
    },
    "resetVariablesImprintCreateObj2": {
      "module": "vb/action/builtin/resetVariablesAction",
      "parameters": {
        "variables": [
          "$page.variables.imprintCreateObj"
        ]
      },
      "outcomes": {
        "success": "callChainFetchImprintAction"
      }
    }
  },
  "variables": {}
}