{
  "root": "resetVariablesImprintADP",
  "description": "",
  "actions": {
    "fireNotification": {
      "module": "vb/action/builtin/fireNotificationEventAction",
      "parameters": {
        "target": "leaf",
        "summary": "Failed to fetch Imprint",
        "type": "error",
        "displayMode": "transient"
      }
    },
    "callRestGetFamilyCodeExternalImprint": {
      "module": "vb/action/builtin/restAction",
      "parameters": {
        "endpoint": "devOrds/getFamilyCodeExternalImprint",
        "uriParams": {
          "pub_id": "{{ $page.variables.RowPubId }}"
        }
      },
      "outcomes": {
        "failure": "fireNotification",
        "success": "assignVariablesImprintADP"
      }
    },
    "assignVariablesImprintADP": {
      "module": "vb/action/builtin/assignVariablesAction",
      "parameters": {
        "$page.variables.ImprintADP": {
          "source": {
            "data": "{{ $chain.results.callRestGetFamilyCodeExternalImprint.body.items }}"
          },
          "reset": "none",
          "auto": "always",
          "mapping": {
            "$target.data": {
              "source": "$source.data",
              "reset": "empty"
            }
          }
        }
      }
    },
    "resetVariablesImprintADP": {
      "module": "vb/action/builtin/resetVariablesAction",
      "parameters": {
        "variables": [
          "$page.variables.ImprintADP.data"
        ]
      },
      "outcomes": {
        "success": "callRestGetFamilyCodeExternalImprint"
      }
    }
  }
}