{
  "description": "",
  "root": "assignVariablesRowAccount",
  "actions": {
    "assignVariablesRowAccount": {
      "module": "vb/action/builtin/assignVariablesAction",
      "parameters": {
        "$page.variables.RowAccount": {
          "source": "{{ $variables.rowData.account_number }}"
        },
        "$page.variables.RowCustaccntId": {
          "source": "{{ $variables.rowData.cust_accnt_id }}"
        },
        "$page.variables.RowPartyId": {
          "source": "{{ $variables.rowData.party_id }}"
        },
        "$page.variables.RowCustomer": {
          "source": "{{ $variables.rowData.customer_name }}"
        }
      }
    }
  },
  "variables": {
    "rowKey": {
      "required": true,
      "type": "any",
      "input": "fromCaller"
    },
    "rowData": {
      "required": true,
      "type": "any",
      "input": "fromCaller"
    }
  }
}