{
  "root": "runInParallel",
  "description": "",
  "variables": {},
  "actions": {
    "runInParallel": {
      "module": "vb/action/builtin/forkAction",
      "parameters": {
        "actions": {
          "callRest": "callRestGetOrganizationNumber",
          "callRest2": "callRestGetAccountNumber",
          "callChain": "callChainSearchBtnAction"
        }
      }
    },
    "callRestGetOrganizationNumber": {
      "module": "vb/action/builtin/restAction",
      "parameters": {
        "endpoint": "devOrds/GetOrganizationNumber",
        "uriParams": {
          "party_name": "{{ \"\" }}"
        }
      },
      "outcomes": {
        "success": "assignVariablesOrganizationArray"
      }
    },
    "callRestGetAccountNumber": {
      "module": "vb/action/builtin/restAction",
      "parameters": {
        "endpoint": "devOrds/GetAccountNumber",
        "uriParams": {
          "p_acct_number": "{{ \"\" }}",
          "party_id": "{{ \"\" }}"
        }
      },
      "outcomes": {
        "success": "assignVariablesAccountNumberArray"
      }
    },
    "assignVariablesOrganizationArray": {
      "module": "vb/action/builtin/assignVariablesAction",
      "parameters": {
        "$page.variables.OrganizationArray": {
          "source": "{{ $chain.results.callRestGetOrganizationNumber.body.items }}"
        }
      }
    },
    "assignVariablesAccountNumberArray": {
      "module": "vb/action/builtin/assignVariablesAction",
      "parameters": {
        "$page.variables.AccountNumberArray": {
          "source": "{{ $chain.results.callRestGetAccountNumber.body.items }}"
        }
      }
    },
    "callChainSearchBtnAction": {
      "module": "vb/action/builtin/callChainAction",
      "parameters": {
        "id": "SearchBtnAction"
      }
    }
  }
}