{
  "description": "",
  "root": "ifValue",
  "actions": {
    "ifValue": {
      "module": "vb/action/builtin/ifAction",
      "parameters": {
        "condition": "[[ $variables.value ]]"
      },
      "outcomes": {
        "true": "resetVariablesSearchAccountNumber"
      }
    },
    "assignVariablesSelectedPartyId": {
      "module": "vb/action/builtin/assignVariablesAction",
      "parameters": {
        "$page.variables.selectedPartyId": {
          "source": "{{ $chain.results.callRestGetOrganizationIdbyName.body.items[0].party_id }}"
        }
      }
    },
    "resetVariablesSearchAccountNumber": {
      "module": "vb/action/builtin/resetVariablesAction",
      "parameters": {
        "variables": [
          "$page.variables.SearchAccountNumber"
        ]
      },
      "outcomes": {
        "success": "callRestGetOrganizationIdbyName"
      }
    },
    "callRestGetOrganizationIdbyName": {
      "module": "vb/action/builtin/restAction",
      "parameters": {
        "endpoint": "devOrds/GetOrganizationIdbyName",
        "uriParams": {
          "part_name": "{{ $variables.value }}"
        }
      },
      "outcomes": {
        "success": "assignVariablesSelectedPartyId"
      }
    }
  },
  "variables": {
    "value": {
      "required": true,
      "type": "any",
      "input": "fromCaller"
    }
  }
}