{
  "description": "",
  "root": "resetVariablesSearchAccountNumber",
  "actions": {
    "resetVariablesSearchAccountNumber": {
      "module": "vb/action/builtin/resetVariablesAction",
      "parameters": {
        "variables": [
          "$page.variables.SearchAccountNumber",
          "$page.variables.searchOrgName",
          "$page.variables.AccountNumberArray"          ,
          "$page.variables.OrganizationArray"
        ]
      },
      "outcomes": {
        "success": "callChainFetchLOVS"
      }
    },
    "callChainFetchLOVS": {
      "module": "vb/action/builtin/callChainAction",
      "parameters": {
        "id": "FetchLOVS"
      }
    }
  },
  "variables": {}
}