{
  "description": "",
  "root": "resetVariablesCustTblADP",
  "actions": {
    "fireNotification": {
      "module": "vb/action/builtin/fireNotificationEventAction",
      "parameters": {
        "target": "leaf",
        "summary": "[[ $chain.results.callRestGetAccountTypeTabledata.message.summary ]]",
        "type": "error",
        "displayMode": "persist"
      }
    },
    "callRestGetAccountTypeTabledata": {
      "module": "vb/action/builtin/restAction",
      "parameters": {
        "endpoint": "devOrds/getAccountTypeTabledata",
        "uriParams": {
          "ACCOUNT_NUMBER": "{{ $page.variables.SearchAccountNumber ? $page.variables.SearchAccountNumber : \"\" }}",
          "CUSTOMER_NAME": "{{ $page.variables.searchOrgName ? $page.variables.searchOrgName : \"\" }}"
        }
      },
      "outcomes": {
        "failure": "fireNotification",
        "success": "assignVariablesCustTblADP"
      }
    },
    "assignVariablesCustTblADP": {
      "module": "vb/action/builtin/assignVariablesAction",
      "parameters": {
        "$page.variables.CustTblADP": {
          "source": {
            "data": "{{ $chain.results.callRestGetAccountTypeTabledata.body.items }}"
          },
          "reset": "none",
          "auto": "always"
        }
      }
    },
    "resetVariablesCustTblADP": {
      "module": "vb/action/builtin/resetVariablesAction",
      "parameters": {
        "variables": [
          "$page.variables.CustTblADP.data"
        ]
      },
      "outcomes": {
        "success": "callRestGetAccountTypeTabledata"
      }
    }
  },
  "variables": {}
}