{
    "items": [
        {
            "state": "AK"
        },
        {
            "state": "AL"
        },
        {
            "state": "AR"
        },
        {
            "state": "AS"
        },
        {
            "state": "AZ"
        },
        {
            "state": "CA"
        },
        {
            "state": "CO"
        },
        {
            "state": "CT"
        },
        {
            "state": "DC"
        },
        {
            "state": "DE"
        },
        {
            "state": "FL"
        },
        {
            "state": "FM"
        },
        {
            "state": "GA"
        },
        {
            "state": "GU"
        },
        {
            "state": "HI"
        },
        {
            "state": "IA"
        },
        {
            "state": "ID"
        },
        {
            "state": "IL"
        },
        {
            "state": "IN"
        },
        {
            "state": "KS"
        },
        {
            "state": "KY"
        },
        {
            "state": "LA"
        },
        {
            "state": "MA"
        },
        {
            "state": "MD"
        },
        {
            "state": "ME"
        }
    ],
    "hasMore": true,
    "limit": 25,
    "offset": 0,
    "count": 25,
    "links": [
        {
            "rel": "self",
            "href": "https://10.2.0.169:8081/ords/hbg_integration/Common/getStateInfo"
        },
        {
            "rel": "describedby",
            "href": "https://10.2.0.169:8081/ords/hbg_integration/metadata-catalog/Common/item"
        },
        {
            "rel": "first",
            "href": "https://10.2.0.169:8081/ords/hbg_integration/Common/getStateInfo"
        },
        {
            "rel": "next",
            "href": "https://10.2.0.169:8081/ords/hbg_integration/Common/getStateInfo?offset=25"
        }
    ]
}