{
  "root": "assignVariablesDialogText",
  "description": "",
  "actions": {
    "assignVariablesDialogText": {
      "module": "vb/action/builtin/assignVariablesAction",
      "parameters": {
        "$page.variables.dialogText": {
          "source": "Saving..."
        }
      },
      "outcomes": {
        "success": "callComponentOjDialogPopupOpen"
      }
    },
    "callComponentOjDialogPopupOpen": {
      "module": "vb/action/builtin/callComponentMethodAction",
      "parameters": {
        "component": "{{ document.getElementById('oj-dialog-popup') }}",
        "method": "open"
      },
      "outcomes": {
        "success": "callFunctionPreparePayloadUpdateDateORDS"
      }
    },
    "fireNotification": {
      "module": "vb/action/builtin/fireNotificationEventAction",
      "parameters": {
        "target": "leaf",
        "summary": "[[ $chain.results.callRestPostAutomaticHoldsUpdateHoldRule.message.summary ]]",
        "type": "error",
        "displayMode": "persist"
      },
      "outcomes": {
        "success": "callComponentOjDialogPopupClose"
      }
    },
    "callChainSearchScreenAction1": {
      "module": "vb/action/builtin/callChainAction",
      "parameters": {
        "id": "SearchScreenAction1"
      },
      "outcomes": {
        "success": "callComponentOjDialogPopupClose2"
      }
    },
    "callComponentOjDialogPopupClose": {
      "module": "vb/action/builtin/callComponentMethodAction",
      "parameters": {
        "component": "{{ document.getElementById('oj-dialog-popup') }}",
        "method": "close"
      }
    },
    "callComponentOjDialogPopupClose2": {
      "module": "vb/action/builtin/callComponentMethodAction",
      "parameters": {
        "component": "{{ document.getElementById('oj-dialog-popup') }}",
        "method": "close"
      }
    },
    "callRestPostAutomaticHoldsUpdateHoldRule": {
      "module": "vb/action/builtin/restAction",
      "parameters": {
        "endpoint": "ordsHbg_integration/postAutomaticHoldsUpdateHoldRule",
        "body": "{{ $chain.results.callFunctionPreparePayloadUpdateDateORDS }}"
      },
      "outcomes": {
        "failure": "fireNotification",
        "success": "callChainSearchScreenAction1"
      }
    },
    "callFunctionPreparePayloadUpdateDateORDS": {
      "module": "vb/action/builtin/callModuleFunctionAction",
      "parameters": {
        "module": "[[ $functions ]]",
        "functionName": "preparePayload_UpdateDateORDS",
        "params": [
          "{{ $page.variables.EditHoldRulesInfoObj }}",
          "{{ $application.user.username }}"
        ]
      },
      "outcomes": {
        "success": "callRestPostAutomaticHoldsUpdateHoldRule"
      }
    }
  }
}