{
  "root": "resetVariablesGetHoldRulesADP",
  "description": "",
  "actions": {
    "fireNotification": {
      "module": "vb/action/builtin/fireNotificationEventAction",
      "parameters": {
        "target": "leaf",
        "summary": "[[ $chain.results.callRestGetAutomaticHoldsGetHoldRules.message.summary ]]",
        "type": "error",
        "displayMode": "persist"
      }
    },
    "callRestGetAutomaticHoldsGetHoldRules": {
      "module": "vb/action/builtin/restAction",
      "parameters": {
        "endpoint": "ordsHbg_integration/getAutomaticHoldsGetHoldRules",
        "headers": {
          "p_account_name": "{{ $page.variables.p_account_name }}",
          "p_account_number": "{{ $page.variables.p_account_number }}",
          "p_autoreleaseflag": "{{ $page.variables.p_autorelease_flag }}",
          "p_category1": "{{ $page.variables.p_category_1 }}",
          "p_category2": "{{ $page.variables.p_category_2 }}",
          "p_country": "{{ $page.variables.p_countrycode }}",
          "p_holdname": "{{ $page.variables.p_holdname }}",
          "p_item_number": "{{ $page.variables.p_item_number }}",
          "p_organization": "{{ $page.variables.p_organization }}",
          "p_organization_name": "{{ $page.variables.p_organization_name }}",
          "P_OWNER": "{{ $page.variables.p_owner_type }}",
          "p_reporting_group": "{{ $page.variables.p_reporting_group }}",
          "p_shipto": "{{ $page.variables.p_shipto_site }}",
          "p_shipto_name": "{{ $page.variables.p_shipto_sitename }}",
          "p_short_author": "{{ $page.variables.p_short_author }}",
          "p_short_title": "{{ $page.variables.p_short_title }}",
          "p_state": "{{ $page.variables.p_state }}",
          "p_rule_id": "{{ $page.variables.p_rule_id == null ? '':$page.variables.p_rule_id }}",
          "p_show_only_active": "{{ $page.variables.p_show_only_active }}"
        }
      },
      "outcomes": {
        "failure": "fireNotification",
        "success": "assignVariablesGetHoldRulesADP"
      }
    },
    "resetVariablesGetHoldRulesADP": {
      "module": "vb/action/builtin/resetVariablesAction",
      "parameters": {
        "variables": [
          "$page.variables.getHoldRulesADP.data"
        ]
      },
      "outcomes": {
        "success": "callRestGetAutomaticHoldsGetHoldRules"
      }
    },
    "assignVariablesGetHoldRulesADP": {
      "module": "vb/action/builtin/assignVariablesAction",
      "parameters": {
        "$page.variables.getHoldRulesADP": {
          "source": {
            "data": "{{ $chain.results.callRestGetAutomaticHoldsGetHoldRules.body.items }}"
          },
          "reset": "none",
          "auto": "always"
        }
      }
    }
  }
}