{
  "description": "",
  "root": "assignVariablesOwnerCreateObj",
  "actions": {
    "assignVariablesOwnerCreateObj": {
      "module": "vb/action/builtin/assignVariablesAction",
      "parameters": {
        "$page.variables.OwnerCreateObj": {
          "source": "{{ $variables.current.row }}",
          "auto": "always"
        },
        "$page.variables.OwnerdlgLabel": {
          "source": "Edit"
        }
      },
      "outcomes": {
        "success": "callComponentCreateOwnerOpen"
      }
    },
    "callComponentCreateOwnerOpen": {
      "module": "vb/action/builtin/callComponentMethodAction",
      "parameters": {
        "component": "{{ document.getElementById('createOwner') }}",
        "method": "open"
      }
    }
  },
  "variables": {
    "key": {
      "required": true,
      "type": "any",
      "input": "fromCaller"
    },
    "index": {
      "required": true,
      "type": "number",
      "input": "fromCaller"
    },
    "current": {
      "required": true,
      "type": "any",
      "input": "fromCaller"
    }
  }
}