{
  "description": "",
  "root": "assignVariablesReportingRowData2",
  "actions": {
    "assignVariablesReportingRowData": {
      "module": "vb/action/builtin/assignVariablesAction",
      "parameters": {
        "$page.variables.ReportingRowData": {
          "source": "{{ $variables.rowData }}",
          "auto": "always"
        }
      }
    },
    "assignVariablesReportingRowData2": {
      "module": "vb/action/builtin/assignVariablesAction",
      "parameters": {
        "$page.variables.ReportingRowData": {
          "source": {
            "status_dummy": "{{ $variables.rowData.status === ['Active']?['Active'] : ['Inactive'] }}"
          },
          "reset": "none",
          "auto": "always"
        }
      },
      "outcomes": {
        "success": "assignVariablesReportingRowData"
      }
    }
  },
  "variables": {
    "rowKey": {
      "required": true,
      "type": "any",
      "input": "fromCaller"
    },
    "rowIndex": {
      "required": true,
      "type": "number",
      "input": "fromCaller"
    },
    "rowData": {
      "required": true,
      "type": "any",
      "input": "fromCaller"
    }
  }
}