{
    "items": [
        {
            "pre_reserved_balance": 2200
        }
    ],
    "hasMore": false,
    "limit": 25,
    "offset": 0,
    "count": 1,
    "links": [
        {
            "rel": "self",
            "href": "https://10.2.0.169:8081/ords/hbg_integration/ReservationsUI/getPreReservedBalance?item_code=9780824919351&subinventory=FG&inventory_organization=HBG"
        },
        {
            "rel": "describedby",
            "href": "https://10.2.0.169:8081/ords/hbg_integration/metadata-catalog/ReservationsUI/item"
        },
        {
            "rel": "first",
            "href": "https://10.2.0.169:8081/ords/hbg_integration/ReservationsUI/getPreReservedBalance?item_code=9780824919351&subinventory=FG&inventory_organization=HBG"
        }
    ]
}