{
  "root": "runInParallel",
  "description": "",
  "variables": {},
  "actions": {
    "fireNotification": {
      "module": "vb/action/builtin/fireNotificationEventAction",
      "parameters": {
        "target": "leaf",
        "summary": "[[ $chain.results.callRestGetSoMasterUpdateGetHoldCodes.message.summary ]]",
        "type": "error",
        "displayMode": "persist"
      }
    },
    "callRestGetSoMasterUpdateGetHoldCodes": {
      "module": "vb/action/builtin/restAction",
      "parameters": {
        "endpoint": "devOrds/getSoMasterUpdateGetHoldCodes"
      },
      "outcomes": {
        "failure": "fireNotification",
        "success": "assignVariablesHoldCOdeArray"
      }
    },
    "assignVariablesHoldCOdeArray": {
      "module": "vb/action/builtin/assignVariablesAction",
      "parameters": {
        "$page.variables.HoldCOdeArray": {
          "source": "{{ $chain.results.callRestGetSoMasterUpdateGetHoldCodes.body.items }}"
        }
      }
    },
    "runInParallel": {
      "module": "vb/action/builtin/forkAction",
      "parameters": {
        "actions": {
          "callRestGetSoMasterUpdateGetHoldCodes": "callRestGetSoMasterUpdateGetHoldCodes",
          "callRest": "callRestGetSoMasterUpdateGetStageLinesStatus",
          "callRestGetSoMasterUpdateGetNewSOs": "callRestGetSoMasterUpdateGetNewSOs",
          "callRestGetSoMasterUpdateGetReleasecodes": "callRestGetSoMasterUpdateGetReleasecodes",
          "callRestGetFrieghtCode": "callRestGetFrieghtCode",
          "callRestOrderStatusLOV": "callRestOrderStatusLOV",
          "callRestGetSoMasterUpdateGetApplyCode": "callRestGetSoMasterUpdateGetApplyCode",
          "callRestGetStageReleaseCodes": "callRestGetStageReleaseCodes",
          "callRestGetLineStatusLOV": "callRestGetLineStatusLOV"
        }
      }
    },
    "callRestGetSoMasterUpdateGetNewSOs": {
      "module": "vb/action/builtin/restAction",
      "parameters": {
        "endpoint": "devOrds/getSoMasterUpdateGetNewSOs"
      },
      "outcomes": {
        "failure": "fireNotification3",
        "success": "assignVariablesExportADP"
      }
    },
    "assignVariablesExportADP": {
      "module": "vb/action/builtin/assignVariablesAction",
      "parameters": {
        "$page.variables.ExportADP": {
          "source": {
            "data": "{{ $chain.results.callRestGetSoMasterUpdateGetNewSOs.body.items }}"
          },
          "reset": "none",
          "auto": "always"
        }
      }
    },
    "fireNotification3": {
      "module": "vb/action/builtin/fireNotificationEventAction",
      "parameters": {
        "target": "leaf",
        "summary": "Failed to Fetch New SOs",
        "type": "error",
        "displayMode": "persist"
      }
    },
    "fireNotification2": {
      "module": "vb/action/builtin/fireNotificationEventAction",
      "parameters": {
        "target": "leaf",
        "summary": "[[ $chain.results.callRestGetSoMasterUpdateGetReleasecodes.message.summary ]]",
        "type": "error",
        "displayMode": "persist"
      }
    },
    "callRestGetSoMasterUpdateGetReleasecodes": {
      "module": "vb/action/builtin/restAction",
      "parameters": {
        "endpoint": "devOrds/getSoMasterUpdateGetReleasecodes"
      },
      "outcomes": {
        "failure": "fireNotification2",
        "success": "assignVariablesReleaseCodeArray"
      }
    },
    "assignVariablesReleaseCodeArray": {
      "module": "vb/action/builtin/assignVariablesAction",
      "parameters": {
        "$page.variables.ReleaseCodeArray": {
          "source": "{{ $chain.results.callRestGetSoMasterUpdateGetReleasecodes.body.items }}"
        }
      }
    },
    "fireNotification4": {
      "module": "vb/action/builtin/fireNotificationEventAction",
      "parameters": {
        "target": "leaf",
        "summary": "[[ $chain.results.callRestGetFrieghtCode.message.summary ]]",
        "type": "error",
        "displayMode": "persist"
      }
    },
    "callRestGetFrieghtCode": {
      "module": "vb/action/builtin/restAction",
      "parameters": {
        "endpoint": "devOrds/getFrieghtCode"
      },
      "outcomes": {
        "failure": "fireNotification4",
        "success": "assignVariablesFreightCodeArray"
      }
    },
    "assignVariablesFreightCodeArray": {
      "module": "vb/action/builtin/assignVariablesAction",
      "parameters": {
        "$page.variables.FreightCodeArray": {
          "source": "{{ $chain.results.callRestGetFrieghtCode.body.items }}"
        }
      }
    },
    "fireNotification5": {
      "module": "vb/action/builtin/fireNotificationEventAction",
      "parameters": {
        "target": "leaf",
        "summary": "[[ $chain.results.callRestOrderStatusLOV.message.summary ]]",
        "type": "error",
        "displayMode": "persist"
      }
    },
    "callRestOrderStatusLOV": {
      "module": "vb/action/builtin/restAction",
      "parameters": {
        "endpoint": "devOrds/OrderStatusLOV"
      },
      "outcomes": {
        "failure": "fireNotification5",
        "success": "assignVariablesOrdersSoArray"
      }
    },
    "assignVariablesOrdersSoArray": {
      "module": "vb/action/builtin/assignVariablesAction",
      "parameters": {
        "$page.variables.OrdersSoArray": {
          "source": "{{ $chain.results.callRestOrderStatusLOV.body.items }}"
        }
      }
    },
    "fireNotification6": {
      "module": "vb/action/builtin/fireNotificationEventAction",
      "parameters": {
        "target": "leaf",
        "summary": "[[ $chain.results.callRestGetSoMasterUpdateGetApplyCode.message.summary ]]",
        "type": "error",
        "displayMode": "persist"
      }
    },
    "callRestGetSoMasterUpdateGetApplyCode": {
      "module": "vb/action/builtin/restAction",
      "parameters": {
        "endpoint": "devOrds/getSoMasterUpdateGetApplyCode"
      },
      "outcomes": {
        "failure": "fireNotification6",
        "success": "assignVariablesStageApplyCodesArray"
      }
    },
    "assignVariablesStageApplyCodesArray": {
      "module": "vb/action/builtin/assignVariablesAction",
      "parameters": {
        "$page.variables.StageApplyCodesArray": {
          "source": "{{ $chain.results.callRestGetSoMasterUpdateGetApplyCode.body.items }}"
        }
      }
    },
    "fireNotification7": {
      "module": "vb/action/builtin/fireNotificationEventAction",
      "parameters": {
        "target": "leaf",
        "summary": "[[ $chain.results.callRestGetStageReleaseCodes.message.summary ]]",
        "type": "error",
        "displayMode": "persist"
      }
    },
    "callRestGetStageReleaseCodes": {
      "module": "vb/action/builtin/restAction",
      "parameters": {
        "endpoint": "devOrds/getStageReleaseCodes"
      },
      "outcomes": {
        "failure": "fireNotification7",
        "success": "assignVariablesStageReleaseCodesArray"
      }
    },
    "assignVariablesStageReleaseCodesArray": {
      "module": "vb/action/builtin/assignVariablesAction",
      "parameters": {
        "$page.variables.StageReleaseCodesArray": {
          "source": "{{ $chain.results.callRestGetStageReleaseCodes.body.items }}"
        }
      }
    },
    "fireNotification8": {
      "module": "vb/action/builtin/fireNotificationEventAction",
      "parameters": {
        "target": "leaf",
        "summary": "[[ $chain.results.callRestGetLineStatusLOV.message.summary ]]",
        "type": "error",
        "displayMode": "persist"
      }
    },
    "callRestGetLineStatusLOV": {
      "module": "vb/action/builtin/restAction",
      "parameters": {
        "endpoint": "devOrds/getLineStatusLOV"
      },
      "outcomes": {
        "failure": "fireNotification8",
        "success": "assignVariablesLineStatusArray"
      }
    },
    "assignVariablesLineStatusArray": {
      "module": "vb/action/builtin/assignVariablesAction",
      "parameters": {
        "$page.variables.LineStatusArray": {
          "source": "{{ $chain.results.callRestGetLineStatusLOV.body.items }}"
        }
      }
    },
    "fireNotification9": {
      "module": "vb/action/builtin/fireNotificationEventAction",
      "parameters": {
        "target": "leaf",
        "summary": "[[ $chain.results.callRestGetSoMasterUpdateGetStageLinesStatus.message.summary ]]",
        "type": "error",
        "displayMode": "persist"
      }
    },
    "callRestGetSoMasterUpdateGetStageLinesStatus": {
      "module": "vb/action/builtin/restAction",
      "parameters": {
        "endpoint": "devOrds/getSoMasterUpdateGetStageLinesStatus"
      },
      "outcomes": {
        "failure": "fireNotification9",
        "success": "assignVariablesStageLineStatusArray"
      }
    },
    "assignVariablesStageLineStatusArray": {
      "module": "vb/action/builtin/assignVariablesAction",
      "parameters": {
        "$page.variables.StageLineStatusArray": {
          "source": "{{ $chain.results.callRestGetSoMasterUpdateGetStageLinesStatus.body.items }}"
        }
      }
    }
  }
}