{
    "items": [
        {
            "pre_reservation_number": 1000000000189,
            "inventory_organization": null,
            "requester": "thastings@pelotongroup.com",
            "approver": null,
            "reason_code": null,
            "reservation_type": null,
            "print_number": null,
            "expiration_date": null,
            "comments": null,
            "status": null,
            "created_by": "thastings@pelotongroup.com",
            "created_date": "2023-01-05T16:15:17Z",
            "last_updated_by": "thastings@pelotongroup.com",
            "last_update_date": "2023-01-05T16:15:17Z",
            "auto_clear_on_expiry_date": null
        },
        {
            "pre_reservation_number": 1000000000190,
            "inventory_organization": "INDY",
            "requester": "thastings@pelotongroup.com",
            "approver": null,
            "reason_code": null,
            "reservation_type": null,
            "print_number": null,
            "expiration_date": null,
            "comments": null,
            "status": null,
            "created_by": "thastings@pelotongroup.com",
            "created_date": "2023-01-05T16:18:57Z",
            "last_updated_by": "thastings@pelotongroup.com",
            "last_update_date": "2023-01-05T16:18:57Z",
            "auto_clear_on_expiry_date": null
        },
        {
            "pre_reservation_number": 1000000000182,
            "inventory_organization": "INDY",
            "requester": "thastings@pelotongroup.com",
            "approver": null,
            "reason_code": null,
            "reservation_type": "Regular",
            "print_number": null,
            "expiration_date": "0025-01-21T00:00:00Z",
            "comments": null,
            "status": null,
            "created_by": "thastings@pelotongroup.com",
            "created_date": "2023-01-04T20:09:18Z",
            "last_updated_by": "thastings@pelotongroup.com",
            "last_update_date": "2023-01-04T20:09:18Z",
            "auto_clear_on_expiry_date": null
        },
        {
            "pre_reservation_number": 1000000000259,
            "inventory_organization": null,
            "requester": "Taylor Hastings",
            "approver": null,
            "reason_code": "Order (Special – Pending)",
            "reservation_type": "Regular",
            "print_number": null,
            "expiration_date": "0025-01-21T00:00:00Z",
            "comments": null,
            "status": "In-Process",
            "created_by": "thastings@pelotongroup.com",
            "created_date": "2023-01-11T16:02:07Z",
            "last_updated_by": "thastings@pelotongroup.com",
            "last_update_date": "2023-01-11T16:02:07Z",
            "auto_clear_on_expiry_date": "No"
        },
        {
            "pre_reservation_number": 1000000000193,
            "inventory_organization": "INDY",
            "requester": "thastings@pelotongroup.com",
            "approver": null,
            "reason_code": null,
            "reservation_type": "Regular",
            "print_number": null,
            "expiration_date": "0019-01-21T00:00:00Z",
            "comments": null,
            "status": null,
            "created_by": "thastings@pelotongroup.com",
            "created_date": "2023-01-05T18:26:20Z",
            "last_updated_by": "thastings@pelotongroup.com",
            "last_update_date": "2023-01-05T18:26:20Z",
            "auto_clear_on_expiry_date": null
        },
        {
            "pre_reservation_number": 1000000000191,
            "inventory_organization": "INDY",
            "requester": "thastings@pelotongroup.com",
            "approver": null,
            "reason_code": null,
            "reservation_type": null,
            "print_number": null,
            "expiration_date": null,
            "comments": null,
            "status": null,
            "created_by": "thastings@pelotongroup.com",
            "created_date": "2023-01-05T16:19:34Z",
            "last_updated_by": "thastings@pelotongroup.com",
            "last_update_date": "2023-01-05T16:19:34Z",
            "auto_clear_on_expiry_date": null
        },
        {
            "pre_reservation_number": 1000000000258,
            "inventory_organization": null,
            "requester": "Mrunal",
            "approver": "adfas",
            "reason_code": "Author Order",
            "reservation_type": "Regular",
            "print_number": null,
            "expiration_date": "0028-02-21T00:00:00Z",
            "comments": "Test Data",
            "status": "In-Process",
            "created_by": "arcosta@pelotongroup.com",
            "created_date": "2023-01-11T15:19:37Z",
            "last_updated_by": "arcosta@pelotongroup.com",
            "last_update_date": "2023-01-11T15:19:37Z",
            "auto_clear_on_expiry_date": "Yes"
        },
        {
            "pre_reservation_number": 1000000000194,
            "inventory_organization": null,
            "requester": "thastings@pelotongroup.com",
            "approver": null,
            "reason_code": null,
            "reservation_type": "Regular",
            "print_number": null,
            "expiration_date": null,
            "comments": null,
            "status": null,
            "created_by": "thastings@pelotongroup.com",
            "created_date": "2023-01-05T21:56:13Z",
            "last_updated_by": "thastings@pelotongroup.com",
            "last_update_date": "2023-01-05T21:56:13Z",
            "auto_clear_on_expiry_date": null
        }
    ],
    "hasMore": false,
    "limit": 25,
    "offset": 0,
    "count": 8,
    "links": [
        {
            "rel": "self",
            "href": "https://10.2.0.169:8081/ords/hbg_integration/ReservationsUI/ReservationHeader?p_item_code=9780824919351"
        },
        {
            "rel": "edit",
            "href": "https://10.2.0.169:8081/ords/hbg_integration/ReservationsUI/ReservationHeader?p_item_code=9780824919351"
        },
        {
            "rel": "describedby",
            "href": "https://10.2.0.169:8081/ords/hbg_integration/metadata-catalog/ReservationsUI/item"
        },
        {
            "rel": "first",
            "href": "https://10.2.0.169:8081/ords/hbg_integration/ReservationsUI/ReservationHeader?p_item_code=9780824919351"
        }
    ]
}