{
    "items": [
        {
            "item_number": "9781566916936",
            "inventory_item_id": 100000000604701
        },
        {
            "item_number": "9780316596756",
            "inventory_item_id": 100000000586722
        },
        {
            "item_number": "9780316129978",
            "inventory_item_id": 100000000587722
        },
        {
            "item_number": "9781638830306",
            "inventory_item_id": 100000086343228
        },
        {
            "item_number": "9780316417181",
            "inventory_item_id": 100000000608601
        },
        {
            "item_number": "9781455508488",
            "inventory_item_id": 100000000609701
        },
        {
            "item_number": "9781565125223",
            "inventory_item_id": 100000174523659
        },
        {
            "item_number": "9781523509539",
            "inventory_item_id": 100000174522701
        },
        {
            "item_number": "9798885851275",
            "inventory_item_id": 100000154638641
        },
        {
            "item_number": "9781455590506-PB2",
            "inventory_item_id": 100000160020954
        },
        {
            "item_number": "9780316258678-JKT1",
            "inventory_item_id": 100000161202917
        },
        {
            "item_number": "9781668616383",
            "inventory_item_id": 100000161203013
        },
        {
            "item_number": "9780316628204-PB2",
            "inventory_item_id": 100000162964939
        },
        {
            "item_number": "9781619698420",
            "inventory_item_id": 100000000595702
        },
        {
            "item_number": "9780762409853",
            "inventory_item_id": 100000000616301
        },
        {
            "item_number": "9781600244575",
            "inventory_item_id": 100000000612703
        },
        {
            "item_number": "9781455583331",
            "inventory_item_id": 100000000623718
        },
        {
            "item_number": "9780316358552",
            "inventory_item_id": 100000000624818
        },
        {
            "item_number": "9780306827808",
            "inventory_item_id": 100000086207058
        },
        {
            "item_number": "9780316403757",
            "inventory_item_id": 100000000613822
        },
        {
            "item_number": "9780316779425-PB1",
            "inventory_item_id": 100000158233915
        },
        {
            "item_number": "9780316523523",
            "inventory_item_id": 100000000499047
        },
        {
            "item_number": "9781478974819",
            "inventory_item_id": 100000000598681
        },
        {
            "item_number": "9780316448611",
            "inventory_item_id": 100000000498032
        },
        {
            "item_number": "9781975345358",
            "inventory_item_id": 100000217325686
        },
        {
            "item_number": "9780316333924",
            "inventory_item_id": 100000055800529
        },
        {
            "item_number": "9781549164910",
            "inventory_item_id": 100000061132545
        },
        {
            "item_number": "9781668606278",
            "inventory_item_id": 100000085904874
        },
        {
            "item_number": "9781640494947",
            "inventory_item_id": 100000008625581
        },
        {
            "item_number": "9780316264945",
            "inventory_item_id": 100000000495540
        },
        {
            "item_number": "9780316186667",
            "inventory_item_id": 100000000494274
        },
        {
            "item_number": "9780446698016",
            "inventory_item_id": 100000000502541
        },
        {
            "item_number": "9781478993278",
            "inventory_item_id": 100000000507541
        },
        {
            "item_number": "9781603425810",
            "inventory_item_id": 100000174525526
        },
        {
            "item_number": "9781401300388",
            "inventory_item_id": 100000000606396
        },
        {
            "item_number": "9780316736909",
            "inventory_item_id": 100000000612718
        },
        {
            "item_number": "9780446611657",
            "inventory_item_id": 100000000605029
        },
        {
            "item_number": "9780761121374",
            "inventory_item_id": 100000174519169
        },
        {
            "item_number": "9781604691085",
            "inventory_item_id": 100000174525875
        },
        {
            "item_number": "9798885851169",
            "inventory_item_id": 100000154638630
        },
        {
            "item_number": "9780761149385",
            "inventory_item_id": 100000174519783
        },
        {
            "item_number": "9781580178389",
            "inventory_item_id": 100000174525126
        },
        {
            "item_number": "9780306762093",
            "inventory_item_id": 100000000622282
        },
        {
            "item_number": "9781549140259",
            "inventory_item_id": 100000000616035
        },
        {
            "item_number": "9780813350776",
            "inventory_item_id": 100000000617135
        },
        {
            "item_number": "9780759503359",
            "inventory_item_id": 100000000625923
        },
        {
            "item_number": "9781455594894",
            "inventory_item_id": 100000000618223
        },
        {
            "item_number": "9781546010555-PB4",
            "inventory_item_id": 100000163447980
        },
        {
            "item_number": "9780316381994",
            "inventory_item_id": 100000000497047
        },
        {
            "item_number": "9780316230599",
            "inventory_item_id": 100000000586676
        },
        {
            "item_number": "9781616202408",
            "inventory_item_id": 100000174526832
        },
        {
            "item_number": "9780761140764",
            "inventory_item_id": 100000174519532
        },
        {
            "item_number": "9780761188377",
            "inventory_item_id": 100000176593440
        },
        {
            "item_number": "9781523515493",
            "inventory_item_id": 100000174523054
        },
        {
            "item_number": "9781616200145",
            "inventory_item_id": 100000174526658
        },
        {
            "item_number": "9780761174882",
            "inventory_item_id": 100000174520631
        },
        {
            "item_number": "9781565120440",
            "inventory_item_id": 100000174523365
        },
        {
            "item_number": "9780881924930",
            "inventory_item_id": 100000174521449
        },
        {
            "item_number": "9781579655693",
            "inventory_item_id": 100000174524328
        },
        {
            "item_number": "9781635860290",
            "inventory_item_id": 100000174527450
        },
        {
            "item_number": "9781603425926",
            "inventory_item_id": 100000174525534
        },
        {
            "item_number": "9781580171816",
            "inventory_item_id": 100000174524740
        },
        {
            "item_number": "9780945575337",
            "inventory_item_id": 100000176593584
        },
        {
            "item_number": "9781603427432",
            "inventory_item_id": 100000176594063
        },
        {
            "item_number": "9781580176811",
            "inventory_item_id": 100000176594017
        },
        {
            "item_number": "9781612125305",
            "inventory_item_id": 100000174526381
        },
        {
            "item_number": "9781616200152",
            "inventory_item_id": 100000174526659
        },
        {
            "item_number": "9781616206932",
            "inventory_item_id": 100000174527210
        },
        {
            "item_number": "9781616206901",
            "inventory_item_id": 100000174527207
        },
        {
            "item_number": "9781603422741",
            "inventory_item_id": 100000174525276
        },
        {
            "item_number": "9780881924947",
            "inventory_item_id": 100000174521450
        },
        {
            "item_number": "9781616206918",
            "inventory_item_id": 100000174527208
        },
        {
            "item_number": "9781635862812",
            "inventory_item_id": 100000174527618
        },
        {
            "item_number": "9780761153412",
            "inventory_item_id": 100000174519917
        },
        {
            "item_number": "9781604695533",
            "inventory_item_id": 100000176594249
        },
        {
            "item_number": "9780881926989",
            "inventory_item_id": 100000176593496
        },
        {
            "item_number": "9781616209490",
            "inventory_item_id": 100000176594698
        },
        {
            "item_number": "9780881925197",
            "inventory_item_id": 100000174521460
        },
        {
            "item_number": "9780761123774",
            "inventory_item_id": 100000174519221
        },
        {
            "item_number": "9781616206666",
            "inventory_item_id": 100000174527188
        },
        {
            "item_number": "9781612120898",
            "inventory_item_id": 100000174526245
        },
        {
            "item_number": "9780316019989",
            "inventory_item_id": 100000000512433
        },
        {
            "item_number": "9780316393409",
            "inventory_item_id": 100000000518314
        },
        {
            "item_number": "9780316425933",
            "inventory_item_id": 100000001018522
        },
        {
            "item_number": "9780356203140",
            "inventory_item_id": 100000000478441
        },
        {
            "item_number": "9780316698771",
            "inventory_item_id": 100000000476941
        },
        {
            "item_number": "9780316506052",
            "inventory_item_id": 100000000476041
        },
        {
            "item_number": "9780316454094",
            "inventory_item_id": 100000000442524
        },
        {
            "item_number": "9780445206229",
            "inventory_item_id": 100000000521403
        },
        {
            "item_number": "9780316433075",
            "inventory_item_id": 100000000552783
        },
        {
            "item_number": "9780316381680",
            "inventory_item_id": 100000000497035
        },
        {
            "item_number": "9780316327251",
            "inventory_item_id": 100000000538800
        },
        {
            "item_number": "9780316419918",
            "inventory_item_id": 100000000553546
        },
        {
            "item_number": "9780316420754",
            "inventory_item_id": 100000086306283
        },
        {
            "item_number": "9780316448710",
            "inventory_item_id": 100000000498035
        },
        {
            "item_number": "9780316507226",
            "inventory_item_id": 100000000476047
        },
        {
            "item_number": "9780445209084",
            "inventory_item_id": 100000000521415
        },
        {
            "item_number": "9780316738804",
            "inventory_item_id": 100000000604799
        },
        {
            "item_number": "9780316558501",
            "inventory_item_id": 100000000476437
        },
        {
            "item_number": "9780445203082",
            "inventory_item_id": 100000000478523
        }
    ],
    "hasMore": true,
    "limit": 100,
    "offset": 0,
    "count": 100,
    "links": [
        {
            "rel": "self",
            "href": "https://10.2.0.169:8081/ords/hbg_integration/salesCredit/getallISBN"
        },
        {
            "rel": "describedby",
            "href": "https://10.2.0.169:8081/ords/hbg_integration/metadata-catalog/salesCredit/item"
        },
        {
            "rel": "first",
            "href": "https://10.2.0.169:8081/ords/hbg_integration/salesCredit/getallISBN"
        },
        {
            "rel": "next",
            "href": "https://10.2.0.169:8081/ords/hbg_integration/salesCredit/getallISBN?offset=100"
        }
    ]
}