{
    "items": [
        {
            "description": "(QUARTO) MBI AUTHOR / CONTRIBUTORS"
        },
        {
            "description": "AATP"
        },
        {
            "description": "ABRAMS LIBRARY APPROVAL PLAN"
        },
        {
            "description": "ABRAMS NET PRICING"
        },
        {
            "description": "AFFILIATED EMPLOYEES"
        },
        {
            "description": "AGENCY ACCOUNTS (ABRAMS)"
        },
        {
            "description": "APDC"
        },
        {
            "description": "AUTHORIZED REPLICATOR"
        },
        {
            "description": "AUTHORS & CONTRIBUTORS"
        },
        {
            "description": "AUTOMATIC DISTRIBUTION//GIFTING"
        },
        {
            "description": "Advertising Coop Account"
        },
        {
            "description": "BOOK CLUB"
        },
        {
            "description": "Better Book (IK)"
        },
        {
            "description": "Bill Only -- Do Not Ship"
        },
        {
            "description": "CANADA"
        },
        {
            "description": "CANADA CAMPUS STORES"
        },
        {
            "description": "CANADA EDUCATIONAL SALES"
        },
        {
            "description": "CANADA EXPORT ACCOUNT"
        },
        {
            "description": "CANADA FREE & REVIEW"
        },
        {
            "description": "CANADA ID WHOLESALERS"
        },
        {
            "description": "CANADA LIBRARY DISTRIBUTOR"
        },
        {
            "description": "CANADA MASS MERCHANT"
        },
        {
            "description": "CANADA NONRETURNABLE RETAILER"
        },
        {
            "description": "CANADA NONTRADITIONAL ACCOUNT"
        },
        {
            "description": "CANADA RETURNABLE BOOK CHAIN"
        }
    ],
    "hasMore": true,
    "limit": 25,
    "offset": 0,
    "count": 25,
    "links": [
        {
            "rel": "self",
            "href": "https://10.2.0.169:8081/ords/hbg_integration/ReservationsUI/getAccountTypeLov"
        },
        {
            "rel": "describedby",
            "href": "https://10.2.0.169:8081/ords/hbg_integration/metadata-catalog/ReservationsUI/item"
        },
        {
            "rel": "first",
            "href": "https://10.2.0.169:8081/ords/hbg_integration/ReservationsUI/getAccountTypeLov"
        },
        {
            "rel": "next",
            "href": "https://10.2.0.169:8081/ords/hbg_integration/ReservationsUI/getAccountTypeLov?offset=25"
        }
    ]
}