{
    "items": [
        {
            "customer_po_number": "999999999"
        },
        {
            "customer_po_number": "PO123XYZ"
        },
        {
            "customer_po_number": null
        },
        {
            "customer_po_number": "88888888"
        },
        {
            "customer_po_number": "PO1234XYZ"
        }
    ],
    "hasMore": false,
    "limit": 100,
    "offset": 0,
    "count": 5,
    "links": [
        {
            "rel": "self",
            "href": "https://10.2.0.169:8081/ords/hbg_integration/salesCredit/getAllPONums"
        },
        {
            "rel": "describedby",
            "href": "https://10.2.0.169:8081/ords/hbg_integration/metadata-catalog/salesCredit/item"
        },
        {
            "rel": "first",
            "href": "https://10.2.0.169:8081/ords/hbg_integration/salesCredit/getAllPONums"
        }
    ]
}