{
    "items": [
        {
            "owner_id": 3163541030,
            "flex_value": "AB- Abrams Books",
            "owner_code": "AB"
        }
    ],
    "hasMore": false,
    "limit": 1000,
    "offset": 0,
    "count": 1,
    "links": [
        {
            "rel": "self",
            "href": "https://10.2.0.169:8081/ords/hbg_integration/Common/getOwners?owner_code=ab"
        },
        {
            "rel": "describedby",
            "href": "https://10.2.0.169:8081/ords/hbg_integration/metadata-catalog/Common/item"
        },
        {
            "rel": "first",
            "href": "https://10.2.0.169:8081/ords/hbg_integration/Common/getOwners?owner_code=ab"
        }
    ]
}