{
    "items": [
        {
            "dist_channel_id": 100002,
            "distribution_channel": 123456,
            "dist_channel_description": "TEST1",
            "owner": "TEST_OWNER1",
            "owner_description": "TEST_OWNER_DESCRIPTION1",
            "reporting_group": 123456,
            "reporting_group_description": "TEST_REPORTING_GROUP1",
            "entered_by": "USER1",
            "entered_date": null,
            "updated_by": "USER1",
            "updated_date": null,
            "start_date": null,
            "end_date": null
        },
        {
            "dist_channel_id": 100002,
            "distribution_channel": 123456,
            "dist_channel_description": "TEST1",
            "owner": "TEST_OWNER1",
            "owner_description": "TEST_OWNER_DESCRIPTION1",
            "reporting_group": 123456,
            "reporting_group_description": "TEST_REPORTING_GROUP1",
            "entered_by": "USER1",
            "entered_date": null,
            "updated_by": "USER1",
            "updated_date": null,
            "start_date": null,
            "end_date": null
        }
    ],
    "hasMore": false,
    "limit": 100,
    "offset": 0,
    "count": 2,
    "links": [
        {
            "rel": "self",
            "href": "https://10.2.0.169:8081/ords/hbg_integration/salesCredit/DistributionChannel?P_DISTRIBUTION_CHANNEL=123456"
        },
        {
            "rel": "edit",
            "href": "https://10.2.0.169:8081/ords/hbg_integration/salesCredit/DistributionChannel?P_DISTRIBUTION_CHANNEL=123456"
        },
        {
            "rel": "describedby",
            "href": "https://10.2.0.169:8081/ords/hbg_integration/metadata-catalog/salesCredit/item"
        },
        {
            "rel": "first",
            "href": "https://10.2.0.169:8081/ords/hbg_integration/salesCredit/DistributionChannel?P_DISTRIBUTION_CHANNEL=123456"
        }
    ]
}