{
  "description": "",
  "root": "resetVariablesSalesfrceCreateObj",
  "actions": {
    "callComponentOjDialog10266329321Open": {
      "module": "vb/action/builtin/callComponentMethodAction",
      "parameters": {
        "component": "{{ document.getElementById('oj-dialog-1026632932-1') }}",
        "method": "open"
      }
    },
    "resetVariablesSalesfrceCreateObj": {
      "module": "vb/action/builtin/resetVariablesAction",
      "parameters": {
        "variables": [
          "$page.variables.SalesfrceCreateObj"
        ]
      },
      "outcomes": {
        "success": "callComponentOjDialog10266329321Open"
      }
    }
  },
  "variables": {}
}