{
  "description": "",
  "root": "assignVariablesRowSalesForceId",
  "actions": {

    "callChainFetchDivisionsDate": {
      "module": "vb/action/builtin/callChainAction",
      "parameters": {
        "id": "FetchDivisionsDate"
      }
    },
    "assignVariablesRowSalesForceId": {
      "module": "vb/action/builtin/assignVariablesAction",
      "parameters": {
        "$page.variables.RowSalesForceId": {
          "source": "{{ $variables.current.row.sales_force_id }}"
        },
        "$page.variables.DivisionsCreateObj": {
          "source": {
            "sales_force_id": "$variables.current.row.sales_force_id"
          },
          "reset": "none",
          "auto": "always"
        }
      },
      "outcomes": {
        "success": "callChainFetchDivisionsDate"
      }
    }
  },
  "variables": {
    "key": {
      "required": true,
      "type": "any",
      "input": "fromCaller"
    },
    "index": {
      "required": true,
      "type": "number",
      "input": "fromCaller"
    },
    "current": {
      "required": true,
      "type": "any",
      "input": "fromCaller"
    }
  }
}