{
  "description": "",
  "root": "assignVariablesSalesRowdata",
  "actions": {
    "fireDataProviderEventSalesForceADP": {
      "module": "vb/action/builtin/fireDataProviderEventAction",
      "parameters": {
        "target": "[[ $page.variables.salesForceADP ]]",
        "update": {

          "data": "{{ $page.variables.salesRowdata }}",
          "keys": "{{ $variables.rowKey }}"
        }
      }
    },
    "assignVariablesSalesRowdata": {
      "module": "vb/action/builtin/assignVariablesAction",
      "parameters": {
        "$page.variables.salesRowdata": {
          "source": {
            "external_checkbox": "{{ $page.variables.salesRowdata.external_checkbox_dummy[0] === \"Yes\" ? \"Yes\" : \"No\" }}"
          },
          "reset": "none",
          "auto": "always"
        }
      },
      "outcomes": {
        "success": "fireDataProviderEventSalesForceADP"
      }
    }
  },
  "variables": {
    "cancelEdit": {
      "required": true,
      "type": "any",
      "input": "fromCaller"
    },
    "rowKey": {
      "required": true,
      "type": "any",
      "input": "fromCaller"
    },
    "rowIndex": {
      "required": true,
      "type": "number",
      "input": "fromCaller"
    },
    "rowData": {
      "required": true,
      "type": "any",
      "input": "fromCaller"
    }
  }
}