{
  "description": "",
  "root": "assignVariablesSalesRowdata",
  "actions": {
    "assignVariablesSalesRowdata": {
      "module": "vb/action/builtin/assignVariablesAction",
      "parameters": {
        "$page.variables.salesRowdata": {
          "source": {
              "company": "{{ $variables.rowData.company }}",
              "edelweiss": "{{ $variables.rowData.edelweiss }}",
              "end_date": "{{ $variables.rowData.end_date }}",
              "entered_by": "{{ $variables.rowData.entered_by }}",
              "entered_date": "{{ $variables.rowData.entered_date }}",
              "notes": "{{ $variables.rowData.notes }}",
              "sales_force_id": "{{ $variables.rowData.sales_force_id }}",
              "sales_force_name": "{{ $variables.rowData.sales_force_name }}",
              "sales_force_number": "{{ $variables.rowData.sales_force_number }}",
              "sf_maintenance_id": "{{ $variables.rowData.sf_maintenance_id }}",
              "start_date": "{{ $variables.rowData.start_date }}",
              "status": "{{ $variables.rowData.status }}",
              "updated_by": "{{ $variables.rowData.updated_by }}",
              "updated_date": "{{ $variables.rowData.updated_date }}",
              "external_checkbox_dummy": "{{ $variables.rowData.external_checkbox == ['Yes']?['Yes'] : ['No'] }}"
            },
          "reset": "none",
          "auto": "always"

        }
      }
    }
  },
  "variables": {
    "rowKey": {
      "required": true,
      "type": "any",
      "input": "fromCaller"
    },
    "rowIndex": {
      "required": true,
      "type": "number",
      "input": "fromCaller"
    },
    "rowData": {
      "required": true,
      "type": "any",
      "input": "fromCaller"
    }
  }
}