{
  "description": "",
  "root": "",
  "actions": {},
  "variables": {
    "CurrentCompany": {
      "type": "string"
    },
    "CurrentEndDate": {
      "type": "string"
    },
    "CurrentExternalCheckBox": {
      "type": "string"
    },
    "CurrentSFName": {
      "type": "string"
    },
    "CurrentSFNumber": {
      "type": "string"
    },
    "CurrentStartDate": {
      "type": "string"
    },
    "CurrentStatus": {
      "type": "string"
    },
    "CurrrentEdelweiss": {
      "type": "string"
    }
  }
}