{
  "description": "",
  "root": "callFunctionValidateGroup",
  "actions": {

    "fireNotification": {
      "module": "vb/action/builtin/fireNotificationEventAction",
      "parameters": {
        "target": "leaf",
        "summary": "[[ $chain.results.callRestPostSalesCreditDivisionData.body.x_return_status ]]",
        "type": "error",
        "displayMode": "transient"
      }
    },
    "callRestPostSalesCreditDivisionData": {
      "module": "vb/action/builtin/restAction",
      "parameters": {
        "endpoint": "devOrds/postSalesCreditDivisionData",
        "body": "{{ $page.variables.DivisionsCreateObj }}"
      },
      "outcomes": {
        "failure": "fireNotification",
        "success": "if2"
      }
    },
    "callComponentOjDialog10266329323Close": {
      "module": "vb/action/builtin/callComponentMethodAction",
      "parameters": {
        "component": "{{ document.getElementById('oj-dialog-1026632932-3') }}",
        "method": "close"
      }
    },
    "assignVariablesDivisionsCreateObj": {
      "module": "vb/action/builtin/assignVariablesAction",
      "parameters": {
        "$page.variables.DivisionsCreateObj": {
          "source": {
            "updated_by": "{{ $application.user.email }}",
            "entered_by": "{{ $application.user.email }}",
            "sf_div_id": "{{ $page.variables.createsalesforceID }}"
          },
          "reset": "none",
          "auto": "always"
        }
      },
      "outcomes": {
        "success": "callRestPostSalesCreditDivisionData"
      }
    },
    "fireNotification3": {
      "module": "vb/action/builtin/fireNotificationEventAction",
      "parameters": {
        "target": "leaf",
        "summary": "Sales Division Created Successfully",
        "type": "confirmation",
        "displayMode": "transient"
      },
      "outcomes": {
        "success": "callChainFetchDivisionsDate"
      }
    },
    "callFunctionValidateGroup": {
      "module": "vb/action/builtin/callModuleFunctionAction",
      "parameters": {
        "module": "[[ $application.functions ]]",
        "functionName": "validateGroup",
        "params": [
          "divisionvalidation"
        ]
      },
      "outcomes": {
        "success": "if"
      }
    },
    "if": {
      "module": "vb/action/builtin/ifAction",
      "parameters": {
        "condition": "[[ $chain.results.callFunctionValidateGroup === 'valid' ]]"
      },
      "outcomes": {
        "true": "assignVariablesDivisionsCreateObj"
      }
    },
    "callChainFetchDivisionsDate": {
      "module": "vb/action/builtin/callChainAction",
      "parameters": {
        "id": "FetchDivisionsDate"
      },
      "outcomes": {
        "success": "callComponentOjDialog10266329323Close"
      }
    },
    "if2": {
      "module": "vb/action/builtin/ifAction",
      "parameters": {
        "condition": "[[ $chain.results.callRestPostSalesCreditDivisionData.body.x_return_status === \"SUCCESS\" ]]"
      },
      "outcomes": {
        "true": "fireNotification3",
        "false": "fireNotification2"
      }
    },
    "fireNotification2": {
      "module": "vb/action/builtin/fireNotificationEventAction",
      "parameters": {
        "target": "leaf",
        "summary": "[[ $chain.results.callRestPostSalesCreditDivisionData.body.x_return_status ]]",
        "displayMode": "transient"
      }
    }
  },
  "variables": {}
}