{
  "description": "",
  "root": "callFunctionValidateGroup",
  "actions": {

    "fireNotification": {
      "module": "vb/action/builtin/fireNotificationEventAction",
      "parameters": {
        "target": "leaf",
        "summary": "failed to Create Sales Force",
        "type": "error",
        "displayMode": "transient"
      }
    },
    "callRestPostSalesCreditSalesforceMaintainance": {
      "module": "vb/action/builtin/restAction",
      "parameters": {
        "endpoint": "devOrds/postSalesCreditSalesforceMaintainance",
        "body": "{{ $page.variables.SalesfrceCreateObj }}"
      },
      "outcomes": {
        "failure": "fireNotification",
        "success": "if3"
      }
    },
    "callComponentOjDialog10266329321Close": {
      "module": "vb/action/builtin/callComponentMethodAction",
      "parameters": {
        "component": "{{ document.getElementById('oj-dialog-1026632932-1') }}",
        "method": "close"
      },
      "outcomes": {
        "success": "callComponentSalesforcenumlovRefresh"
      }
    },
    "assignVariablesSalesfrceCreateObj": {
      "module": "vb/action/builtin/assignVariablesAction",
      "parameters": {
        "$page.variables.SalesfrceCreateObj": {
          "source": {

            "UPDATED_BY": "{{ $application.user.email }}",
            "ENTERED_BY": "{{ $application.user.email }}"
          },
          "reset": "none",
          "auto": "always"
        }
      },
      "outcomes": {
        "success": "callRestPostSalesCreditSalesforceMaintainance"
      }
    },
    "resetVariablesSalesfrceCreateObj": {
      "module": "vb/action/builtin/resetVariablesAction",
      "parameters": {
        "variables": [
          "$page.variables.SalesfrceCreateObj"
        ]
      },
      "outcomes": {
        "success": "callChainSearchBtnAction"
      }
    },
    "callChainSearchBtnAction": {
      "module": "vb/action/builtin/callChainAction",
      "parameters": {
        "id": "SearchBtnAction"
      },
      "outcomes": {
        "success": "callComponentOjDialog10266329321Close"
      }
    },
    "fireNotification3": {
      "module": "vb/action/builtin/fireNotificationEventAction",
      "parameters": {
        "target": "leaf",
        "summary": "Sales Force Created Successfully",
        "type": "confirmation",
        "displayMode": "transient"
      },
      "outcomes": {
        "success": "resetVariablesSalesfrceCreateObj"
      }
    },
    "callComponentSalesforcelovRefresh": {
      "module": "vb/action/builtin/callComponentMethodAction",
      "parameters": {
        "component": "{{ document.getElementById('salesforcelov') }}",
        "method": "refresh"
      },
      "outcomes": {
        "success": "callChainFetchSalesForceLOVAction"
      }
    },
    "callFunctionValidateGroup": {
      "module": "vb/action/builtin/callModuleFunctionAction",
      "parameters": {
        "module": "[[ $application.functions ]]",
        "functionName": "validateGroup",
        "params": [
          "salesforcevalidation"
        ]
      },
      "outcomes": {
        "success": "if"
      }
    },
    "if": {
      "module": "vb/action/builtin/ifAction",
      "parameters": {
        "condition": "[[ $chain.results.callFunctionValidateGroup === 'valid' ]]"
      },
      "outcomes": {
        "true": "assignVariablesSalesfrceCreateObj"
      }
    },
    "callComponentSalesforcenumlovRefresh": {
      "module": "vb/action/builtin/callComponentMethodAction",
      "parameters": {
        "component": "{{ document.getElementById('salesforcenumlov') }}",
        "method": "refresh"
      },
      "outcomes": {
        "success": "callComponentSalesforcelovRefresh"
      }
    },
    "assignVariablesCreatesalesforceID": {
      "module": "vb/action/builtin/assignVariablesAction",
      "parameters": {
        "$page.variables.createsalesforceID": {
          "source": "{{ $chain.results.callRestPostSalesCreditSalesforceMaintainance.body.p_sales_force_id }}"
        }
      },
      "outcomes": {
        "success": "fireNotification3"
      }
    },
    "if3": {
      "module": "vb/action/builtin/ifAction",
      "parameters": {
        "condition": "[[ $chain.results.callRestPostSalesCreditSalesforceMaintainance.body.X_RETURN_STATUS === \"SUCCESS\" ]]"
      },
      "outcomes": {
        "true": "assignVariablesCreatesalesforceID",
        "false": "fireNotification4"
      }
    },
    "fireNotification4": {
      "module": "vb/action/builtin/fireNotificationEventAction",
      "parameters": {
        "target": "leaf",
        "summary": "[[ $chain.results.callRestPostSalesCreditSalesforceMaintainance.body.X_RETURN_STATUS ]]",
        "displayMode": "transient"
      }
    },
    "callChainFetchSalesForceLOVAction": {
      "module": "vb/action/builtin/callChainAction",
      "parameters": {
        "id": "FetchSalesForceLOVAction"
      }
    }
  },
  "variables": {}
}