{
  "description": "",
  "root": "callRestDeleteSalesCreditSalesforceMaintainance",
  "actions": {
    "fireNotification": {
      "module": "vb/action/builtin/fireNotificationEventAction",
      "parameters": {
        "target": "leaf",
        "summary": "[[ $chain.results.callRestDeleteSalesCreditSalesforceMaintainance.message.summary ]]",
        "type": "error",
        "displayMode": "persist"
      }
    },
    "callRestDeleteSalesCreditSalesforceMaintainance": {
      "module": "vb/action/builtin/restAction",
      "parameters": {
        "endpoint": "devOrds/deleteSalesCreditSalesforceMaintainance",
        "uriParams": {
          "sales_force_id": "{{ $variables.current.row.sales_force_id }}"
        }
      },
      "outcomes": {
        "failure": "fireNotification",
        "success": "callChainSearchBtnAction"
      }
    },
    "callChainSearchBtnAction": {
      "module": "vb/action/builtin/callChainAction",
      "parameters": {
        "id": "SearchBtnAction"
      }
    }
  },
  "variables": {
    "Current_Record_ID": {
      "type": "string",
      "required": false,
      "input": "fromCaller"
    },
    "key": {
      "required": true,
      "type": "any",
      "input": "fromCaller"
    },
    "index": {
      "required": true,
      "type": "number",
      "input": "fromCaller"
    },
    "current": {
      "required": true,
      "type": "any",
      "input": "fromCaller"
    }
  }
}