{
  "description": "",
  "root": "assignVariablesRowDivision",
  "actions": {
    "assignVariablesRowDivision": {
      "module": "vb/action/builtin/assignVariablesAction",
      "parameters": {
        "$page.variables.RowDivision": {
          "source": "{{ $variables.rowData.sf_div_id }}"
        }
      }
    }
  },
  "variables": {
    "rowKey": {
      "required": true,
      "type": "any",
      "input": "fromCaller"
    },
    "rowData": {
      "required": true,
      "type": "any",
      "input": "fromCaller"
    }
  }
}