{
  "description": "",
  "root": "assignVariablesDivsionsRowData",
  "actions": {
    "assignVariablesDivsionsRowData": {
      "module": "vb/action/builtin/assignVariablesAction",
      "parameters": {
        "$page.variables.divsionsRowData": {
          "source": {
              "division_name": "{{ $variables.rowData.division_name }}",
              "division_number": "{{ $variables.rowData.division_number }}",
              "end_date": "{{ $variables.rowData.end_date }}",
              "entered_by": "{{ $variables.rowData.entered_by }}",
              "entered_date": "{{ $variables.rowData.entered_date }}",
              "external_checkbox": "{{ $variables.rowData.external_checkbox }}",
              "notes": "{{ $variables.rowData.notes }}",
              "sales_force_id": "{{ $variables.rowData.sales_force_id }}",
              "sf_div_id": "{{ $variables.rowData.sf_div_id }}",
              "sf_maintenance_id": "{{ $variables.rowData.sf_maintenance_id }}",
              "start_date": "{{ $variables.rowData.start_date }}",
              "status": "{{ $variables.rowData.status }}",
              "updated_by": "{{ $variables.rowData.updated_by }}",
              "updated_date": "{{ $variables.rowData.updated_date }}",
              "external_checkbox_dummy": "{{ $variables.rowData.external_checkbox == ['Yes']?['Yes'] : ['No'] }}"
            },
          "reset": "none",
          "auto": "always"
        }
      }
    }
  },
  "variables": {
    "rowKey": {
      "required": true,
      "type": "any",
      "input": "fromCaller"
    },
    "rowIndex": {
      "required": true,
      "type": "number",
      "input": "fromCaller"
    },
    "rowData": {
      "required": true,
      "type": "any",
      "input": "fromCaller"
    }
  }
}