{
  "description": "",
  "root": "assignVariablesDivisionsCreateObj",
  "actions": {
    "assignVariablesDivisionsCreateObj": {
      "module": "vb/action/builtin/assignVariablesAction",
      "parameters": {
        "$page.variables.DivisionsCreateObj": {
          "source": {
            "external_checkbox": "{{ $variables.value[0] === \"Yes\" ? \"Yes\" : \"No\" }}"
          },
          "reset": "none",
          "auto": "always"
        }
      }
    }
  },
  "variables": {
    "value": {
      "required": true,
      "type": "any[]",
      "input": "fromCaller"
    }
  }
}