{
  "description": "",
  "root": "if",
  "actions": {
    "callComponentOjDialog10266329323Open": {
      "module": "vb/action/builtin/callComponentMethodAction",
      "parameters": {
        "component": "{{ document.getElementById('oj-dialog-1026632932-3') }}",
        "method": "open"
      }
    },
    "resetVariablesDivisionsCreateObj": {
      "module": "vb/action/builtin/resetVariablesAction",
      "parameters": {
        "variables": [
          "$page.variables.DivisionsCreateObj"
        ]
      },
      "outcomes": {
        "success": "callComponentOjDialog10266329323Open"
      }
    },
    "if": {
      "module": "vb/action/builtin/ifAction",
      "parameters": {
        "condition": "[[ $page.variables.RowSalesForceId === \"\" || $page.variables.RowSalesForceId === null || typeof $page.variables.RowSalesForceId === \"undefined\" ]]"
      },
      "outcomes": {
        "false": "resetVariablesDivisionsCreateObj",
        "true": "fireNotification"
      }
    },
    "fireNotification": {
      "module": "vb/action/builtin/fireNotificationEventAction",
      "parameters": {
        "target": "leaf",
        "summary": "Select a Sales Force To Create Divisions",
        "displayMode": "persist"
      }
    }
  },
  "variables": {}
}