{
  "root": "callRestGetSalesCreditDivisionData",
  "description": "",
  "actions": {
    "fireNotification": {
      "module": "vb/action/builtin/fireNotificationEventAction",
      "parameters": {
        "target": "leaf",
        "summary": "failed to Fetch Divisions Date",
        "type": "error",
        "displayMode": "transient"
      }
    },
    "callRestGetSalesCreditDivisionData": {
      "module": "vb/action/builtin/restAction",
      "parameters": {
        "endpoint": "devOrds/getSalesCreditDivisionData",
        "uriParams": {
          "SALES_FORCE_ID": "{{ $page.variables.RowSalesForceId }}"
        }
      },
      "outcomes": {
        "failure": "fireNotification",
        "success": "assignVariablesDivisionADP"
      }
    },
    "assignVariablesDivisionADP": {
      "module": "vb/action/builtin/assignVariablesAction",
      "parameters": {
        "$page.variables.divisionADP": {
          "source": {
            "data": "{{ $chain.results.callRestGetSalesCreditDivisionData.body.items }}"
          },
          "reset": "none",
          "auto": "always",
          "mapping": {
            "$target.data": {
              "source": "$source.data",
              "reset": "empty"
            }
          }
        }
      }
    }
  }
}