{
  "description": "",
  "root": "assignVariablesRowDivision",
  "actions": {
    "assignVariablesRowDivision": {
      "module": "vb/action/builtin/assignVariablesAction",
      "parameters": {
        "$page.variables.RowDivision": {
          "source": "{{ $variables.current.row.sf_div_id }}"
        }
      },
      "outcomes": {
        "success": "callChainTerritoryPagenavigation"
      }
    },
    "callChainTerritoryPagenavigation": {
      "module": "vb/action/builtin/callChainAction",
      "parameters": {
        "id": "TerritoryPagenavigation"
      }
    }
  },
  "variables": {
    "key": {
      "required": true,
      "type": "any",
      "input": "fromCaller"
    },
    "index": {
      "required": true,
      "type": "number",
      "input": "fromCaller"
    },
    "current": {
      "required": true,
      "type": "any",
      "input": "fromCaller"
    }
  }
}