{
  "description": "",
  "root": "callComponentOjDialog10266329322Open",
  "actions": {

    "assignVariablesSalesForceNumber": {
      "module": "vb/action/builtin/assignVariablesAction",
      "parameters": {
        "$page.variables.SalesForceNumber": {
          "source": "{{ $variables.CurrentSalesForceNumber }}"
        },
        "$page.variables.SalesForceName": {
          "source": "{{ $variables.CurrentSalesForceName }}"
        }
      },
      "outcomes": {
      }
    },
    "callComponentOjDialog10266329322Open": {
      "module": "vb/action/builtin/callComponentMethodAction",
      "parameters": {
        "component": "{{ document.getElementById('oj-dialog-1026632932-2') }}",
        "method": "open"
      },
      "outcomes": {
        "success": "assignVariablesSalesForceNumber"
      }
    }
  },
  "variables": {
    "key": {
      "required": true,
      "type": "any",
      "input": "fromCaller"
    },
    "index": {
      "required": true,
      "type": "number",
      "input": "fromCaller"
    },
    "current": {
      "required": true,
      "type": "any",
      "input": "fromCaller"
    },
    "CurrentSalesForceNumber": {
      "type": "string",
      "description": "",
      "input": "fromCaller"
    },
    "CurrentSalesForceName": {
      "type": "string",
      "description": "",
      "input": "fromCaller"
    }
  }
}