{
  "description": "",
  "root": "assignVariablesDivisionsCreateObj",
  "actions": {
    "assignVariablesDivisionsCreateObj": {
      "module": "vb/action/builtin/assignVariablesAction",
      "parameters": {
        "$page.variables.DivisionsCreateObj": {
          "source": {
            "sales_force_id": "{{ $variables.rowData.sales_force_id }}"
          },
          "reset": "none",
          "auto": "always"
        },
        "$page.variables.RowSalesForceId": {
          "source": "{{ $variables.rowData.sales_force_id }}"
        },
        "$page.variables.createsalesforceID": {
          "source": "{{ $variables.rowData.sales_force_id }}"
        }
      },
      "outcomes": {
        "success": "callChainFetchDivisionsDate"
      }
    },
    "callChainFetchDivisionsDate": {
      "module": "vb/action/builtin/callChainAction",
      "parameters": {
        "id": "FetchDivisionsDate"
      }
    }
  },
  "variables": {
    "rowKey": {
      "required": true,
      "type": "any",
      "input": "fromCaller"
    },
    "rowData": {
      "required": true,
      "type": "any",
      "input": "fromCaller"
    }
  }
}