{
  "description": "",
  "root": "assignVariablesSelectedSalesForceName",
  "actions": {
    "assignVariablesSelectedSalesForceName": {
      "module": "vb/action/builtin/assignVariablesAction",
      "parameters": {
        "$page.variables.salesforce": {
          "source": "{{ $variables.data.sales_force_number }}"
        }
      },
      "outcomes": {
        "success": "callRestGetSalesCreditGetsalesNamebySalesForce"
      }
    },
    "fireNotification": {
      "module": "vb/action/builtin/fireNotificationEventAction",
      "parameters": {
        "target": "leaf",
        "summary": "Failed to fetch Sales Force Name",
        "type": "error",
        "displayMode": "persist"
      }
    },
    "callRestGetSalesCreditGetsalesNamebySalesForce": {
      "module": "vb/action/builtin/restAction",
      "parameters": {
        "endpoint": "devOrds/getSalesCreditGetsalesNamebySalesForce",
        "uriParams": {
          "SALES_FORCE_NUMBER": "{{ $page.variables.salesforce }}"
        }
      },
      "outcomes": {
        "failure": "fireNotification",
        "success": "assignVariablesSelectedSalesForceName2"
      }
    },
    "assignVariablesSelectedSalesForceName2": {
      "module": "vb/action/builtin/assignVariablesAction",
      "parameters": {
        "$page.variables.SelectedSalesForceName": {
          "source": "{{ $chain.results.callRestGetSalesCreditGetsalesNamebySalesForce.body.items[0].sales_force_name }}"
        }
      }
    }
  },
  "variables": {
    "key": {
      "required": true,
      "type": "any",
      "input": "fromCaller"
    },
    "data": {
      "required": true,
      "type": "any",
      "input": "fromCaller"
    },
    "metadata": {
      "required": true,
      "type": "any",
      "input": "fromCaller"
    }
  }
}