{
  "description": "",
  "root": "assignVariablesDivsionsRowData",
  "actions": {
    "fireNotification": {
      "module": "vb/action/builtin/fireNotificationEventAction",
      "parameters": {
        "target": "leaf",
        "summary": "[[ $chain.results.callRestPutSalesCreditDivisionData.message.summary ]]",
        "type": "error",
        "displayMode": "persist"
      }
    },
    "callRestPutSalesCreditDivisionData": {
      "module": "vb/action/builtin/restAction",
      "parameters": {
        "endpoint": "devOrds/putSalesCreditDivisionData",
        "body": "{{ $page.variables.divsionsRowData }}",
        "uriParams": {
          "sf_div_id": "{{ $variables.current.row.sales_force_id }}"
        }
      },
      "outcomes": {
        "failure": "fireNotification",
        "success": "fireNotification2"
      }
    },
    "fireNotification2": {
      "module": "vb/action/builtin/fireNotificationEventAction",
      "parameters": {
        "target": "leaf",
        "summary": "Divisions updated Successfully",
        "displayMode": "transient",
        "type": "confirmation"
      },
      "outcomes": {
        "success": "callChainFetchDivisionsDate"
      }
    },
    "assignVariablesDivsionsRowData": {
      "module": "vb/action/builtin/assignVariablesAction",
      "parameters": {
        "$page.variables.divsionsRowData": {
          "source": {
            "updated_by": "{{ $application.user.email }}"
          },
          "reset": "none",
          "auto": "always"
        }
      },
      "outcomes": {
        "success": "callRestPutSalesCreditDivisionData"
      }
    },
    "callChainFetchDivisionsDate": {
      "module": "vb/action/builtin/callChainAction",
      "parameters": {
        "id": "FetchDivisionsDate"
      }
    }
  },
  "variables": {
    "key": {
      "required": true,
      "type": "any",
      "input": "fromCaller"
    },
    "index": {
      "required": true,
      "type": "number",
      "input": "fromCaller"
    },
    "current": {
      "required": true,
      "type": "any",
      "input": "fromCaller"
    }
  }
}