{
  "description": "",
  "root": "assignVariablesSalesRowdata",
  "actions": {
    "fireNotification": {
      "module": "vb/action/builtin/fireNotificationEventAction",
      "parameters": {
        "target": "leaf",
        "summary": "Failed to update Sales Force",
        "type": "error",
        "displayMode": "transient"
      }
    },
    "callRestUpdateSalesForce": {
      "module": "vb/action/builtin/restAction",
      "parameters": {
        "endpoint": "devOrds/UpdateSalesForce",
        "body": "{{ $page.variables.salesRowdata }}"
      },
      "outcomes": {
        "failure": "fireNotification",
        "success": "fireNotification2"
      }
    },
    "assignVariablesSalesRowdata": {
      "module": "vb/action/builtin/assignVariablesAction",
      "parameters": {
        "$page.variables.salesRowdata": {
          "source": {
            "updated_by": "{{ $application.user.email }}"
          },
          "reset": "none",
          "auto": "always"
        }
      },
      "outcomes": {
        "success": "callRestUpdateSalesForce"
      }
    },
    "fireNotification2": {
      "module": "vb/action/builtin/fireNotificationEventAction",
      "parameters": {
        "target": "leaf",
        "summary": "Sales Force updated Successfuly ",
        "displayMode": "transient",
        "type": "confirmation"
      },
      "outcomes": {
        "success": "callChainSearchBtnAction"
      }
    },
    "callChainSearchBtnAction": {
      "module": "vb/action/builtin/callChainAction",
      "parameters": {
        "id": "SearchBtnAction"
      }
    }
  },
  "variables": {
    "key": {
      "required": true,
      "type": "any",
      "input": "fromCaller"
    },
    "index": {
      "required": true,
      "type": "number",
      "input": "fromCaller"
    },
    "current": {
      "required": true,
      "type": "any",
      "input": "fromCaller"
    }
  }
}