{
  "description": "",
  "root": "resetVariablesDivisionADP",
  "actions": {

    "fireNotification": {
      "module": "vb/action/builtin/fireNotificationEventAction",
      "parameters": {
        "target": "leaf",
        "summary": "Failed to Fetch Sales Force Data",
        "type": "error",
        "displayMode": "transient"
      }
    },
    "callRestGetSalesCreditSalesforceMaintainance": {
      "module": "vb/action/builtin/restAction",
      "parameters": {
        "endpoint": "devOrds/getSalesCreditSalesforceMaintainance",
        "uriParams": {
          "P_SALES_FORCE_NUMBER": "{{ $page.variables.SelectedSalesForce ? $page.variables.SelectedSalesForce : \"\" }}",
          "P_SALES_FORCE_NAME": "{{ $page.variables.SelectedSalesForceName ? $page.variables.SelectedSalesForceName : \"\" }}"
        }
      },
      "outcomes": {
        "failure": "fireNotification",
        "success": "assignVariablesSFTblADP"
      }
    },
    "assignVariablesSFTblADP": {
      "module": "vb/action/builtin/assignVariablesAction",
      "parameters": {
        "$page.variables.SFTblADP": {
          "source": {
            "data": "{{ $chain.results.callRestGetSalesCreditSalesforceMaintainance.body.items }}"
          },
          "reset": "none",
          "auto": "always"
        }
      }
    },
    "resetVariablesDivisionADP": {
      "module": "vb/action/builtin/resetVariablesAction",
      "parameters": {
        "variables": [
          "$page.variables.divisionADP.data",
          "$page.variables.SFTblADP.data"
        ]
      },
      "outcomes": {
        "success": "callRestGetSalesCreditSalesforceMaintainance"
      }
    }
  },
  "variables": {}
}