{
  "root": "if",
  "description": "",
  "variables": {},
  "actions": {
    "if": {
      "module": "vb/action/builtin/ifAction",
      "parameters": {
        "condition": "[[ $page.variables.SelectedSalesForce !== \"\" && $page.variables.SelectedSalesForce !== null && typeof $page.variables.SelectedSalesForce !== \"undefined\" ]]"
      },
      "outcomes": {
        "true": "callChainSearchBtnAction"
      }
    },
    "callChainSearchBtnAction": {
      "module": "vb/action/builtin/callChainAction",
      "parameters": {
        "id": "SearchBtnAction"
      },
      "outcomes": {
        "success": "if3"
      }
    },
    "callChainFetchDivisionsDate": {
      "module": "vb/action/builtin/callChainAction",
      "parameters": {
        "id": "FetchDivisionsDate"
      }
    },
    "if3": {
      "module": "vb/action/builtin/ifAction",
      "parameters": {
        "condition": "[[ $page.variables.RowSalesForceId !== \"\" && $page.variables.RowSalesForceId !== null && typeof $page.variables.RowSalesForceId !== \"undefined\" ]]"
      },
      "outcomes": {
        "true": "callChainFetchDivisionsDate"
      }
    }
  }
}