{
  "root": "callComponentSubformatCodeRefresh",
  "description": "",
  "actions": {
    "callComponentSubformatCodeRefresh": {
      "module": "vb/action/builtin/callComponentMethodAction",
      "parameters": {
        "component": "{{ document.getElementById('subformatCode') }}",
        "method": "refresh"
      },
      "outcomes": {
        "success": "callComponentSubformatNameRefresh"
      }
    },
    "callComponentSubformatNameRefresh": {
      "module": "vb/action/builtin/callComponentMethodAction",
      "parameters": {
        "component": "{{ document.getElementById('SubformatName') }}",
        "method": "refresh"
      },
      "outcomes": {
        "success": "callComponentSubformatAbbrRefresh"
      }
    },
    "callComponentSubformatAbbrRefresh": {
      "module": "vb/action/builtin/callComponentMethodAction",
      "parameters": {
        "component": "{{ document.getElementById('subformatAbbr') }}",
        "method": "refresh"
      }
    }
  }
}