{
    "items": [
        {
            "organization_number": "64759328",
            "cust_account_id": 100000123724228,
            "account_number": "19890202-TAYLOR HASTINGS BOOK ",
            "account_name": "TAYLOR HASTINGS BOOK CO."
        }
    ],
    "hasMore": false,
    "limit": 5,
    "offset": 0,
    "count": 1,
    "links": [
        {
            "rel": "self",
            "href": "https://10.2.0.169:8081/ords/hbg_integration/AutomaticHolds/getCustomerInfo?P_ORG_NAME=64759328"
        },
        {
            "rel": "describedby",
            "href": "https://10.2.0.169:8081/ords/hbg_integration/metadata-catalog/AutomaticHolds/item"
        },
        {
            "rel": "first",
            "href": "https://10.2.0.169:8081/ords/hbg_integration/AutomaticHolds/getCustomerInfo?P_ORG_NAME=64759328&limit=5"
        }
    ]
}