{
  "description": "",
  "root": "assignVariablesRowcat1Id",
  "actions": {
    "assignVariablesRowcat1Id": {
      "module": "vb/action/builtin/assignVariablesAction",
      "parameters": {
        "$page.variables.Rowcat1Id": {
          "source": "{{ $variables.rowData.category1_id }}"
        },
        "$page.variables.Cat2CreateObj": {
          "source": {
            "category1_id": "{{ $page.variables.Rowcat1Id }}"
          },
          "reset": "none",
          "auto": "always"
        },
        "$page.variables.rowPubId": {
          "source": "{{ $variables.rowData.pub_id }}"
        }
      },
      "outcomes": {
        "success": "callChainFetchCat2Action"
      }
    },
    "callChainFetchCat2Action": {
      "module": "vb/action/builtin/callChainAction",
      "parameters": {
        "id": "FetchCat2Action"
      }
    }
  },
  "variables": {
    "rowKey": {
      "required": true,
      "type": "any",
      "input": "fromCaller"
    },
    "rowData": {
      "required": true,
      "type": "any",
      "input": "fromCaller"
    }
  }
}