{
  "description": "",
  "root": "callFunctionValidateGroup",
  "actions": {
    "assignVariablesCat2CreateObj": {
      "module": "vb/action/builtin/assignVariablesAction",
      "parameters": {
        "$page.variables.Cat2CreateObj": {
          "source": {
            "created_by": "{{ $application.user.email }}",
            "last_updated_by": "{{ $application.user.email }}",
            "category1_id": "{{ $page.variables.Rowcat1Id }}"
          },
          "reset": "none",
          "auto": "always"
        }
      },
      "outcomes": {
        "success": "callRestPostFamilyCodeCategory2"
      }
    },
    "fireNotification": {
      "module": "vb/action/builtin/fireNotificationEventAction",
      "parameters": {
        "target": "leaf",
        "summary": "failed to Create Category 2",
        "type": "error",
        "displayMode": "transient"
      }
    },
    "callRestPostFamilyCodeCategory2": {
      "module": "vb/action/builtin/restAction",
      "parameters": {
        "endpoint": "devOrds/postFamilyCodeCategory2",
        "body": "{{ $page.variables.Cat2CreateObj }}"
      },
      "outcomes": {
        "failure": "fireNotification",
        "success": "if2"
      }
    },
    "fireNotification3": {
      "module": "vb/action/builtin/fireNotificationEventAction",
      "parameters": {
        "target": "leaf",
        "summary": "Category 2 Created Successfully",
        "displayMode": "transient",
        "type": "confirmation"
      },
      "outcomes": {
        "success": "callComponentCreateCategory2Close3"
      }
    },
    "callComponentCreateCategory2Close": {
      "module": "vb/action/builtin/callComponentMethodAction",
      "parameters": {
        "component": "{{ document.getElementById('createCategory2') }}",
        "method": "close"
      },
      "outcomes": {
        "success": "resetVariablesCat2CreateObj"
      }
    },

    "callFunctionValidateGroup": {
      "module": "vb/action/builtin/callModuleFunctionAction",
      "parameters": {
        "module": "[[ $application.functions ]]",
        "functionName": "validateGroup",
        "params": [
          "createCategory12val"
        ]
      },
      "outcomes": {
        "success": "if"
      }
    },
    "if": {
      "module": "vb/action/builtin/ifAction",
      "parameters": {
        "condition": "[[ $chain.results.callFunctionValidateGroup === 'valid' ]]"
      },
      "outcomes": {
        "true": "ifCat2DlgLabel"
      }
    },
    "ifCat2DlgLabel": {
      "module": "vb/action/builtin/ifAction",
      "parameters": {
        "condition": "[[ $page.variables.Cat2DlgLabel === \"Create\" ]]"
      },
      "outcomes": {
        "true": "assignVariablesCat2CreateObj",
        "false": "assignVariablesCat2CreateObj3"
      }
    },
    "assignVariablesCat2CreateObj3": {
      "module": "vb/action/builtin/assignVariablesAction",
      "parameters": {
        "$page.variables.Cat2CreateObj": {
          "source": {
            "last_updated_by": "{{ $application.user.email }}"
          },
          "reset": "none",
          "auto": "always"
        }
      },
      "outcomes": {
        "success": "callRestPutFamilyCodeCategory2"
      }
    },
    "callRestPutFamilyCodeCategory2": {
      "module": "vb/action/builtin/restAction",
      "parameters": {
        "endpoint": "devOrds/putFamilyCodeCategory2",
        "uriParams": {
          "category2_id": "{{ $page.variables.Cat2CreateObj.category2_id }}"
        },
        "body": "{{ $page.variables.Cat2CreateObj }}"
      },
      "outcomes": {
        "failure": "fireNotification4",
        "success": "if3"
      }
    },
    "if3": {
      "module": "vb/action/builtin/ifAction",
      "parameters": {
        "condition": "[[ $chain.results.callRestPutFamilyCodeCategory2.body.p_return_status ===\"SUCCESS\" ]]"
      },
      "outcomes": {
        "true": "fireNotification5",
        "false": "fireNotification6"
      }
    },
    "fireNotification6": {
      "module": "vb/action/builtin/fireNotificationEventAction",
      "parameters": {
        "target": "leaf",
        "summary": "[[ $chain.results.callRestPutFamilyCodeCategory2.body.p_return_status ]]",
        "displayMode": "transient"
      },
      "outcomes": {
        "success": "callChainFetchCat2Action"
      }
    },
    "fireNotification5": {
      "module": "vb/action/builtin/fireNotificationEventAction",
      "parameters": {
        "target": "leaf",
        "summary": "Category2 updated Successfully",
        "displayMode": "transient",
        "type": "confirmation"
      },
      "outcomes": {
        "success": "callComponentCreateCategory2Close2"
      }
    },
    "fireNotification4": {
      "module": "vb/action/builtin/fireNotificationEventAction",
      "parameters": {
        "target": "leaf",
        "summary": "Failed to Update Category2",
        "type": "error",
        "displayMode": "persist"
      }
    },
    "if2": {
      "module": "vb/action/builtin/ifAction",
      "parameters": {
        "condition": "[[ $chain.results.callRestPostFamilyCodeCategory2.body.p_return_status ===\"SUCCESS\" ]]"
      },
      "outcomes": {
        "true": "fireNotification3",
        "false": "fireNotification7"
      }
    },
    "fireNotification7": {
      "module": "vb/action/builtin/fireNotificationEventAction",
      "parameters": {
        "target": "leaf",
        "summary": "[[ $chain.results.callRestPostFamilyCodeCategory2.body.p_return_status ]]",
        "displayMode": "transient",
        "type": "error"
      },
      "outcomes": {
        "success": "callChainFetchCat2Action"
      }
    },
    "resetVariablesCat2CreateObj": {
      "module": "vb/action/builtin/resetVariablesAction",
      "parameters": {
        "variables": [
          "$page.variables.Cat2CreateObj"
        ]
      }
    },
    "callComponentCreateCategory2Close2": {
      "module": "vb/action/builtin/callComponentMethodAction",
      "parameters": {
        "component": "{{ document.getElementById('createCategory2') }}",
        "method": "close"
      },
      "outcomes": {
        "success": "callChainFetchCat2Action"
      }
    },
    "callComponentCreateCategory2Close3": {
      "module": "vb/action/builtin/callComponentMethodAction",
      "parameters": {
        "component": "{{ document.getElementById('createCategory2') }}",
        "method": "close"
      },
      "outcomes": {
        "success": "callChainFetchCat2Action"
      }
    },
    "callChainFetchCat2Action": {
      "module": "vb/action/builtin/callChainAction",
      "parameters": {
        "id": "FetchCat2Action"
      },
      "outcomes": {
        "success": "callComponentCreateCategory2Close"
      }
    }
  },
  "variables": {}
}