{
  "root": "callRestGetFamilyCodeCategory2",
  "description": "",
  "actions": {
    "fireNotification": {
      "module": "vb/action/builtin/fireNotificationEventAction",
      "parameters": {
        "target": "leaf",
        "summary": "Failed to fetch Category 2 details",
        "type": "error",
        "displayMode": "transient"
      }
    },
    "callRestGetFamilyCodeCategory2": {
      "module": "vb/action/builtin/restAction",
      "parameters": {
        "endpoint": "devOrds/getFamilyCodeCategory2",
        "uriParams": {
          "CATEGORY1_ID": "{{ $page.variables.Rowcat1Id }}"
        }
      },
      "outcomes": {
        "failure": "fireNotification",
        "success": "assignVariablesCat2ADP"
      }
    },
    "assignVariablesCat2ADP": {
      "module": "vb/action/builtin/assignVariablesAction",
      "parameters": {
        "$page.variables.Cat2ADP": {
          "source": {
            "data": "{{ $chain.results.callRestGetFamilyCodeCategory2.body.items }}"
          },
          "reset": "none",
          "auto": "always",
          "mapping": {
            "$target.data": {
              "source": "$source.data",
              "reset": "empty"
            }
          }
        }
      }
    }
  }
}