{
    "items": [
        {
            "pub_id": 5131865597,
            "external_pub_code": "68",
            "external_pub_name": "Editions Milan",
            "external_pub_abbr": "Editions Milan",
            "created_date": null,
            "created_by": null,
            "last_updated_date": null,
            "last_updated_by": null,
            "start_date": null,
            "end_date": null,
            "status": "Y",
            "category1_id": null,
            "reporting_group_id": 5125461873
        },
        {
            "pub_id": 5131865601,
            "external_pub_code": "69",
            "external_pub_name": "Editions Toucan",
            "external_pub_abbr": "Editions Toucan",
            "created_date": null,
            "created_by": null,
            "last_updated_date": null,
            "last_updated_by": null,
            "start_date": null,
            "end_date": null,
            "status": "Y",
            "category1_id": null,
            "reporting_group_id": 5125461873
        },
        {
            "pub_id": 5131865605,
            "external_pub_code": "70",
            "external_pub_name": "Executeur",
            "external_pub_abbr": "Executeur",
            "created_date": null,
            "created_by": null,
            "last_updated_date": null,
            "last_updated_by": null,
            "start_date": null,
            "end_date": null,
            "status": "Y",
            "category1_id": null,
            "reporting_group_id": 5125461873
        },
        {
            "pub_id": 5131865609,
            "external_pub_code": "71",
            "external_pub_name": "Gerard de Villiers - SAS",
            "external_pub_abbr": "G. Villiers-SAS",
            "created_date": null,
            "created_by": null,
            "last_updated_date": null,
            "last_updated_by": null,
            "start_date": null,
            "end_date": null,
            "status": "Y",
            "category1_id": null,
            "reporting_group_id": 5125461873
        },
        {
            "pub_id": 5131865613,
            "external_pub_code": "72",
            "external_pub_name": "Glenat BD",
            "external_pub_abbr": "Glenat BD",
            "created_date": null,
            "created_by": null,
            "last_updated_date": null,
            "last_updated_by": null,
            "start_date": null,
            "end_date": null,
            "status": "Y",
            "category1_id": null,
            "reporting_group_id": 5125461873
        },
        {
            "pub_id": 5131864409,
            "external_pub_code": "13",
            "external_pub_name": "Editions du Chene",
            "external_pub_abbr": "Edtns du Chene",
            "created_date": null,
            "created_by": null,
            "last_updated_date": null,
            "last_updated_by": null,
            "start_date": null,
            "end_date": null,
            "status": "Y",
            "category1_id": null,
            "reporting_group_id": 5125461873
        },
        {
            "pub_id": 5131864413,
            "external_pub_code": "14",
            "external_pub_name": "Editions Harlequin",
            "external_pub_abbr": "Edtns Harlequin",
            "created_date": null,
            "created_by": null,
            "last_updated_date": null,
            "last_updated_by": null,
            "start_date": null,
            "end_date": null,
            "status": "Y",
            "category1_id": null,
            "reporting_group_id": 5125461873
        },
        {
            "pub_id": 5131864417,
            "external_pub_code": "15",
            "external_pub_name": "Editions Hatier International",
            "external_pub_abbr": "Edt Hatier Intl",
            "created_date": null,
            "created_by": null,
            "last_updated_date": null,
            "last_updated_by": null,
            "start_date": null,
            "end_date": null,
            "status": "Y",
            "category1_id": null,
            "reporting_group_id": 5125461873
        },
        {
            "pub_id": 5131864421,
            "external_pub_code": "16",
            "external_pub_name": "Editions Sedes",
            "external_pub_abbr": "Editions Sedes",
            "created_date": null,
            "created_by": null,
            "last_updated_date": null,
            "last_updated_by": null,
            "start_date": null,
            "end_date": null,
            "status": "Y",
            "category1_id": null,
            "reporting_group_id": 5125461873
        },
        {
            "pub_id": 5131864425,
            "external_pub_code": "17",
            "external_pub_name": "Fayard",
            "external_pub_abbr": "Fayard",
            "created_date": null,
            "created_by": null,
            "last_updated_date": null,
            "last_updated_by": null,
            "start_date": null,
            "end_date": null,
            "status": "Y",
            "category1_id": null,
            "reporting_group_id": 5125461873
        },
        {
            "pub_id": 5131864574,
            "external_pub_code": "18",
            "external_pub_name": "Fayard/Hachette litterature",
            "external_pub_abbr": "Fayard/Hach Lit",
            "created_date": null,
            "created_by": null,
            "last_updated_date": null,
            "last_updated_by": null,
            "start_date": null,
            "end_date": null,
            "status": "Y",
            "category1_id": null,
            "reporting_group_id": 5125461873
        },
        {
            "pub_id": 5131864578,
            "external_pub_code": "19",
            "external_pub_name": "Fayard/Mazarine",
            "external_pub_abbr": "Fayard/Mazarine",
            "created_date": null,
            "created_by": null,
            "last_updated_date": null,
            "last_updated_by": null,
            "start_date": null,
            "end_date": null,
            "status": "Y",
            "category1_id": null,
            "reporting_group_id": 5125461873
        },
        {
            "pub_id": 5131864582,
            "external_pub_code": "20",
            "external_pub_name": "Fayard/Mille et une nuits",
            "external_pub_abbr": "Fayard/Mille nu",
            "created_date": null,
            "created_by": null,
            "last_updated_date": null,
            "last_updated_by": null,
            "start_date": null,
            "end_date": null,
            "status": "Y",
            "category1_id": null,
            "reporting_group_id": 5125461873
        },
        {
            "pub_id": 5131864586,
            "external_pub_code": "21",
            "external_pub_name": "Fayard/Pauvert",
            "external_pub_abbr": "Fayard/Pauvert",
            "created_date": null,
            "created_by": null,
            "last_updated_date": null,
            "last_updated_by": null,
            "start_date": null,
            "end_date": null,
            "status": "Y",
            "category1_id": null,
            "reporting_group_id": 5125461873
        },
        {
            "pub_id": 5131864590,
            "external_pub_code": "22",
            "external_pub_name": "Fayard/Pluriel",
            "external_pub_abbr": "Fayard/Pluriel",
            "created_date": null,
            "created_by": null,
            "last_updated_date": null,
            "last_updated_by": null,
            "start_date": null,
            "end_date": null,
            "status": "Y",
            "category1_id": null,
            "reporting_group_id": 5125461873
        },
        {
            "pub_id": 5131864594,
            "external_pub_code": "23",
            "external_pub_name": "Filipacchi",
            "external_pub_abbr": "Filipacchi",
            "created_date": null,
            "created_by": null,
            "last_updated_date": null,
            "last_updated_by": null,
            "start_date": null,
            "end_date": null,
            "status": "Y",
            "category1_id": null,
            "reporting_group_id": 5125461873
        },
        {
            "pub_id": 5131865617,
            "external_pub_code": "73",
            "external_pub_name": "Glenat Livres",
            "external_pub_abbr": "Glenat Livres",
            "created_date": null,
            "created_by": null,
            "last_updated_date": null,
            "last_updated_by": null,
            "start_date": null,
            "end_date": null,
            "status": "Y",
            "category1_id": null,
            "reporting_group_id": 5125461873
        },
        {
            "pub_id": 5131865621,
            "external_pub_code": "74",
            "external_pub_name": "Glenat Manga",
            "external_pub_abbr": "Glenat Manga",
            "created_date": null,
            "created_by": null,
            "last_updated_date": null,
            "last_updated_by": null,
            "start_date": null,
            "end_date": null,
            "status": "Y",
            "category1_id": null,
            "reporting_group_id": 5125461873
        },
        {
            "pub_id": 5131865625,
            "external_pub_code": "75",
            "external_pub_name": "Hybrid production",
            "external_pub_abbr": "Hybrid Prod",
            "created_date": null,
            "created_by": null,
            "last_updated_date": null,
            "last_updated_by": null,
            "start_date": null,
            "end_date": null,
            "status": "Y",
            "category1_id": null,
            "reporting_group_id": 5125461873
        },
        {
            "pub_id": 5131865629,
            "external_pub_code": "76",
            "external_pub_name": "Ideo",
            "external_pub_abbr": "Ideo",
            "created_date": null,
            "created_by": null,
            "last_updated_date": null,
            "last_updated_by": null,
            "start_date": null,
            "end_date": null,
            "status": "Y",
            "category1_id": null,
            "reporting_group_id": 5125461873
        },
        {
            "pub_id": 6819679075,
            "external_pub_code": "C1",
            "external_pub_name": "Entrelacs",
            "external_pub_abbr": "Entrelacs",
            "created_date": null,
            "created_by": null,
            "last_updated_date": null,
            "last_updated_by": null,
            "start_date": null,
            "end_date": null,
            "status": "Y",
            "category1_id": null,
            "reporting_group_id": 5125461873
        },
        {
            "pub_id": 6819679295,
            "external_pub_code": "C2",
            "external_pub_name": "21g-Destins d'Histoire",
            "external_pub_abbr": "21g-Destins",
            "created_date": null,
            "created_by": null,
            "last_updated_date": null,
            "last_updated_by": null,
            "start_date": null,
            "end_date": null,
            "status": "Y",
            "category1_id": null,
            "reporting_group_id": 5125461873
        },
        {
            "pub_id": 6819679406,
            "external_pub_code": "C3",
            "external_pub_name": "Tapages Nocturnes",
            "external_pub_abbr": "Tapages Nocturn",
            "created_date": null,
            "created_by": null,
            "last_updated_date": null,
            "last_updated_by": null,
            "start_date": null,
            "end_date": null,
            "status": "Y",
            "category1_id": null,
            "reporting_group_id": 5125461873
        },
        {
            "pub_id": 7222889101,
            "external_pub_code": "E2",
            "external_pub_name": "E/P/A",
            "external_pub_abbr": "E/P/A",
            "created_date": null,
            "created_by": null,
            "last_updated_date": null,
            "last_updated_by": null,
            "start_date": null,
            "end_date": null,
            "status": "Y",
            "category1_id": null,
            "reporting_group_id": 5125461873
        },
        {
            "pub_id": 7753012719,
            "external_pub_code": "H2",
            "external_pub_name": "Hachette Enfants",
            "external_pub_abbr": "Hachtte Enfants",
            "created_date": null,
            "created_by": null,
            "last_updated_date": null,
            "last_updated_by": null,
            "start_date": null,
            "end_date": null,
            "status": "Y",
            "category1_id": null,
            "reporting_group_id": 5125461873
        }
    ],
    "hasMore": true,
    "limit": 25,
    "offset": 0,
    "count": 25,
    "links": [
        {
            "rel": "self",
            "href": "https://10.2.0.169:8081/ords/hbg_integration/familyCode/FamilyCodeExternalPublisher?REPORTING_GROUP_ID=5125461873"
        },
        {
            "rel": "edit",
            "href": "https://10.2.0.169:8081/ords/hbg_integration/familyCode/FamilyCodeExternalPublisher?REPORTING_GROUP_ID=5125461873"
        },
        {
            "rel": "describedby",
            "href": "https://10.2.0.169:8081/ords/hbg_integration/metadata-catalog/familyCode/item"
        },
        {
            "rel": "first",
            "href": "https://10.2.0.169:8081/ords/hbg_integration/familyCode/FamilyCodeExternalPublisher?REPORTING_GROUP_ID=5125461873"
        },
        {
            "rel": "next",
            "href": "https://10.2.0.169:8081/ords/hbg_integration/familyCode/FamilyCodeExternalPublisher?REPORTING_GROUP_ID=5125461873&offset=25"
        }
    ]
}