{
    "items": [
        {
            "external_pub_code": "68"
        },
        {
            "external_pub_code": "69"
        },
        {
            "external_pub_code": "70"
        },
        {
            "external_pub_code": "71"
        },
        {
            "external_pub_code": "72"
        },
        {
            "external_pub_code": "13"
        },
        {
            "external_pub_code": "14"
        },
        {
            "external_pub_code": "15"
        },
        {
            "external_pub_code": "16"
        },
        {
            "external_pub_code": "17"
        },
        {
            "external_pub_code": "18"
        },
        {
            "external_pub_code": "19"
        },
        {
            "external_pub_code": "20"
        },
        {
            "external_pub_code": "21"
        },
        {
            "external_pub_code": "22"
        },
        {
            "external_pub_code": "23"
        },
        {
            "external_pub_code": "73"
        },
        {
            "external_pub_code": "74"
        },
        {
            "external_pub_code": "75"
        },
        {
            "external_pub_code": "76"
        },
        {
            "external_pub_code": "C1"
        },
        {
            "external_pub_code": "C2"
        },
        {
            "external_pub_code": "C3"
        },
        {
            "external_pub_code": "E2"
        },
        {
            "external_pub_code": "H2"
        }
    ],
    "hasMore": true,
    "limit": 25,
    "offset": 0,
    "count": 25,
    "links": [
        {
            "rel": "self",
            "href": "https://10.2.0.169:8081/ords/hbg_integration/CustomeOrders/getPubCode?P_REPORTING_GROUP_ID=5125461873"
        },
        {
            "rel": "describedby",
            "href": "https://10.2.0.169:8081/ords/hbg_integration/metadata-catalog/CustomeOrders/item"
        },
        {
            "rel": "first",
            "href": "https://10.2.0.169:8081/ords/hbg_integration/CustomeOrders/getPubCode?P_REPORTING_GROUP_ID=5125461873"
        },
        {
            "rel": "next",
            "href": "https://10.2.0.169:8081/ords/hbg_integration/CustomeOrders/getPubCode?P_REPORTING_GROUP_ID=5125461873&offset=25"
        }
    ]
}