{
  "description": "",
  "root": "callChainValidateAccntCombination",
  "actions": {
    "callChainValidateAccntCombination": {
      "module": "vb/action/builtin/callChainAction",
      "parameters": {
        "id": "ValidateAccntCombination"
      }
    }
  },
  "variables": {
    "key": {
      "required": true,
      "type": "any",
      "input": "fromCaller"
    },
    "data": {
      "required": true,
      "type": "any",
      "input": "fromCaller"
    },
    "metadata": {
      "required": true,
      "type": "any",
      "input": "fromCaller"
    }
  }
}