{
  "description": "",
  "root": "callRestGetSalesCreditTeritoryTableCol2",
  "actions": {
    "assignVariablesSalesAssignRow": {
      "module": "vb/action/builtin/assignVariablesAction",
      "parameters": {
        "$page.variables.SalesAssignRow": {
          "source": {
            "SF_DIV_ID": "{{ $variables.data.sf_div_id }}",
            "division_name": "{{ $variables.data.division_name }}"
          },
          "reset": "none",
          "auto": "always"
        }
      },
      "outcomes": {
        "success": "resetVariablesRowDivision"
      }
    },
    "resetVariablesSalesAssignRow": {
      "module": "vb/action/builtin/resetVariablesAction",
      "parameters": {
        "variables": [
          "$page.variables.SalesAssignRow.division_name",
          "$page.variables.SalesAssignRow.territory"          ,
          "$page.variables.SalesAssignRow.territory_name"          ,
          "$page.variables.SalesAssignRow.sales_rep"          ,
          "$page.variables.SalesAssignRow.sales_rep_name"
        ]
      },
      "outcomes": {
        "success": "assignVariablesSalesAssignRow"
      }
    },
    "if": {
      "module": "vb/action/builtin/ifAction",
      "parameters": {
        "condition": "[[ $variables.data.division_number !== $page.variables.RowDivision && ($variables.data.division_number !== \"\"&& $variables.data.division_number !== null && typeof $variables.data.division_number !== \"undefined\" ) ]]"
      },
      "outcomes": {
        "true": "resetVariablesSalesAssignRow"
      }
    },
    "resetVariablesRowDivision": {
      "module": "vb/action/builtin/resetVariablesAction",
      "parameters": {
        "variables": [
          "$page.variables.RowDivision"
        ]
      }
    },
    "callRestGetSalesCreditTeritoryTableCol2": {
      "module": "vb/action/builtin/restAction",
      "parameters": {
        "endpoint": "devOrds/getSalesCreditTeritoryTableCol2",
        "uriParams": {
          "SF_DIV_ID": "{{ $page.variables.SalesAssignRow.SF_DIV_ID }}"
        }
      },
      "outcomes": {
        "success": "assignVariablesTerritoryArray"
      }
    },
    "assignVariablesTerritoryArray": {
      "module": "vb/action/builtin/assignVariablesAction",
      "parameters": {
        "$page.variables.TerritoryArray": {
          "source": {
              "data": "{{ $chain.results.callRestGetSalesCreditTeritoryTableCol2.body.items }}"
            },
          "reset": "none",
          "auto": "always",
          "mapping": {
            "$target.data": {
              "source": "$source.data",
              "reset": "empty"
            }
          }
        }
      },
      "outcomes": {
        "success": "callComponentRowterrRefresh"
      }
    },
    "callComponentRowterrRefresh": {
      "module": "vb/action/builtin/callComponentMethodAction",
      "parameters": {
        "component": "{{ document.getElementById('rowterr') }}",
        "method": "refresh"
      },
      "outcomes": {
        "success": "if"
      }
    }
  },
  "variables": {
    "key": {
      "required": true,
      "type": "any",
      "input": "fromCaller"
    },
    "data": {
      "required": true,
      "type": "any",
      "input": "fromCaller"
    },
    "metadata": {
      "required": true,
      "type": "any",
      "input": "fromCaller"
    },
    "index": {
      "required": true,
      "type": "number",
      "input": "fromCaller"
    },
    "current": {
      "required": true,
      "type": "any",
      "input": "fromCaller"
    }
  }
}