{
  "description": "",
  "root": "runInParallel",
  "actions": {
    "assignVariablesSalesAssignRow": {
      "module": "vb/action/builtin/assignVariablesAction",
      "parameters": {
        "$page.variables.SalesAssignRow": {
          "source": {
            "updated_by": "{{ $application.user.email }}"
          },
          "reset": "none",
          "auto": "always"
        }
      },
      "outcomes": {
        "success": "callRestPutSalesCreditSFAssign"
      }
    },
    "fireNotification": {
      "module": "vb/action/builtin/fireNotificationEventAction",
      "parameters": {
        "target": "leaf",
        "summary": "Failed to update Assign Sales Force",
        "type": "error",
        "displayMode": "transient"
      }
    },
    "callRestPutSalesCreditSFAssign": {
      "module": "vb/action/builtin/restAction",
      "parameters": {
        "endpoint": "devOrds/putSalesCreditSFAssign",
        "uriParams": {
          "sf_assign_id": "{{ $variables.current.row.sf_assign_id }}"
        },
        "body": "{{ $page.variables.SalesAssignRow }}"
      },
      "outcomes": {
        "failure": "fireNotification",
        "success": "fireNotification2"
      }
    },
    "callChainFetchSalesAssignTbl": {
      "module": "vb/action/builtin/callChainAction",
      "parameters": {
        "id": "FetchSalesAssignTbl"
      }
    },
    "fireNotification2": {
      "module": "vb/action/builtin/fireNotificationEventAction",
      "parameters": {
        "target": "leaf",
        "summary": "Successfully updated Assign Sales force",
        "displayMode": "transient",
        "type": "confirmation"
      },
      "outcomes": {
        "success": "callChainFetchSalesAssignTbl"
      }
    },
    "runInParallel": {
      "module": "vb/action/builtin/forkAction",
      "parameters": {
        "actions": {
          "if": "ifSalesAssignRow2",
          "ifSalesAssignRow": "ifSalesAssignRow"
        }
      },
      "outcomes": {
        "join": "assignVariablesSalesAssignRow"
      }
    },
    "ifSalesAssignRow": {
      "module": "vb/action/builtin/ifAction",
      "parameters": {
        "condition": "[[ $page.variables.SalesAssignRow.start_date ]]"
      },
      "outcomes": {
        "true": "callFunctionDateformatter"
      }
    },
    "callFunctionDateformatter": {
      "module": "vb/action/builtin/callModuleFunctionAction",
      "parameters": {
        "module": "[[ $functions ]]",
        "functionName": "dateformatter",
        "params": [
          "{{ $page.variables.SalesAssignRow.start_date }}"
        ]
      },
      "outcomes": {
        "success": "assignVariablesSalesAssignRow2"
      }
    },
    "assignVariablesSalesAssignRow2": {
      "module": "vb/action/builtin/assignVariablesAction",
      "parameters": {
        "$page.variables.SalesAssignRow": {
          "source": {
            "start_date": "{{ $chain.results.callFunctionDateformatter }}"
          },
          "reset": "none",
          "auto": "always"
        }
      }
    },
    "ifSalesAssignRow2": {
      "module": "vb/action/builtin/ifAction",
      "parameters": {
        "condition": "[[ $page.variables.SalesAssignRow.end_date ]]"
      },
      "outcomes": {
        "true": "callFunctionDateformatter2"
      }
    },
    "callFunctionDateformatter2": {
      "module": "vb/action/builtin/callModuleFunctionAction",
      "parameters": {
        "module": "[[ $functions ]]",
        "functionName": "dateformatter",
        "params": [
          "{{ $page.variables.SalesAssignRow.end_date }}"
        ]
      },
      "outcomes": {
        "success": "assignVariablesSalesAssignRow3"
      }
    },
    "assignVariablesSalesAssignRow3": {
      "module": "vb/action/builtin/assignVariablesAction",
      "parameters": {
        "$page.variables.SalesAssignRow": {
          "source": {
            "end_date": "{{ $chain.results.callFunctionDateformatter2 }}"
          },
          "reset": "none",
          "auto": "always"
        }
      }
    }
  },
  "variables": {
    "key": {
      "required": true,
      "type": "any",
      "input": "fromCaller"
    },
    "index": {
      "required": true,
      "type": "number",
      "input": "fromCaller"
    },
    "current": {
      "required": true,
      "type": "any",
      "input": "fromCaller"
    }
  }
}