{
  "description": "",
  "root": "ifValue",
  "actions": {
    "resetVariablesSalesAssignRow": {
      "module": "vb/action/builtin/resetVariablesAction",
      "parameters": {
        "variables": [
          "$page.variables.SalesAssignRow.territory_name",
          "$page.variables.SalesAssignRow.sales_rep",
          "$page.variables.SalesAssignRow.sales_rep_name",
          "$page.variables.SalesRepADP.data"
        ]
      },
      "outcomes": {
        "success": "resetVariablesRowterritory"
      }
    },
    "if": {
      "module": "vb/action/builtin/ifAction",
      "parameters": {
        "condition": "[[ $variables.value !== $page.variables.Rowterritory ]]"
      },
      "outcomes": {
        "true": "resetVariablesSalesAssignRow",
        "false": "callRestGetTerritoryId"
      }
    },
    "callRestGetTerritoryId": {
      "module": "vb/action/builtin/restAction",
      "parameters": {
        "endpoint": "devOrds/getTerritoryId",
        "uriParams": {
          "TERRITORY_NUMBER": "{{ $variables.value }}",
          "SALES_FORCE_ID": "{{ $page.variables.salesAssignCreatObj.sales_force_id }}",
          "SF_DIV_ID": "{{ $page.variables.salesAssignCreatObj.SF_DIV_ID }}"
        }
      },
      "outcomes": {
        "success": "callRestGetSalesCreditSalesRepTableCol"
      }
    },
    "resetVariablesRowterritory": {
      "module": "vb/action/builtin/resetVariablesAction",
      "parameters": {
        "variables": [
          "$page.variables.Rowterritory"
        ]
      },
      "outcomes": {
        "success": "callRestGetTerritoryId"
      }
    },
    "assignVariablesSalesRepADP": {
      "module": "vb/action/builtin/assignVariablesAction",
      "parameters": {
        "$page.variables.SalesRepADP": {
          "source": {
            "data": "{{ $chain.results.callRestGetSalesCreditSalesRepTableCol.body.items }}"
          },
          "reset": "none",
          "auto": "always"
        },
        "$page.variables.salesAssignCreatObj": {
          "source": {
            "SF_TERRITORY_ID": "{{ $chain.results.callRestGetTerritoryId.body.items[0].sf_territory_id }}",
            "territory_name": "{{ $chain.results.callRestGetTerritoryId.body.items[0].territory_name }}"
          },
          "reset": "none",
          "auto": "always"
        }
      },
      "outcomes": {}
    },
    "resetVariablesSalesAssignCreatObj": {
      "module": "vb/action/builtin/resetVariablesAction",
      "parameters": {
        "variables": [
          "$page.variables.salesAssignCreatObj.territory_name",
          "$page.variables.salesAssignCreatObj.sales_rep",
          "$page.variables.salesAssignCreatObj.sales_rep_name",
          "$page.variables.SalesRepADP.data"
        ]
      }
    },
    "ifValue": {
      "module": "vb/action/builtin/ifAction",
      "parameters": {
        "condition": "[[ $variables.value ]]"
      },
      "outcomes": {
        "true": "if",
        "false": "resetVariablesSalesAssignCreatObj"
      }
    },
    "callRestGetSalesCreditSalesRepTableCol": {
      "module": "vb/action/builtin/restAction",
      "parameters": {
        "endpoint": "devOrds/getSalesCreditSalesRepTableCol",
        "uriParams": {
          "SF_TERRITORY_ID": "{{ $chain.results.callRestGetTerritoryId.body.items[0].sf_territory_id }}"
        }
      },
      "outcomes": {
        "success": "assignVariablesSalesRepADP"
      }
    }
  },
  "variables": {
    "value": {
      "required": true,
      "type": "any",
      "input": "fromCaller"
    },
    "key": {
      "required": true,
      "type": "any",
      "input": "fromCaller"
    },
    "index": {
      "required": true,
      "type": "number",
      "input": "fromCaller"
    },
    "current": {
      "required": true,
      "type": "any",
      "input": "fromCaller"
    }
  }
}