{
    "items": [
        {
            "owner_name": "HB",
            "owner_name_desc": "Hachette Books",
            "reporting_group": "11",
            "reporting_group_desc": "Little, Brown & Company, Pub",
            "category_1": "6245",
            "category_1_desc": "Publicity-GCP",
            "category_2": "1043",
            "category_2_desc": "Bold Type Books",
            "item_number": null,
            "author": null,
            "short_title": null,
            "organization": null,
            "organization_name": null,
            "account_number": null,
            "account_name": null,
            "ship_to_site": null,
            "party_site_name": null,
            "country": null,
            "state": null,
            "hold_name": "Hold For Change Request",
            "hold_comments": "System defined hold code used in change management process",
            "start_date": "2022-11-06",
            "end_date": null,
            "auto_release_flag": "N",
            "rule_id": 1032,
            "comments": null,
            "creation_date": "2022-11-07T15:22:04Z",
            "created_by": null,
            "last_update_date": "2022-11-07T15:22:04Z",
            "last_updated_by": "freis@pelotongroup.com"
        }
    ],
    "hasMore": false,
    "limit": 10000,
    "offset": 0,
    "count": 1,
    "links": [
        {
            "rel": "self",
            "href": "https://10.2.0.169:8081/ords/hbg_integration/AutomaticHolds/getHoldRules"
        },
        {
            "rel": "describedby",
            "href": "https://10.2.0.169:8081/ords/hbg_integration/metadata-catalog/AutomaticHolds/item"
        },
        {
            "rel": "first",
            "href": "https://10.2.0.169:8081/ords/hbg_integration/AutomaticHolds/getHoldRules?limit=10000"
        }
    ]
}