{
  "title": "",
  "description": "",
  "variables": {
    "AccNbrADP": {
      "type": "vb/ArrayDataProvider2",
      "defaultValue": {
        "itemType": "AccountNbrDLGLOVType",
        "keyAttributes": "AccNbr"
      }
    },
    "action": {
      "type": "string"
    },
    "agingCategoryListSDP": {
      "type": "vb/ServiceDataProvider",
      "defaultValue": {
        "endpoint": "businessObjects/getall_AgingCategory",
        "itemsPath": "items",
        "responseType": "getallAgingCategoryResponse",
        "transformsContext": {
          "vb-textFilterAttributes": [
            "agingCategory"
          ]
        },
        "capabilities": {
          "fetchFirst": {
            "implementation": "iteration"
          },
          "sort": {
            "attributes": "single"
          }
        },
        "keyAttributes": "agingCategory"
      }
    },
    "auditDetailsObj": {
      "type": "auditDetailsType"
    },
    "collapseDtlsSearch": {
      "type": {
        "process_id": "string",
        "transaction_num": "string"
      },
      "defaultValue": {
        "process_id": "",
        "transaction_num": ""
      }
    },
    "collapsetoggle": {
      "type": "boolean",
      "defaultValue": true
    },
    "CollapseTransADP": {
      "type": "vb/ArrayDataProvider2",
      "defaultValue": {
        "itemType": "CollapsetransType",
        "keyAttributes": "trx_key"
      }
    },
    "collapseTrxComment": {
      "type": "string",
      "defaultValue": ""
    },
    "createWriteOffTrxArray": {
      "type": "vb/ArrayDataProvider2",
      "defaultValue": {
        "itemType": "createWriteoffTrxType",
        "keyAttributes": "gl_acc_number"
      }
    },
    "createWriteOffTrxObj": {
      "type": "createWriteoffTrxType"
    },
    "DashboardObjType": {
      "type": "DashboardObjType"
    },
    "GetCollapseTrxsDetails": {
      "type": "vb/ArrayDataProvider2",
      "defaultValue": {
        "itemType": "GetCollapseTrxsDetailsType",
        "keyAttributes": "invoice_number"
      }
    },
    "GetCustomerDetailsADP": {
      "type": "vb/ArrayDataProvider2",
      "defaultValue": {
        "itemType": "GetCustomerDetailsType",
        "keyAttributes": "accountnumber"
      }
    },
    "getFlagCodeADP": {
      "type": "vb/ArrayDataProvider2",
      "defaultValue": {
        "itemType": "FlagCodeType",
        "keyAttributes": "flagCode"
      }
    },
    "GetOrgDetailsADP": {
      "type": "vb/ArrayDataProvider2",
      "defaultValue": {
        "itemType": "GetCustomerbyOrgNum",
        "keyAttributes": "party_number"
      }
    },
    "JSONFromJs": {
      "defaultValue": {
        "itemType": "TransactionTableType",
        "keyAttributes": "trx_key"
      },
      "type": "vb/ArrayDataProvider2"
    },
    "p_collapse_apply_btn_disable": {
      "type": "boolean",
      "defaultValue": true
    },
    "p_held_by_othrs": {
      "type": "boolean"
    },
    "p_sort_by": {
      "type": "string",
      "defaultValue": ""
    },
    "p_sort_dir": {
      "type": "string",
      "defaultValue": "ascending"
    },
    "p_trx_code": {
      "type": "any",
      "defaultValue": []
    },
    "ReceivableActivityTypeSDP": {
      "type": "vb/ServiceDataProvider",
      "defaultValue": {
        "endpoint": "ORDSConn/GetReceivableActivities",
        "responseType": "GetReceivableActivities",
        "itemsPath": "items",
        "keyAttributes": "seg_name"
      }
    },
    "retrieveSelectedRecordsObj": {
      "type": "retrieveSelectedRecordsType"
    },
    "searchAccountPopup": {
      "type": {
        "account_name": "string",
        "account_num": "string",
        "party_name": "string"
      },
      "defaultValue": {
        "account_name": "",
        "account_num": "",
        "party_name": ""
      }
    },
    "SearchObj": {
      "type": {
        "acct_nbr": "string",
        "aging_cat": "string",
        "amt_from": "string",
        "amt_to": "string",
        "claim_nbr": "string",
        "customer_name": "string",
        "flag_code": "string",
        "held_by_othrs_data": "string",
        "include_claim": "string",
        "include_cm": "string",
        "include_inv": "string",
        "include_receipts": "string",
        "inv_num_from": "string",
        "inv_num_to": "string",
        "inv_po_nbr": "string",
        "inv_ref_nbr": "string",
        "loggedin_user": "string",
        "org_name": "string",
        "processId": "string",
        "shipment_nbr": "string",
        "status": "string",
        "trx_code": "string",
        "trx_from_date": "string",
        "trx_to_date": "string",
        "trxtype_reason": "string"
      },
      "defaultValue": {
        "status": "Open",
        "acct_nbr": "",
        "include_claim": "N",
        "include_cm": "N",
        "include_inv": "N",
        "include_receipts": "N",
        "org_name": ""
      }
    },
    "SelectedAccNbr": {
      "type": "string"
    },
    "selectedTrxNum": {
      "type": "string",
      "defaultValue": ""
    },
    "StatusADP": {
      "type": "vb/ArrayDataProvider2",
      "defaultValue": {
        "itemType": "StatusLOVType",
        "keyAttributes": "Status"
      }
    },
    "StoredSelectionTblADP": {
      "defaultValue": {
        "itemType": "TransactionTableType",
        "keyAttributes": "trx_key"
      },
      "type": "vb/ArrayDataProvider2"
    },
    "StoreSelectionRequestADP": {
      "type": "vb/ArrayDataProvider2",
      "defaultValue": {
        "itemType": "storeSelectedRecordsType",
        "keyAttributes": "trx_key"
      }
    },
    "StoreSelectionRequestObj": {
      "type": "storeSelectedRecordsType"
    },
    "TransactionCodeADP": {
      "type": "vb/ArrayDataProvider2",
      "defaultValue": {
        "itemType": "TransactionCodeType",
        "keyAttributes": "transaction_code"
      }
    },
    "TransactionTblADP": {
      "type": "vb/ArrayDataProvider2",
      "defaultValue": {
        "itemType": "TransactionTableType",
        "keyAttributes": "trx_key",
        "implicitSort": "sort_key"
      }
    },
    "TransactionTypeArray": {
      "type": "vb/ArrayDataProvider2",
      "defaultValue": {
        "itemType": "trxTypeObj",
        "keyAttributes": "trxtype"
      }
    },
    "transtblRowData": {
      "type": "TransactionTableType",
      "defaultValue": {
        "balance": 0
      }
    },
    "writeOffAddRow": {
      "type": "writeOffJEType"
    },
    "WriteOffCurRow": {
      "type": "writeOffJEType"
    },
    "WriteOffJEADP": {
      "type": "vb/ArrayDataProvider2",
      "defaultValue": {
        "itemType": "writeOffJEType",
        "keyAttributes": "GLAccountNum"
      }
    },
    "WriteOffJEDashboard": {
      "type": {
        "account_name": "string",
        "account_number": "string",
        "balance": "number",
        "org_name": "string",
        "organization": "string"
      }
    }

  },
  "metadata": {},
  "types": {
    "@decorators.CollapsetransType": {
      "endpoint": "PostCollapseData",
      "service": "ORDSConn",
      "path": "request-_-transactions[0]-_-transaction"
    },
    "@decorators.createWriteoffTrxType": {
      "endpoint": "CreateWriteOffTrxs",
      "service": "ORDSConn",
      "path": "request"
    },
    "@decorators.DashboardObjType": {
      "endpoint": "postArCustMaintenanceSearchTransactions",
      "service": "ORDSConn",
      "path": "response-_-transactions[0]"
    },
    "@decorators.getall_FlagCode": {
      "endpoint": "getall_FlagCode",
      "service": "businessObjects",
      "path": "response"
    },
    "@decorators.getallAgingCategoryResponse": {
      "endpoint": "getall_AgingCategory",
      "service": "businessObjects",
      "path": "response"
    },
    "@decorators.GetCollapseTrxsDetails": {
      "endpoint": "GetCollapseTrxsDetails",
      "service": "ORDSConn",
      "path": "response"
    },
    "@decorators.GetCustomerbyOrgNum": {
      "endpoint": "GetCustomerbyOrgNum",
      "service": "ORDSConn",
      "path": "response-_-items[0]"
    },
    "@decorators.GetCustomerDetailsType": {
      "endpoint": "GetCustomerDetails",
      "service": "ORDSConn",
      "path": "response-_-items[0]"
    },
    "@decorators.GetReceivableActivities": {
      "endpoint": "GetReceivableActivities",
      "service": "ORDSConn",
      "path": "response"
    },
    "@decorators.GetTransactionCodes": {
      "endpoint": "GetTransactionCodes",
      "service": "ORDSConn",
      "path": "response"
    },
    "@decorators.retrieveSelectedRecordsType": {
      "endpoint": "postRetrieveSelectedRecords",
      "service": "ORDSConn",
      "path": "request"
    },
    "@decorators.storeSelectedRecordsType": {
      "endpoint": "storeSelectedRecords",
      "service": "ORDSConn",
      "path": "request"
    },
    "@decorators.TransactionTableType": {
      "endpoint": "postArCustMaintenanceSearchTransactions",
      "service": "ORDSConn",
      "path": "response-_-transactions[0]"
    },
    "AccountNbrDLGLOVType": {
      "AccName": "string",
      "AccNbr": "string"
    },
    "auditDetailsType": {
      "Closed Date": "string",
      "Process Id": "string",
      "submittedBy": "string"
    },
    "CollapsetransType": {
      "account_name": "string",
      "account_number": "string",
      "action": "string",
      "aging_cat": "string",
      "amount": "number",
      "amount_applied": "number",
      "balance": "number",
      "claim_number": "string",
      "cust_account_id": "string",
      "due_date": "string",
      "edi_ack_date": "string",
      "edi_remit_date": "string",
      "edi_trans_date": "string",
      "flag_code": "string",
      "gl_account_num": "string",
      "new_gl_acct_num": "string",
      "invoice_number": "string",
      "invoice_po_number": "string",
      "invoice_ref_num": "string",
      "new_claim_number": "string",
      "new_trx_code": "string",
      "org_nbr": "string",
      "party_id": "string",
      "payment_terms": "string",
      "sort_key": "string",
      "status": "string",
      "session_id": "string",
      "submission_date": "string",
      "submitted_by": "string",
      "trx_class": "string",
      "transaction_id": "string",
      "trx_date": "string",
      "trx_code": "string",
      "trx_key": "number",
      "trx_type": "string",
      "party_name": "string",
      "new_trx_num": "string",
      "new_acct_num": "string"
    },
    "createWriteoffTrxType": {
      "account_number": "string",
      "action": "string",
      "amount": "string",
      "cust_account_id": "string",
      "gl_acc_name": "string",
      "gl_acc_number": "string",
      "je_batch_name": "string",
      "je_header_name": "string",
      "je_reason": "string",
      "org_nbr": "string",
      "party_id": "string",
      "process_id": "string",
      "submission_date": "string",
      "submitted_by": "string",
      "trx_date": "string"
    },
    "DashboardObjType": {
      "account_balance": "number",
      "claim_total": "any",
      "credit_total": "any",
      "currency": "string",
      "invoice_total": "any",
      "nw_claim_total": "string",
      "org_name": "string",
      "org_number": "string",
      "selectedtotal": "number",
      "tax_exempt": "string",
      "tier": "string",
      "unapplied_amount": "string"
    },
    "FlagCodeType": {
      "createdBy": "string",
      "creationDate": "string",
      "description": "string",
      "flagCode": "string",
      "id": "number",
      "lastUpdateDate": "string",
      "lastUpdatedBy": "string"
    },
    "getallAgingCategoryResponse": {
      "items": [
        {
          "agingCategory": "string",
          "agingCatId": "string",
          "description": "string"
        }
      ]
    },
    "GetCollapseTrxsDetailsType": {
      "account_number": "string",
      "amount": "string",
      "invoice_number": "string",
      "new_trx_number": "string",
      "orcl_err_message": "any",
      "orcl_status": "string",
      "org_nbr": "string",
      "process_id": "number",
      "submission_date": "string",
      "submitted_by": "string",
      "target_account_number": "string",
      "trx_date": "string"
    },
    "GetCustomerbyOrgNum": {
      "party_name": "string",
      "party_number": "string"
    },
    "GetCustomerDetailsType": {
      "accountname": "string",
      "accountnumber": "string",
      "party_number": "string"
    },
    "GetReceivableActivities": {
      "items": [
        {
          "code_combination_id": "number",
          "last_update_date": "string",
          "name": "string",
          "receivables_trx_id": "number",
          "seg_desc": "string",
          "seg_name": "string",
          "type": "string"
        }
      ]
    },
    "retrieveSelectedRecordsType": {
      "acct_nbr": "string",
      "loggedin_user": "string",
      "org_name": "string"
    },
    "StatusLOVType": {
      "Status": "string"
    },
    "storeSelectedRecordsType": {
      "account_name": "string",
      "account_number": "string",
      "aging_cat": "string",
      "amount": "number",
      "amount_applied": "number",
      "balance": "number",
      "claim_number": "string",
      "cust_account_id": "string",
      "due_date": "string",
      "edi_ack_date": "string",
      "edi_remit_date": "string",
      "edi_trans_date": "string",
      "flag_code": "string",
      "gl_account_number": "string",
      "gl_account_number_new": "string",
      "invoice_number": "string",
      "invoice_po_number": "string",
      "invoice_ref_number": "string",
      "new_claim_number": "string",
      "new_trx_code": "string",
      "org_nbr": "string",
      "party_id": "string",
      "payment_terms": "string",
      "sort_key": "string",
      "status": "string",
      "session_id": "string",
      "submission_date": "string",
      "submitted_by": "string",
      "trx_class": "string",
      "transaction_id": "string",
      "trx_date": "string",
      "trx_code": "string",
      "trx_key": "number",
      "trx_type": "string"
    },
    "TransactionCodeType": {
      "batch_user": "string",
      "created_by": "string",
      "creation_date": "string",
      "description": "string",
      "last_update_date": "string",
      "last_updated_by": "string",
      "tran_record_type": "string",
      "tran_type": "string",
      "transaction_code": "string",
      "type_desc": "string"
    },
    "TransactionTableType": {
      "account_name": "string",
      "account_number": "string",
      "aging_cat": "string",
      "amount": "number",
      "balance": "number",
      "claim_number": "string",
      "closed_date": "string",
      "comments": "string",
      "cust_account_id": "number",
      "due_date": "string",
      "edi_ack_date": "string",
      "edi_remit_date": "string",
      "edi_trans_date": "string",
      "flag_code": "string",
      "invoice_number": "string",
      "invoice_po_number": "string",
      "invoice_ref_num": "string",
      "org_nbr": "string",
      "party_id": "number",
      "payment_terms": "string",
      "process_id": "number",
      "sort_key": "string",
      "status": "string",
      "submitted_by": "string",
      "transaction_id": "number",
      "trx_class": "string",
      "trx_code": "string",
      "trx_date": "string",
      "trx_key": "number",
      "trx_type": "string",
      "amount_applied": "number",
      "gl_account_num": "string",
      "new_claim_number": "string",
      "new_gl_acct_num": "string",
      "new_trx_code": "string",
      "party_name": "string"
    },
    "trxTypeObj": {
      "trxcodes": "string",
      "trxtype": "string"
    },
    "writeOffJEType": {
      "Amount": "number",
      "GLAccountName": "string",
      "GLAccountNum": "string",
      "JEReson": "string"
    }
  },
  "eventListeners": {
    "amtappValue": {
      "chains": [
        {
          "chainId": "amountappliedValueChangeAction",
          "parameters": {
            "value": "{{ $event.detail.value }}",
            "key": "{{ $current.key }}",
            "index": "{{ $current.index }}",
            "current": "{{ $current }}"
          }
        }
      ]
    },
    "ApplyBtnEvent": {
      "chains": [
        {
          "chainId": "CollapseDlgApplyBtnAction"
        }
      ]
    },
    "buttonAction": {
      "chains": [
        {
          "chainId": "SwitchtoOrgActionChain"
        }
      ]
    },
    "buttonAction10": {
      "chains": [
        {
          "chainId": "writeOffJEAddRowSubmitChain",
          "parameters": {
            "key": "{{ $current.key }}",
            "index": "{{ $current.index }}",
            "current": "{{ $current }}"
          }
        }
      ]
    },
    "buttonAction11": {
      "chains": [
        {
          "chainId": "WriteOffDeleteTblRowChain",
          "parameters": {
            "key": "{{ $current.key }}",
            "index": "{{ $current.index }}",
            "current": "{{ $current }}"
          }
        }
      ]
    },
    "buttonAction12": {
      "chains": [
        {
          "chainId": "WriteOFFJESubBtnChain"
        }
      ]
    },
    "buttonAction13": {
      "chains": [
        {
          "chainId": "WriteOffJeCloseBtnChain"
        }
      ]
    },
    "buttonAction2": {
      "chains": [
        {
          "chainId": "ClearSelectionBtnActionChain"
        }
      ]
    },
    "buttonAction3": {
      "chains": [
        {
          "chainId": "viewAcctDetailsChain"
        }
      ]
    },
    "buttonAction4": {
      "chains": [
        {
          "chainId": "FilterAcctSubmitButtonChain"
        }
      ]
    },
    "buttonAction5": {
      "chains": [
        {
          "chainId": "resetBtnActionChain"
        }
      ]
    },
    "buttonAction6": {
      "chains": [
        {
          "chainId": "StoreandViewBtnAction"
        }
      ]
    },
    "buttonAction7": {
      "chains": [
        {
          "chainId": "CollapseDetailBtnChain"
        }
      ]
    },
    "buttonAction8": {
      "chains": [
        {
          "chainId": "CollapseDtlsSearchBtnChain"
        }
      ]
    },
    "buttonAction9": {
      "chains": [
        {
          "chainId": "collapseDtlsClearBtnChain"
        }
      ]
    },
    "claimsValue": {
      "chains": [
        {
          "chainId": "ClaimsValueChangeAction",
          "parameters": {
            "value": "{{ $event.detail.value }}"
          }
        }
      ]
    },
    "CollapseTransEvent": {
      "chains": [
        {
          "chainId": "CollapseTransAction"
        }
      ]
    },
    "CreateJournalEvntLstnr": {
      "chains": [
        {
          "chainId": "WriteOffCreateJournalBtnChain"
        }
      ]
    },
    "creditsValue": {
      "chains": [
        {
          "chainId": "CreditsValueChangeAction",
          "parameters": {
            "value": "{{ $event.detail.value }}"
          }
        }
      ]
    },
    "hyperlinkClick": {
      "chains": [
        {
          "chainId": "openInvoiceClickChain",
          "parameters": {
            "key": "{{ $current.key }}",
            "index": "{{ $current.index }}",
            "current": "{{ $current }}"
          }
        }
      ]
    },
    "hyperlinkClick2": {
      "chains": [
        {
          "chainId": "openReceiptClickChain",
          "parameters": {
            "key": "{{ $current.key }}",
            "index": "{{ $current.index }}",
            "current": "{{ $current }}"
          }
        }
      ]
    },
    "iconClick": {
      "chains": [
        {
          "chainId": "IconClickChain",
          "parameters": {
            "key": "{{ $current.key }}",
            "index": "{{ $current.index }}",
            "current": "{{ $current }}"
          }
        }
      ]
    },
    "inputTextValue": {
      "chains": [
        {
          "chainId": "getAcctDtlsbyAcctNumChain",
          "parameters": {
            "value": "{{ $event.detail.value }}"
          }
        }
      ]
    },
    "inputTextValue2": {
      "chains": [
        {
          "chainId": "getOrgNumDtlsChain",
          "parameters": {
            "value": "{{ $event.detail.value }}"
          }
        }
      ]
    },
    "invoiceValue": {
      "chains": [
        {
          "chainId": "InvoiceValueChangeAction",
          "parameters": {
            "value": "{{ $event.detail.value }}"
          }
        }
      ]
    },
    "SearchAcctDtlsDialogClearBtn": {
      "chains": [
        {
          "chainId": "SearchAcctDtlsDialogClearChain"
        }
      ]
    },
    "SearchAcctDtlsDialogCloseBtn": {
      "chains": [
        {
          "chainId": "searchAcctDtlsCloseChain"
        }
      ]
    },
    "SearchAcctDtlsDialogSearchBtn": {
      "chains": [
        {
          "chainId": "searchAcctDtlsbyAcctNumDialogChain"
        }
      ]
    },
    "SearchOrgDtlsDialogCloseBtn": {
      "chains": [
        {
          "chainId": "SearchOrgDtlsCloseChain"
        }
      ]
    },
    "SearchOrgDtlsDialogSearchBtn": {
      "chains": [
        {
          "chainId": "searchOrgDtlsbyOrgNumDialogChain"
        }
      ]
    },
    "selectValueItem": {
      "chains": [
        {
          "chainId": "trxCodeChangeChain",
          "parameters": {
            "key": "{{$event.detail.value.key}}",
            "data": "{{$event.detail.value.data}}",
            "metadata": "{{$event.detail.value.metadata}}"
          }
        }
      ]
    },
    "selectValueItem2": {
      "chains": [
        {
          "chainId": "writeOffJEValueSelectedItem",
          "parameters": {
            "key": "{{ $current.key }}",
            "data": "{{$event.detail.value.data}}",
            "metadata": "{{$event.detail.value.metadata}}",
            "index": "{{ $current.index }}",
            "current": "{{ $current }}"
          }
        }
      ]
    },
    "ShowSelectionbtnEvent": {
      "chains": [
        {
          "chainId": "ShowSelectionbtnAction"
        }
      ]
    },
    "RefreshBtnEvent": {
      "chains": [
        {
          "chainId": "RefreshBtnAction"
        }
      ]
    },
    "sortByValue": {
      "chains": [
        {
          "parameters": {},
          "chainId": "SearchBtnAction"
        }
      ]
    },
    "StoreSelectionBtnEvent": {
      "chains": [
        {
          "chainId": "StoreSelectionBtnAction"
        }
      ]
    },
    "SelectBtnRowsEvent": {
      "chains": [
        {
          "chainId": "SelectBtnRowsAction"
        }
      ]
    },
    "ClearbtnAction": {
      "chains": [
        {
          "chainId": "ClearbtnAction"
        }
      ]
    },
    "SearchBtnEvent": {
      "chains": [
        {
          "chainId": "SearchBtnAction"
        }
      ]
    },
    "tableBeforeRowEdit": {
      "chains": [
        {
          "chainId": "TransTblBeforeRowEdit",
          "parameters": {
            "rowKey": "{{$event.detail.rowContext.status.rowKey}}",
            "rowIndex": "{{$event.detail.rowContext.status.rowIndex}}",
            "rowData": "{{$event.detail.rowContext.componentElement.getDataForVisibleRow($event.detail.rowContext.status.rowIndex).data}}"
          }
        }
      ]
    },
    "tableBeforeRowEditEnd": {
      "chains": [
        {
          "chainId": "TransTblBeforeRowEditEnd",
          "parameters": {
            "cancelEdit": "{{$event.detail.cancelEdit}}",
            "rowKey": "{{$event.detail.rowContext.status.rowKey}}",
            "rowIndex": "{{$event.detail.rowContext.status.rowIndex}}",
            "rowData": "{{$event.detail.rowContext.componentElement.getDataForVisibleRow($event.detail.rowContext.status.rowIndex).data}}"
          }
        }
      ]
    },
    "GetAcctDtlsDialogTblFirstSelectedRow": {
      "chains": [
        {
          "chainId": "GetAcctDtlsbyAcctNumDialogSelectChangeChain",
          "parameters": {
            "rowData": "[[ $event.detail.value.data ]]"
          }
        }
      ]
    },
    "GetOrgDtlsDialogTblFirstSelectedRow": {
      "chains": [
        {
          "chainId": "GetOrgDtlsbyOrgNumDialogSelectChangeChain",
          "parameters": {
            "rowKey": "[[ $event.detail.value.key ]]"
          }
        }
      ]
    },
    "tableFirstSelectedRow": {
      "chains": [
        {
          "chainId": "OnSelectFilterDatabyAcctChain",
          "parameters": {
            "rowKey": "{{$event.detail.value.key}}",
            "rowData": "{{$event.detail.value.data}}"
          }
        }
      ]
    },
    "tableSelected": {
      "chains": [
        {
          "chainId": "TableSelectedChangeChain",
          "parameters": {
            "keys": "{{ $event.detail.value.row.values ? Array.from($event.detail.value.row.values()) : [] }}",
            "selected": "{{ $event.detail.value }}"
          }
        }
      ]
    },
    "toggleDrawer": {
      "chains": [
        {
          "chainId": "application:toggleDrawerHandler"
        }
      ]
    },
    "unappReceiptsValue": {
      "chains": [
        {
          "chainId": "unappReceiptsValueChangeAction",
          "parameters": {
            "value": "{{ $event.detail.value }}"
          }
        }
      ]
    },
    "vbEnter": {
      "chains": [
        {
          "parameters": {},
          "chainId": "FetchLovs"
        },
        {
          "parameters": {},
          "chainId": "createSession"
        }
      ]
    },
    "writeoffJeTblBeforeRowEdit": {
      "chains": [
        {
          "chainId": "WriteOffJEBeforeRowEditChain",
          "parameters": {
            "rowKey": "{{$event.detail.rowContext.status.rowKey}}",
            "rowIndex": "{{$event.detail.rowContext.status.rowIndex}}",
            "rowData": "{{$event.detail.rowContext.componentElement.getDataForVisibleRow($event.detail.rowContext.status.rowIndex).data}}"
          }
        }
      ]
    },
    "writeoffJeTblBeforeRowEditEnd": {
      "chains": [
        {
          "chainId": "WriteOffJERowEditEndChain",
          "parameters": {
            "cancelEdit": "{{$event.detail.cancelEdit}}",
            "rowKey": "{{$event.detail.rowContext.status.rowKey}}",
            "rowIndex": "{{$event.detail.rowContext.status.rowIndex}}",
            "rowData": "{{$event.detail.rowContext.componentElement.getDataForVisibleRow($event.detail.rowContext.status.rowIndex).data}}"
          }
        }
      ]
    }
  },
  "imports": {
    "components": {
      "oj-button": {
        "path": "ojs/ojbutton"
      },
      "oj-checkboxset": {
        "path": "ojs/ojcheckboxset"
      },
      "oj-collapsible": {
        "path": "ojs/ojcollapsible"
      },
      "oj-combobox-one": {
        "path": "ojs/ojselectcombobox"
      },
      "oj-defer": {
        "path": "ojs/ojdefer"
      },
      "oj-dialog": {
        "path": "ojs/ojdialog"
      },
      "oj-form-layout": {
        "path": "ojs/ojformlayout"
      },
      "oj-highlight-text": {
        "path": "ojs/ojhighlighttext"
      },
      "oj-input-date": {
        "path": "ojs/ojdatetimepicker"
      },
      "oj-input-number": {
        "path": "ojs/ojinputnumber"
      },
      "oj-input-text": {
        "path": "ojs/ojinputtext"
      },
      "oj-label": {
        "path": "ojs/ojlabel"
      },
      "oj-option": {
        "path": "ojs/ojoption"
      },
      "oj-popup": {
        "path": "ojs/ojpopup"
      },
      "oj-progress-bar": {
        "path": "ojs/ojprogress-bar"
      },
      "oj-radioset": {
        "path": "ojs/ojradioset"
      },
      "oj-sample-export-data": {
        "path": "oj-sample/export-data/loader"
      },
      "oj-sample-tooltip": {
        "path": "oj-sample/tooltip/loader"
      },
      "oj-select-many": {
        "path": "ojs/ojselectcombobox"
      },
      "oj-select-single": {
        "path": "ojs/ojselectsingle"
      },
      "oj-switch": {
        "path": "ojs/ojswitch"
      },
      "oj-table": {
        "path": "ojs/ojtable"
      },
      "oj-text-area": {
        "path": "ojs/ojinputtext"
      },
      "oj-toolbar": {
        "path": "ojs/ojtoolbar"
      }
    },
    "modules": {
      "ojValidationDateTime": {
        "path": "ojs/ojvalidation-datetime"
      },
      "ojValidationNumber": {
        "path": "ojs/ojvalidation-number"
      }
    }
  }
}