{
    "items": [
        {
            "pre_reservation_number": 1000000000261,
            "inventory_organization": null,
            "requester": "Mrunal",
            "approver": null,
            "reason_code": "Order (Special – Pending)",
            "reservation_type": "Regular",
            "print_number": null,
            "expiration_date": "0028-02-21T00:00:00Z",
            "comments": null,
            "status": "In-Process",
            "created_by": "arcosta@pelotongroup.com",
            "created_date": "2023-01-11T16:55:44Z",
            "last_updated_by": "arcosta@pelotongroup.com",
            "last_update_date": "2023-01-11T16:55:44Z",
            "auto_clear_on_expiry_date": "No"
        },
        {
            "pre_reservation_number": 1000000000259,
            "inventory_organization": null,
            "requester": "Taylor Hastings",
            "approver": null,
            "reason_code": "Order (Special – Pending)",
            "reservation_type": "Regular",
            "print_number": null,
            "expiration_date": "0025-01-21T00:00:00Z",
            "comments": null,
            "status": "In-Process",
            "created_by": "thastings@pelotongroup.com",
            "created_date": "2023-01-11T16:02:07Z",
            "last_updated_by": "thastings@pelotongroup.com",
            "last_update_date": "2023-01-11T16:02:07Z",
            "auto_clear_on_expiry_date": "No"
        },
        {
            "pre_reservation_number": 1000000000258,
            "inventory_organization": null,
            "requester": "Mrunal",
            "approver": "adfas",
            "reason_code": "Author Order",
            "reservation_type": "Regular",
            "print_number": null,
            "expiration_date": "0028-02-21T00:00:00Z",
            "comments": "Test Data",
            "status": "In-Process",
            "created_by": "arcosta@pelotongroup.com",
            "created_date": "2023-01-11T15:19:37Z",
            "last_updated_by": "arcosta@pelotongroup.com",
            "last_update_date": "2023-01-11T15:19:37Z",
            "auto_clear_on_expiry_date": "Yes"
        },
        {
            "pre_reservation_number": 1000000000257,
            "inventory_organization": null,
            "requester": "skadiri",
            "approver": "skadiri",
            "reason_code": "Order (Special – Pending)",
            "reservation_type": "Regular",
            "print_number": null,
            "expiration_date": "0011-01-21T00:00:00Z",
            "comments": null,
            "status": "In-Process",
            "created_by": "freis@pelotongroup.com",
            "created_date": "2023-01-11T12:38:33Z",
            "last_updated_by": "freis@pelotongroup.com",
            "last_update_date": "2023-01-11T12:38:33Z",
            "auto_clear_on_expiry_date": "Yes"
        },
        {
            "pre_reservation_number": 1000000000255,
            "inventory_organization": null,
            "requester": "skadiri",
            "approver": "skadiri",
            "reason_code": "Book Club Use",
            "reservation_type": "Regular",
            "print_number": null,
            "expiration_date": "0025-01-21T00:00:00Z",
            "comments": "Test change",
            "status": "In-Process",
            "created_by": "freis@pelotongroup.com",
            "created_date": "2023-01-11T10:45:30Z",
            "last_updated_by": "freis@pelotongroup.com",
            "last_update_date": "2023-01-11T15:01:27Z",
            "auto_clear_on_expiry_date": "Yes"
        },
        {
            "pre_reservation_number": 1000000000248,
            "inventory_organization": null,
            "requester": "sneeli",
            "approver": "schelloju",
            "reason_code": "Order (Special – Pending)",
            "reservation_type": "Regular",
            "print_number": null,
            "expiration_date": "0025-01-21T00:00:00Z",
            "comments": "Check Headers & Lines",
            "status": "In-Process",
            "created_by": "freis@pelotongroup.com",
            "created_date": "2023-01-11T08:33:50Z",
            "last_updated_by": "freis@pelotongroup.com",
            "last_update_date": "2023-01-11T08:33:50Z",
            "auto_clear_on_expiry_date": null
        },
        {
            "pre_reservation_number": 1000000000240,
            "inventory_organization": null,
            "requester": "schelloju",
            "approver": "schelloju",
            "reason_code": "Author Order",
            "reservation_type": "Regular",
            "print_number": null,
            "expiration_date": "0025-01-21T00:00:00Z",
            "comments": "Add Detail",
            "status": "In-Process",
            "created_by": "freis@pelotongroup.com",
            "created_date": "2023-01-11T05:35:26Z",
            "last_updated_by": "freis@pelotongroup.com",
            "last_update_date": "2023-01-11T05:35:26Z",
            "auto_clear_on_expiry_date": null
        },
        {
            "pre_reservation_number": 1000000000239,
            "inventory_organization": null,
            "requester": "schelloju",
            "approver": "schelloju",
            "reason_code": "Author Order",
            "reservation_type": "Regular",
            "print_number": null,
            "expiration_date": "0025-01-21T00:00:00Z",
            "comments": "Add Detail",
            "status": "In-Process",
            "created_by": "freis@pelotongroup.com",
            "created_date": "2023-01-11T05:35:10Z",
            "last_updated_by": "freis@pelotongroup.com",
            "last_update_date": "2023-01-11T05:35:10Z",
            "auto_clear_on_expiry_date": null
        },
        {
            "pre_reservation_number": 1000000000236,
            "inventory_organization": null,
            "requester": "schelloju",
            "approver": "shcelloju",
            "reason_code": "Order (Special – Pending)",
            "reservation_type": "Regular",
            "print_number": null,
            "expiration_date": "0001-02-21T00:00:00Z",
            "comments": null,
            "status": "In-Process",
            "created_by": "freis@pelotongroup.com",
            "created_date": "2023-01-11T05:24:57Z",
            "last_updated_by": "freis@pelotongroup.com",
            "last_update_date": "2023-01-11T05:24:57Z",
            "auto_clear_on_expiry_date": null
        },
        {
            "pre_reservation_number": 1000000000231,
            "inventory_organization": null,
            "requester": "schelloju",
            "approver": "schelloju",
            "reason_code": "Book Club Use",
            "reservation_type": "Regular",
            "print_number": null,
            "expiration_date": "0030-01-21T00:00:00Z",
            "comments": null,
            "status": "In-Process",
            "created_by": "freis@pelotongroup.com",
            "created_date": "2023-01-10T12:37:10Z",
            "last_updated_by": "freis@pelotongroup.com",
            "last_update_date": "2023-01-10T12:37:10Z",
            "auto_clear_on_expiry_date": null
        },
        {
            "pre_reservation_number": 1000000000223,
            "inventory_organization": null,
            "requester": "schelloju",
            "approver": "schelloju",
            "reason_code": "General Freeze",
            "reservation_type": "Regular",
            "print_number": null,
            "expiration_date": "0031-01-21T00:00:00Z",
            "comments": null,
            "status": "In-Process",
            "created_by": "freis@pelotongroup.com",
            "created_date": "2023-01-10T07:53:16Z",
            "last_updated_by": "freis@pelotongroup.com",
            "last_update_date": "2023-01-10T07:53:16Z",
            "auto_clear_on_expiry_date": null
        },
        {
            "pre_reservation_number": 1000000000214,
            "inventory_organization": null,
            "requester": "freis@pelotongroup.com",
            "approver": null,
            "reason_code": "Order (Special – Pending)",
            "reservation_type": "Regular",
            "print_number": null,
            "expiration_date": "0007-01-21T00:00:00Z",
            "comments": null,
            "status": "Open",
            "created_by": "freis@pelotongroup.com",
            "created_date": "2023-01-06T14:14:06Z",
            "last_updated_by": "freis@pelotongroup.com",
            "last_update_date": "2023-01-06T14:14:06Z",
            "auto_clear_on_expiry_date": null
        },
        {
            "pre_reservation_number": 1000000000213,
            "inventory_organization": null,
            "requester": "freis@pelotongroup.com",
            "approver": "schelloju",
            "reason_code": "Order (Special – Pending)",
            "reservation_type": "Regular",
            "print_number": null,
            "expiration_date": "0031-01-21T00:00:00Z",
            "comments": null,
            "status": "Open",
            "created_by": "freis@pelotongroup.com",
            "created_date": "2023-01-06T13:39:13Z",
            "last_updated_by": "freis@pelotongroup.com",
            "last_update_date": "2023-01-06T13:39:13Z",
            "auto_clear_on_expiry_date": null
        },
        {
            "pre_reservation_number": 1000000000212,
            "inventory_organization": null,
            "requester": "freis@pelotongroup.com",
            "approver": null,
            "reason_code": "Tour-Author Appearance",
            "reservation_type": "Regular",
            "print_number": null,
            "expiration_date": "0012-01-21T00:00:00Z",
            "comments": null,
            "status": "Open",
            "created_by": "freis@pelotongroup.com",
            "created_date": "2023-01-06T12:45:33Z",
            "last_updated_by": "freis@pelotongroup.com",
            "last_update_date": "2023-01-06T12:45:33Z",
            "auto_clear_on_expiry_date": null
        },
        {
            "pre_reservation_number": 1000000000205,
            "inventory_organization": null,
            "requester": "freis@pelotongroup.com",
            "approver": "schelloju",
            "reason_code": "Author Order",
            "reservation_type": "Regular",
            "print_number": null,
            "expiration_date": null,
            "comments": null,
            "status": null,
            "created_by": "freis@pelotongroup.com",
            "created_date": "2023-01-06T09:14:42Z",
            "last_updated_by": "freis@pelotongroup.com",
            "last_update_date": "2023-01-06T09:14:42Z",
            "auto_clear_on_expiry_date": null
        },
        {
            "pre_reservation_number": 1000000000204,
            "inventory_organization": null,
            "requester": "freis@pelotongroup.com",
            "approver": "schelloju",
            "reason_code": "Order (Special – Pending)",
            "reservation_type": "Regular",
            "print_number": null,
            "expiration_date": null,
            "comments": null,
            "status": null,
            "created_by": "freis@pelotongroup.com",
            "created_date": "2023-01-06T09:03:42Z",
            "last_updated_by": "freis@pelotongroup.com",
            "last_update_date": "2023-01-06T09:03:42Z",
            "auto_clear_on_expiry_date": null
        },
        {
            "pre_reservation_number": 1000000000195,
            "inventory_organization": null,
            "requester": "freis@pelotongroup.com",
            "approver": "schelloju",
            "reason_code": "Author Order",
            "reservation_type": "Regular",
            "print_number": null,
            "expiration_date": null,
            "comments": null,
            "status": "Open",
            "created_by": "freis@pelotongroup.com",
            "created_date": "2023-01-06T08:13:27Z",
            "last_updated_by": "freis@pelotongroup.com",
            "last_update_date": "2023-01-06T08:13:27Z",
            "auto_clear_on_expiry_date": null
        },
        {
            "pre_reservation_number": 1000000000194,
            "inventory_organization": null,
            "requester": "thastings@pelotongroup.com",
            "approver": null,
            "reason_code": null,
            "reservation_type": "Regular",
            "print_number": null,
            "expiration_date": null,
            "comments": null,
            "status": null,
            "created_by": "thastings@pelotongroup.com",
            "created_date": "2023-01-05T21:56:13Z",
            "last_updated_by": "thastings@pelotongroup.com",
            "last_update_date": "2023-01-05T21:56:13Z",
            "auto_clear_on_expiry_date": null
        },
        {
            "pre_reservation_number": 1000000000193,
            "inventory_organization": "INDY",
            "requester": "thastings@pelotongroup.com",
            "approver": null,
            "reason_code": null,
            "reservation_type": "Regular",
            "print_number": null,
            "expiration_date": "0019-01-21T00:00:00Z",
            "comments": null,
            "status": null,
            "created_by": "thastings@pelotongroup.com",
            "created_date": "2023-01-05T18:26:20Z",
            "last_updated_by": "thastings@pelotongroup.com",
            "last_update_date": "2023-01-05T18:26:20Z",
            "auto_clear_on_expiry_date": null
        },
        {
            "pre_reservation_number": 1000000000186,
            "inventory_organization": "HBG",
            "requester": "freis@pelotongroup.com",
            "approver": "schelloju",
            "reason_code": "Author",
            "reservation_type": "Regular",
            "print_number": null,
            "expiration_date": "0024-01-21T00:00:00Z",
            "comments": null,
            "status": "Open",
            "created_by": "freis@pelotongroup.com",
            "created_date": "2023-01-05T08:42:30Z",
            "last_updated_by": "freis@pelotongroup.com",
            "last_update_date": "2023-01-05T08:42:30Z",
            "auto_clear_on_expiry_date": null
        },
        {
            "pre_reservation_number": 1000000000185,
            "inventory_organization": "HXR",
            "requester": "freis@pelotongroup.com",
            "approver": "schelloju",
            "reason_code": "Author",
            "reservation_type": "Regular",
            "print_number": null,
            "expiration_date": "0028-01-21T00:00:00Z",
            "comments": null,
            "status": "Open",
            "created_by": "freis@pelotongroup.com",
            "created_date": "2023-01-05T07:41:11Z",
            "last_updated_by": "freis@pelotongroup.com",
            "last_update_date": "2023-01-05T07:41:11Z",
            "auto_clear_on_expiry_date": null
        },
        {
            "pre_reservation_number": 1000000000184,
            "inventory_organization": "IND",
            "requester": "freis@pelotongroup.com",
            "approver": "schelloju",
            "reason_code": "Author",
            "reservation_type": "Regular",
            "print_number": null,
            "expiration_date": "0031-01-21T00:00:00Z",
            "comments": null,
            "status": "Open",
            "created_by": "freis@pelotongroup.com",
            "created_date": "2023-01-05T07:37:30Z",
            "last_updated_by": "freis@pelotongroup.com",
            "last_update_date": "2023-01-05T07:37:30Z",
            "auto_clear_on_expiry_date": null
        },
        {
            "pre_reservation_number": 1000000000182,
            "inventory_organization": "INDY",
            "requester": "thastings@pelotongroup.com",
            "approver": null,
            "reason_code": null,
            "reservation_type": "Regular",
            "print_number": null,
            "expiration_date": "0025-01-21T00:00:00Z",
            "comments": null,
            "status": null,
            "created_by": "thastings@pelotongroup.com",
            "created_date": "2023-01-04T20:09:18Z",
            "last_updated_by": "thastings@pelotongroup.com",
            "last_update_date": "2023-01-04T20:09:18Z",
            "auto_clear_on_expiry_date": null
        },
        {
            "pre_reservation_number": 1000000000181,
            "inventory_organization": "ITEM_MASTER",
            "requester": "freis@pelotongroup.com",
            "approver": "schelloju",
            "reason_code": "Author",
            "reservation_type": "Regular",
            "print_number": 232323,
            "expiration_date": "0019-01-21T00:00:00Z",
            "comments": null,
            "status": "Open",
            "created_by": "freis@pelotongroup.com",
            "created_date": "2023-01-04T19:28:11Z",
            "last_updated_by": "freis@pelotongroup.com",
            "last_update_date": "2023-01-04T19:28:11Z",
            "auto_clear_on_expiry_date": null
        },
        {
            "pre_reservation_number": 1000000000180,
            "inventory_organization": "IND",
            "requester": "freis@pelotongroup.com",
            "approver": "schelloju",
            "reason_code": "Author",
            "reservation_type": "Regular",
            "print_number": 232323,
            "expiration_date": "0026-01-21T00:00:00Z",
            "comments": null,
            "status": "Open",
            "created_by": "freis@pelotongroup.com",
            "created_date": "2023-01-04T19:08:19Z",
            "last_updated_by": "freis@pelotongroup.com",
            "last_update_date": "2023-01-04T19:08:19Z",
            "auto_clear_on_expiry_date": null
        }
    ],
    "hasMore": true,
    "limit": 25,
    "offset": 0,
    "count": 25,
    "links": [
        {
            "rel": "self",
            "href": "https://10.2.0.169:8081/ords/hbg_integration/ReservationsUI/getReserHeaderbyItemCode?p_reservation_type=Regular"
        },
        {
            "rel": "describedby",
            "href": "https://10.2.0.169:8081/ords/hbg_integration/metadata-catalog/ReservationsUI/item"
        },
        {
            "rel": "first",
            "href": "https://10.2.0.169:8081/ords/hbg_integration/ReservationsUI/getReserHeaderbyItemCode?p_reservation_type=Regular"
        },
        {
            "rel": "next",
            "href": "https://10.2.0.169:8081/ords/hbg_integration/ReservationsUI/getReserHeaderbyItemCode?p_reservation_type=Regular&offset=25"
        }
    ]
}