{
    "items": [
        {
            "account_number": "14900004-TWENTY TWO HOM",
            "account_name": "TWENTY TWO HOME"
        },
        {
            "account_number": "14900008-Cheyenne Depot",
            "account_name": "Cheyenne Depot Museum"
        },
        {
            "account_number": "14900011-FOUR SEASONS R",
            "account_name": "FOUR SEASONS RESORT"
        },
        {
            "account_number": "14900022-LUCKY YOU",
            "account_name": "LUCKY YOU"
        },
        {
            "account_number": "14900025-PERSEPHONE BAK",
            "account_name": "PERSEPHONE BAKERY"
        },
        {
            "account_number": "14900026-HEAVEN TO EART",
            "account_name": "HEAVEN TO EARTH LLC"
        },
        {
            "account_number": "14900027-CYBORGS, PUZZL",
            "account_name": "CYBORGS, PUZZLES & GAMES"
        },
        {
            "account_number": "14900031-ASPENS MARKET",
            "account_name": "ASPENS MARKET"
        },
        {
            "account_number": "14900033-TERRA JACKSON ",
            "account_name": "TERRA JACKSON HOLE"
        },
        {
            "account_number": "14900034-Tod Polson",
            "account_name": "Tod Polson"
        },
        {
            "account_number": "14900038-RAY'S CAR CULT",
            "account_name": "RAY'S CAR CULTURE"
        },
        {
            "account_number": "14900044-WYOMING GAME &",
            "account_name": "WYOMING GAME & FISH"
        },
        {
            "account_number": "14900051-KOTD, LLC",
            "account_name": "KOTD, LLC"
        },
        {
            "account_number": "14900052-SIERRA TRADING",
            "account_name": "SIERRA TRADING POST"
        },
        {
            "account_number": "14900055-Bozeman Trail ",
            "account_name": "Bozeman Trail Assoc"
        },
        {
            "account_number": "14900056-THE KNOWLEDGE ",
            "account_name": "THE KNOWLEDGE NOOK"
        },
        {
            "account_number": "14900058-THE WANDERING ",
            "account_name": "THE WANDERING HERMIT"
        },
        {
            "account_number": "14900099-NATIONAL MUSEU",
            "account_name": "NATIONAL MUSEUM OF"
        },
        {
            "account_number": "14900124-GRAND TETON AS",
            "account_name": "GRAND TETON ASSOCIATION"
        },
        {
            "account_number": "14900133-GRAND TETON LO",
            "account_name": "GRAND TETON LODGE CO"
        },
        {
            "account_number": "14900258-GIFTS OF THE E",
            "account_name": "GIFTS OF THE EARTH"
        },
        {
            "account_number": "14900320-TATE GEOLOGICA",
            "account_name": "TATE GEOLOGICAL MUSEUM"
        },
        {
            "account_number": "14900564-UNITA COUNTY S",
            "account_name": "UNITA COUNTY S D  #4"
        },
        {
            "account_number": "14900647-MOUNTAIN DANDY",
            "account_name": "MOUNTAIN DANDY"
        },
        {
            "account_number": "14900648-MAGPIE DESIGNS",
            "account_name": "MAGPIE DESIGNS"
        },
        {
            "account_number": "14900654-THE COTTONWOOD",
            "account_name": "THE COTTONWOOD SHOP"
        },
        {
            "account_number": "14900703-WYOMING ST MUS",
            "account_name": "WYOMING ST MUSEUM STORE"
        },
        {
            "account_number": "14900706-LARAMIE COUNTY",
            "account_name": "LARAMIE COUNTY COMMUNITY"
        },
        {
            "account_number": "14900716-REESE MILLER L",
            "account_name": "REESE MILLER LLC"
        },
        {
            "account_number": "14900721-DECKERS FLORAL",
            "account_name": "DECKERS FLORAL & GIFT"
        },
        {
            "account_number": "14900730-CORNERSTONE CH",
            "account_name": "CORNERSTONE CHRISTIAN"
        },
        {
            "account_number": "14900733-BELLE COSE",
            "account_name": "BELLE COSE"
        },
        {
            "account_number": "14900736-PAT'S HALLMARK",
            "account_name": "PAT'S HALLMARK"
        },
        {
            "account_number": "14900742-LILY & COMPANY",
            "account_name": "LILY & COMPANY"
        },
        {
            "account_number": "14900743-SIMPLY CREATIV",
            "account_name": "SIMPLY CREATIVE CUSTOM"
        },
        {
            "account_number": "14900755-_ROOSTERS CAFE",
            "account_name": "_ROOSTERS CAFE AND"
        },
        {
            "account_number": "14900757-LOV INC",
            "account_name": "LOV INC"
        },
        {
            "account_number": "14900761-WYOMING DINOSA",
            "account_name": "WYOMING DINOSAUR CENTER"
        },
        {
            "account_number": "14900763-TOY TOWN",
            "account_name": "TOY TOWN"
        },
        {
            "account_number": "14900772-WYOMING STATE ",
            "account_name": "WYOMING STATE LIBRARY"
        },
        {
            "account_number": "14900775-AL.TI.TUDE",
            "account_name": "AL.TI.TUDE"
        },
        {
            "account_number": "14900779-FRONTIER MARKE",
            "account_name": "FRONTIER MARKETING"
        },
        {
            "account_number": "14900785-OVER THE MOON ",
            "account_name": "OVER THE MOON BOUTIQUE"
        },
        {
            "account_number": "14900786-TREASURE COVE",
            "account_name": "TREASURE COVE"
        },
        {
            "account_number": "14900789-WIND CITY BOOK",
            "account_name": "WIND CITY BOOKS"
        },
        {
            "account_number": "14900791-WORKSHOP",
            "account_name": "WORKSHOP"
        },
        {
            "account_number": "14900793-RAWHIDE DRUG",
            "account_name": "RAWHIDE DRUG"
        },
        {
            "account_number": "14900796-TURNED ANTIQUE",
            "account_name": "TURNED ANTIQUES ETC"
        },
        {
            "account_number": "14900805-WYOMING CATHOL",
            "account_name": "WYOMING CATHOLIC COLLEGE"
        },
        {
            "account_number": "14900806-_VANDEL DRUG",
            "account_name": "_VANDEL DRUG"
        },
        {
            "account_number": "14900811-MOUNTAIN GIFTS",
            "account_name": "MOUNTAIN GIFTS"
        },
        {
            "account_number": "14900816-DESIGNED INTER",
            "account_name": "DESIGNED INTERIORS LLC."
        },
        {
            "account_number": "14900818-WRJ DESIGN",
            "account_name": "WRJ DESIGN"
        },
        {
            "account_number": "14900820-PAPER & GRACE ",
            "account_name": "PAPER & GRACE INC"
        },
        {
            "account_number": "14900821-FLORAL RHINO",
            "account_name": "FLORAL RHINO"
        },
        {
            "account_number": "14900822-DEVILS TOWER N",
            "account_name": "DEVILS TOWER NATURAL"
        },
        {
            "account_number": "14900824-SECOND STORY B",
            "account_name": "SECOND STORY BOOKSTORE"
        },
        {
            "account_number": "14900827-TWISTED HEARTS",
            "account_name": "TWISTED HEARTS"
        },
        {
            "account_number": "14900828-SHATTO'S FRONT",
            "account_name": "SHATTO'S FRONTIER DRUG"
        },
        {
            "account_number": "14900829-JACKALOPE",
            "account_name": "JACKALOPE"
        },
        {
            "account_number": "14900830-ROOSTERS MARKE",
            "account_name": "ROOSTERS MARKET PLACE"
        },
        {
            "account_number": "14900831-NEST, LLC",
            "account_name": "NEST, LLC"
        },
        {
            "account_number": "14900832-CODY DUG UP GU",
            "account_name": "CODY DUG UP GUN MUSEUM"
        },
        {
            "account_number": "14900833-LAREN'S BOOKS ",
            "account_name": "LAREN'S BOOKS & GIFTS"
        },
        {
            "account_number": "14900834-JH FLOWER BOUT",
            "account_name": "JH FLOWER BOUTIQUE"
        },
        {
            "account_number": "14900835-THE FIBER HOUS",
            "account_name": "THE FIBER HOUSE"
        },
        {
            "account_number": "14900836-LEGENDS BOOKST",
            "account_name": "LEGENDS BOOKSTORE"
        },
        {
            "account_number": "14900837-WYOMING TERRIT",
            "account_name": "WYOMING TERRITORIAL"
        },
        {
            "account_number": "14900838-BUFFALO BILL V",
            "account_name": "BUFFALO BILL VILLAGE"
        },
        {
            "account_number": "14900839-GRAND ENCAMPME",
            "account_name": "GRAND ENCAMPMENT MUSEUM"
        },
        {
            "account_number": "14900840-CRAZY WOMAN TR",
            "account_name": "CRAZY WOMAN TRADING POST"
        },
        {
            "account_number": "14900841-JACKSON HOLE B",
            "account_name": "JACKSON HOLE BOOK TRADER"
        },
        {
            "account_number": "14900842-CALDERA MUDROO",
            "account_name": "CALDERA MUDROOM"
        },
        {
            "account_number": "14900843-OLIVE & PEARL",
            "account_name": "OLIVE & PEARL"
        },
        {
            "account_number": "14900844-GRANT STREET G",
            "account_name": "GRANT STREET GROCERY"
        },
        {
            "account_number": "14900845-PALACE PHARMAC",
            "account_name": "PALACE PHARMACY"
        },
        {
            "account_number": "14900846-VERDELLO",
            "account_name": "VERDELLO"
        },
        {
            "account_number": "14900847-RX PLUS LIMITE",
            "account_name": "RX PLUS LIMITED TRISTATE"
        },
        {
            "account_number": "14900848-CAMPBELL COUNT",
            "account_name": "CAMPBELL COUNTY ROCKPILE"
        },
        {
            "account_number": "14900849-THE MERRY PEDD",
            "account_name": "THE MERRY PEDDLER"
        },
        {
            "account_number": "14900850-CUSTOM COWBOY ",
            "account_name": "CUSTOM COWBOY SHOP"
        },
        {
            "account_number": "14900851-SPRING CREEK D",
            "account_name": "SPRING CREEK DESIGNS LLC"
        },
        {
            "account_number": "14900852-THE UNION AT T",
            "account_name": "THE UNION AT THE"
        },
        {
            "account_number": "14900853-THE OFFICE",
            "account_name": "THE OFFICE"
        },
        {
            "account_number": "14900854-COWGIRL YARN",
            "account_name": "COWGIRL YARN"
        },
        {
            "account_number": "14900855-DEVRA DAVIS",
            "account_name": "DEVRA DAVIS"
        },
        {
            "account_number": "14900856-CHALK N' CHEES",
            "account_name": "CHALK N' CHEESE"
        },
        {
            "account_number": "14900857-VALLEY AUTO SU",
            "account_name": "VALLEY AUTO SUPPLY"
        },
        {
            "account_number": "14900858-PINGORA YARNS",
            "account_name": "PINGORA YARNS"
        },
        {
            "account_number": "14900859-DANDELION FLOR",
            "account_name": "DANDELION FLORAL"
        },
        {
            "account_number": "14900860-SAGEWOOD GIFTS",
            "account_name": "SAGEWOOD GIFTS AND CAFE"
        },
        {
            "account_number": "14900861-TETON MOUNTAIN",
            "account_name": "TETON MOUNTAINEERING"
        },
        {
            "account_number": "14900862-JACQUE JENKINS",
            "account_name": "JACQUE JENKINS STIREMAN"
        },
        {
            "account_number": "14900863-JEREMY VAN DYK",
            "account_name": "JEREMY VAN DYKE"
        },
        {
            "account_number": "14900864-THE CLOTHESLIN",
            "account_name": "THE CLOTHESLINE BOUTIQUE"
        },
        {
            "account_number": "14900865-TAYLOE PIGGOTT",
            "account_name": "TAYLOE PIGGOTT GALERY"
        },
        {
            "account_number": "14900866-THE ANVIL HOTE",
            "account_name": "THE ANVIL HOTEL"
        },
        {
            "account_number": "14900867-UNIVERSITY OF ",
            "account_name": "UNIVERSITY OF WYOMING"
        },
        {
            "account_number": "14900868-20 AF",
            "account_name": "20 AF"
        },
        {
            "account_number": "14900869-MUSTARD SEED",
            "account_name": "MUSTARD SEED"
        },
        {
            "account_number": "14900870-BOUGHT BEAUTIF",
            "account_name": "BOUGHT BEAUTIFULLY"
        },
        {
            "account_number": "14900871-SIDEKICKS BOOK",
            "account_name": "SIDEKICKS BOOK &WINE BAR"
        },
        {
            "account_number": "14900872-MTN GRL WYOMIN",
            "account_name": "MTN GRL WYOMING"
        },
        {
            "account_number": "14900873-ROAM MERCANTIL",
            "account_name": "ROAM MERCANTILE"
        },
        {
            "account_number": "14900874-WINDSWEPT GOOD",
            "account_name": "WINDSWEPT GOODS"
        },
        {
            "account_number": "14900875-SAGEBRUSH MARK",
            "account_name": "SAGEBRUSH MARKETING"
        },
        {
            "account_number": "14900876-LITTLE MOON BO",
            "account_name": "LITTLE MOON BOUTIQUE"
        },
        {
            "account_number": "14900877-RANGE LEATHER",
            "account_name": "RANGE LEATHER"
        },
        {
            "account_number": "14900878-TEACHERS CORNE",
            "account_name": "TEACHERS CORNER"
        },
        {
            "account_number": "14900879-SHOOTING STAR",
            "account_name": "SHOOTING STAR"
        },
        {
            "account_number": "14900880-OLD MOOSE MERC",
            "account_name": "OLD MOOSE MERCANTILE"
        },
        {
            "account_number": "14900881-VALLEY BOOKSTO",
            "account_name": "VALLEY BOOKSTORE"
        },
        {
            "account_number": "14900882-SHERIDAN STATI",
            "account_name": "SHERIDAN STATIONERY"
        },
        {
            "account_number": "14900883-JACKSON HOLE M",
            "account_name": "JACKSON HOLE MTN RESORT"
        },
        {
            "account_number": "14900884-DORNAN'S GIFT ",
            "account_name": "DORNAN'S GIFT SHOP"
        },
        {
            "account_number": "14900885-NORDEN PACIFIC",
            "account_name": "NORDEN PACIFIC LLC"
        },
        {
            "account_number": "14900886-DOG EARED BOOK",
            "account_name": "DOG EARED BOOKS"
        },
        {
            "account_number": "14900887-PAHASKA TEEPEE",
            "account_name": "PAHASKA TEEPEE"
        },
        {
            "account_number": "14900888-TETON TOYS",
            "account_name": "TETON TOYS"
        },
        {
            "account_number": "14900889-BLACK VIEW CAR",
            "account_name": "BLACK VIEW CART"
        },
        {
            "account_number": "14900890-PETER BOGHOSSI",
            "account_name": "PETER BOGHOSSIAN"
        },
        {
            "account_number": "14900891-DIRTY SALLY'S",
            "account_name": "DIRTY SALLY'S"
        },
        {
            "account_number": "14900892-FOSTER'S OUTRI",
            "account_name": "FOSTER'S OUTRIDERS"
        },
        {
            "account_number": "14900893-LCCC BOOKSTORE",
            "account_name": "LCCC BOOKSTORE"
        },
        {
            "account_number": "14900894-DAVID ROMTVEDT",
            "account_name": "DAVID ROMTVEDT"
        },
        {
            "account_number": "14900895-THE MARKHOR CO",
            "account_name": "THE MARKHOR CO LLC"
        },
        {
            "account_number": "14900896-TWINKLE TWINKL",
            "account_name": "TWINKLE TWINKLE LITTLE"
        },
        {
            "account_number": "14900897-LAVENDER ROSE ",
            "account_name": "LAVENDER ROSE GIFT SHOP"
        },
        {
            "account_number": "14900898-DIRTY SALLYS G",
            "account_name": "DIRTY SALLYS GENERAL"
        },
        {
            "account_number": "14900899-DORNANS MOOSE",
            "account_name": "DORNANS MOOSE"
        },
        {
            "account_number": "14900900-PRYOR MOUNTAIN",
            "account_name": "PRYOR MOUNTAIN WILD"
        },
        {
            "account_number": "14900901-SIMPLY CREATIV",
            "account_name": "SIMPLY CREATIVE"
        },
        {
            "account_number": "14900902-THE WANDERER",
            "account_name": "THE WANDERER"
        },
        {
            "account_number": "14900903-MOVIEBURGH INC",
            "account_name": "MOVIEBURGH INC"
        },
        {
            "account_number": "14900904-ZAIN KAHN",
            "account_name": "ZAIN KAHN"
        }
    ],
    "hasMore": false,
    "limit": 1000,
    "offset": 0,
    "count": 135,
    "links": [
        {
            "rel": "self",
            "href": "https://10.2.0.169:8081/ords/hbg_integration/ReservationsUI/getCustAccountNumber?p_account_number=14900"
        },
        {
            "rel": "describedby",
            "href": "https://10.2.0.169:8081/ords/hbg_integration/metadata-catalog/ReservationsUI/item"
        },
        {
            "rel": "first",
            "href": "https://10.2.0.169:8081/ords/hbg_integration/ReservationsUI/getCustAccountNumber?p_account_number=14900&limit=1000"
        }
    ]
}