{
    "items": [
        {
            "transaction_code": "01",
            "type_desc": "Invoice",
            "tran_type": "INV",
            "description": "INVOICE",
            "tran_record_type": "Debit Transaction",
            "batch_user": "Batch",
            "creation_date": "2023-02-04T18:29:23Z",
            "created_by": "Integration",
            "last_update_date": "2023-02-04T18:29:23Z",
            "last_updated_by": "Integration"
        },
        {
            "transaction_code": "01A",
            "type_desc": "Invoice",
            "tran_type": "INV",
            "description": "REBILL INVOICE",
            "tran_record_type": "Debit Transaction",
            "batch_user": "Batch",
            "creation_date": "2023-02-04T18:29:23Z",
            "created_by": "Integration",
            "last_update_date": "2023-02-04T18:29:23Z",
            "last_updated_by": "Integration"
        },
        {
            "transaction_code": "01AS",
            "type_desc": "Invoice",
            "tran_type": "INV",
            "description": "REBILL INVOICE - SHORT PAY",
            "tran_record_type": "Debit Transaction",
            "batch_user": "Batch",
            "creation_date": "2023-02-04T18:29:23Z",
            "created_by": "Integration",
            "last_update_date": "2023-02-04T18:29:23Z",
            "last_updated_by": "Integration"
        },
        {
            "transaction_code": "01C",
            "type_desc": "Invoice",
            "tran_type": "INV",
            "description": "CHARGE ONLY BILLING/INVOICE",
            "tran_record_type": "Debit Transaction",
            "batch_user": "Batch",
            "creation_date": "2023-02-04T18:29:23Z",
            "created_by": "Integration",
            "last_update_date": "2023-02-04T18:29:23Z",
            "last_updated_by": "Integration"
        },
        {
            "transaction_code": "01CS",
            "type_desc": "Invoice",
            "tran_type": "INV",
            "description": "CHARGE ONLY BILLING/INVOICE - SHORT PAY",
            "tran_record_type": "Debit Transaction",
            "batch_user": "Batch",
            "creation_date": "2023-02-04T18:29:23Z",
            "created_by": "Integration",
            "last_update_date": "2023-02-04T18:29:23Z",
            "last_updated_by": "Integration"
        },
        {
            "transaction_code": "01D",
            "type_desc": "Invoice",
            "tran_type": "INV",
            "description": "CHARGE ONLY BILLING/INVOICE/MM",
            "tran_record_type": "Debit Transaction",
            "batch_user": "Batch",
            "creation_date": "2023-02-04T18:29:23Z",
            "created_by": "Integration",
            "last_update_date": "2023-02-04T18:29:23Z",
            "last_updated_by": "Integration"
        },
        {
            "transaction_code": "01DS",
            "type_desc": "Invoice",
            "tran_type": "INV",
            "description": "CHARGE ONLY BILLING/INVOICE/MM - SHORT PAY",
            "tran_record_type": "Debit Transaction",
            "batch_user": "Batch",
            "creation_date": "2023-02-04T18:29:23Z",
            "created_by": "Integration",
            "last_update_date": "2023-02-04T18:29:23Z",
            "last_updated_by": "Integration"
        },
        {
            "transaction_code": "01K",
            "type_desc": "Invoice",
            "tran_type": "INV",
            "description": "CALENDAR INVOICE",
            "tran_record_type": "Debit Transaction",
            "batch_user": "Batch",
            "creation_date": "2023-02-04T18:29:23Z",
            "created_by": "Integration",
            "last_update_date": "2023-02-04T18:29:23Z",
            "last_updated_by": "Integration"
        },
        {
            "transaction_code": "01KS",
            "type_desc": "Invoice",
            "tran_type": "INV",
            "description": "CALENDAR INVOICE - SHORT PAY",
            "tran_record_type": "Debit Transaction",
            "batch_user": "Batch",
            "creation_date": "2023-02-04T18:29:23Z",
            "created_by": "Integration",
            "last_update_date": "2023-02-04T18:29:23Z",
            "last_updated_by": "Integration"
        },
        {
            "transaction_code": "01M",
            "type_desc": "Invoice",
            "tran_type": "INV",
            "description": "MASS MARKET INVOICE",
            "tran_record_type": "Debit Transaction",
            "batch_user": "Batch",
            "creation_date": "2023-02-04T18:29:23Z",
            "created_by": "Integration",
            "last_update_date": "2023-02-04T18:29:23Z",
            "last_updated_by": "Integration"
        },
        {
            "transaction_code": "01MS",
            "type_desc": "Invoice",
            "tran_type": "INV",
            "description": "MASS MARKET INVOICE - SHORT PAY",
            "tran_record_type": "Debit Transaction",
            "batch_user": "Batch",
            "creation_date": "2023-02-04T18:29:23Z",
            "created_by": "Integration",
            "last_update_date": "2023-02-04T18:29:23Z",
            "last_updated_by": "Integration"
        },
        {
            "transaction_code": "01P",
            "type_desc": "Invoice",
            "tran_type": "INV",
            "description": "PREPAID INVOICE",
            "tran_record_type": "Debit Transaction",
            "batch_user": "Batch",
            "creation_date": "2023-02-04T18:29:23Z",
            "created_by": "Integration",
            "last_update_date": "2023-02-04T18:29:23Z",
            "last_updated_by": "Integration"
        },
        {
            "transaction_code": "01R",
            "type_desc": "Invoice",
            "tran_type": "INV",
            "description": "MASS MARKET REBILL",
            "tran_record_type": "Debit Transaction",
            "batch_user": "Batch",
            "creation_date": "2023-02-04T18:29:23Z",
            "created_by": "Integration",
            "last_update_date": "2023-02-04T18:29:23Z",
            "last_updated_by": "Integration"
        },
        {
            "transaction_code": "01RS",
            "type_desc": "Invoice",
            "tran_type": "INV",
            "description": "MASS MARKET REBILL - SHORT PAY",
            "tran_record_type": "Debit Transaction",
            "batch_user": "Batch",
            "creation_date": "2023-02-04T18:29:23Z",
            "created_by": "Integration",
            "last_update_date": "2023-02-04T18:29:23Z",
            "last_updated_by": "Integration"
        },
        {
            "transaction_code": "01S",
            "type_desc": "Invoice",
            "tran_type": "INV",
            "description": "INVOICE - SHORT PAY",
            "tran_record_type": "Debit Transaction",
            "batch_user": "Batch",
            "creation_date": "2023-02-04T18:29:23Z",
            "created_by": "Integration",
            "last_update_date": "2023-02-04T18:29:23Z",
            "last_updated_by": "Integration"
        },
        {
            "transaction_code": "01V",
            "type_desc": "Invoice",
            "tran_type": "ADV",
            "description": "ADVERTISING DEBIT",
            "tran_record_type": "Debit Transaction",
            "batch_user": "Batch",
            "creation_date": "2023-02-04T18:29:23Z",
            "created_by": "Integration",
            "last_update_date": "2023-02-04T18:29:23Z",
            "last_updated_by": "Integration"
        },
        {
            "transaction_code": "02",
            "type_desc": "Claim",
            "tran_type": "CH",
            "description": "CHARGEBACK: DISALLOWED DEDUCT",
            "tran_record_type": "Debit Transaction",
            "batch_user": "User",
            "creation_date": "2023-02-04T18:29:23Z",
            "created_by": "Integration",
            "last_update_date": "2023-02-04T18:29:23Z",
            "last_updated_by": "Integration"
        },
        {
            "transaction_code": "02B",
            "type_desc": "Claim",
            "tran_type": "RET",
            "description": "Bulk Return Deduction",
            "tran_record_type": "Debit Transaction",
            "batch_user": "User",
            "creation_date": "2023-02-04T18:29:23Z",
            "created_by": "Integration",
            "last_update_date": "2023-02-04T18:29:23Z",
            "last_updated_by": "Integration"
        },
        {
            "transaction_code": "03",
            "type_desc": "Claim",
            "tran_type": "CH",
            "description": "UNPAID SALES TAX",
            "tran_record_type": "Debit Transaction",
            "batch_user": "User",
            "creation_date": "2023-02-04T18:29:23Z",
            "created_by": "Integration",
            "last_update_date": "2023-02-04T18:29:23Z",
            "last_updated_by": "Integration"
        },
        {
            "transaction_code": "04",
            "type_desc": "Claim",
            "tran_type": "CH",
            "description": "DEBIT ADJUSTMENT",
            "tran_record_type": "Debit Transaction",
            "batch_user": "User",
            "creation_date": "2023-02-04T18:29:23Z",
            "created_by": "Integration",
            "last_update_date": "2023-02-04T18:29:23Z",
            "last_updated_by": "Integration"
        },
        {
            "transaction_code": "04A",
            "type_desc": "Claim",
            "tran_type": "CR",
            "description": "CASH CONTINUE",
            "tran_record_type": "Debit Transaction",
            "batch_user": "User",
            "creation_date": "2023-02-04T18:29:23Z",
            "created_by": "Integration",
            "last_update_date": "2023-02-04T18:29:23Z",
            "last_updated_by": "Integration"
        },
        {
            "transaction_code": "04B",
            "type_desc": "Claim",
            "tran_type": "SAD",
            "description": "PRICE DISCREPANCY",
            "tran_record_type": "Debit Transaction",
            "batch_user": "User",
            "creation_date": "2023-02-04T18:29:23Z",
            "created_by": "Integration",
            "last_update_date": "2023-02-04T18:29:23Z",
            "last_updated_by": "Integration"
        },
        {
            "transaction_code": "05",
            "type_desc": "Claim",
            "tran_type": "RET",
            "description": "MERCHANDISE RETURN",
            "tran_record_type": "Debit Transaction",
            "batch_user": "User",
            "creation_date": "2023-02-04T18:29:23Z",
            "created_by": "Integration",
            "last_update_date": "2023-02-04T18:29:23Z",
            "last_updated_by": "Integration"
        },
        {
            "transaction_code": "05A",
            "type_desc": "Claim",
            "tran_type": "RET",
            "description": "STRIP MERCHANDISE RETURNS",
            "tran_record_type": "Debit Transaction",
            "batch_user": "User",
            "creation_date": "2023-02-04T18:29:23Z",
            "created_by": "Integration",
            "last_update_date": "2023-02-04T18:29:23Z",
            "last_updated_by": "Integration"
        },
        {
            "transaction_code": "05B",
            "type_desc": "Claim",
            "tran_type": "RET",
            "description": "CLOSED STORE RETURNS",
            "tran_record_type": "Debit Transaction",
            "batch_user": "User",
            "creation_date": "2023-02-04T18:29:23Z",
            "created_by": "Integration",
            "last_update_date": "2023-02-04T18:29:23Z",
            "last_updated_by": "Integration"
        },
        {
            "transaction_code": "06",
            "type_desc": "Claim",
            "tran_type": "SAD",
            "description": "SHORTAGE",
            "tran_record_type": "Debit Transaction",
            "batch_user": "User",
            "creation_date": "2023-02-04T18:29:23Z",
            "created_by": "Integration",
            "last_update_date": "2023-02-04T18:29:23Z",
            "last_updated_by": "Integration"
        },
        {
            "transaction_code": "07",
            "type_desc": "Claim",
            "tran_type": "CH",
            "description": "COLLECTION FEE",
            "tran_record_type": "Debit Transaction",
            "batch_user": "User",
            "creation_date": "2023-02-04T18:29:23Z",
            "created_by": "Integration",
            "last_update_date": "2023-02-04T18:29:23Z",
            "last_updated_by": "Integration"
        },
        {
            "transaction_code": "10",
            "type_desc": "Claim",
            "tran_type": "CH",
            "description": "UNPAID POSTAGE",
            "tran_record_type": "Debit Transaction",
            "batch_user": "User",
            "creation_date": "2023-02-04T18:29:23Z",
            "created_by": "Integration",
            "last_update_date": "2023-02-04T18:29:23Z",
            "last_updated_by": "Integration"
        },
        {
            "transaction_code": "11",
            "type_desc": "Claim",
            "tran_type": "CH",
            "description": "TRANSPORTATION VIOLATION",
            "tran_record_type": "Debit Transaction",
            "batch_user": "User",
            "creation_date": "2023-02-04T18:29:23Z",
            "created_by": "Integration",
            "last_update_date": "2023-02-04T18:29:23Z",
            "last_updated_by": "Integration"
        },
        {
            "transaction_code": "11P",
            "type_desc": "Claim",
            "tran_type": "CH",
            "description": "PO - On-Time Non-Compliance",
            "tran_record_type": "Debit Transaction",
            "batch_user": "User",
            "creation_date": "2023-02-04T18:29:23Z",
            "created_by": "Integration",
            "last_update_date": "2023-02-04T18:29:23Z",
            "last_updated_by": "Integration"
        },
        {
            "transaction_code": "12",
            "type_desc": "Claim",
            "tran_type": "CH",
            "description": "DUPLICATE DEDUCTION",
            "tran_record_type": "Debit Transaction",
            "batch_user": "User",
            "creation_date": "2023-02-04T18:29:23Z",
            "created_by": "Integration",
            "last_update_date": "2023-02-04T18:29:23Z",
            "last_updated_by": "Integration"
        },
        {
            "transaction_code": "13",
            "type_desc": "Claim",
            "tran_type": "CH",
            "description": "ALLOWANCES",
            "tran_record_type": "Debit Transaction",
            "batch_user": "User",
            "creation_date": "2023-02-04T18:29:23Z",
            "created_by": "Integration",
            "last_update_date": "2023-02-04T18:29:23Z",
            "last_updated_by": "Integration"
        },
        {
            "transaction_code": "14",
            "type_desc": "Claim",
            "tran_type": "RET",
            "description": "CREDIT MEMO OVERDEDUCTED",
            "tran_record_type": "Debit Transaction",
            "batch_user": "User",
            "creation_date": "2023-02-04T18:29:23Z",
            "created_by": "Integration",
            "last_update_date": "2023-02-04T18:29:23Z",
            "last_updated_by": "Integration"
        },
        {
            "transaction_code": "14A",
            "type_desc": "Claim",
            "tran_type": "RET",
            "description": "CREDIT MEMO OVERDEDUCTED REBILL",
            "tran_record_type": "Debit Transaction",
            "batch_user": "User",
            "creation_date": "2023-02-04T18:29:23Z",
            "created_by": "Integration",
            "last_update_date": "2023-02-04T18:29:23Z",
            "last_updated_by": "Integration"
        },
        {
            "transaction_code": "14R",
            "type_desc": "Claim",
            "tran_type": "RET",
            "description": "CREDIT MEMO OVERDED MM REBILL",
            "tran_record_type": "Debit Transaction",
            "batch_user": "User",
            "creation_date": "2023-02-04T18:29:23Z",
            "created_by": "Integration",
            "last_update_date": "2023-02-04T18:29:23Z",
            "last_updated_by": "Integration"
        },
        {
            "transaction_code": "15",
            "type_desc": "Claim",
            "tran_type": "CH",
            "description": "SPECIAL DEALS",
            "tran_record_type": "Debit Transaction",
            "batch_user": "User",
            "creation_date": "2023-02-04T18:29:23Z",
            "created_by": "Integration",
            "last_update_date": "2023-02-04T18:29:23Z",
            "last_updated_by": "Integration"
        },
        {
            "transaction_code": "16",
            "type_desc": "Claim",
            "tran_type": "CH",
            "description": "VENDOR ALLOWANCES",
            "tran_record_type": "Debit Transaction",
            "batch_user": "User",
            "creation_date": "2023-02-04T18:29:23Z",
            "created_by": "Integration",
            "last_update_date": "2023-02-04T18:29:23Z",
            "last_updated_by": "Integration"
        },
        {
            "transaction_code": "17",
            "type_desc": "Claim",
            "tran_type": "ADV",
            "description": "OXMOOR ADVERTISING",
            "tran_record_type": "Debit Transaction",
            "batch_user": "User",
            "creation_date": "2023-02-04T18:29:23Z",
            "created_by": "Integration",
            "last_update_date": "2023-02-04T18:29:23Z",
            "last_updated_by": "Integration"
        },
        {
            "transaction_code": "18",
            "type_desc": "Claim",
            "tran_type": "CC",
            "description": "CC DEBIT",
            "tran_record_type": "Debit Transaction",
            "batch_user": "Batch",
            "creation_date": "2023-02-04T18:29:23Z",
            "created_by": "Integration",
            "last_update_date": "2023-02-04T18:29:23Z",
            "last_updated_by": "Integration"
        },
        {
            "transaction_code": "19",
            "type_desc": "Claim",
            "tran_type": "CH",
            "description": "EIS (ENHANCED IN-TORE SERVICES)",
            "tran_record_type": "Debit Transaction",
            "batch_user": "User",
            "creation_date": "2023-02-04T18:29:23Z",
            "created_by": "Integration",
            "last_update_date": "2023-02-04T18:29:23Z",
            "last_updated_by": "Integration"
        },
        {
            "transaction_code": "20",
            "type_desc": "Claim",
            "tran_type": "CH",
            "description": "EBOOK ADJUSTEMENT",
            "tran_record_type": "Debit Transaction",
            "batch_user": "User",
            "creation_date": "2023-02-04T18:29:23Z",
            "created_by": "Integration",
            "last_update_date": "2023-02-04T18:29:23Z",
            "last_updated_by": "Integration"
        },
        {
            "transaction_code": "21",
            "type_desc": "Claim",
            "tran_type": "ADV",
            "description": "PHOENIX COOP ADVERTISING",
            "tran_record_type": "Debit Transaction",
            "batch_user": "User",
            "creation_date": "2023-02-04T18:29:23Z",
            "created_by": "Integration",
            "last_update_date": "2023-02-04T18:29:23Z",
            "last_updated_by": "Integration"
        },
        {
            "transaction_code": "21A",
            "type_desc": "Claim",
            "tran_type": "ADV",
            "description": "PHOENIX COOP ALLOWANCE",
            "tran_record_type": "Debit Transaction",
            "batch_user": "User",
            "creation_date": "2023-02-04T18:29:23Z",
            "created_by": "Integration",
            "last_update_date": "2023-02-04T18:29:23Z",
            "last_updated_by": "Integration"
        },
        {
            "transaction_code": "22",
            "type_desc": "Claim",
            "tran_type": "ADV",
            "description": "CHRONICLE COOP ADVERTISING",
            "tran_record_type": "Debit Transaction",
            "batch_user": "User",
            "creation_date": "2023-02-04T18:29:23Z",
            "created_by": "Integration",
            "last_update_date": "2023-02-04T18:29:23Z",
            "last_updated_by": "Integration"
        },
        {
            "transaction_code": "22M",
            "type_desc": "Claim",
            "tran_type": "ADV",
            "description": "MOLESKINE COOP ADV",
            "tran_record_type": "Debit Transaction",
            "batch_user": "User",
            "creation_date": "2023-02-04T18:29:23Z",
            "created_by": "Integration",
            "last_update_date": "2023-02-04T18:29:23Z",
            "last_updated_by": "Integration"
        },
        {
            "transaction_code": "23",
            "type_desc": "Claim",
            "tran_type": "SAD",
            "description": "DISCOUNT ADJUSTMENT",
            "tran_record_type": "Debit Transaction",
            "batch_user": "User",
            "creation_date": "2023-02-04T18:29:23Z",
            "created_by": "Integration",
            "last_update_date": "2023-02-04T18:29:23Z",
            "last_updated_by": "Integration"
        },
        {
            "transaction_code": "24A",
            "type_desc": "Claim",
            "tran_type": "ADV",
            "description": "CALENDAR MARKDOWNS",
            "tran_record_type": "Debit Transaction",
            "batch_user": "User",
            "creation_date": "2023-02-04T18:29:23Z",
            "created_by": "Integration",
            "last_update_date": "2023-02-04T18:29:23Z",
            "last_updated_by": "Integration"
        },
        {
            "transaction_code": "24C",
            "type_desc": "Claim",
            "tran_type": "ADV",
            "description": "INCENTIVE CLAIMS",
            "tran_record_type": "Debit Transaction",
            "batch_user": "User",
            "creation_date": "2023-02-04T18:29:23Z",
            "created_by": "Integration",
            "last_update_date": "2023-02-04T18:29:23Z",
            "last_updated_by": "Integration"
        },
        {
            "transaction_code": "24D",
            "type_desc": "Claim",
            "tran_type": "ADV",
            "description": "PHAIDON COOP ADVERTISING",
            "tran_record_type": "Debit Transaction",
            "batch_user": "User",
            "creation_date": "2023-02-04T18:29:23Z",
            "created_by": "Integration",
            "last_update_date": "2023-02-04T18:29:23Z",
            "last_updated_by": "Integration"
        },
        {
            "transaction_code": "24M",
            "type_desc": "Claim",
            "tran_type": "ADV",
            "description": "SHARED MARKDOWNS",
            "tran_record_type": "Debit Transaction",
            "batch_user": "User",
            "creation_date": "2023-02-04T18:29:23Z",
            "created_by": "Integration",
            "last_update_date": "2023-02-04T18:29:23Z",
            "last_updated_by": "Integration"
        },
        {
            "transaction_code": "24P",
            "type_desc": "Claim",
            "tran_type": "ADV",
            "description": "ADVERTISING PHYSICAL & ASAP",
            "tran_record_type": "Debit Transaction",
            "batch_user": "User",
            "creation_date": "2023-02-04T18:29:23Z",
            "created_by": "Integration",
            "last_update_date": "2023-02-04T18:29:23Z",
            "last_updated_by": "Integration"
        },
        {
            "transaction_code": "24S",
            "type_desc": "Claim",
            "tran_type": "ADV",
            "description": "DISNEY/HYPERION COOP ADV",
            "tran_record_type": "Debit Transaction",
            "batch_user": "User",
            "creation_date": "2023-02-04T18:29:23Z",
            "created_by": "Integration",
            "last_update_date": "2023-02-04T18:29:23Z",
            "last_updated_by": "Integration"
        },
        {
            "transaction_code": "25",
            "type_desc": "Claim",
            "tran_type": "RST",
            "description": "RESTORED DEBIT",
            "tran_record_type": "Debit Transaction",
            "batch_user": "User",
            "creation_date": "2023-02-04T18:29:23Z",
            "created_by": "Integration",
            "last_update_date": "2023-02-04T18:29:23Z",
            "last_updated_by": "Integration"
        },
        {
            "transaction_code": "25B",
            "type_desc": "Claim",
            "tran_type": "CH",
            "description": "BOUNCE CHECK",
            "tran_record_type": "Debit Transaction",
            "batch_user": "User",
            "creation_date": "2023-02-04T18:29:23Z",
            "created_by": "Integration",
            "last_update_date": "2023-02-04T18:29:23Z",
            "last_updated_by": "Integration"
        },
        {
            "transaction_code": "27",
            "type_desc": "Claim",
            "tran_type": "GL",
            "description": "DEBIT JOURNAL TO CREATE REFUND",
            "tran_record_type": "Debit Transaction",
            "batch_user": "User",
            "creation_date": "2023-02-04T18:29:23Z",
            "created_by": "Integration",
            "last_update_date": "2023-02-04T18:29:23Z",
            "last_updated_by": "Integration"
        },
        {
            "transaction_code": "29",
            "type_desc": "Claim",
            "tran_type": "RET",
            "description": "RETURNS ADJUSTMENT",
            "tran_record_type": "Debit Transaction",
            "batch_user": "Batch",
            "creation_date": "2023-02-04T18:29:23Z",
            "created_by": "Integration",
            "last_update_date": "2023-02-04T18:29:23Z",
            "last_updated_by": "Integration"
        },
        {
            "transaction_code": "30",
            "type_desc": "Claim",
            "tran_type": "GL",
            "description": "JOURNAL DEBIT",
            "tran_record_type": "Debit Transaction",
            "batch_user": "User",
            "creation_date": "2023-02-04T18:29:23Z",
            "created_by": "Integration",
            "last_update_date": "2023-02-04T18:29:23Z",
            "last_updated_by": "Integration"
        },
        {
            "transaction_code": "31",
            "type_desc": "Credit",
            "tran_type": "RET",
            "description": "CREDIT MEMO",
            "tran_record_type": "Credit Transaction",
            "batch_user": "Batch",
            "creation_date": "2023-02-04T18:29:23Z",
            "created_by": "Integration",
            "last_update_date": "2023-02-04T18:29:23Z",
            "last_updated_by": "Integration"
        },
        {
            "transaction_code": "32",
            "type_desc": "Credit",
            "tran_type": "CSH",
            "description": "ON ACCOUNT PAYMENT",
            "tran_record_type": "Credit Transaction",
            "batch_user": "User",
            "creation_date": "2023-02-04T18:29:23Z",
            "created_by": "Integration",
            "last_update_date": "2023-02-04T18:29:23Z",
            "last_updated_by": "Integration"
        },
        {
            "transaction_code": "32B",
            "type_desc": "Credit",
            "tran_type": "CSH",
            "description": "UNAPPLIED CASH",
            "tran_record_type": "Credit Transaction",
            "batch_user": "User",
            "creation_date": "2023-02-04T18:29:23Z",
            "created_by": "Integration",
            "last_update_date": "2023-02-04T18:29:23Z",
            "last_updated_by": "Integration"
        },
        {
            "transaction_code": "32C",
            "type_desc": "Credit",
            "tran_type": "CSH",
            "description": "CREDIT CARD PAYMENT",
            "tran_record_type": "Credit Transaction",
            "batch_user": "User",
            "creation_date": "2023-02-04T18:29:23Z",
            "created_by": "Integration",
            "last_update_date": "2023-02-04T18:29:23Z",
            "last_updated_by": "Integration"
        },
        {
            "transaction_code": "34",
            "type_desc": "Credit",
            "tran_type": "CSH",
            "description": "DUPLICATE PAYMENT",
            "tran_record_type": "Credit Transaction",
            "batch_user": "User",
            "creation_date": "2023-02-04T18:29:23Z",
            "created_by": "Integration",
            "last_update_date": "2023-02-04T18:29:23Z",
            "last_updated_by": "Integration"
        },
        {
            "transaction_code": "36",
            "type_desc": "Credit",
            "tran_type": "RET",
            "description": "CREDIT MEMO DEDUCTED SHORT",
            "tran_record_type": "Credit Transaction",
            "batch_user": "User",
            "creation_date": "2023-02-04T18:29:23Z",
            "created_by": "Integration",
            "last_update_date": "2023-02-04T18:29:23Z",
            "last_updated_by": "Integration"
        },
        {
            "transaction_code": "37",
            "type_desc": "Credit",
            "tran_type": "ADJ",
            "description": "SALES TAX OVERPAYMENT",
            "tran_record_type": "Credit Transaction",
            "batch_user": "User",
            "creation_date": "2023-02-04T18:29:23Z",
            "created_by": "Integration",
            "last_update_date": "2023-02-04T18:29:23Z",
            "last_updated_by": "Integration"
        },
        {
            "transaction_code": "40",
            "type_desc": "Credit",
            "tran_type": "CC",
            "description": "CC CREDIT",
            "tran_record_type": "Credit Transaction",
            "batch_user": "Batch",
            "creation_date": "2023-02-04T18:29:23Z",
            "created_by": "Integration",
            "last_update_date": "2023-02-04T18:29:23Z",
            "last_updated_by": "Integration"
        },
        {
            "transaction_code": "41M",
            "type_desc": "Credit",
            "tran_type": "ADV",
            "description": "ADV CREDIT MEMO MOUSEWORKS",
            "tran_record_type": "Credit Transaction",
            "batch_user": "Batch",
            "creation_date": "2023-02-04T18:29:23Z",
            "created_by": "Integration",
            "last_update_date": "2023-02-04T18:29:23Z",
            "last_updated_by": "Integration"
        },
        {
            "transaction_code": "42",
            "type_desc": "Credit",
            "tran_type": "ADV",
            "description": "WARNER COOP ADVERTISING CREDIT",
            "tran_record_type": "Credit Transaction",
            "batch_user": "Batch",
            "creation_date": "2023-02-04T18:29:23Z",
            "created_by": "Integration",
            "last_update_date": "2023-02-04T18:29:23Z",
            "last_updated_by": "Integration"
        },
        {
            "transaction_code": "43",
            "type_desc": "Credit",
            "tran_type": "ADV",
            "description": "DISNEY COOP ADVERTISING CREDIT",
            "tran_record_type": "Credit Transaction",
            "batch_user": "Batch",
            "creation_date": "2023-02-04T18:29:23Z",
            "created_by": "Integration",
            "last_update_date": "2023-02-04T18:29:23Z",
            "last_updated_by": "Integration"
        },
        {
            "transaction_code": "50",
            "type_desc": "Credit",
            "tran_type": "CR",
            "description": "CASH",
            "tran_record_type": "Credit Transaction",
            "batch_user": "Batch",
            "creation_date": "2023-02-04T18:29:23Z",
            "created_by": "Integration",
            "last_update_date": "2023-02-04T18:29:23Z",
            "last_updated_by": "Integration"
        },
        {
            "transaction_code": "50B",
            "type_desc": "Credit",
            "tran_type": "CR",
            "description": "BOUNCE CHECK CHARGE",
            "tran_record_type": "Debit Transaction",
            "batch_user": "Batch",
            "creation_date": "2023-02-04T18:29:23Z",
            "created_by": "Integration",
            "last_update_date": "2023-02-04T18:29:23Z",
            "last_updated_by": "Integration"
        },
        {
            "transaction_code": "51",
            "type_desc": "Credit",
            "tran_type": "CR",
            "description": "CASH CONTINUED",
            "tran_record_type": "Credit Transaction",
            "batch_user": "User",
            "creation_date": "2023-02-04T18:29:23Z",
            "created_by": "Integration",
            "last_update_date": "2023-02-04T18:29:23Z",
            "last_updated_by": "Integration"
        },
        {
            "transaction_code": "55",
            "type_desc": "Credit",
            "tran_type": "SAD",
            "description": "SALES ADJUSTMENT",
            "tran_record_type": "Credit Transaction",
            "batch_user": "Batch",
            "creation_date": "2023-02-04T18:29:23Z",
            "created_by": "Integration",
            "last_update_date": "2023-02-04T18:29:23Z",
            "last_updated_by": "Integration"
        },
        {
            "transaction_code": "55M",
            "type_desc": "Credit",
            "tran_type": "SAD",
            "description": "SALES ADJUSTMENT MASS MARKET",
            "tran_record_type": "Credit Transaction",
            "batch_user": "Batch",
            "creation_date": "2023-02-04T18:29:23Z",
            "created_by": "Integration",
            "last_update_date": "2023-02-04T18:29:23Z",
            "last_updated_by": "Integration"
        },
        {
            "transaction_code": "55R",
            "type_desc": "Credit",
            "tran_type": "SAD",
            "description": "SALES ADJ MASS MARKET REBILL",
            "tran_record_type": "Credit Transaction",
            "batch_user": "Batch",
            "creation_date": "2023-02-04T18:29:23Z",
            "created_by": "Integration",
            "last_update_date": "2023-02-04T18:29:23Z",
            "last_updated_by": "Integration"
        },
        {
            "transaction_code": "60",
            "type_desc": "Credit",
            "tran_type": "GL",
            "description": "JOURNAL CREDIT",
            "tran_record_type": "Credit Transaction",
            "batch_user": "User",
            "creation_date": "2023-02-04T18:29:23Z",
            "created_by": "Integration",
            "last_update_date": "2023-02-04T18:29:23Z",
            "last_updated_by": "Integration"
        },
        {
            "transaction_code": "24",
            "type_desc": "Claim",
            "tran_type": "ADV",
            "description": "COOP ADVERTISING DEDUCTION",
            "tran_record_type": "Debit Transaction",
            "batch_user": "User",
            "creation_date": "2023-02-04T18:29:23Z",
            "created_by": "Integration",
            "last_update_date": "2023-02-04T18:29:23Z",
            "last_updated_by": "Integration"
        },
        {
            "transaction_code": "24B",
            "type_desc": "Claim",
            "tran_type": "ADV",
            "description": "ABRAMS COOP ADVERTISING",
            "tran_record_type": "Debit Transaction",
            "batch_user": "User",
            "creation_date": "2023-02-04T18:29:23Z",
            "created_by": "Integration",
            "last_update_date": "2023-02-04T18:29:23Z",
            "last_updated_by": "Integration"
        },
        {
            "transaction_code": "24K",
            "type_desc": "Claim",
            "tran_type": "ADV",
            "description": "KIDS CAN PRESS ADVERTISING",
            "tran_record_type": "Debit Transaction",
            "batch_user": "User",
            "creation_date": "2023-02-04T18:29:23Z",
            "created_by": "Integration",
            "last_update_date": "2023-02-04T18:29:23Z",
            "last_updated_by": "Integration"
        },
        {
            "transaction_code": "24O",
            "type_desc": "Claim",
            "tran_type": "ADV",
            "description": "OCTOPUS",
            "tran_record_type": "Debit Transaction",
            "batch_user": "User",
            "creation_date": "2023-02-04T18:29:23Z",
            "created_by": "Integration",
            "last_update_date": "2023-02-04T18:29:23Z",
            "last_updated_by": "Integration"
        },
        {
            "transaction_code": "24Q",
            "type_desc": "Claim",
            "tran_type": "ADV",
            "description": "QUAYSIDE COOP ADVERTISING",
            "tran_record_type": "Debit Transaction",
            "batch_user": "User",
            "creation_date": "2023-02-04T18:29:23Z",
            "created_by": "Integration",
            "last_update_date": "2023-02-04T18:29:23Z",
            "last_updated_by": "Integration"
        },
        {
            "transaction_code": "24V",
            "type_desc": "Claim",
            "tran_type": "ADV",
            "description": "MARVEL COOP ADV",
            "tran_record_type": "Debit Transaction",
            "batch_user": "User",
            "creation_date": "2023-02-04T18:29:23Z",
            "created_by": "Integration",
            "last_update_date": "2023-02-04T18:29:23Z",
            "last_updated_by": "Integration"
        },
        {
            "transaction_code": "26",
            "type_desc": "Claim",
            "tran_type": "ADV",
            "description": "RACK ALLOWANCE",
            "tran_record_type": "Debit Transaction",
            "batch_user": "User",
            "creation_date": "2023-02-04T18:29:23Z",
            "created_by": "Integration",
            "last_update_date": "2023-02-04T18:29:23Z",
            "last_updated_by": "Integration"
        },
        {
            "transaction_code": "28",
            "type_desc": "Claim",
            "tran_type": "GL",
            "description": "DEBIT JOURNAL TO RESTORE CREDIT",
            "tran_record_type": "Debit Transaction",
            "batch_user": "User",
            "creation_date": "2023-02-04T18:29:23Z",
            "created_by": "Integration",
            "last_update_date": "2023-02-04T18:29:23Z",
            "last_updated_by": "Integration"
        },
        {
            "transaction_code": "29M",
            "type_desc": "Claim",
            "tran_type": "RET",
            "description": "RETURNS ADJUSTMENT MASS MARKET",
            "tran_record_type": "Debit Transaction",
            "batch_user": "Batch",
            "creation_date": "2023-02-04T18:29:23Z",
            "created_by": "Integration",
            "last_update_date": "2023-02-04T18:29:23Z",
            "last_updated_by": "Integration"
        },
        {
            "transaction_code": "31M",
            "type_desc": "Credit",
            "tran_type": "RET",
            "description": "CREDIT MEMO MASS MARKET",
            "tran_record_type": "Credit Transaction",
            "batch_user": "Batch",
            "creation_date": "2023-02-04T18:29:23Z",
            "created_by": "Integration",
            "last_update_date": "2023-02-04T18:29:23Z",
            "last_updated_by": "Integration"
        },
        {
            "transaction_code": "32A",
            "type_desc": "Credit",
            "tran_type": "CSH",
            "description": "INSTALLMENT PAYMENT",
            "tran_record_type": "Credit Transaction",
            "batch_user": "User",
            "creation_date": "2023-02-04T18:29:23Z",
            "created_by": "Integration",
            "last_update_date": "2023-02-04T18:29:23Z",
            "last_updated_by": "Integration"
        },
        {
            "transaction_code": "33",
            "type_desc": "Credit",
            "tran_type": "CSH",
            "description": "OVERPAYMENT",
            "tran_record_type": "Credit Transaction",
            "batch_user": "User",
            "creation_date": "2023-02-04T18:29:23Z",
            "created_by": "Integration",
            "last_update_date": "2023-02-04T18:29:23Z",
            "last_updated_by": "Integration"
        },
        {
            "transaction_code": "35",
            "type_desc": "Credit",
            "tran_type": "CSH",
            "description": "CASH WITH ORDER PAYMENT",
            "tran_record_type": "Credit Transaction",
            "batch_user": "User",
            "creation_date": "2023-02-04T18:29:23Z",
            "created_by": "Integration",
            "last_update_date": "2023-02-04T18:29:23Z",
            "last_updated_by": "Integration"
        },
        {
            "transaction_code": "36A",
            "type_desc": "Credit",
            "tran_type": "SAD",
            "description": "CREDIT MEMO DEDUCTED SHORT REBILL",
            "tran_record_type": "Credit Transaction",
            "batch_user": "User",
            "creation_date": "2023-02-04T18:29:23Z",
            "created_by": "Integration",
            "last_update_date": "2023-02-04T18:29:23Z",
            "last_updated_by": "Integration"
        },
        {
            "transaction_code": "41",
            "type_desc": "Credit",
            "tran_type": "ADV",
            "description": "ADVERTISING CREDIT MEMO",
            "tran_record_type": "Credit Transaction",
            "batch_user": "Batch",
            "creation_date": "2023-02-04T18:29:23Z",
            "created_by": "Integration",
            "last_update_date": "2023-02-04T18:29:23Z",
            "last_updated_by": "Integration"
        },
        {
            "transaction_code": "41Q",
            "type_desc": "Credit",
            "tran_type": "ADV",
            "description": "QUARTERLY COOP CREDIT",
            "tran_record_type": "Credit Transaction",
            "batch_user": "Batch",
            "creation_date": "2023-02-04T18:29:23Z",
            "created_by": "Integration",
            "last_update_date": "2023-02-04T18:29:23Z",
            "last_updated_by": "Integration"
        },
        {
            "transaction_code": "44",
            "type_desc": "Credit",
            "tran_type": "ADJ",
            "description": "ADJUSTMENT",
            "tran_record_type": "Credit Transaction",
            "batch_user": "User",
            "creation_date": "2023-02-04T18:29:23Z",
            "created_by": "Integration",
            "last_update_date": "2023-02-04T18:29:23Z",
            "last_updated_by": "Integration"
        },
        {
            "transaction_code": "50A",
            "type_desc": "Credit",
            "tran_type": "CR",
            "description": "CREDIT CARD PAYMENT",
            "tran_record_type": "Credit Transaction",
            "batch_user": "Batch",
            "creation_date": "2023-02-04T18:29:23Z",
            "created_by": "Integration",
            "last_update_date": "2023-02-04T18:29:23Z",
            "last_updated_by": "Integration"
        },
        {
            "transaction_code": "50C",
            "type_desc": "Credit",
            "tran_type": "CR",
            "description": "CREDIT CARD REFUND",
            "tran_record_type": "Debit Transaction",
            "batch_user": "Batch",
            "creation_date": "2023-02-04T18:29:23Z",
            "created_by": "Integration",
            "last_update_date": "2023-02-04T18:29:23Z",
            "last_updated_by": "Integration"
        },
        {
            "transaction_code": "54",
            "type_desc": "Credit",
            "tran_type": "RST",
            "description": "RESTORED CREDIT",
            "tran_record_type": "Credit Transaction",
            "batch_user": "User",
            "creation_date": "2023-02-04T18:29:23Z",
            "created_by": "Integration",
            "last_update_date": "2023-02-04T18:29:23Z",
            "last_updated_by": "Integration"
        },
        {
            "transaction_code": "55A",
            "type_desc": "Credit",
            "tran_type": "SAD",
            "description": "SALES ADJUSTMENT REBILL",
            "tran_record_type": "Credit Transaction",
            "batch_user": "Batch",
            "creation_date": "2023-02-04T18:29:23Z",
            "created_by": "Integration",
            "last_update_date": "2023-02-04T18:29:23Z",
            "last_updated_by": "Integration"
        },
        {
            "transaction_code": "56",
            "type_desc": "Credit",
            "tran_type": "GL",
            "description": "CREDIT JOURNAL TO RESTORE DEBIT",
            "tran_record_type": "Credit Transaction",
            "batch_user": "User",
            "creation_date": "2023-02-04T18:29:23Z",
            "created_by": "Integration",
            "last_update_date": "2023-02-04T18:29:23Z",
            "last_updated_by": "Integration"
        }
    ],
    "hasMore": false,
    "limit": 0,
    "offset": 0,
    "count": 97,
    "links": [
        {
            "rel": "self",
            "href": "https://10.2.0.169:8081/ords/hbg_integration/arCustMaintenance/getTransactionCodes"
        },
        {
            "rel": "describedby",
            "href": "https://10.2.0.169:8081/ords/hbg_integration/metadata-catalog/arCustMaintenance/item"
        }
    ]
}