{
  "description": "",
  "root": "callFunctionValidateGroup",
  "actions": {
    "callFunctionValidateGroup": {
      "module": "vb/action/builtin/callModuleFunctionAction",
      "parameters": {
        "module": "[[ $application.functions ]]",
        "functionName": "validateGroup",
        "params": [
          "createFormatval"
        ]
      },
      "outcomes": {
        "success": "if"
      }
    },
    "if": {
      "module": "vb/action/builtin/ifAction",
      "parameters": {
        "condition": "[[ $chain.results.callFunctionValidateGroup ==='valid' ]]"
      },
      "outcomes": {
        "true": "ifFormatDlglabel"
      }
    },
    "assignVariablesCreateFormatObj": {
      "module": "vb/action/builtin/assignVariablesAction",
      "parameters": {
        "$page.variables.CreateFormatObj": {
          "source": {
            "last_updated_by": "{{ $application.user.email }}",
            "created_by": "{{ $application.user.email }}"
          },
          "reset": "none",
          "auto": "always"
        }
      },
      "outcomes": {
        "success": "callRestPostFamilyCodeFormat"
      }
    },
    "fireNotification": {
      "module": "vb/action/builtin/fireNotificationEventAction",
      "parameters": {
        "target": "leaf",
        "summary": "[[ $chain.results.callRestPostFamilyCodeFormat.message.summary ]]",
        "type": "error",
        "displayMode": "transient"
      }
    },
    "callRestPostFamilyCodeFormat": {
      "module": "vb/action/builtin/restAction",
      "parameters": {
        "endpoint": "devOrds/postFamilyCodeFormat",
        "body": "{{ $page.variables.CreateFormatObj }}"
      },
      "outcomes": {
        "failure": "fireNotification",
        "success": "fireNotification3"
      }
    },
    "fireNotification3": {
      "module": "vb/action/builtin/fireNotificationEventAction",
      "parameters": {
        "target": "leaf",
        "summary": "Format Created Successfully",
        "displayMode": "transient",
        "type": "confirmation"
      },
      "outcomes": {
        "success": "callChainFetchFormatCode"
      }
    },
    "callChainFetchFormatCode": {
      "module": "vb/action/builtin/callChainAction",
      "parameters": {
        "id": "FetchFormatCode"
      },
      "outcomes": {
        "success": "callComponentCreateFormatClose"
      }
    },
    "callComponentCreateFormatClose": {
      "module": "vb/action/builtin/callComponentMethodAction",
      "parameters": {
        "component": "{{ document.getElementById('createFormat') }}",
        "method": "close"
      },
      "outcomes": {
        "success": "resetVariablesCreateFormatObj2"
      }
    },
    "callChainRefreshLOVAction": {
      "module": "vb/action/builtin/callChainAction",
      "parameters": {
        "id": "RefreshLOVAction"
      }
    },
    "ifFormatDlglabel": {
      "module": "vb/action/builtin/ifAction",
      "parameters": {
        "condition": "[[ $page.variables.formatDlglabel === \"Create\" ]]"
      },
      "outcomes": {
        "true": "assignVariablesCreateFormatObj",
        "false": "assignVariablesCreateFormatObj3"
      }
    },
    "assignVariablesCreateFormatObj3": {
      "module": "vb/action/builtin/assignVariablesAction",
      "parameters": {
        "$page.variables.CreateFormatObj": {
          "source": {
            "last_updated_by": "{{ $application.user.email }}"
          },
          "reset": "none",
          "auto": "always"
        }
      },
      "outcomes": {
        "success": "callRestPutFamilyCodeFormat"
      }
    },
    "callRestPutFamilyCodeFormat": {
      "module": "vb/action/builtin/restAction",
      "parameters": {
        "endpoint": "devOrds/putFamilyCodeFormat",
        "uriParams": {
          "format_id": "{{ $page.variables.CreateFormatObj.format_id }}"
        },
        "body": "{{ $page.variables.CreateFormatObj }}"
      },
      "outcomes": {
        "failure": "fireNotification5",
        "success": "if3"
      }
    },
    "if3": {
      "module": "vb/action/builtin/ifAction",
      "parameters": {
        "condition": "[[ $chain.results.callRestPutFamilyCodeFormat.body.p_return_status === \"SUCCESS\" ]]"
      },
      "outcomes": {
        "true": "fireNotification2",
        "false": "fireNotification6"
      }
    },
    "fireNotification6": {
      "module": "vb/action/builtin/fireNotificationEventAction",
      "parameters": {
        "target": "leaf",
        "summary": "[[ $chain.results.callRestPutFamilyCodeFormat.body.p_return_status ]]",
        "displayMode": "transient"
      },
      "outcomes": {
        "success": "callChainRefreshLOVAction"
      }
    },
    "fireNotification5": {
      "module": "vb/action/builtin/fireNotificationEventAction",
      "parameters": {
        "target": "leaf",
        "summary": "failed to update Format",
        "type": "error",
        "displayMode": "transient"
      }
    },
    "fireNotification2": {
      "module": "vb/action/builtin/fireNotificationEventAction",
      "parameters": {
        "target": "leaf",
        "summary": "Format Updated Successfully",
        "displayMode": "persist",
        "type": "confirmation"
      },
      "outcomes": {
        "success": "callChainFetchFormatCode2"
      }
    },
    "callComponentCreateFormatClose2": {
      "module": "vb/action/builtin/callComponentMethodAction",
      "parameters": {
        "component": "{{ document.getElementById('createFormat') }}",
        "method": "close"
      },
      "outcomes": {
        "success": "resetVariablesCreateFormatObj"
      }
    },
    "resetVariablesCreateFormatObj": {
      "module": "vb/action/builtin/resetVariablesAction",
      "parameters": {
        "variables": [
          "$page.variables.CreateFormatObj"
        ]
      },
      "outcomes": {
        "success": "callChainRefreshLOVAction"
      }
    },
    "resetVariablesCreateFormatObj2": {
      "module": "vb/action/builtin/resetVariablesAction",
      "parameters": {
        "variables": [
          "$page.variables.CreateFormatObj"
        ]
      },
      "outcomes": {
        "success": "callChainRefreshLOVAction"
      }
    },
    "callChainFetchFormatCode2": {
      "module": "vb/action/builtin/callChainAction",
      "parameters": {
        "id": "FetchFormatCode"
      },
      "outcomes": {
        "success": "callComponentCreateFormatClose2"
      }
    }
  },
  "variables": {}
}