{
  "description": "",
  "root": "assignVariablesFormatRowData",
  "actions": {
    "assignVariablesFormatRowData": {
      "module": "vb/action/builtin/assignVariablesAction",
      "parameters": {
        "$page.variables.FormatRowData": {
          "source": {
            "last_updated_by": "$application.user.email",
            "created_by": "$application.user.email"
          },
          "reset": "none",
          "auto": "always"
        }
      },
      "outcomes": {
        "success": "callRestPutFamilyCodeFormat"
      }
    },
    "fireNotification": {
      "module": "vb/action/builtin/fireNotificationEventAction",
      "parameters": {
        "target": "leaf",
        "summary": "Failed to Update Format",
        "type": "error",
        "displayMode": "transient"
      }
    },
    "callRestPutFamilyCodeFormat": {
      "module": "vb/action/builtin/restAction",
      "parameters": {
        "endpoint": "devOrds/putFamilyCodeFormat",
        "uriParams": {
          "format_id": "{{ $variables.current.row.format_id }}"
        },
        "body": "{{ $page.variables.FormatRowData }}"
      },
      "outcomes": {
        "failure": "fireNotification",
        "success": "fireNotification3"
      }
    },
    "fireNotification3": {
      "module": "vb/action/builtin/fireNotificationEventAction",
      "parameters": {
        "target": "leaf",
        "summary": "Format Code Updated Successfully",
        "displayMode": "transient",
        "type": "confirmation"
      },
      "outcomes": {
        "success": "callChainRefreshLOVAction"
      }
    },
    "callChainRefreshLOVAction": {
      "module": "vb/action/builtin/callChainAction",
      "parameters": {
        "id": "RefreshLOVAction"
      },
      "outcomes": {
        "success": "callChainFetchFormatCode"
      }
    },
    "callChainFetchFormatCode": {
      "module": "vb/action/builtin/callChainAction",
      "parameters": {
        "id": "FetchFormatCode"
      }
    }
  },
  "variables": {
    "key": {
      "required": true,
      "type": "any",
      "input": "fromCaller"
    },
    "index": {
      "required": true,
      "type": "number",
      "input": "fromCaller"
    },
    "current": {
      "required": true,
      "type": "any",
      "input": "fromCaller"
    }
  }
}