{
  "description": "",
  "root": "callComponentAddCountriesClose",
  "actions": {
    "callComponentAddCountriesClose": {
      "module": "vb/action/builtin/callComponentMethodAction",
      "parameters": {
        "component": "{{ document.getElementById('AddCountries') }}",
        "method": "close"
      },
      "outcomes": {
        "success": "resetVariablesEditCountryListObj"
      }
    },
    "callChainSearchActionChain": {
      "module": "vb/action/builtin/callChainAction",
      "parameters": {
        "id": "SearchActionChain"
      }
    },
    "resetVariablesEditCountryListObj": {
      "module": "vb/action/builtin/resetVariablesAction",
      "parameters": {
        "variables": [
          "$page.variables.EditCountryListObj"
        ]
      },
      "outcomes": {
        "success": "callChainSearchActionChain"
      }
    }
  },
  "variables": {}
}