{
  "title": "",
  "description": "",
  "variables": {
    "AccountNamesArray": {
      "type": "AccountNamesArray[]"
    },
    "AccountNumberArray": {
      "type": "AccountNumberType[]"
    },
    "CityArray": {
      "type": "CityType[]"
    },
    "CountryArray": {
      "type": "CountryType[]"
    },
    "CustAccntID": {
      "type": "number"
    },
    "CustAccountCreateObj": {
      "type": "CustAccntTblType"
    },
    "CustAccountRowData": {
      "type": "CustAccntTblType"
    },
    "CustTblADP": {
      "type": "vb/ArrayDataProvider2",
      "defaultValue": {
        "itemType": "CustAccntTblType",
        "keyAttributes": "acc_typ_id"
      }
    },
    "Dlglabel": {
      "type": "string"
    },
    "getAccountTypeinfoListSDP": {
      "type": "vb/ServiceDataProvider",
      "defaultValue": {
        "endpoint": "devOrds/getAccountTypeinfo",
        "keyAttributes": "flex_value",
        "itemsPath": "items",
        "responseType": "getAccountTypeinfoResponse",
        "uriParameters": {
          "P_VALUE_SET_NAME": "HBG_ACCOUNT_TYPE"
        },
        "transformsContext": {
          "vb-textFilterAttributes": [
            "flex_value"
          ]
        }
      }
    },
    "OrganizationArray": {
      "type": "OrganizationNumberType[]"
    },
    "postalCodeArray": {
      "type": "PostalCodeType[]"
    },
    "RegArray": {
      "type": "RegIdType[]"
    },
    "RowAccount": {
      "type": "string"
    },
    "RowCustaccntId": {
      "type": "number"
    },
    "RowCustomer": {
      "type": "string"
    },
    "RowData": {
      "type": "CustAccntTblType"
    },
    "RowOrg": {
      "type": "string"
    },
    "RowPartyId": {
      "type": "number"
    },
    "RowRegisterId": {
      "type": "number"
    },
    "SearchAccountNumber": {
      "type": "string"
    },
    "SearchObj": {
      "type": {
        "AccountName": "string",
        "Address": "string",
        "City": "string",
        "Country": "string",
        "Lookup": "string",
        "postalCode": "string",
        "RegisterId": "string",
        "San": "string",
        "SiteName": "string",
        "siteNumber": "string",
        "State": "string"

      }
    },
    "searchOrgName": {
      "type": "string"
    },
    "selectedPartyId": {
      "type": "string"
    },
    "SetRowAccount": {
      "type": "string"
    },
    "SiteNameArray": {
      "type": "SitesType[]"
    },
    "SiteNumberArray": {
      "type": "SitesType[]"
    },
    "StateArray": {
      "type": "StateType[]"
    }

  },
  "metadata": {},
  "types": {
    "@decorators.AccountNamesArray": {
      "endpoint": "GetAccountNames",
      "service": "devOrds",
      "path": "response-_-items[0]"
    },
    "@decorators.AccountNumberType": {
      "endpoint": "GetAccountNumber",
      "service": "devOrds",
      "path": "response-_-items[0]"
    },
    "@decorators.CityType": {
      "endpoint": "GetCities",
      "service": "devOrds",
      "path": "response-_-items[0]"
    },
    "@decorators.CountryType": {
      "endpoint": "GetCountryInfo",
      "service": "devOrds",
      "path": "response-_-items[0]"
    },
    "@decorators.CustAccntTblType": {
      "endpoint": "getAccountTypeTabledata",
      "service": "devOrds",
      "path": "response-_-items[0]"
    },
    "@decorators.getAccountTypeinfoResponse": {
      "endpoint": "getAccountTypeinfo",
      "service": "devOrds",
      "path": "response"
    },
    "@decorators.OrganizationNumberType": {
      "endpoint": "GetOrganizationNumber",
      "service": "devOrds",
      "path": "response-_-items[0]"
    },
    "@decorators.PostalCodeType": {
      "endpoint": "GetPostalCode",
      "service": "devOrds",
      "path": "response-_-items[0]"
    },
    "@decorators.RegIdType": {
      "endpoint": "GetOrganizationNameByNumber",
      "service": "devOrds",
      "path": "response-_-items[0]"
    },
    "@decorators.SitesType": {
      "endpoint": "GetSiteNamesByAccNumber",
      "service": "devOrds",
      "path": "response-_-items[0]"
    },
    "@decorators.StateType": {
      "endpoint": "GetStateInfo",
      "service": "devOrds",
      "path": "response-_-items[0]"
    },
    "AccountNamesArray": {
      "account_name": "string"
    },
    "AccountNumberType": {
      "account_number": "string"
    },
    "CityType": {
      "city": "string"
    },
    "CountryType": {
      "country_code": "string",
      "country_name": "string"
    },
    "CustAccntTblType": {
      "acc_typ_id": "number",
      "account_name": "string",
      "account_number": "string",
      "account_type_desc": "string",
      "address": "any",
      "city": "any",
      "country": "any",
      "cust_accnt_id": "number",
      "customer_name": "string",
      "default_account_type": "string",
      "entered_by": "string",
      "entered_date": "string",
      "lookup": "any",
      "organization_name": "any",
      "party_id": "string",
      "postal_code": "any",
      "registry_id": "number",
      "san": "any",
      "site_name": "any",
      "site_number": "any",
      "state": "any",
      "updated_by": "string",
      "updated_date": "string",
      "province": "any",
      "endered_date": "string"

    },
    "getAccountTypeinfoResponse": {
      "items": [
        {
          "description": "string",
          "flex_value": "string"
        }
      ]
    },
    "OrganizationNumberType": {
      "party_id": "number",
      "party_name": "string",
      "party_number": "string"

    },
    "PostalCodeType": {
      "postal code": "string"
    },
    "RegIdType": {
      "party_number": "string"
    },
    "SitesType": {
      "party_site_name": "string",
      "party_site_number": "string"
    },
    "StateType": {
      "state": "string"
    }

  },
  "eventListeners": {
    "buttonAction": {
      "chains": [
        {
          "chainId": "SearchBtnAction"
        }
      ]
    },
    "buttonAction2": {
      "chains": [
        {
          "chainId": "OpenCreateCustomerDLg"
        }
      ]
    },
    "buttonAction3": {
      "chains": [
        {
          "chainId": "CloseCreateAcctDlgAction"
        }
      ]
    },
    "buttonAction4": {
      "chains": [
        {
          "chainId": "CreateCustAccountsAction"
        }
      ]
    },
    "buttonAction5": {
      "chains": [
        {
          "chainId": "ResetBtnAction"
        }
      ]
    },
    "buttonAction6": {
      "chains": [
        {
          "chainId": "NavigatetoClientInfo"
        }
      ]
    },
    "buttonAction7": {
      "chains": [
        {
          "chainId": "SalesforceNavigationAction"
        }
      ]
    },
    "buttonAction8": {
      "chains": [
        {
          "chainId": "NavToDistributionAction"
        }
      ]
    },
    "comboKeyup": {
      "chains": [
        {
          "chainId": "OrganizationKeyUpAction",
          "parameters": {
            "CurrentValue": "[[ $event.srcElement.value ]]"
          }
        }
      ]
    },
    "comboKeyup10": {
      "chains": [
        {
          "chainId": "RegIdKeyUpAction",
          "parameters": {
            "CurrentValue": "[[ $event.srcElement.value ]]"
          }
        }
      ]
    },
    "comboKeyup11": {
      "chains": [
        {
          "chainId": "AccountNameKeyUpAction",
          "parameters": {
            "CurrentValue": "[[ $event.srcElement.value ]]"
          }
        }
      ]
    },
    "comboKeyup2": {
      "chains": [
        {
          "chainId": "AccountsKeyUpAction",
          "parameters": {
            "CurrentValue": "[[ $event.srcElement.value ]]"
          }
        }
      ]
    },
    "comboKeyup3": {
      "chains": [
        {
          "chainId": "SearchSiteNumberKeyupAction",
          "parameters": {
            "CurrentValue": "[[ $event.srcElement.value ]]"
          }
        }
      ]
    },
    "comboKeyup4": {
      "chains": [
        {
          "chainId": "SearchSiteNameKeyUpAction",
          "parameters": {
            "CurrentValue": "[[ $event.srcElement.value ]]"
          }
        }
      ]
    },
    "comboKeyup5": {
      "chains": [
        {
          "chainId": "CountryKeyUpAction",
          "parameters": {
            "CurrentValue": "[[ $event.srcElement.value ]]"
          }
        }
      ]
    },
    "comboKeyup6": {
      "chains": [
        {
          "chainId": "CityKeyUpAction",
          "parameters": {
            "CurrentValue": "[[ $event.srcElement.value ]]"
          }
        }
      ]
    },
    "comboKeyup7": {
      "chains": [
        {
          "chainId": "StateKeyUpAction",
          "parameters": {
            "CurrentValue": "[[ $event.srcElement.value ]]"
          }
        }
      ]
    },
    "comboKeyup8": {
      "chains": [
        {
          "chainId": "postalCodeKeyUpAction",
          "parameters": {
            "CurrentValue": "[[ $event.srcElement.value ]]"
          }
        }
      ]
    },
    "comboKeyup9": {
      "chains": [
        {
          "chainId": "SiteNumberKeyupAction",
          "parameters": {
            "CurrentValue": "[[ $event.srcElement.value ]]"
          }
        }
      ]
    },
    "comboValue": {
      "chains": [
        {
          "chainId": "OrgvalueChange",
          "parameters": {
            "value": "{{ $event.detail.value }}"
          }
        }
      ]
    },
    "comboValue2": {
      "chains": [
        {
          "chainId": "EditOrgValueChange",
          "parameters": {
            "value": "{{ $event.detail.value }}"
          }
        }
      ]
    },
    "comboValue3": {
      "chains": [
        {
          "chainId": "EditAccountnumValChange",
          "parameters": {
            "value": "{{ $event.detail.value }}"
          }
        }
      ]
    },
    "comboValue4": {
      "chains": [
        {
          "chainId": "SiteNumberValueChange",
          "parameters": {
            "value": "{{ $event.detail.value }}"
          }
        }
      ]
    },
    "comboValue5": {
      "chains": [
        {
          "chainId": "OrgIdValueChange",
          "parameters": {
            "value": "{{ $event.detail.value }}"
          }
        }
      ]
    },
    "comboValue6": {
      "chains": [
        {
          "chainId": "AccountValueChangeAction",
          "parameters": {
            "value": "{{ $event.detail.value }}"
          }
        }
      ]
    },
    "comboValue7": {
      "chains": [
        {
          "chainId": "AccountNameValueChangeAction",
          "parameters": {
            "value": "{{ $event.detail.value }}"
          }
        }
      ]
    },
    "comboValue8": {
      "chains": [
        {
          "chainId": "RegisteridValueChangeAction",
          "parameters": {
            "value": "{{ $event.detail.value }}"
          }
        }
      ]
    },
    "hyperlinkClick": {
      "chains": [
        {
          "chainId": "RegisteridClickAction",
          "parameters": {
            "key": "{{ $current.key }}",
            "index": "{{ $current.index }}",
            "current": "{{ $current }}"
          }
        }
      ]
    },
    "hyperlinkClick2": {
      "chains": [
        {
          "chainId": "AccountnumberClickAction",
          "parameters": {
            "key": "{{ $current.key }}",
            "index": "{{ $current.index }}",
            "current": "{{ $current }}"
          }
        }
      ]
    },
    "iconClick": {
      "chains": [
        {
          "chainId": "DeleteCustAccountAction",
          "parameters": {
            "key": "{{ $current.key }}",
            "index": "{{ $current.index }}",
            "current": "{{ $current }}"
          }
        }
      ]
    },
    "iconClick2": {
      "chains": [
        {
          "chainId": "updateCustAccountAction",
          "parameters": {
            "key": "{{ $current.key }}",
            "index": "{{ $current.index }}",
            "current": "{{ $current }}"
          }
        }
      ]
    },
    "iconClick3": {
      "chains": [
        {
          "chainId": "EditIconClickAction",
          "parameters": {
            "key": "{{ $current.key }}",
            "index": "{{ $current.index }}",
            "current": "{{ $current }}"
          }
        }
      ]
    },
    "selectValueItem": {
      "chains": [
        {
          "chainId": "CreateAccountNumberValueChange",
          "parameters": {
            "key": "{{$event.detail.value.key}}",
            "data": "{{$event.detail.value.data}}",
            "metadata": "{{$event.detail.value.metadata}}"
          }
        }
      ]
    },
    "selectValueItem2": {
      "chains": [
        {
          "chainId": "CreateCustomerValueChangeAction",
          "parameters": {
            "key": "{{$event.detail.value.key}}",
            "data": "{{$event.detail.value.data}}",
            "metadata": "{{$event.detail.value.metadata}}"
          }
        }
      ]
    },
    "selectValueItem3": {
      "chains": [
        {
          "chainId": "CreateAccountTypeValueChangeAction",
          "parameters": {
            "key": "{{$event.detail.value.key}}",
            "data": "{{$event.detail.value.data}}",
            "metadata": "{{$event.detail.value.metadata}}"
          }
        }
      ]
    },
    "selectValueItem4": {
      "chains": [
        {
          "chainId": "RowCustomernameValueChangeAction",
          "parameters": {
            "key": "{{ $current.key }}",
            "data": "{{$event.detail.value.data}}",
            "metadata": "{{$event.detail.value.metadata}}",
            "index": "{{ $current.index }}",
            "current": "{{ $current }}"
          }
        }
      ]
    },
    "selectValueItem5": {
      "chains": [
        {
          "chainId": "RowAccountTypeNumValueChangeAction",
          "parameters": {
            "key": "{{ $current.key }}",
            "data": "{{$event.detail.value.data}}",
            "metadata": "{{$event.detail.value.metadata}}",
            "index": "{{ $current.index }}",
            "current": "{{ $current }}"
          }
        }
      ]
    },
    "selectValueItem6": {
      "chains": [
        {
          "chainId": "RowAccountNumValueChangeAction",
          "parameters": {
            "key": "{{ $current.key }}",
            "data": "{{$event.detail.value.data}}",
            "metadata": "{{$event.detail.value.metadata}}",
            "index": "{{ $current.index }}",
            "current": "{{ $current }}"
          }
        }
      ]
    },
    "selectValueItem7": {
      "chains": [
        {
          "chainId": "OrgValueChangeAction",
          "parameters": {
            "key": "{{$event.detail.value.key}}",
            "data": "{{$event.detail.value.data}}",
            "metadata": "{{$event.detail.value.metadata}}"
          }
        }
      ]
    },
    "selectValueItem8": {
      "chains": [
        {
          "chainId": "RowAccountNumValueChangeAction",
          "parameters": {

            "current": "{{ $current }}",
            "data": "{{$event.detail.value.data}}",
            "index": "{{ $current.index }}",
            "key": "{{ $current.key }}",
            "metadata": "{{$event.detail.value.metadata}}"
          }
        }
      ]
    },
    "tableBeforeRowEdit": {
      "chains": [
        {
          "chainId": "CustAccountsBeforeRowEditAction",
          "parameters": {
            "rowKey": "{{$event.detail.rowContext.status.rowKey}}",
            "rowIndex": "{{$event.detail.rowContext.status.rowIndex}}",
            "rowData": "{{$event.detail.rowContext.componentElement.getDataForVisibleRow($event.detail.rowContext.status.rowIndex).data}}"
          }
        }
      ]
    },
    "tableBeforeRowEditEnd": {
      "chains": [
        {
          "chainId": "CustAccountBeforeRowEditEndAction",
          "parameters": {
            "cancelEdit": "{{$event.detail.cancelEdit}}",
            "rowKey": "{{$event.detail.rowContext.status.rowKey}}",
            "rowIndex": "{{$event.detail.rowContext.status.rowIndex}}",
            "rowData": "{{$event.detail.rowContext.componentElement.getDataForVisibleRow($event.detail.rowContext.status.rowIndex).data}}"
          }
        }
      ]
    },
    "tableDblclick": {
      "chains": [
        {
          "chainId": "customerTblDblClickAction",
          "parameters": {
            "rowData": "[[ $event.detail ]]"
          }
        }
      ]
    },
    "tableFirstSelectedRow": {
      "chains": [
        {
          "chainId": "CustTblRowSelectionAction",
          "parameters": {
            "rowKey": "{{$event.detail.value.key}}",
            "rowData": "{{$event.detail.value.data}}"
          }
        }
      ]
    },
    "toggleDrawer": {
      "chains": [
        {
          "chainId": "application:toggleDrawerHandler"
        }
      ]
    },
    "vbEnter": {
      "chains": [
        {
          "parameters": {},
          "chainId": "FetchLOVS"
        }
      ]
    }

  },
  "imports": {
    "components": {
      "oj-button": {
        "path": "ojs/ojbutton"
      },
      "oj-combobox-one": {
        "path": "ojs/ojselectcombobox"
      },
      "oj-dialog": {
        "path": "ojs/ojdialog"
      },
      "oj-form-layout": {
        "path": "ojs/ojformlayout"
      },
      "oj-input-date": {
        "path": "ojs/ojdatetimepicker"
      },
      "oj-input-text": {
        "path": "ojs/ojinputtext"
      },
      "oj-select-many": {
        "path": "ojs/ojselectcombobox"
      },
      "oj-select-single": {
        "path": "ojs/ojselectsingle"
      },
      "oj-table": {
        "path": "ojs/ojtable"
      },
      "oj-text-area": {
        "path": "ojs/ojinputtext"
      },
      "oj-validation-group": {
        "path": "ojs/ojvalidationgroup"
      }

    },
    "modules": {
      "ojValidationBase": {
        "path": "ojs/ojvalidation-base"
      },
      "ojValidationDateTime": {
        "path": "ojs/ojvalidation-datetime"
      }

    }
  }
}