{
  "title": "item 1 orgview",
  "description": "",
  "variables": {
    "ClientCreateObj": {
      "type": "ClientInfoType"
    },
    "ClientInfoADP": {
      "type": "vb/ArrayDataProvider2",
      "defaultValue": {
        "itemType": "ClientInfoType",
        "keyAttributes": "client_info_id"
      }
    },
    "ClientinfoDlglabel": {
      "type": "string"
    },
    "organization": {
      "type": "string",
      "input": "fromCaller"
    },
    "AccountNumberArray": {
      "type": "AccountNumberType[]"
    },
    "FormatArray": {
      "type": "FormatType[]"
    },
    "Rowcategory1": {
      "type": "string"
    },
    "Rowcategory2": {
      "type": "string"
    },
    "RowOwner": {
      "type": "string"
    },
    "RowReportingGroup": {
      "type": "string"
    },
    "SubFormatArray": {
      "type": "SubFormatType[]"
    },
    "category2Array": {
      "type": "Category2type[]"
    },
    "category1Array": {
      "type": "Category1Type[]"
    },
    "ReportingGrpArray": {
      "type": "ReportingGrpCodeType[]"
    },
    "OwnerArray": {
      "type": "OwnerCodeType[]"
    },
    "party_id": {
      "type": "number",
      "input": "fromCaller"
    },
    "SelectedNavCustAccId": {
      "type": "number"
    },
    "SelectedNavData": {
      "type": "string"
    },
    "SelectedParent": {
      "type": "string",
      "defaultValue": "Org"
    },
    "selectedTab": {
      "type": "string"
    },
    "TreeData": {
      "type": "any"
    }

  },
  "metadata": {},
  "types": {
    "@decorators.ClientInfoType": {
      "endpoint": "getSalesCreditGetClientinfo",
      "service": "devOrds",
      "path": "response-_-items[0]"
    },
    "ClientInfoType": {
      "account_type": "string",
      "account_type_description": "string",
      "category1": "string",
      "category1_description": "string",
      "category2": "string",
      "category2_description": "string",
      "client_info_id": "number",
      "created_by": "string",
      "creation_date": "string",
      "cust_account_id": "any",
      "cust_format": "string",
      "cust_owner": "string",
      "customer_account": "string",
      "customer_since": "any",
      "default_account_type": "string",
      "default_account_type_owners": "any",
      "discount": "any",
      "format_description": "string",
      "last_activity": "any",
      "last_update_date": "string",
      "last_updated_by": "string",
      "lookup1": "any",
      "lookup2": "any",
      "lookup3": "any",
      "operation_account_type": "string",
      "owner_description": "string",
      "reporting_group": "string",
      "reporting_group_description": "string",
      "sub_format": "string",
      "sub_format_description": "string"
    },
    "OwnerCodeType": {
      "owner_code": "string"
    },
    "AccountNumberType": {
      "account_number": "string"
    },
    "ReportingGrpCodeType": {
      "reporting_grp_code": "string"
    },
    "Category1Type": {
      "category1_code": "string",
      "category1_id": "number",
      "flex_value": "string",
      "reporting_group_id": "number"
    },
    "Category2type": {
      "category1_id": "number",
      "category2_code": "string",
      "category2_id": "number",
      "flex_value": "string"
    },
        "FormatType": {
      "format_code": "string"
    },
    "SubFormatType": {
      "sub_format_code": "string"
    }
  },
  "eventListeners": {
    "buttonAction": {
      "chains": [
        {
          "chainId": "BackBtnAction"
        }
      ]
    },
    "buttonAction10": {
      "chains": [
        {
          "chainId": "ClientinfoNavigation"
        }
      ]
    },
    "buttonAction11": {
      "chains": [
        {
          "chainId": "Salesforcenavigation"
        }
      ]
    },
    "buttonAction12": {
      "chains": [
        {
          "chainId": "DistributionChannelAction"
        }
      ]
    },
    "buttonAction13": {
      "chains": [
        {
          "chainId": "DistributeeActionChange"
        }
      ]
    },
    "buttonAction14": {
      "chains": [
        {
          "chainId": "SpclHandlingAction"
        }
      ]
    },
    "buttonAction15": {
      "chains": [
        {
          "chainId": "CartonBtnAction"
        }
      ]
    },
    "buttonAction16": {
      "chains": [
        {
          "chainId": "AccountInfoBtnAction"
        }
      ]
    },
    "buttonAction17": {
      "chains": [
        {
          "chainId": "DocumentBtnAction"
        }
      ]
    },
    "buttonAction18": {
      "chains": [
        {
          "chainId": "NewAccountBtnAction"
        }
      ]
    },
    "buttonAction19": {
      "chains": [
        {
          "chainId": "CompliancebtnAction"
        }
      ]
    },
    "buttonAction2": {
      "chains": [
        {
          "chainId": "ContactBtnAction"
        }
      ]
    },
    "buttonAction20": {
      "chains": [
        {
          "chainId": "HistoryBtnAction"
        }
      ]
    },
    "buttonAction3": {
      "chains": [
        {
          "chainId": "NotifBtnAction"
        }
      ]
    },
    "buttonAction4": {
      "chains": [
        {
          "chainId": "CommentBtnAction"
        }
      ]
    },
    "buttonAction5": {
      "chains": [
        {
          "chainId": "TaxBtnAction"
        }
      ]
    },
    "buttonAction6": {
      "chains": [
        {
          "chainId": "InventoryTypeBtnAction"
        }
      ]
    },
    "buttonAction7": {
      "chains": [
        {
          "chainId": "EDIBtnAction"
        }
      ]
    },
    "buttonAction8": {
      "chains": [
        {
          "chainId": "OrdermanagementAction"
        }
      ]
    },
    "buttonAction9": {
      "chains": [
        {
          "chainId": "TransportationBtnAction"
        }
      ]
    },
    "divClick": {
      "chains": [
        {
          "chainId": "FetchSelectedValue",
          "parameters": {
            "CurrentValue": "[[ $current.data.attr.id ]]",
            "SelectedNav": "[[ $current.data.attr.name ]]"
          }
        }
      ]
    },
    "iconClick": {
      "chains": [
        {
          "chainId": "ClientInfoEditIconCLickAction",
          "parameters": {
            "key": "{{ $current.key }}",
            "index": "{{ $current.index }}",
            "current": "{{ $current }}"
          }
        }
      ]
    },
    "spanClick": {
      "chains": [
        {
          "chainId": "OrgLinkClickAction",
          "parameters": {
            "CurrentId": "[[ $current.data.attr.id ]]"
          }
        }
      ]
    },
    "spanClick2": {
      "chains": [
        {
          "chainId": "HeaderClickAction"
        }
      ]
    },
    "spanClick3": {
      "chains": [
        {
          "chainId": "AccountLinkClickAction"
        }
      ]
    },
    "toggleDrawer": {
      "chains": [
        {
          "chainId": "application:toggleDrawerHandler"
        }
      ]
    },
    "vbEnter": {
      "chains": [
        {
          "parameters": {},
          "chainId": "TreeDatafetchAction"
        }
      ]
    }

  },
  "imports": {
    "components": {
      "oj-button": {
        "path": "ojs/ojbutton"
      },
      "oj-collapsible": {
        "path": "ojs/ojcollapsible"
      },
      "oj-combobox-one": {
        "path": "ojs/ojselectcombobox"
      },
      "oj-dialog": {
        "path": "ojs/ojdialog"
      },
      "oj-form-layout": {
        "path": "ojs/ojformlayout"
      },
      "oj-input-date": {
        "path": "ojs/ojdatetimepicker"
      },
      "oj-input-number": {
        "path": "ojs/ojinputnumber"
      },
      "oj-input-text": {
        "path": "ojs/ojinputtext"
      },
      "oj-list-item-layout": {
        "path": "ojs/ojlistitemlayout"
      },
      "oj-list-view": {
        "path": "ojs/ojlistview"
      },
      "oj-navigation-list": {
        "path": "ojs/ojnavigationlist"
      },
      "oj-option": {
        "path": "ojs/ojoption"
      },
      "oj-select-single": {
        "path": "ojs/ojselectsingle"
      },
      "oj-table": {
        "path": "ojs/ojtable"
      },
      "oj-text-area": {
        "path": "ojs/ojinputtext"
      },
      "oj-tree-view": {
        "path": "ojs/ojtreeview"
      },
      "oj-validation-group": {
        "path": "ojs/ojvalidationgroup"
      }
    },
    "modules": {
      "ojValidationDateTime": {
        "path": "ojs/ojvalidation-datetime"
      }
    }
  }
}