{
    "items": [
        {
            "lookup_type": "HBG_REPORTING_GROUP",
            "lookup_code": "AB58",
            "meaning": "Harry N. Abrams",
            "description": "58",
            "enabled_flag": "Y",
            "display_sequence": 1,
            "created_by": "thastings@pelotongroup.com",
            "creation_date": "2022-11-21T21:33:14Z",
            "last_updated_by": "thastings@pelotongroup.com",
            "last_update_date": "2022-11-21T21:33:14Z",
            "tag": "AB",
            "status": "N",
            "status_message": null,
            "oic_run_id": 12010810
        }
    ],
    "hasMore": false,
    "limit": 25,
    "offset": 0,
    "count": 1,
    "links": [
        {
            "rel": "self",
            "href": "https://10.2.0.169:8081/ords/hbg_integration/DistributionTitleRights/getLookupValuesInfo?P_TAG=AB&P_LOOKUP_TYPE=HBG_REPORTING_GROUP"
        },
        {
            "rel": "describedby",
            "href": "https://10.2.0.169:8081/ords/hbg_integration/metadata-catalog/DistributionTitleRights/item"
        },
        {
            "rel": "first",
            "href": "https://10.2.0.169:8081/ords/hbg_integration/DistributionTitleRights/getLookupValuesInfo?P_TAG=AB&P_LOOKUP_TYPE=HBG_REPORTING_GROUP"
        }
    ]
}