{
  "root": "switchSelectedNavigation",
  "description": "",
  "actions": {
    "switchSelectedNavigation": {
      "module": "vb/action/builtin/switchAction",
      "parameters": {
        "caseValue": "[[ $application.variables.SelectedNavigation ]]",
        "possibleValues": [
          "countrygroups"
        ]
      },
      "outcomes": {
        "countrygroups": "navigateToDistributionrights"
      }
    },
    "navigateToDistributionrights": {
      "module": "vb/action/builtin/navigateAction",
      "parameters": {
        "page": "/shell/distributionrights"
      }
    }
  }
}