{
  "description": "",
  "root": "if3",
  "actions": {
    "resetVariablesCreateDistributionRulesObj": {
      "module": "vb/action/builtin/resetVariablesAction",
      "parameters": {
        "variables": [
          "$flow.variables.CreateDistributionRulesObj.account_type",
          "$flow.variables.CreateDistributionRulesObj.default_account_type",
          "$flow.variables.CreateDistributionRulesObj.account_number"          ,
          "$page.variables.p_account_name"
        ]
      }
    },
    "fireNotification": {
      "module": "vb/action/builtin/fireNotificationEventAction",
      "parameters": {
        "target": "leaf",
        "summary": "[[ $chain.results.callRestGetDistributionTitleRightsGetCustomerInfo2.message.summary ]]",
        "type": "error",
        "displayMode": "persist"
      }
    },
    "callRestGetDistributionTitleRightsGetCustomerInfo2": {
      "module": "vb/action/builtin/restAction",
      "parameters": {
        "endpoint": "ordsHbg_integration/getDistributionTitleRightsGetCustomerInfo2",
        "uriParams": {
          "p_account_number": "{{ $page.variables.p_account_number }}"
        }
      },
      "outcomes": {
        "failure": "fireNotification",
        "success": "if"
      }
    },
    "if": {
      "module": "vb/action/builtin/ifAction",
      "parameters": {
        "condition": "[[ $chain.results.callRestGetDistributionTitleRightsGetCustomerInfo2.body.count == 0 ]]"
      },
      "outcomes": {
        "false": "assignVariablesCreateDistributionRulesObj",
        "true": "fireNotification3"
      }
    },
    "fireNotification3": {
      "module": "vb/action/builtin/fireNotificationEventAction",
      "parameters": {
        "target": "leaf",
        "summary": "Information Message",
        "message": "Please Select the Valid Account Number",
        "displayMode": "transient",
        "type": "info"
      },
      "outcomes": {
        "success": "resetVariablesPAccountNumber"
      }
    },
    "assignVariablesCreateDistributionRulesObj": {
      "module": "vb/action/builtin/assignVariablesAction",
      "parameters": {
        "$flow.variables.CreateDistributionRulesObj": {
          "source": {
            "account_number": "{{ $chain.results.callRestGetDistributionTitleRightsGetCustomerInfo2.body.items[0].cust_account_id }}"
          },
          "reset": "none",
          "auto": "always"
        }
      }
    },
    "resetVariablesPAccountNumber": {
      "module": "vb/action/builtin/resetVariablesAction",
      "parameters": {
        "variables": [
          "$page.variables.p_account_number"
        ]
      }
    },
    "if3": {
      "module": "vb/action/builtin/ifAction",
      "parameters": {
        "condition": "[[ $page.variables.p_account_number != '' && $page.variables.p_account_number != 'undefined' && $page.variables.p_account_number != null ]]"
      },
      "outcomes": {
        "false": "resetVariablesCreateDistributionRulesObj",
        "true": "if4"
      }
    },
    "if4": {
      "module": "vb/action/builtin/ifAction",
      "parameters": {
        "condition": "[[ $page.variables.p_account_name == null || $page.variables.p_account_name == '' || $page.variables.p_account_name == 'undefined' ]]"
      },
      "outcomes": {
        "true": "callRestGetDistributionTitleRightsGetCustomerInfo2"
      }
    }
  },
  "variables": {}
}