{
  "description": "",
  "root": "callComponentItemNumberSearchOpen",
  "actions": {
    "callComponentItemNumberSearchOpen": {
      "module": "vb/action/builtin/callComponentMethodAction",
      "parameters": {
        "component": "{{ document.getElementById('ItemNumberSearch') }}",
        "method": "open"
      },
      "outcomes": {
        "success": "resetVariablesPItemNumber"
      }
    },
    "resetVariablesPItemNumber": {
      "module": "vb/action/builtin/resetVariablesAction",
      "parameters": {
        "variables": [
          "$page.variables.p_item_number",
          "$flow.variables.CreateDistributionRulesObj.item_number",
          "$flow.variables.CreateDistributionRulesObj.short_title",
          "$flow.variables.CreateDistributionRulesObj.short_author",
          "$page.variables.CurrentAccountNumberObj",
          "$page.variables.getItemInfoADP.data"
        ]
      }
    }
  },
  "variables": {}
}