{
  "description": "",
  "root": "ifCurrentValue",
  "actions": {
    "ifCurrentValue": {
      "module": "vb/action/builtin/ifAction",
      "parameters": {
        "condition": "[[ $variables.CurrentValue >= 3 ]]"
      },
      "outcomes": {
        "true": "callRestGetDistributionTitleRightsGetItemInfo2"
      }
    },
    "fireNotification": {
      "module": "vb/action/builtin/fireNotificationEventAction",
      "parameters": {
        "target": "leaf",
        "summary": "[[ $chain.results.callRestGetDistributionTitleRightsGetItemInfo2.message.summary ]]",
        "type": "error",
        "displayMode": "persist"
      }
    },
    "callRestGetDistributionTitleRightsGetItemInfo2": {
      "module": "vb/action/builtin/restAction",
      "parameters": {
        "endpoint": "ordsHbg_integration/getDistributionTitleRightsGetItemInfo2",
        "uriParams": {
          "P_ITEM_NUMBER": "{{ $variables.CurrentValue }}"
        }
      },
      "outcomes": {
        "failure": "fireNotification",
        "success": "assignVariablesGetIteminfoLov"
      }
    },
    "assignVariablesGetIteminfoLov": {
      "module": "vb/action/builtin/assignVariablesAction",
      "parameters": {
        "$page.variables.getIteminfoLov": {
          "source": "{{ $chain.results.callRestGetDistributionTitleRightsGetItemInfo2.body.items }}"
        }
      }
    }
  },
  "variables": {
    "CurrentValue": {
      "type": "string",
      "description": "",
      "input": "fromCaller"
    },
    "CurrentKey": {
      "type": "string",
      "description": "",
      "input": "fromCaller"
    }
  }
}