{
  "description": "",
  "root": "if2",
  "actions": {
    "assignVariablesSearchObj": {
      "module": "vb/action/builtin/assignVariablesAction",
      "parameters": {
        "$page.variables.SearchObj": {
          "source": {
            "customer_name": "{{ $chain.results.callRestGetCustomerDetails.body.items[0].accountname }}",
            "org_name": "{{ $chain.results.callRestGetCustomerDetails.body.items[0].party_number }}",
            "acct_nbr": "{{ $chain.results.callRestGetCustomerDetails.body.items[0].accountnumber }}"
          },
          "reset": "none",
          "auto": "always"
        }
      }
    },
    "fireNotification": {
      "module": "vb/action/builtin/fireNotificationEventAction",
      "parameters": {
        "target": "leaf",
        "summary": "[[ $chain.results.callRestGetCustomerDetails.message.summary ]]",
        "type": "error",
        "displayMode": "persist"
      }
    },
    "callRestGetCustomerDetails": {
      "module": "vb/action/builtin/restAction",
      "parameters": {
        "endpoint": "ORDSConn/GetCustomerDetails",
        "uriParams": {
          "p_acct_num": "{{ $page.variables.SearchObj.acct_nbr }}"
        }
      },
      "outcomes": {
        "failure": "fireNotification",
        "success": "if"
      }
    },
    "if": {
      "module": "vb/action/builtin/ifAction",
      "parameters": {
        "condition": "[[ $chain.results.callRestGetCustomerDetails.body.count == 1 ]]"
      },
      "outcomes": {
        "true": "assignVariablesSearchObj",
        "false": "callComponentFilterAcctDtlsOpen"
      }
    },
    "resetVariablesSearchObj": {
      "module": "vb/action/builtin/resetVariablesAction",
      "parameters": {
        "variables": [
          "$page.variables.SearchObj.customer_name",
          "$page.variables.SearchObj.org_name",
          "$page.variables.GetCustomerDetailsADP"          ,
          "$page.variables.searchAccountPopup"
        ]
      },
      "outcomes": {
        "success": "callRestGetCustomerDetails"
      }
    },
    "callComponentFilterAcctDtlsOpen": {
      "module": "vb/action/builtin/callComponentMethodAction",
      "parameters": {
        "component": "{{ document.getElementById('filterAcctDtls') }}",
        "method": "open"
      }
    },
    "if2": {
      "module": "vb/action/builtin/ifAction",
      "parameters": {
        "condition": "[[ $page.variables.SearchObj.acct_nbr != '' && $page.variables.SearchObj.org_name == '' ]]"
      },
      "outcomes": {
        "true": "resetVariablesSearchObj"
      }
    }
  },
  "variables": {
    "value": {
      "required": true,
      "type": "any",
      "input": "fromCaller"
    }
  }
}