{
  "description": "",
  "root": "resetVariablesGetOrgDetailsADP",
  "actions": {
    "resetVariablesGetOrgDetailsADP": {
      "module": "vb/action/builtin/resetVariablesAction",
      "parameters": {
        "variables": [
          "$page.variables.GetOrgDetailsADP"
        ]
      },
      "outcomes": {
        "success": "callRestGetCustomerbyOrgNum"
      }
    },
    "fireNotification": {
      "module": "vb/action/builtin/fireNotificationEventAction",
      "parameters": {
        "target": "leaf",
        "summary": "[[ $chain.results.callRestGetCustomerbyOrgNum.message.summary ]]",
        "type": "error",
        "displayMode": "persist"
      }
    },
    "callRestGetCustomerbyOrgNum": {
      "module": "vb/action/builtin/restAction",
      "parameters": {
        "endpoint": "ORDSConn/GetCustomerbyOrgNum",
        "headers": {
          "p_org_num": "{{ $page.variables.SearchObj.org_name }}"
        }
      },
      "outcomes": {
        "failure": "fireNotification",
        "success": "assignVariablesGetOrgDetailsADP"
      }
    },
    "assignVariablesGetOrgDetailsADP": {
      "module": "vb/action/builtin/assignVariablesAction",
      "parameters": {
        "$page.variables.GetOrgDetailsADP": {
          "source": {
            "data": "{{ $chain.results.callRestGetCustomerbyOrgNum.body.items }}"
          },
          "reset": "none",
          "auto": "always"
        }
      }
    }
  },
  "variables": {}
}