{
  "description": "",
  "root": "callComponentMainResultsTableRefresh",
  "actions": {

    "fireNotification": {
      "module": "vb/action/builtin/fireNotificationEventAction",
      "parameters": {
        "target": "leaf",
        "summary": "Failed to Fetch Transactions",
        "type": "error",
        "displayMode": "transient",
        "message": "[[ $chain.results.callRestPostArCustMaintenanceSearchTransactions.message ]]"
      }
    },
    "callRestPostArCustMaintenanceSearchTransactions": {
      "module": "vb/action/builtin/restAction",
      "parameters": {
        "endpoint": "ORDSConn/postArCustMaintenanceSearchTransactions",
        "body": "{{ $page.variables.SearchObj }}"
     
      },
      "outcomes": {
        "failure": "fireNotification",
        "success": "if"
      }
    },
    "resetVariablesTransactionTblADP": {
      "module": "vb/action/builtin/resetVariablesAction",
      "parameters": {
        "variables": [
          "$page.variables.TransactionTblADP",
          "$page.variables.JSONFromJs",
          "$page.variables.DashboardObjType"
        ]
      },
      "outcomes": {
        "success": "assignVariablesSearchObj"
      }
    },
    "if": {
      "module": "vb/action/builtin/ifAction",
      "parameters": {
        "condition": "[[ $chain.results.callRestPostArCustMaintenanceSearchTransactions.body.ret_status == 'SUCCESS' ]]"
      },
      "outcomes": {
        "true": "callFunctionApplyFontColor",
        "false": "fireNotification2"
      }
    },
    "fireNotification2": {
      "module": "vb/action/builtin/fireNotificationEventAction",
      "parameters": {
        "target": "leaf",
        "type": "warning",
        "summary": "No data retrieved for given search criteria",
        "displayMode": "transient"
      }
    },
    "assignVariablesSearchObj": {
      "module": "vb/action/builtin/assignVariablesAction",
      "parameters": {
        "$page.variables.SearchObj": {
          "source": {
            "loggedin_user": "{{ $application.user.email }}",
            "held_by_othrs_data": "{{ $page.variables.p_held_by_othrs ? 'true' : 'false' }}"
          },
          "reset": "none",
          "auto": "always"
        }
      },
      "outcomes": {
        "success": "callRestPostArCustMaintenanceSearchTransactions"
      }
    },
    "fireNotification4": {
      "module": "vb/action/builtin/fireNotificationEventAction",
      "parameters": {
        "target": "leaf",
        "displayMode": "transient",
        "type": "warning",
        "summary": "Please provide either Organization Number or Account Number in search criteria"
      }
    },
    "if2": {
      "module": "vb/action/builtin/ifAction",
      "parameters": {
        "condition": "[[ $page.variables.SearchObj.acct_nbr == '' && $page.variables.SearchObj.org_name == '' ]]"
      },
      "outcomes": {
        "true": "fireNotification4",
        "false": "resetVariablesTransactionTblADP"
      }
    },
    "assignVariablesTransactionTblADP": {
      "module": "vb/action/builtin/assignVariablesAction",
      "parameters": {

        "$page.variables.DashboardObjType": {
          "source": "{{ $chain.results.callRestPostArCustMaintenanceSearchTransactions.body.transactions[0] }}",
          "auto": "always"
        },
        "$page.variables.TransactionTblADP": {
          "source": {
            "data": "{{ $chain.results.callFunctionSortByKey }}"
          },
          "reset": "none",
          "auto": "always"
        }
      }
    },
    "callComponentMainResultsTableRefresh": {
      "module": "vb/action/builtin/callComponentMethodAction",
      "parameters": {
        "component": "{{ document.getElementById('main-results-table') }}",
        "method": "refresh"
      },
      "outcomes": {
        "success": "if2"
      }
    },
    "callFunctionSortByKey": {
      "module": "vb/action/builtin/callModuleFunctionAction",
      "parameters": {
        "module": "[[ $functions ]]",
        "functionName": "sortByKey",
        "params": [
          "{{ $chain.results.callRestPostArCustMaintenanceSearchTransactions.body.transactions[0].transaction_details }}",
          "{{ $page.variables.p_sort_by }}",
          "{{ $page.variables.p_sort_dir }}"
        ]
      },
      "outcomes": {
        "success": "assignVariablesTransactionTblADP"
      }
    },
    "callFunctionApplyFontColor": {
      "module": "vb/action/builtin/callModuleFunctionAction",
      "parameters": {
        "module": "[[ $functions ]]",
        "functionName": "applyFontColor",
        "params": [
          "{{ $chain.results.callRestPostArCustMaintenanceSearchTransactions.body.transactions[0].account_balance }}",
          "{{ $chain.results.callRestPostArCustMaintenanceSearchTransactions.body.transactions[0].claim_total }}",
          "{{ $chain.results.callRestPostArCustMaintenanceSearchTransactions.body.transactions[0].credit_total }}",
          "{{ $chain.results.callRestPostArCustMaintenanceSearchTransactions.body.transactions[0].unapplied_amount }}"
        ]
      },
      "outcomes": {
        "success": "callFunctionSortByKey"
      }
    }
  },
  "variables": {}
}