{
  "description": "",
  "root": "resetVariablesSearchObj",
  "actions": {
    "resetVariablesSearchObj": {
      "module": "vb/action/builtin/resetVariablesAction",
      "parameters": {
        "variables": [
          "$page.variables.SearchObj.customer_name",
          "$page.variables.SearchObj.acct_nbr",
          "$page.variables.SearchObj.party_name",
          "$page.variables.searchAccountPopup",
          "$page.variables.GetCustomerDetailsADP"
        ]
      }
    }
  },
  "variables": {}
}