{
  "description": "",
  "root": "ifTransactionTblADP",
  "actions": {
    "callFunctionSortByKey": {
      "module": "vb/action/builtin/callModuleFunctionAction",
      "parameters": {
        "module": "[[ $functions ]]",
        "functionName": "sortByKey",
        "params": [
          "{{ $page.variables.TransactionTblADP.data }}",
          "{{ $page.variables.p_sort_by }}",
          "{{ $page.variables.p_sort_dir }}"
        ]
      },
      "outcomes": {
        "success": "callComponentMainResultsTableRefresh"
      }
    },
    "fireDataProviderEventTransactionTblADP": {
      "module": "vb/action/builtin/fireDataProviderEventAction",
      "parameters": {
        "target": "[[ $page.variables.TransactionTblADP ]]",
        "add": {
          "data": "{{ $chain.results.callFunctionSortByKey }}"
        }
      },
      "outcomes": {}
    },
    "resetVariablesTransactionTblADP": {
      "module": "vb/action/builtin/resetVariablesAction",
      "parameters": {
        "variables": [
          "$page.variables.TransactionTblADP"
        ]
      },
      "outcomes": {
        "success": "fireDataProviderEventTransactionTblADP"
      }
    },
    "callComponentMainResultsTableRefresh": {
      "module": "vb/action/builtin/callComponentMethodAction",
      "parameters": {
        "component": "{{ document.getElementById('main-results-table') }}",
        "method": "refresh"
      },
      "outcomes": {
        "success": "resetVariablesTransactionTblADP"
      }
    },
    "ifTransactionTblADP": {
      "module": "vb/action/builtin/ifAction",
      "parameters": {
        "condition": "[[ $page.variables.TransactionTblADP.data.length > 0 ]]"
      },
      "outcomes": {
        "true": "callFunctionSortByKey"
      }
    }
  },
  "variables": {
    "value": {
      "required": true,
      "type": "any",
      "input": "fromCaller"
    }
  }
}