{
  "description": "",
  "root": "callFunctionSelectedChangedListener",
  "actions": {
    "callFunctionFilterData": {
      "module": "vb/action/builtin/callModuleFunctionAction",
      "parameters": {
        "module": "[[ $functions ]]",
        "functionName": "filterData",
        "params": [
          "{{ $variables.selected }}",
          "{{ $page.variables.TransactionTblADP.data }}",
          "{{ $variables.keys }}"
        ]
      },
      "outcomes": {
        "success": "resetVariablesJSONFromJs"
      }
    },
    "callFunctionSelectedChangedListener": {
      "module": "vb/action/builtin/callModuleFunctionAction",
      "parameters": {
        "module": "[[ $functions ]]",
        "functionName": "selectedChangedListener",
        "params": [
          "{{ $variables.selected }}"
        ]
      },
      "outcomes": {
        "success": "callFunctionFilterData"
      }
    },
    "resetVariablesJSONFromJs": {
      "module": "vb/action/builtin/resetVariablesAction",
      "parameters": {
        "variables": [
          "$page.variables.JSONFromJs.data"
        ]
      },
      "outcomes": {
        "success": "forEach3"
      }
    },
    "forEach": {
      "module": "vb/action/builtin/forEachAction",
      "parameters": {
        "actionId": "if",
        "items": "{{ $chain.results.callFunctionFilterData.data }}"
      }
    },
    "if": {
      "module": "vb/action/builtin/ifAction",
      "parameters": {
        "condition": "[[ $current.data.status == 'Hold' && $current.data.submitted_by != $application.user.email ]]"
      },
      "outcomes": {
        "true": "if3"
      }
    },
    "fireNotification": {
      "module": "vb/action/builtin/fireNotificationEventAction",
      "parameters": {
        "target": "leaf",
        "summary": "[[ 'You cannot edit the transaction '+$current.data.claim_number+' as it is held by user '+$current.data.submitted_by ]]",
        "type": "warning",
        "displayMode": "transient"
      }
    },
    "ifPHeldByOthrs": {
      "module": "vb/action/builtin/ifAction",
      "parameters": {
        "condition": "[[ $page.variables.p_held_by_othrs ]]"
      },
      "outcomes": {
        "true": "forEach"
      }
    },
    "if3": {
      "module": "vb/action/builtin/ifAction",
      "parameters": {
        "condition": "[[ $current.data.invoice_number == null ]]"
      },
      "outcomes": {
        "true": "fireNotification",
        "false": "fireNotification3"
      }
    },
    "fireNotification3": {
      "module": "vb/action/builtin/fireNotificationEventAction",
      "parameters": {
        "target": "leaf",
        "summary": "[[ 'You cannot edit the transaction '+$current.data.invoice_number+' as it is held by user '+$current.data.submitted_by ]]",
        "displayMode": "transient"
      }
    },
    "callFunctionDeleteDuplicates": {
      "module": "vb/action/builtin/callModuleFunctionAction",
      "parameters": {
        "module": "[[ $functions ]]",
        "functionName": "deleteDuplicates",
        "params": [
          "{{ $page.variables.JSONFromJs.data }}"
        ]
      },
      "outcomes": {
        "success": "ifPHeldByOthrs"
      }
    },
    "forEach3": {
      "module": "vb/action/builtin/forEachAction",
      "parameters": {
        "items": "{{ $chain.results.callFunctionFilterData.data }}",
        "actionId": "fireDataProviderEventJSONFromJs"
      },
      "outcomes": {
        "success": "assignVariablesDashboardObjType"
      }
    },
    "assignVariablesDashboardObjType": {
      "module": "vb/action/builtin/assignVariablesAction",
      "parameters": {
        "$page.variables.DashboardObjType": {
          "source": {
            "selectedtotal": "{{ $chain.results.callFunctionFilterData.count }}"
          },
          "reset": "none",
          "auto": "always"
        }
      },
      "outcomes": {
        "success": "callFunctionDeleteDuplicates"
      }
    },
    "fireDataProviderEventJSONFromJs": {
      "module": "vb/action/builtin/fireDataProviderEventAction",
      "parameters": {
        "add": {
          "data": "{{ $current.data }}"
        },
        "target": "[[ $page.variables.JSONFromJs ]]"
      }
    }
  },
  "variables": {
    "keys": {
      "required": true,
      "type": "any[]",
      "input": "fromCaller"
    },
    "selected": {
      "required": true,
      "type": "any",
      "input": "fromCaller"
    }
  }
}