[
    {
        "INVENTORY_ITEM_ID": 100000000449452,
        "ORGANIZATION_ID": 300000045784312,
        "ORGANIZATION_CODE": "INDY",
        "RESERVED_QTY": 0,
        "AVAILABLE_TO_RESERVE": 114764,
        "SUBINVENTORY_CODE": "FG",
        "LOT_NUMBER": "12.34|13.94|NNN",
        "ON_HAND_QUANTITY": 114764,
        "LOT_STATUS": ""
    },
    {
        "INVENTORY_ITEM_ID": 100000000449452,
        "ORGANIZATION_ID": 300000045784312,
        "ORGANIZATION_CODE": "INDY",
        "RESERVED_QTY": 2049,
        "AVAILABLE_TO_RESERVE": 6060,
        "SUBINVENTORY_CODE": "FG",
        "LOT_NUMBER": "1",
        "ON_HAND_QUANTITY": 8109,
        "LOT_STATUS": ""
    },
    {
        "INVENTORY_ITEM_ID": 100000000449452,
        "ORGANIZATION_ID": 300000045784312,
        "ORGANIZATION_CODE": "INDY",
        "RESERVED_QTY": 0,
        "AVAILABLE_TO_RESERVE": 0,
        "SUBINVENTORY_CODE": "",
        "LOT_NUMBER": "10.99|0.00|NN",
        "ON_HAND_QUANTITY": 0,
        "LOT_STATUS": ""
    },
    {
        "INVENTORY_ITEM_ID": 100000000449452,
        "ORGANIZATION_ID": 300000045784312,
        "ORGANIZATION_CODE": "INDY",
        "RESERVED_QTY": 0,
        "AVAILABLE_TO_RESERVE": 0,
        "SUBINVENTORY_CODE": "",
        "LOT_NUMBER": "0.00|0.00|NN",
        "ON_HAND_QUANTITY": 0,
        "LOT_STATUS": ""
    },
    {
        "INVENTORY_ITEM_ID": 100000000449452,
        "ORGANIZATION_ID": 300000045784312,
        "ORGANIZATION_CODE": "INDY",
        "RESERVED_QTY": 0,
        "AVAILABLE_TO_RESERVE": 0,
        "SUBINVENTORY_CODE": "",
        "LOT_NUMBER": "199.99|1.99|NN",
        "ON_HAND_QUANTITY": 0,
        "LOT_STATUS": "D"
    },
    {
        "INVENTORY_ITEM_ID": 100000000449452,
        "ORGANIZATION_ID": 300000045784312,
        "ORGANIZATION_CODE": "INDY",
        "RESERVED_QTY": 0,
        "AVAILABLE_TO_RESERVE": 1,
        "SUBINVENTORY_CODE": "RTN-GOOD",
        "LOT_NUMBER": "7.99|11.99|NN",
        "ON_HAND_QUANTITY": 1,
        "LOT_STATUS": ""
    },
    {
        "INVENTORY_ITEM_ID": 100000000449452,
        "ORGANIZATION_ID": 300000022184120,
        "ORGANIZATION_CODE": "HBG",
        "RESERVED_QTY": 2301,
        "AVAILABLE_TO_RESERVE": 67699,
        "SUBINVENTORY_CODE": "FG",
        "LOT_NUMBER": "35.49|37.49|33.49|NNN",
        "ON_HAND_QUANTITY": 70000,
        "LOT_STATUS": ""
    },
    {
        "INVENTORY_ITEM_ID": 100000000449452,
        "ORGANIZATION_ID": 300000022184120,
        "ORGANIZATION_CODE": "HBG",
        "RESERVED_QTY": 700,
        "AVAILABLE_TO_RESERVE": 300,
        "SUBINVENTORY_CODE": "FG",
        "LOT_NUMBER": "1",
        "ON_HAND_QUANTITY": 1000,
        "LOT_STATUS": ""
    },
    {
        "INVENTORY_ITEM_ID": 100000000449452,
        "ORGANIZATION_ID": 300000022184120,
        "ORGANIZATION_CODE": "HBG",
        "RESERVED_QTY": 0,
        "AVAILABLE_TO_RESERVE": 0,
        "SUBINVENTORY_CODE": "",
        "LOT_NUMBER": "0",
        "ON_HAND_QUANTITY": 0,
        "LOT_STATUS": ""
    }
]