{
    "items": [
        {
            "order_number": "103",
            "header_id": 300000047374658
        },
        {
            "order_number": "100",
            "header_id": 300000047375544
        },
        {
            "order_number": "104",
            "header_id": 300000047376331
        },
        {
            "order_number": "105",
            "header_id": 300000047376609
        },
        {
            "order_number": "109",
            "header_id": 300000047377001
        },
        {
            "order_number": "110",
            "header_id": 300000047388157
        },
        {
            "order_number": "113",
            "header_id": 300000047388290
        },
        {
            "order_number": "116",
            "header_id": 300000047388387
        },
        {
            "order_number": "114",
            "header_id": 300000047393762
        },
        {
            "order_number": "115",
            "header_id": 300000047393855
        },
        {
            "order_number": "119",
            "header_id": 300000047323514
        },
        {
            "order_number": "102",
            "header_id": 300000047374569
        },
        {
            "order_number": "122",
            "header_id": 300000047323928
        },
        {
            "order_number": "120",
            "header_id": 300000047388699
        },
        {
            "order_number": "123",
            "header_id": 300000047404227
        },
        {
            "order_number": "124",
            "header_id": 300000047404627
        },
        {
            "order_number": "125",
            "header_id": 300000047404716
        },
        {
            "order_number": "126",
            "header_id": 300000047404805
        },
        {
            "order_number": "127",
            "header_id": 300000047404894
        },
        {
            "order_number": "129",
            "header_id": 300000047405023
        },
        {
            "order_number": "149",
            "header_id": 300000047388809
        },
        {
            "order_number": "150",
            "header_id": 300000047388992
        },
        {
            "order_number": "130",
            "header_id": 300000047965105
        },
        {
            "order_number": "131",
            "header_id": 300000047965230
        },
        {
            "order_number": "132",
            "header_id": 300000047965344
        },
        {
            "order_number": "133",
            "header_id": 300000047965442
        },
        {
            "order_number": "137",
            "header_id": 300000047965547
        },
        {
            "order_number": "138",
            "header_id": 300000047965633
        },
        {
            "order_number": "139",
            "header_id": 300000047965965
        },
        {
            "order_number": "134",
            "header_id": 300000047967199
        },
        {
            "order_number": "135",
            "header_id": 300000047967316
        },
        {
            "order_number": "136",
            "header_id": 300000047967436
        },
        {
            "order_number": "163",
            "header_id": 300000047967639
        },
        {
            "order_number": "164",
            "header_id": 300000047967796
        },
        {
            "order_number": "166",
            "header_id": 300000047967897
        },
        {
            "order_number": "151",
            "header_id": 300000047975113
        },
        {
            "order_number": "152",
            "header_id": 300000047975212
        },
        {
            "order_number": "154",
            "header_id": 300000047975311
        },
        {
            "order_number": "155",
            "header_id": 300000047975400
        },
        {
            "order_number": "156",
            "header_id": 300000047975502
        },
        {
            "order_number": "157",
            "header_id": 300000047975591
        },
        {
            "order_number": "159",
            "header_id": 300000047975730
        },
        {
            "order_number": "160",
            "header_id": 300000047975827
        },
        {
            "order_number": "161",
            "header_id": 300000047975926
        },
        {
            "order_number": "162",
            "header_id": 300000047976012
        },
        {
            "order_number": "140",
            "header_id": 300000047986141
        },
        {
            "order_number": "142",
            "header_id": 300000047986419
        },
        {
            "order_number": "143",
            "header_id": 300000047986578
        },
        {
            "order_number": "144",
            "header_id": 300000047986754
        },
        {
            "order_number": "145",
            "header_id": 300000047987026
        },
        {
            "order_number": "146",
            "header_id": 300000048670182
        },
        {
            "order_number": "147",
            "header_id": 300000048670377
        },
        {
            "order_number": "148",
            "header_id": 300000048670546
        },
        {
            "order_number": "153",
            "header_id": 300000048670731
        },
        {
            "order_number": "165",
            "header_id": 300000048670892
        },
        {
            "order_number": "167",
            "header_id": 300000048670983
        },
        {
            "order_number": "141",
            "header_id": 300000047986295
        },
        {
            "order_number": "8",
            "header_id": 300000045768380
        },
        {
            "order_number": "4",
            "header_id": 300000045774601
        },
        {
            "order_number": "5",
            "header_id": 300000045774755
        },
        {
            "order_number": "6",
            "header_id": 300000045776747
        },
        {
            "order_number": "7",
            "header_id": 300000045776852
        },
        {
            "order_number": "10",
            "header_id": 300000045861573
        },
        {
            "order_number": "11",
            "header_id": 300000045861659
        },
        {
            "order_number": "12",
            "header_id": 300000045921325
        },
        {
            "order_number": "14",
            "header_id": 300000045921448
        },
        {
            "order_number": "15",
            "header_id": 300000045921553
        },
        {
            "order_number": "16",
            "header_id": 300000045921651
        },
        {
            "order_number": "17",
            "header_id": 300000045921747
        },
        {
            "order_number": "18",
            "header_id": 300000045921833
        },
        {
            "order_number": "19",
            "header_id": 300000045921921
        },
        {
            "order_number": "21",
            "header_id": 300000045922048
        },
        {
            "order_number": "22",
            "header_id": 300000045930151
        },
        {
            "order_number": "23",
            "header_id": 300000045930242
        },
        {
            "order_number": "24",
            "header_id": 300000045930411
        },
        {
            "order_number": "25",
            "header_id": 300000045930512
        },
        {
            "order_number": "26",
            "header_id": 300000045930679
        },
        {
            "order_number": "27",
            "header_id": 300000045930795
        },
        {
            "order_number": "48",
            "header_id": 300000045972249
        },
        {
            "order_number": "69",
            "header_id": 300000045972371
        },
        {
            "order_number": "70",
            "header_id": 300000045972543
        },
        {
            "order_number": "71",
            "header_id": 300000045972679
        },
        {
            "order_number": "72",
            "header_id": 300000045972774
        },
        {
            "order_number": "73",
            "header_id": 300000045972884
        },
        {
            "order_number": "74",
            "header_id": 300000045972978
        },
        {
            "order_number": "59",
            "header_id": 300000045975311
        },
        {
            "order_number": "60",
            "header_id": 300000045975326
        },
        {
            "order_number": "61",
            "header_id": 300000045975394
        },
        {
            "order_number": "62",
            "header_id": 300000045975442
        },
        {
            "order_number": "63",
            "header_id": 300000045975484
        },
        {
            "order_number": "64",
            "header_id": 300000045975532
        },
        {
            "order_number": "65",
            "header_id": 300000045975587
        },
        {
            "order_number": "66",
            "header_id": 300000045975635
        },
        {
            "order_number": "67",
            "header_id": 300000045975677
        },
        {
            "order_number": "68",
            "header_id": 300000045975725
        },
        {
            "order_number": "75",
            "header_id": 300000045982340
        },
        {
            "order_number": "76",
            "header_id": 300000046015785
        },
        {
            "order_number": "77",
            "header_id": 300000046015876
        },
        {
            "order_number": "79",
            "header_id": 300000047282367
        },
        {
            "order_number": "81",
            "header_id": 300000047282543
        }
    ],
    "hasMore": true,
    "limit": 100,
    "offset": 0,
    "count": 100,
    "links": [
        {
            "rel": "self",
            "href": "https://10.2.0.169:8081/ords/hbg_integration/salesCredit/getRefNumList"
        },
        {
            "rel": "describedby",
            "href": "https://10.2.0.169:8081/ords/hbg_integration/metadata-catalog/salesCredit/item"
        },
        {
            "rel": "first",
            "href": "https://10.2.0.169:8081/ords/hbg_integration/salesCredit/getRefNumList"
        },
        {
            "rel": "next",
            "href": "https://10.2.0.169:8081/ords/hbg_integration/salesCredit/getRefNumList?offset=100"
        }
    ]
}