{
    "items": [
        {
            "category_name": "ARSMT",
            "description": "AR Statement"
        },
        {
            "category_name": "BIND",
            "description": "Bindery Instruction"
        },
        {
            "category_name": "BOL",
            "description": "BOL Comments"
        },
        {
            "category_name": "CFSI",
            "description": "CFS Internal"
        },
        {
            "category_name": "DMOI",
            "description": "DMO Internal"
        },
        {
            "category_name": "DSRI",
            "description": "Distribution Service Returns Internal"
        },
        {
            "category_name": "FULI",
            "description": "Fulfillment Internal"
        },
        {
            "category_name": "GEN",
            "description": "General Comment"
        },
        {
            "category_name": "INMGT",
            "description": "Inventory Management Internal"
        },
        {
            "category_name": "INOPS",
            "description": "Inventory Ops Internal"
        },
        {
            "category_name": "INV",
            "description": "Invoice"
        },
        {
            "category_name": "MISC",
            "description": "Seeded miscellaneous category."
        },
        {
            "category_name": "NARR",
            "description": "Narrative"
        },
        {
            "category_name": "PL",
            "description": "Packing List– bom components"
        },
        {
            "category_name": "PLINV",
            "description": "Packing List & Invoice  "
        },
        {
            "category_name": "SSE",
            "description": "Support Service External"
        },
        {
            "category_name": "SSI",
            "description": "Support Service Internal"
        },
        {
            "category_name": "VA",
            "description": "Value Added"
        },
        {
            "category_name": "WHI",
            "description": "Warehouse Internal"
        }
    ],
    "hasMore": false,
    "limit": 25,
    "offset": 0,
    "count": 19,
    "links": [
        {
            "rel": "self",
            "href": "https://10.2.0.169:8081/ords/hbg_integration/CustomeOrders/getAttachmentCategories"
        },
        {
            "rel": "describedby",
            "href": "https://10.2.0.169:8081/ords/hbg_integration/metadata-catalog/CustomeOrders/item"
        },
        {
            "rel": "first",
            "href": "https://10.2.0.169:8081/ords/hbg_integration/CustomeOrders/getAttachmentCategories"
        }
    ]
}