{
    "items": [
        {
            "owner_id": 16125125899,
            "flex_value": "CA- Callaway Arts & Entertainment",
            "owner_code": "CA"
        },
        {
            "owner_id": 15684932538,
            "flex_value": "NC- Nosy Crow",
            "owner_code": "NC"
        },
        {
            "owner_id": 15107808968,
            "flex_value": "TE- The Experiment",
            "owner_code": "TE"
        },
        {
            "owner_id": 15107807363,
            "flex_value": "FM- Familius",
            "owner_code": "FM"
        },
        {
            "owner_id": 15107805655,
            "flex_value": "ER- Erewhon",
            "owner_code": "ER"
        },
        {
            "owner_id": 15107725454,
            "flex_value": "DU- duopress",
            "owner_code": "DU"
        },
        {
            "owner_id": 14461490228,
            "flex_value": "SP- Sterling Publishing",
            "owner_code": "SP"
        },
        {
            "owner_id": 10946514279,
            "flex_value": "LP- Lonely Planet",
            "owner_code": "LP"
        },
        {
            "owner_id": 8266069808,
            "flex_value": "MS- Moleskine",
            "owner_code": "MS"
        },
        {
            "owner_id": 7388672612,
            "flex_value": "JB- Joe Books LTD",
            "owner_code": "JB"
        },
        {
            "owner_id": 6808701829,
            "flex_value": "YP- Yen Press LLC",
            "owner_code": "YP"
        },
        {
            "owner_id": 6607447518,
            "flex_value": "PK- Phoenix International",
            "owner_code": "PK"
        },
        {
            "owner_id": 6063370390,
            "flex_value": "KP- Kids Can Press",
            "owner_code": "KP"
        },
        {
            "owner_id": 5713273151,
            "flex_value": "PD- Paula Deen Ventures",
            "owner_code": "PD"
        },
        {
            "owner_id": 5125461549,
            "flex_value": "HL- Hachette Livre",
            "owner_code": "HL"
        },
        {
            "owner_id": 4044971057,
            "flex_value": "GA- Grupo Anaya",
            "owner_code": "GA"
        },
        {
            "owner_id": 3948855691,
            "flex_value": "QS- Quarto Publishing Group USA",
            "owner_code": "QS"
        },
        {
            "owner_id": 3847347269,
            "flex_value": "HM- Houghton Mifflin Harcourt",
            "owner_code": "HM"
        },
        {
            "owner_id": 3163541062,
            "flex_value": "RT- Round Table",
            "owner_code": "RT"
        },
        {
            "owner_id": 3163541061,
            "flex_value": "BB- Bloomberg Business",
            "owner_code": "BB"
        },
        {
            "owner_id": 3163541060,
            "flex_value": "UA- Unassigned",
            "owner_code": "UA"
        },
        {
            "owner_id": 3163541059,
            "flex_value": "XX- Internal",
            "owner_code": "XX"
        },
        {
            "owner_id": 3163541058,
            "flex_value": "WC- The Weinstein Company",
            "owner_code": "WC"
        },
        {
            "owner_id": 3163541057,
            "flex_value": "TW- Time Warner Audio",
            "owner_code": "TW"
        },
        {
            "owner_id": 3163541056,
            "flex_value": "TL- Time Life Books",
            "owner_code": "TL"
        },
        {
            "owner_id": 3163541055,
            "flex_value": "TH- TI Inc. Books",
            "owner_code": "TH"
        },
        {
            "owner_id": 3163541054,
            "flex_value": "SL- Sandra Lee Publications",
            "owner_code": "SL"
        },
        {
            "owner_id": 3163541053,
            "flex_value": "SC- Sierra Club",
            "owner_code": "SC"
        },
        {
            "owner_id": 3163541052,
            "flex_value": "SB- Strictly By The Book",
            "owner_code": "SB"
        },
        {
            "owner_id": 3163541051,
            "flex_value": "PP- Phaidon Press LTD",
            "owner_code": "PP"
        },
        {
            "owner_id": 3163541050,
            "flex_value": "PN- Peterson's Nelnet",
            "owner_code": "PN"
        },
        {
            "owner_id": 3163541049,
            "flex_value": "PI- Peer Information, Inc",
            "owner_code": "PI"
        },
        {
            "owner_id": 3163541048,
            "flex_value": "OB- Octopus Books",
            "owner_code": "OB"
        },
        {
            "owner_id": 3163541047,
            "flex_value": "MW- Mouseworks",
            "owner_code": "MW"
        },
        {
            "owner_id": 3163541046,
            "flex_value": "MP- Microsoft Press",
            "owner_code": "MP"
        },
        {
            "owner_id": 3163541045,
            "flex_value": "KB- Kensington Books",
            "owner_code": "KB"
        },
        {
            "owner_id": 3163541044,
            "flex_value": "IK- Innovative Kids",
            "owner_code": "IK"
        },
        {
            "owner_id": 3163541043,
            "flex_value": "HY- Hyperion",
            "owner_code": "HY"
        },
        {
            "owner_id": 3163541042,
            "flex_value": "HU- Hachette UK",
            "owner_code": "HU"
        },
        {
            "owner_id": 3163541041,
            "flex_value": "HP- Hudson Park Press",
            "owner_code": "HP"
        },
        {
            "owner_id": 3163541040,
            "flex_value": "HB- Hachette Books",
            "owner_code": "HB"
        },
        {
            "owner_id": 3163541039,
            "flex_value": "GR- Guinness World Records",
            "owner_code": "GR"
        },
        {
            "owner_id": 3163541038,
            "flex_value": "GM- Gildan Media Corporation",
            "owner_code": "GM"
        },
        {
            "owner_id": 3163541037,
            "flex_value": "FP- Hearst Books",
            "owner_code": "FP"
        },
        {
            "owner_id": 3163541036,
            "flex_value": "DP- Disney Publishing World Wide",
            "owner_code": "DP"
        },
        {
            "owner_id": 3163541035,
            "flex_value": "DC- DC Comics",
            "owner_code": "DC"
        },
        {
            "owner_id": 3163541034,
            "flex_value": "CB- Chronicle Books",
            "owner_code": "CB"
        },
        {
            "owner_id": 3163541033,
            "flex_value": "AR- Arcade Publishing",
            "owner_code": "AR"
        },
        {
            "owner_id": 3163541032,
            "flex_value": "AP- Amazing People",
            "owner_code": "AP"
        },
        {
            "owner_id": 3163541031,
            "flex_value": "AN- Anness Publishing",
            "owner_code": "AN"
        },
        {
            "owner_id": 3163541030,
            "flex_value": "AB- Abrams Books",
            "owner_code": "AB"
        },
        {
            "owner_id": 121,
            "flex_value": "MR-TEST- MR-TEST",
            "owner_code": "MR-TEST"
        },
        {
            "owner_id": 101,
            "flex_value": "MR_1_Cod1e- MR_1_Nam1e",
            "owner_code": "MR_1_Cod1e"
        }
    ],
    "hasMore": false,
    "limit": 1000,
    "offset": 0,
    "count": 53,
    "links": [
        {
            "rel": "self",
            "href": "https://10.2.0.169:8081/ords/hbg_integration/Common/getOwners"
        },
        {
            "rel": "describedby",
            "href": "https://10.2.0.169:8081/ords/hbg_integration/metadata-catalog/Common/item"
        },
        {
            "rel": "first",
            "href": "https://10.2.0.169:8081/ords/hbg_integration/Common/getOwners"
        }
    ]
}