{
  "description": "",
  "root": "resetVariablesGetReservationsUIGetCustAccountNumberListSDP",
  "actions": {
    "fireNotification": {
      "module": "vb/action/builtin/fireNotificationEventAction",
      "parameters": {
        "target": "leaf",
        "summary": "[[ $chain.results.callRestGetReservationsUIGetCustAccountNumber.message.summary ]]",
        "type": "error",
        "displayMode": "persist"
      }
    },
    "callRestGetReservationsUIGetCustAccountNumber": {
      "module": "vb/action/builtin/restAction",
      "parameters": {
        "endpoint": "devOrds/getReservationsUIGetCustAccountNumber",
        "uriParams": {
          "p_party_site_number": "{{ $variables.data }}"
        }
      },
      "outcomes": {
        "failure": "fireNotification",
        "success": "assignVariablesGetReservationsUIGetCustAccountNumberListSDP"
      }
    },
    "assignVariablesGetReservationsUIGetCustAccountNumberListSDP": {
      "module": "vb/action/builtin/assignVariablesAction",
      "parameters": {
        "$page.variables.getReservationsUIGetCustAccountNumberListSDP": {
          "source": {
            "data": "{{ $chain.results.callRestGetReservationsUIGetCustAccountNumber.body.items }}"
          },
          "reset": "none",
          "auto": "always"
        }
      }
    },
    "resetVariablesGetReservationsUIGetCustAccountNumberListSDP": {
      "module": "vb/action/builtin/resetVariablesAction",
      "parameters": {
        "variables": [
          "$page.variables.getReservationsUIGetCustAccountNumberListSDP"
        ]
      },
      "outcomes": {
        "success": "callRestGetReservationsUIGetCustAccountNumber"
      }
    }
  },
  "variables": {
    "key": {
      "required": true,
      "type": "any",
      "input": "fromCaller"
    },
    "data": {
      "required": true,
      "type": "any",
      "input": "fromCaller"
    },
    "metadata": {
      "required": true,
      "type": "any",
      "input": "fromCaller"
    }
  }
}