{
  "description": "",
  "root": "callComponentSelectlotnumberClose",
  "actions": {
    "callComponentSelectlotnumberClose": {
      "module": "vb/action/builtin/callComponentMethodAction",
      "parameters": {
        "component": "{{ document.getElementById('selectlotnumber') }}",
        "method": "close"
      },
      "outcomes": {
        "success": "resetVariablesLotNumberADP"
      }
    },
    "resetVariablesLotNumberADP": {
      "module": "vb/action/builtin/resetVariablesAction",
      "parameters": {
        "variables": [
          "$page.variables.LotNumberADP",
          "$page.variables.LotNumberADP.data"
        ]
      }
    }
  },
  "variables": {}
}