{
  "description": "",
  "root": "assignVariablesCreateReservationLineObj",
  "actions": {

    "assignVariablesCreateReservationLineObj": {
      "module": "vb/action/builtin/assignVariablesAction",
      "parameters": {
        "$page.variables.CreateReservationLineObj": {
          "source": {
            "created_by": "{{ $application.user.email }}",
            "last_updated_by": "{{ $application.user.email }}",
            "reservation_number": "{{ $page.variables.CreateReservationObj.pre_reservation_number }}"
          },
          "reset": "none",
          "auto": "always"
        }
      },
      "outcomes": {
        "success": "callRestPostReservationsUIReservationLine"
      }
    },
    "callRestPostReservationsUIReservationLine": {
      "module": "vb/action/builtin/restAction",
      "parameters": {
        "endpoint": "devOrds/postReservationsUIReservationLine",
        "body": "{{ $page.variables.CreateReservationLineObj }}"
      },
      "outcomes": {
        "failure": "fireNotification3",
        "success": "if"
      }
    },
    "fireNotification3": {
      "module": "vb/action/builtin/fireNotificationEventAction",
      "parameters": {
        "target": "leaf",
        "summary": "Failed to Create Lines",
        "type": "error",
        "displayMode": "transient"
      }
    },
    "if": {
      "module": "vb/action/builtin/ifAction",
      "parameters": {
        "condition": "[[ $chain.results.callRestPostReservationsUIReservationLine.body.x_return_status === \"SUCCESS\" ]]"
      },
      "outcomes": {
        "false": "fireNotification2",
        "true": "fireNotification"
      }
    },
    "fireNotification": {
      "module": "vb/action/builtin/fireNotificationEventAction",
      "parameters": {
        "target": "leaf",
        "summary": "\"Reservation line saved successfully\"",
        "displayMode": "transient",
        "type": "confirmation"
      },
      "outcomes": {
        "success": "callRestGetReservationsUIReservationLine"
      }
    },
    "fireNotification2": {
      "module": "vb/action/builtin/fireNotificationEventAction",
      "parameters": {
        "target": "leaf",
        "summary": "Info",
        "message": "[[ $chain.results.callRestPostReservationsUIReservationLine.body.x_return_status ]]",
        "type": "warning",
        "displayMode": "transient"
      }
    },
    "fireNotification4": {
      "module": "vb/action/builtin/fireNotificationEventAction",
      "parameters": {
        "target": "leaf",
        "summary": "[[ $chain.results.callRestPostXXHBGLOADRESERVATIO1TriggerReservationLoad.message.summary ]]",
        "type": "error",
        "displayMode": "transient",
        "message": "No lines to Update"
      },
      "outcomes": {
        "success": "resetVariablesCreateReservationLineObj3"
      }
    },
    "callRestPostXXHBGLOADRESERVATIO1TriggerReservationLoad": {
      "module": "vb/action/builtin/restAction",
      "parameters": {
        "endpoint": "ics/postXXHBG_LOAD_RESERVATIO1_0TriggerReservationLoad",
        "uriParams": {
          "ItemNumber": "{{ $page.variables.CreateReservationLineObj.item_code }}",
          "PreReservationNumber": "{{ $page.variables.CreateReservationLineObj.reservation_number }}",
          "TransactionType": "Update",
          "LotNumber": "{{ $page.variables.CreateReservationLineObj.lot_number }}",
          "OrganizationCode": "{{ $page.variables.CreateReservationLineObj.inventory_organization }}",
          "ReservationQuantity": "{{ $page.variables.CreateReservationLineObj.requested_quantity }}",
          "SubInventoryCode": "{{ $page.variables.CreateReservationLineObj.subinventory }}"
        }
      },
      "outcomes": {
        "failure": "fireNotification4",
        "success": "resetVariablesCreateReservationLineObj2"
      }
    },
    "fireNotification5": {
      "module": "vb/action/builtin/fireNotificationEventAction",
      "parameters": {
        "target": "leaf",
        "summary": "[[ $chain.results.callRestGetReservationsUIReservationLine.message.summary ]]",
        "type": "error",
        "displayMode": "transient"
      },
      "outcomes": {
        "success": "resetVariablesCreateReservationLineObj"
      }
    },
    "callRestGetReservationsUIReservationLine": {
      "module": "vb/action/builtin/restAction",
      "parameters": {
        "endpoint": "devOrds/getReservationsUIReservationLine",
        "uriParams": {
          "p_reservation_number": "{{ $page.variables.CreateReservationObj.pre_reservation_number }}"
        }
      },
      "outcomes": {
        "failure": "fireNotification5",
        "success": "resetVariablesReservationLineADP"
      }
    },
    "resetVariablesCreateReservationLineObj2": {
      "module": "vb/action/builtin/resetVariablesAction",
      "parameters": {
        "variables": [
          "$page.variables.CreateReservationLineObj"
        ]
      }
    },
    "resetVariablesCreateReservationLineObj3": {
      "module": "vb/action/builtin/resetVariablesAction",
      "parameters": {
        "variables": [
          "$page.variables.CreateReservationLineObj"
        ]
      }
    },
    "resetVariablesReservationLineADP": {
      "module": "vb/action/builtin/resetVariablesAction",
      "parameters": {
        "variables": [
          "$page.variables.ReservationLineADP",
          "$page.variables.ReservationLineADP.data"
        ]
      },
      "outcomes": {
        "success": "assignVariablesReservationLineADP"
      }
    },
    "assignVariablesReservationLineADP": {
      "module": "vb/action/builtin/assignVariablesAction",
      "parameters": {
        "$page.variables.ReservationLineADP": {
          "source": {
            "data": "{{ $chain.results.callRestGetReservationsUIReservationLine.body.items }}"
          },
          "reset": "none",
          "auto": "always"
        },
        "$page.variables.CountOfReservationLines": {
          "source": "{{ $chain.results.callRestGetReservationsUIReservationLine.body.count }}"
        }
      },
      "outcomes": {
        "success": "resetVariablesCreateReservationLineObj4"
      }
    },
    "runInParallel": {
      "module": "vb/action/builtin/forkAction",
      "parameters": {
        "actions": {
          "callRestPostXXHBGLOADRESERVATIO1TriggerReservationLoad": "callRestPostXXHBGLOADRESERVATIO1TriggerReservationLoad",
          "callRest": "callRestGetReservationsUIReservationHeader"
        }
      }
    },
    "fireNotification6": {
      "module": "vb/action/builtin/fireNotificationEventAction",
      "parameters": {
        "target": "leaf",
        "summary": "[[ $chain.results.callRestGetReservationsUIReservationHeader.message.summary ]]",
        "type": "error",
        "displayMode": "transient",
        "message": "Failed to Reload Header"
      }
    },
    "callRestGetReservationsUIReservationHeader": {
      "module": "vb/action/builtin/restAction",
      "parameters": {
        "endpoint": "devOrds/getReservationsUIReservationHeader",
        "uriParams": {
          "p_pre_reservation_number": "{{ $page.variables.CreateReservationObj.pre_reservation_number }}"
        }
      },
      "outcomes": {
        "failure": "fireNotification6",
        "success": "resetVariablesCreateReservationObj"
      }
    },
    "resetVariablesCreateReservationObj": {
      "module": "vb/action/builtin/resetVariablesAction",
      "parameters": {
        "variables": [
          "$page.variables.CreateReservationObj"
        ]
      },
      "outcomes": {
        "success": "assignVariablesCreateReservationObj"
      }
    },
    "assignVariablesCreateReservationObj": {
      "module": "vb/action/builtin/assignVariablesAction",
      "parameters": {
        "$page.variables.CreateReservationObj": {
          "source": "{{ $chain.results.callRestGetReservationsUIReservationHeader.body.items[0] }}",
          "auto": "always"
        }
      }
    },
    "resetVariablesCreateReservationLineObj": {
      "module": "vb/action/builtin/resetVariablesAction",
      "parameters": {
        "variables": [
          "$page.variables.CreateReservationLineObj"
        ]
      }
    },
    "resetVariablesCreateReservationLineObj4": {
      "module": "vb/action/builtin/resetVariablesAction",
      "parameters": {
        "variables": [
          "$page.variables.CreateReservationLineObj"
        ]
      },
      "outcomes": {
        "success": "runInParallel"
      }
    }
  },
  "variables": {}
}