{
  "root": "runInParallel",
  "description": "",
  "actions": {
    "fireNotification": {
      "module": "vb/action/builtin/fireNotificationEventAction",
      "parameters": {
        "target": "leaf",
        "summary": "[[ $chain.results.callRestGetReservationsUIReservationLineAttributes.message.summary ]]",
        "type": "error",
        "displayMode": "persist"
      }
    },
    "callRestGetReservationsUIReservationLineAttributes": {
      "module": "vb/action/builtin/restAction",
      "parameters": {
        "endpoint": "devOrds/getReservationsUIReservationLineAttributes",
        "uriParams": {
          "p_item_number": "{{ $page.variables.CreateReservationLineObj.item_code }}"
        }
      },
      "outcomes": {
        "failure": "fireNotification",
        "success": "assignVariablesCreateReservationLineObj"
      }
    },
    "assignVariablesCreateReservationLineObj": {
      "module": "vb/action/builtin/assignVariablesAction",
      "parameters": {
        "$page.variables.CreateReservationLineObj": {
          "source": {
            "isbn_on_book": "{{ $chain.results.callRestGetReservationsUIReservationLineAttributes.body.items[0].isbn_on_book }}",
            "status": "{{ $chain.results.callRestGetReservationsUIReservationLineAttributes.body.items[0].pub_status }}",
            "short_title": "{{ $chain.results.callRestGetReservationsUIReservationLineAttributes.body.items[0].short_title }}"
          },
          "reset": "none",
          "auto": "always"
        },
        "$page.variables.ItemAttributes_Obj": {
          "source": {
            "category_1": "{{ $chain.results.callRestGetReservationsUIReservationLineAttributes.body.items[0].category_1 }}",
            "category_1_description": "{{ $chain.results.callRestGetReservationsUIReservationLineAttributes.body.items[0].category_1_description }}",
            "category_2": "{{ $chain.results.callRestGetReservationsUIReservationLineAttributes.body.items[0].category_2 }}",
            "category_2_description": "{{ $chain.results.callRestGetReservationsUIReservationLineAttributes.body.items[0].category_2_description }}",
            "isbn_on_book": "{{ $chain.results.callRestGetReservationsUIReservationLineAttributes.body.items[0].isbn_on_book }}",
            "item_number": "{{ $chain.results.callRestGetReservationsUIReservationLineAttributes.body.items[0].item_number }}",
            "owner": "{{ $chain.results.callRestGetReservationsUIReservationLineAttributes.body.items[0].owner }}",
            "owner_description": "{{ $chain.results.callRestGetReservationsUIReservationLineAttributes.body.items[0].owner_description }}",
            "pub_status": "{{ $chain.results.callRestGetReservationsUIReservationLineAttributes.body.items[0].pub_status }}",
            "reporting_group": "{{ $chain.results.callRestGetReservationsUIReservationLineAttributes.body.items[0].reporting_group }}",
            "reporting_group_description": "{{ $chain.results.callRestGetReservationsUIReservationLineAttributes.body.items[0].reporting_group_description }}",
            "short_author": "{{ $chain.results.callRestGetReservationsUIReservationLineAttributes.body.items[0].short_author }}",
            "short_title": "{{ $chain.results.callRestGetReservationsUIReservationLineAttributes.body.items[0].short_title }}"
          },
          "reset": "none",
          "auto": "always"
        }
      }
    },
    "runInParallel": {
      "module": "vb/action/builtin/forkAction",
      "parameters": {
        "actions": {
          "callRestGetReservationsUIReservationLineAttributes": "callRestGetReservationsUIReservationLineAttributes",
          "callRest": "ifCreateReservationLineObj"
        }
      }
    },
    "callRestGetXXHBGRESERVATONHANDQUANTITY1GetReservationOnhandQuantity": {
      "module": "vb/action/builtin/restAction",
      "parameters": {
        "endpoint": "ics/getXXHBG_RESERVAT_ONHAND_QUANTITY1_0GetReservationOnhandQuantity",
        "uriParams": {
          "ItemNumber": "{{ $page.variables.CreateReservationLineObj.item_code }}",
          "RequestType": "Default"
        }
      },
      "outcomes": {

        "success": "if3"
      }
    },
    "if": {
      "module": "vb/action/builtin/ifAction",
      "parameters": {
        "condition": "[[ $chain.results.callRestGetXXHBGRESERVATONHANDQUANTITY1GetReservationOnhandQuantity.body[0].length = 1 ]]"
      },
      "outcomes": {
        "true": "assignVariablesCreateReservationLineObj2",
        "false": "fireNotification3"
      }
    },
    "fireNotification4": {
      "module": "vb/action/builtin/fireNotificationEventAction",
      "parameters": {
        "target": "leaf",
        "summary": "Info",
        "message": "Item does not have default lot. Please select the Lot manually.",
        "displayMode": "transient",
        "type": "info"
      }
    },
    "ifCreateReservationLineObj": {
      "module": "vb/action/builtin/ifAction",
      "parameters": {
        "condition": "[[ $page.variables.CreateReservationLineObj.lot_number !== '' ]]"
      },
      "outcomes": {
        "true": "ifCreateResDetailButton"
      }
    },
    "assignVariablesCreateReservationLineObj2": {
      "module": "vb/action/builtin/assignVariablesAction",
      "parameters": {
        "$page.variables.CreateReservationLineObj": {
          "source": {
            "inventory_organization": "{{ $chain.results.callRestGetXXHBGRESERVATONHANDQUANTITY1GetReservationOnhandQuantity.body[0].ORGANIZATION_CODE }}",
            "lot_number": "{{ $chain.results.callRestGetXXHBGRESERVATONHANDQUANTITY1GetReservationOnhandQuantity.body[0].LOT_NUMBER }}",
            "end_balance": "{{ $chain.results.callRestGetXXHBGRESERVATONHANDQUANTITY1GetReservationOnhandQuantity.body[0].ON_HAND_QUANTITY }}",
            "reserved_quantity": "{{ $chain.results.callRestGetXXHBGRESERVATONHANDQUANTITY1GetReservationOnhandQuantity.body[0].RESERVED_QTY }}",
            "usable_balance": "{{ $chain.results.callRestGetXXHBGRESERVATONHANDQUANTITY1GetReservationOnhandQuantity.body[0].AVAILABLE_TO_RESERVE }}",
            "subinventory": "{{ $chain.results.callRestGetXXHBGRESERVATONHANDQUANTITY1GetReservationOnhandQuantity.body[0].SUBINVENTORY_CODE }}"
          },
          "reset": "none",
          "auto": "always",
          "mapping": {
            "$target.end_balance": {
              "source": "$source.end_balance",
              "reset": "empty"
            },
            "$target.inventory_organization": {
              "source": "$source.inventory_organization",
              "reset": "empty"
            },
            "$target.lot_number": {
              "source": "$source.lot_number",
              "reset": "empty"
            },
            "$target.reserved_quantity": {
              "source": "$source.reserved_quantity",
              "reset": "empty"
            },
            "$target.subinventory": {
              "source": "$source.subinventory",
              "reset": "empty"
            },
            "$target.usable_balance": {
              "source": "$source.usable_balance",
              "reset": "empty"
            }
          }
        }
      }
    },
    "if3": {
      "module": "vb/action/builtin/ifAction",
      "parameters": {
        "condition": "[[ $chain.results.callRestGetXXHBGRESERVATONHANDQUANTITY1GetReservationOnhandQuantity.body[0].LOT_NUMBER == 'NULL' ]]"
      },
      "outcomes": {
        "false": "if",
        "true": "resetVariablesCreateReservationLineObj"
      }
    },
    "fireNotification3": {
      "module": "vb/action/builtin/fireNotificationEventAction",
      "parameters": {
        "target": "leaf",
        "summary": "Info",
        "message": "Item have multiple Default Lots, Please select the Lot manually",
        "displayMode": "transient",
        "type": "info"
      }
    },
    "resetVariablesCreateReservationLineObj": {
      "module": "vb/action/builtin/resetVariablesAction",
      "parameters": {
        "variables": [
          "$page.variables.CreateReservationLineObj.inventory_organization",
          "$page.variables.CreateReservationLineObj.lot_number",
          "$page.variables.CreateReservationLineObj.available_reserved",
          "$page.variables.CreateReservationLineObj.end_balance",
          "$page.variables.CreateReservationLineObj.pre_reserved_balance",
          "$page.variables.CreateReservationLineObj.requested_quantity",
          "$page.variables.CreateReservationLineObj.reserved_quantity",
          "$page.variables.CreateReservationLineObj.subinventory",
          "$page.variables.CreateReservationLineObj.usable_balance"
        ]
      },
      "outcomes": {
        "success": "fireNotification4"
      }
    },
    "ifCreateResDetailButton": {
      "module": "vb/action/builtin/ifAction",
      "parameters": {
        "condition": "[[ $page.variables.CreateResDetailButton !== 'Save' ]]"
      },
      "outcomes": {
        "true": "callRestGetXXHBGRESERVATONHANDQUANTITY1GetReservationOnhandQuantity"
      }
    }
  }
}