{
  "root": "callFunctionGetsysdate",
  "description": "",
  "actions": {
    "fireNotification": {
      "module": "vb/action/builtin/fireNotificationEventAction",
      "parameters": {
        "target": "leaf",
        "summary": "[[ $chain.results.callRestGetReservationsUIReservationLine.message.summary ]]",
        "type": "error",
        "displayMode": "persist"
      }
    },
    "callRestGetReservationsUIReservationLine": {
      "module": "vb/action/builtin/restAction",
      "parameters": {
        "endpoint": "devOrds/getReservationsUIReservationLine",
        "uriParams": {
          "p_reservation_number": "{{ $page.variables.CreateReservationObj.pre_reservation_number }}"
        }
      },
      "outcomes": {
        "failure": "fireNotification",
        "success": "if"
      }
    },
    "if": {
      "module": "vb/action/builtin/ifAction",
      "parameters": {
        "condition": "[[ $chain.results.callRestGetReservationsUIReservationLine.body.count > 0 ]]"
      },
      "outcomes": {
        "false": "fireNotification3",
        "true": "assignVariablesReservationLineADP"
      }
    },
    "assignVariablesReservationLineADP": {
      "module": "vb/action/builtin/assignVariablesAction",
      "parameters": {
        "$page.variables.ReservationLineADP": {
          "source": {
            "data": "{{ $chain.results.callRestGetReservationsUIReservationLine.body.items }}"
          },
          "reset": "none",
          "auto": "always"
        },
        "$page.variables.CountOfReservationLines": {
          "source": "1"
        }
      }
    },
    "fireNotification3": {
      "module": "vb/action/builtin/fireNotificationEventAction",
      "parameters": {
        "target": "leaf",
        "summary": "No Data",
        "message": "No Reservation Lines Found",
        "displayMode": "transient"
      }
    },
    "if3": {
      "module": "vb/action/builtin/ifAction",
      "parameters": {
        "condition": "[[ $page.variables.CreateReservationObj.pre_reservation_number !== \"\" && $page.variables.CreateReservationObj.pre_reservation_number !== null && typeof $page.variables.CreateReservationObj.pre_reservation_number !== \"undefined\" ]]"
      },
      "outcomes": {
        "true": "runInParallel"
      }
    },
    "resetVariablesCountOfReservationLines": {
      "module": "vb/action/builtin/resetVariablesAction",
      "parameters": {
        "variables": [
          "$page.variables.CountOfReservationLines"
        ]
      },
      "outcomes": {
        "success": "if3"
      }
    },
    "runInParallel": {
      "module": "vb/action/builtin/forkAction",
      "parameters": {
        "actions": {
          "callRestGetReservationsUIReservationLine": "callRestGetReservationsUIReservationLine",
          "callChain": "resetVariablesReservationCriteriaADP"
        }
      }
    },
    "callFunctionGetsysdate": {
      "module": "vb/action/builtin/callModuleFunctionAction",
      "parameters": {
        "module": "[[ $functions ]]",
        "functionName": "getsysdate"
      },
      "outcomes": {
        "success": "assignVariablesGetSysDate"
      }
    },
    "assignVariablesGetSysDate": {
      "module": "vb/action/builtin/assignVariablesAction",
      "parameters": {
        "$page.variables.GetSysDate": {
          "source": "{{ $chain.results.callFunctionGetsysdate }}"
        },
        "$page.variables.CreateReservationObj": {
          "source": {
            "auto_clear_on_expiry_date_dummy": [
              "{{ $page.variables.Flow_Auto_Clear === \"Y\" ? \"Y\" : \"N\" }}"
            ]
          },
          "reset": "none",
          "auto": "always",
          "mapping": {
            "$target.auto_clear_on_expiry_date_dummy": {
              "source": "$source.auto_clear_on_expiry_date_dummy",
              "reset": "empty",
              "auto": "always"
            }
          }
        }
      },
      "outcomes": {
        "success": "resetVariablesCountOfReservationLines"
      }
    },
    "fireNotification2": {
      "module": "vb/action/builtin/fireNotificationEventAction",
      "parameters": {
        "target": "leaf",
        "summary": "[[ $chain.results.callRestGetReservationsUIReservationCriteria.message.summary ]]",
        "type": "error",
        "displayMode": "persist"
      }
    },
    "resetVariablesReservationCriteriaADP": {
      "module": "vb/action/builtin/resetVariablesAction",
      "parameters": {
        "variables": [
          "$page.variables.ReservationCriteriaADP"
        ]
      },
      "outcomes": {
        "success": "callRestGetReservationsUIReservationCriteria"
      }
    },
    "callRestGetReservationsUIReservationCriteria": {
      "module": "vb/action/builtin/restAction",
      "parameters": {
        "endpoint": "devOrds/getReservationsUIReservationCriteria",
        "uriParams": {
          "p_reservation_number": "{{ $page.variables.CreateReservationObj.pre_reservation_number }}"
        }
      },
      "outcomes": {
        "failure": "fireNotification2",
        "success": "assignVariablesReservationCriteriaADP"
      }
    },
    "assignVariablesReservationCriteriaADP": {
      "module": "vb/action/builtin/assignVariablesAction",
      "parameters": {
        "$page.variables.ReservationCriteriaADP": {
          "source": {
            "data": "{{ $chain.results.callRestGetReservationsUIReservationCriteria.body.items }}"
          },
          "reset": "none",
          "auto": "always"
        }
      }
    }
  }
}