{
  "description": "",
  "root": "resetVariablesReservationCriteriaObj",
  "actions": {
    "callComponentCreateCriteriaOpen": {
      "module": "vb/action/builtin/callComponentMethodAction",
      "parameters": {
        "component": "{{ document.getElementById('CreateCriteria') }}",
        "method": "open"
      }
    },
    "resetVariablesReservationCriteriaObj": {
      "module": "vb/action/builtin/resetVariablesAction",
      "parameters": {
        "variables": [
          "$page.variables.ReservationCriteriaObj"
        ]
      },
      "outcomes": {
        "success": "callComponentCreateCriteriaOpen"
      }
    }
  },
  "variables": {}
}