{
  "description": "",
  "root": "assignVariablesReservationCriteriaObj",
  "actions": {
    "fireNotification": {
      "module": "vb/action/builtin/fireNotificationEventAction",
      "parameters": {
        "target": "leaf",
        "summary": "[[ $chain.results.callRestPostReservationsUIReservationCriteria.message.summary ]]",
        "type": "error",
        "displayMode": "persist"
      },
      "outcomes": {
        "success": "callComponentCreateCriteriaClose2"
      }
    },
    "callRestPostReservationsUIReservationCriteria": {
      "module": "vb/action/builtin/restAction",
      "parameters": {
        "endpoint": "devOrds/postReservationsUIReservationCriteria",
        "body": "{{ $page.variables.ReservationCriteriaObj }}"
      },
      "outcomes": {
        "failure": "fireNotification",
        "success": "fireNotification3"
      }
    },
    "fireNotification3": {
      "module": "vb/action/builtin/fireNotificationEventAction",
      "parameters": {
        "target": "leaf",
        "summary": "Info",
        "message": "[[ $chain.results.callRestPostReservationsUIReservationCriteria.body.x_return_status ]]",
        "type": "info",
        "displayMode": "transient"
      },
      "outcomes": {
        "success": "callComponentCreateCriteriaClose"
      }
    },
    "callComponentCreateCriteriaClose": {
      "module": "vb/action/builtin/callComponentMethodAction",
      "parameters": {
        "component": "{{ document.getElementById('CreateCriteria') }}",
        "method": "close"
      },
      "outcomes": {
        "success": "callRestGetReservationsUIReservationCriteria"
      }
    },
    "callComponentCreateCriteriaClose2": {
      "module": "vb/action/builtin/callComponentMethodAction",
      "parameters": {
        "component": "{{ document.getElementById('CreateCriteria') }}",
        "method": "close"
      }
    },
    "fireNotification2": {
      "module": "vb/action/builtin/fireNotificationEventAction",
      "parameters": {
        "target": "leaf",
        "summary": "[[ $chain.results.callRestGetReservationsUIReservationCriteria.message.summary ]]",
        "type": "error",
        "displayMode": "persist"
      }
    },
    "callRestGetReservationsUIReservationCriteria": {
      "module": "vb/action/builtin/restAction",
      "parameters": {
        "endpoint": "devOrds/getReservationsUIReservationCriteria",
        "uriParams": {
          "p_item_code": "{{ $page.variables.ReservationCriteriaObj.item_code }}",
          "p_reservation_number": "{{ $page.variables.ReservationCriteriaObj.reservation_number }}"

        }
      },
      "outcomes": {
        "failure": "fireNotification2",
        "success": "resetVariablesReservationCriteriaADP"
      }
    },
    "assignVariablesReservationCriteriaADP": {
      "module": "vb/action/builtin/assignVariablesAction",
      "parameters": {
        "$page.variables.ReservationCriteriaADP": {
          "source": {
            "data": "{{ $chain.results.callRestGetReservationsUIReservationCriteria.body.items }}"
          },
          "reset": "none",
          "auto": "always"
        }
      }
    },
    "resetVariablesReservationCriteriaADP": {
      "module": "vb/action/builtin/resetVariablesAction",
      "parameters": {
        "variables": [
          "$page.variables.ReservationCriteriaADP"
        ]
      },
      "outcomes": {
        "success": "assignVariablesReservationCriteriaADP"
      }
    },
    "assignVariablesReservationCriteriaObj": {
      "module": "vb/action/builtin/assignVariablesAction",
      "parameters": {
        "$page.variables.ReservationCriteriaObj": {
          "source": {
            "reservation_number": "{{ $page.variables.CreateReservationObj.pre_reservation_number }}"
          },
          "reset": "none",
          "auto": "always"
        }
      },
      "outcomes": {
        "success": "callRestPostReservationsUIReservationCriteria"
      }
    }
  },
  "variables": {}
}