{
  "root": "callRestGetAutomaticHoldsGetCustomerInfo",
  "description": "",
  "variables": {},
  "actions": {
    "fireNotification": {
      "module": "vb/action/builtin/fireNotificationEventAction",
      "parameters": {
        "target": "leaf",
        "summary": "[[ $chain.results.callRestGetAutomaticHoldsGetCustomerInfo.message.summary ]]",
        "type": "error",
        "displayMode": "persist"
      }
    },
    "callRestGetAutomaticHoldsGetCustomerInfo": {
      "module": "vb/action/builtin/restAction",
      "parameters": {
        "endpoint": "ordsHbg_integration/getAutomaticHoldsGetCustomerInfo"
      },
      "outcomes": {
        "failure": "fireNotification",
        "success": "assignVariablesAccountInfoSDP"
      }
    },
    "assignVariablesAccountInfoSDP": {
      "module": "vb/action/builtin/assignVariablesAction",
      "parameters": {
        "$application.variables.AccountInfoSDP": {
          "source": {
            "data": "{{ $chain.results.callRestGetAutomaticHoldsGetCustomerInfo.body.items }}"
          },
          "reset": "none",
          "auto": "always"
        }
      }
    }
  }
}