{
    "items": [
        {
            "account_number": "14222411-NEIMAN MARCUS GROUP L"
        },
        {
            "account_number": "TST_01_11212583-POWELL'S BOOKS"
        },
        {
            "account_number": "TST_01_12206529-UNIVERSITY OF "
        },
        {
            "account_number": "TST_01_10448297-PLUMPJACK WINE"
        },
        {
            "account_number": "TST_01_10449284-HARVARD WESTLA"
        },
        {
            "account_number": "TST_01_10447489-ARIANNA HUFFIN"
        },
        {
            "account_number": "TST_01_10451821-SKYLARK"
        },
        {
            "account_number": "TST_01_10451014-BOUDIN PROPERT"
        },
        {
            "account_number": "TST_01_10450039-MOUNTAIN HOME "
        },
        {
            "account_number": "TST_01_10451277-R/C COUNTRY HO"
        },
        {
            "account_number": "TST_01_10451299-WINE & ROSES H"
        },
        {
            "account_number": "TST_01_10458228-STARK WAXING S"
        },
        {
            "account_number": "TST_01_11402766-MCMURRAY HATCH"
        },
        {
            "account_number": "TST_01_11402828-FRANK LLOYD WR"
        },
        {
            "account_number": "TST_01_11402397-TREASURE HOUSE"
        },
        {
            "account_number": "TST_01_12824000-CURRIER MUSEUM"
        },
        {
            "account_number": "TST_01_12801754-TOY CITY"
        },
        {
            "account_number": "TST_01_12863735-STEELES STATIO"
        },
        {
            "account_number": "TST_01_12913116-ROSS AND ROSS "
        },
        {
            "account_number": "TST_01_12913267-CALVIN KLEIN/P"
        },
        {
            "account_number": "10002"
        },
        {
            "account_number": "TST_01_12915886-ARCHER HOTEL F"
        },
        {
            "account_number": "TST_01_10920881-RESILIENT REST"
        },
        {
            "account_number": "TST_01_10452994-BROWN DESIGN G"
        },
        {
            "account_number": "TST_01_10454182-EASTERN LEAF I"
        }
    ],
    "hasMore": true,
    "limit": 25,
    "offset": 0,
    "count": 25,
    "links": [
        {
            "rel": "self",
            "href": "https://10.2.0.169:8081/ords/hbg_integration/Common/getAccountNumber"
        },
        {
            "rel": "describedby",
            "href": "https://10.2.0.169:8081/ords/hbg_integration/metadata-catalog/Common/item"
        },
        {
            "rel": "first",
            "href": "https://10.2.0.169:8081/ords/hbg_integration/Common/getAccountNumber"
        },
        {
            "rel": "next",
            "href": "https://10.2.0.169:8081/ords/hbg_integration/Common/getAccountNumber?offset=25"
        }
    ]
}