{
    "items": [
        {
            "dist_chnl_assign_id": 1,
            "account_number": 12345,
            "account_name": "XYZ",
            "sales_force_number": 12345,
            "sales_force_name": "TEST SF NAME",
            "owner": "TEST OWNER",
            "reporting_group": 12345,
            "category_1": 12345,
            "category_2": 12345,
            "bisac": 12345,
            "bisac_description": "TEST BISAC",
            "distribution_channel": "12345",
            "dist_channel_description": "TEST DISTRIBUTION CHANNEL",
            "notes": "TEST NOTES",
            "entered_by": "USER",
            "entered_date": "2022-11-29T00:00:00Z",
            "updated_by": "USER",
            "updated_date": "2022-11-29T00:00:00Z",
            "start_date": "2022-11-29T00:00:00Z",
            "end_date": "2022-11-30T00:00:00Z",
            "dist_channel_id": 12345
        }
    ],
    "hasMore": false,
    "limit": 100,
    "offset": 0,
    "count": 1,
    "links": [
        {
            "rel": "self",
            "href": "https://10.2.0.169:8081/ords/hbg_integration/salesCredit/AssignDistribution?DISTRIBUTION_CHANNEL=12345"
        },
        {
            "rel": "describedby",
            "href": "https://10.2.0.169:8081/ords/hbg_integration/metadata-catalog/salesCredit/item"
        },
        {
            "rel": "first",
            "href": "https://10.2.0.169:8081/ords/hbg_integration/salesCredit/AssignDistribution?DISTRIBUTION_CHANNEL=12345"
        }
    ]
}