{
  "description": "",
  "root": "if4",
  "actions": {

    "assignVariablesCollapseTransADP": {
      "module": "vb/action/builtin/assignVariablesAction",
      "parameters": {
        "$page.variables.CollapseTransADP": {
          "source": {
            "data": "{{ $page.variables.JSONFromJs.data }}"
          },
          "reset": "none",
          "auto": "always",
          "mapping": {
            "$target.data": {
              "source": "$source.data",
              "reset": "empty",
              "auto": "always",
              "mapping": {
                "$target.submitted_by": {
                  "source": "$application.user.email",
                  "reset": "none"
                },
                "$target.new_trx_num": {
                  "source": "$page.variables.selectedTrxNum",
                  "reset": "none"
                },
                "$target.session_id": {
                  "source": "$application.variables.sessionId",
                  "reset": "none"
                },
                "$target.action": {
                  "source": "$page.variables.action",
                  "reset": "none"
                },
                "$target.new_acct_num": {
                  "source": "$page.variables.SelectedAccNbr",
                  "reset": "none"
                }
              }
            }
          }
        }
      },
      "outcomes": {
        "success": "callRestPostCollapseData2"
      }
    },
    "assignVariablesAction": {
      "module": "vb/action/builtin/assignVariablesAction",
      "parameters": {
        "$page.variables.action": {
          "source": "Collapse"
        },
        "$page.variables.p_collapse_apply_btn_disable": {
          "source": true
        },
        "$page.variables.p_progress_bar_txt": {
          "source": "Please wait while transactions are getting collapsed"
        }
      },
      "outcomes": {
        "success": "assignVariablesCollapseTransADP"
      }
    },
    "resetVariablesSelectedTrxNum": {
      "module": "vb/action/builtin/resetVariablesAction",
      "parameters": {
        "variables": [
          "$page.variables.selectedTrxNum",
          "$page.variables.SelectedAccNbr"
        ]
      },
      "outcomes": {
      }
    },
    "callRestPostCollapseData2": {
      "module": "vb/action/builtin/restAction",
      "parameters": {
        "endpoint": "ORDSConn/PostCollapseData",
        "body": "{{ {\"transactions\":$page.variables.CollapseTransADP.data} }}"
      },
      "outcomes": {
        "failure": "fireNotification4",
        "success": "if"
      }
    },
    "fireNotification4": {
      "module": "vb/action/builtin/fireNotificationEventAction",
      "parameters": {
        "target": "leaf",
        "summary": "[[ 'Failed to Collapse Transaction ' +$chain.results.callRestPostCollapseData2.message.summary ]]",
        "type": "error",
        "displayMode": "persist"
      }
    },
    "fireNotification": {
      "module": "vb/action/builtin/fireNotificationEventAction",
      "parameters": {
        "target": "leaf",
        "summary": "[[ 'collapse activity submitted with Process Id '+$chain.results.callRestPostCollapseData2.body.process_id ]]",
        "type": "confirmation",
        "displayMode": "transient"
      },
      "outcomes": {
        "success": "callComponentProgressBarOpen"
      }
    },
    "callComponentCollapseDlgClose": {
      "module": "vb/action/builtin/callComponentMethodAction",
      "parameters": {
        "component": "{{ document.getElementById('CollapseDlg') }}",
        "method": "close"
      },
      "outcomes": {
        "success": "fireNotification"
      }
    },
    "callRestPostHBGARTRXMAINTCOLLAPTRXS1ArtrxMaintCollapsetrxs": {
      "module": "vb/action/builtin/restAction",
      "parameters": {
        "endpoint": "ics/postHBG_ARTRX_MAINT_COLLAP_TRXS1_0ArtrxMaintCollapsetrxs",
        "body": "{{ $chain.results.callFunctionCollapseTrxRequest }}"
      },
      "outcomes": {
        "failure": "fireNotification7",
        "success": "if3"
      }
    },
    "callFunctionCollapseTrxRequest": {
      "module": "vb/action/builtin/callModuleFunctionAction",
      "parameters": {
        "module": "[[ $functions ]]",
        "functionName": "CollapseTrxRequest",
        "params": [
          "{{ $application.variables.sessionId }}",
          "{{ $application.user.email }}",
          "{{ $chain.results.callRestPostCollapseData2.body.process_id }}",
          "{{ $page.variables.collapseTrxComment }}"
        ]
      },
      "outcomes": {
        "success": "callRestPostHBGARTRXMAINTCOLLAPTRXS1ArtrxMaintCollapsetrxs"
      }
    },
    "callChainSearchBtnAction": {
      "module": "vb/action/builtin/callChainAction",
      "parameters": {
        "id": "SearchBtnAction"
      },
      "outcomes": {
        "success": "callComponentProgressBarClose"
      }
    },
    "if": {
      "module": "vb/action/builtin/ifAction",
      "parameters": {
        "condition": "[[ $chain.results.callRestPostCollapseData2.body.process_id > 0 ]]"
      },
      "outcomes": {
        "true": "callComponentCollapseDlgClose",
        "false": "fireNotification6"
      }
    },
    "fireNotification6": {
      "module": "vb/action/builtin/fireNotificationEventAction",
      "parameters": {
        "target": "leaf",
        "summary": "no eligible records are available to collapse"
      },
      "outcomes": {
        "success": "callComponentProgressBarClose"
      }
    },
    "callComponentProgressBarOpen": {
      "module": "vb/action/builtin/callComponentMethodAction",
      "parameters": {
        "component": "{{ document.getElementById('progress-bar') }}",
        "method": "open"
      },
      "outcomes": {
        "success": "callFunctionCollapseTrxRequest"
      }
    },
    "assignVariablesSearchObj": {
      "module": "vb/action/builtin/assignVariablesAction",
      "parameters": {
        "$page.variables.SearchObj": {
          "source": {
            "status": "All"
          },
          "reset": "none",
          "auto": "always"
        }
      },
      "outcomes": {
        "success": "callChainSearchBtnAction"
      }
    },
    "if3": {
      "module": "vb/action/builtin/ifAction",
      "parameters": {
        "condition": "[[ $chain.results.callRestPostHBGARTRXMAINTCOLLAPTRXS1ArtrxMaintCollapsetrxs.body.failedRecords > 0 ]]"
      },
      "outcomes": {
        "true": "fireNotification5",
        "false": "fireNotification2"
      }
    },
    "fireNotification5": {
      "module": "vb/action/builtin/fireNotificationEventAction",
      "parameters": {
        "target": "leaf",
        "type": "warning",
        "summary": "[[ 'Records collapsed :'+$chain.results.callRestPostHBGARTRXMAINTCOLLAPTRXS1ArtrxMaintCollapsetrxs.body.successRecords+'. Records failed :'+$chain.results.callRestPostHBGARTRXMAINTCOLLAPTRXS1ArtrxMaintCollapsetrxs.body.failedRecords+' .Process Id :'+ $chain.results.callRestPostCollapseData2.body.process_id ]]"
      },
      "outcomes": {
        "success": "assignVariablesSearchObj"
      }
    },
    "callComponentProgressBarClose": {
      "module": "vb/action/builtin/callComponentMethodAction",
      "parameters": {
        "component": "{{ document.getElementById('progress-bar') }}",
        "method": "close"
      },
      "outcomes": {
        "success": "resetVariablesSelectedTrxNum"
      }
    },
    "callComponentProgressBarClose2": {
      "module": "vb/action/builtin/callComponentMethodAction",
      "parameters": {
        "component": "{{ document.getElementById('progress-bar') }}",
        "method": "close"
      }
    },
    "fireNotification7": {
      "module": "vb/action/builtin/fireNotificationEventAction",
      "parameters": {
        "target": "leaf",
        "summary": "[[ 'Error while creating collapse transaction '+$chain.results.callRestPostHBGARTRXMAINTCOLLAPTRXS1ArtrxMaintCollapsetrxs.message.summary ]]",
        "type": "error",
        "displayMode": "persist"
      },
      "outcomes": {
        "success": "callComponentProgressBarClose2"
      }
    },
    "fireNotification2": {
      "module": "vb/action/builtin/fireNotificationEventAction",
      "parameters": {
        "target": "leaf",
        "type": "confirmation",
        "displayMode": "persist",
        "summary": "[[ 'Records collapsed :'+$chain.results.callRestPostHBGARTRXMAINTCOLLAPTRXS1ArtrxMaintCollapsetrxs.body.successRecords+' .Process Id :'+ $chain.results.callRestPostCollapseData2.body.process_id ]]"
      },
      "outcomes": {
        "success": "assignVariablesSearchObj"
      }
    },
    "fireNotification8": {
      "module": "vb/action/builtin/fireNotificationEventAction",
      "parameters": {
        "target": "leaf",
        "summary": "please provide required details Transaction Number, Comments",
        "displayMode": "transient",
        "type": "warning"
      }
    },
    "if4": {
      "module": "vb/action/builtin/ifAction",
      "parameters": {
        "condition": "[[ $page.variables.selectedTrxNum != '' && $page.variables.collapseTrxComment != '' ]]"
      },
      "outcomes": {
        "true": "assignVariablesAction",
        "false": "fireNotification8"
      }
    }
  },
  "variables": {}
}