{
  "description": "",
  "root": "resetVariablesAccNbrADP",
  "actions": {

    "assignVariablesAccNbrADP": {
      "module": "vb/action/builtin/assignVariablesAction",
      "parameters": {
        "$page.variables.AccNbrADP": {
          "source": {
            "data": "{{ $chain.results.callFunctionGetDistinctAccounts }}"
          },
          "reset": "none",
          "auto": "always"
        },
        "$page.variables.p_collapse_apply_btn_disable": {
          "source": false
        }
      },
      "outcomes": {
        "success": "callComponentCollapseDlgOpen"
      }
    },
    "callComponentCollapseDlgOpen": {
      "module": "vb/action/builtin/callComponentMethodAction",
      "parameters": {
        "component": "{{ document.getElementById('CollapseDlg') }}",
        "method": "open"
      }
    },
    "callFunctionGetDistinctAccounts": {
      "module": "vb/action/builtin/callModuleFunctionAction",
      "parameters": {
        "module": "[[ $functions ]]",
        "functionName": "getDistinctAccounts",
        "params": [
          "{{ $page.variables.JSONFromJs.data }}"
        ]
      },
      "outcomes": {
        "success": "assignVariablesAccNbrADP"
      }
    },
    "resetVariablesAccNbrADP": {
      "module": "vb/action/builtin/resetVariablesAction",
      "parameters": {
        "variables": [
          "$page.variables.AccNbrADP.data",
          "$page.variables.collapseTrxComment"          ,
          "$page.variables.selectedTrxNum"
        ]
      },
      "outcomes": {
        "success": "callFunctionGetDistinctAccounts"
      }
    }
  },
  "variables": {}
}