{
  "description": "",
  "root": "if3",
  "actions": {
    "fireNotification": {
      "module": "vb/action/builtin/fireNotificationEventAction",
      "parameters": {
        "target": "leaf",
        "summary": "[[ $chain.results.callRestGetCustomerbyOrgNum.message.summary ]]",
        "type": "error",
        "displayMode": "persist"
      }
    },
    "callRestGetCustomerbyOrgNum": {
      "module": "vb/action/builtin/restAction",
      "parameters": {
        "endpoint": "ORDSConn/GetCustomerbyOrgNum",
        "headers": {
          "p_org_num": "{{ $page.variables.SearchObj.org_name }}"
        }
      },
      "outcomes": {
        "failure": "fireNotification",
        "success": "if"
      }
    },
    "if": {
      "module": "vb/action/builtin/ifAction",
      "parameters": {
        "condition": "[[ $chain.results.callRestGetCustomerbyOrgNum.body.count == 1 ]]"
      },
      "outcomes": {
        "true": "assignVariablesSearchObj",
        "false": "callComponentFilterOrgDtlsOpen"
      }
    },
    "assignVariablesSearchObj": {
      "module": "vb/action/builtin/assignVariablesAction",
      "parameters": {
        "$page.variables.SearchObj": {
          "source": {
            "org_name": "{{ $chain.results.callRestGetCustomerbyOrgNum.body.items[0].party_number }}"
          },
          "reset": "none",
          "auto": "always"
        }
      }
    },
    "callComponentFilterOrgDtlsOpen": {
      "module": "vb/action/builtin/callComponentMethodAction",
      "parameters": {
        "component": "{{ document.getElementById('filterOrgDtls') }}",
        "method": "open"
      }
    },
    "if3": {
      "module": "vb/action/builtin/ifAction",
      "parameters": {
        "condition": "[[ $page.variables.SearchObj.acct_nbr == '' && $page.variables.SearchObj.org_name != '' ]]"
      },
      "outcomes": {
        "true": "resetVariablesSearchObj"
      }
    },
    "resetVariablesSearchObj": {
      "module": "vb/action/builtin/resetVariablesAction",
      "parameters": {
        "variables": [
          "$page.variables.SearchObj.acct_nbr",
          "$page.variables.SearchObj.customer_name"
        ]
      },
      "outcomes": {
        "success": "callRestGetCustomerbyOrgNum"
      }
    }
  },
  "variables": {
    "value": {
      "required": true,
      "type": "any",
      "input": "fromCaller"
    }
  }
}