{
  "description": "",
  "root": "fireDataProviderEventTransactionTblADP",
  "actions": {

    "fireNotification": {
      "module": "vb/action/builtin/fireNotificationEventAction",
      "parameters": {
        "target": "leaf",
        "summary": "[[ $chain.results.callRestPostArCustMaintenanceDeleteSelectedRecords.message.summary ]]",
        "type": "error",
        "displayMode": "persist"
      }
    },
    "callRestPostArCustMaintenanceDeleteSelectedRecords": {
      "module": "vb/action/builtin/restAction",
      "parameters": {
        "endpoint": "ORDSConn/postArCustMaintenanceDeleteSelectedRecords",
        "body": "{{ {\"transactions\":  $page.variables.JSONFromJs.data } }}",
        "uriParams": {
          "curr_user": "{{ $application.user.email }}"
        }
      },
      "outcomes": {
        "failure": "fireNotification"
      }
    },
    "fireDataProviderEventTransactionTblADP": {
      "module": "vb/action/builtin/fireDataProviderEventAction",
      "parameters": {
        "target": "[[ $page.variables.TransactionTblADP ]]",
        "remove": {
          "data": "{{ $page.variables.JSONFromJs.data }}"
        }
      },
      "outcomes": {
        "success": "callRestPostArCustMaintenanceDeleteSelectedRecords"
      }
    }
  },
  "variables": {}
}