{
  "description": "",
  "root": "resetVariablesAccNbrADP",
  "actions": {

    "assignVariablesAccNbrADP": {
      "module": "vb/action/builtin/assignVariablesAction",
      "parameters": {
        "$page.variables.AccNbrADP": {
          "source": {
            "data": "{{ $chain.results.callFunctionGetDistinctAccounts }}"
          },
          "reset": "none",
          "auto": "always"
        }
      },
      "outcomes": {
        "success": "callComponentViewAccountsOpen"
      }
    },
    "callComponentViewAccountsOpen": {
      "module": "vb/action/builtin/callComponentMethodAction",
      "parameters": {
        "component": "{{ document.getElementById('view-accounts') }}",
        "method": "open"
      }
    },
    "resetVariablesAccNbrADP": {
      "module": "vb/action/builtin/resetVariablesAction",
      "parameters": {
        "variables": [
          "$page.variables.AccNbrADP.data"
        ]
      },
      "outcomes": {
        "success": "callComponentViewAccountsTblRefresh"
      }
    },
    "callFunctionGetDistinctAccounts": {
      "module": "vb/action/builtin/callModuleFunctionAction",
      "parameters": {
        "module": "[[ $functions ]]",
        "functionName": "getDistinctAccounts",
        "params": [
          "{{ $page.variables.TransactionTblADP.data }}"
        ]
      },
      "outcomes": {
        "success": "assignVariablesAccNbrADP"
      }
    },
    "callComponentViewAccountsTblRefresh": {
      "module": "vb/action/builtin/callComponentMethodAction",
      "parameters": {
        "component": "{{ document.getElementById('view-accounts-tbl') }}",
        "method": "refresh"
      },
      "outcomes": {
        "success": "callFunctionGetDistinctAccounts"
      }
    }
  },
  "variables": {}
}