{
  "description": "",
  "root": "ifWriteOffJEDashboard",
  "actions": {
    "ifWriteOffJEDashboard": {
      "module": "vb/action/builtin/ifAction",
      "parameters": {
        "condition": "[[ $page.variables.WriteOffJEDashboard.balance == 0 ]]"
      },
      "outcomes": {
        "true": "resetVariablesCollapseTransADP",
        "false": "fireNotification"
      }
    },
    "fireNotification": {
      "module": "vb/action/builtin/fireNotificationEventAction",
      "parameters": {
        "target": "leaf",
        "displayMode": "persist",
        "type": "warning",
        "summary": "'The balance amount needs to be 0.'"
      }
    },
    "assignVariablesCollapseTransADP": {
      "module": "vb/action/builtin/assignVariablesAction",
      "parameters": {
        "$page.variables.CollapseTransADP": {
          "source": {
            "data": "{{ $page.variables.JSONFromJs.data }}"
          },
          "reset": "none",
          "auto": "always",
          "mapping": {
            "$target.data": {
              "source": "$source.data",
              "reset": "empty",
              "auto": "always",
              "mapping": {
                "$target.action": {
                  "source": "'Writeoff'",
                  "reset": "none"
                },
                "$target.session_id": {
                  "source": "$application.variables.sessionId",
                  "reset": "none"
                },
                "$target.submitted_by": {
                  "source": "$application.user.email",
                  "reset": "none"
                }
              }
            }
          }
        },
        "$page.variables.p_progress_bar_txt": {
          "source": "Please wait while creating journals"
        },
        "$page.variables.action": {
          "source": "WriteOff"
        }
      },
      "outcomes": {
        "success": "callRestPostCollapseData"
      }
    },
    "callRestPostCollapseData": {
      "module": "vb/action/builtin/restAction",
      "parameters": {
        "endpoint": "ORDSConn/PostCollapseData",
        "body": "{{ {\"transactions\":$page.variables.CollapseTransADP.data} }}"
      },
      "outcomes": {
        "failure": "fireNotification3",
        "success": "if"
      }
    },
    "resetVariablesCollapseTransADP": {
      "module": "vb/action/builtin/resetVariablesAction",
      "parameters": {
        "variables": [
          "$page.variables.CollapseTransADP"
        ]
      },
      "outcomes": {
        "success": "assignVariablesCollapseTransADP"
      }
    },
    "fireNotification3": {
      "module": "vb/action/builtin/fireNotificationEventAction",
      "parameters": {
        "target": "leaf",
        "summary": "[[ 'Failed to submit writeoff transaction ' +$chain.results.callRestPostCollapseData.message.summary ]]",
        "type": "error",
        "displayMode": "persist"
      }
    },
    "if": {
      "module": "vb/action/builtin/ifAction",
      "parameters": {
        "condition": "[[ $chain.results.callRestPostCollapseData.body.process_id > 0 ]]"
      },
      "outcomes": {
        "true": "assignVariablesCreateWriteOffTrxArray"
      }
    },
    "fireNotification2": {
      "module": "vb/action/builtin/fireNotificationEventAction",
      "parameters": {
        "target": "leaf",
        "summary": "[[ $chain.results.callRestCreateWriteOffTrxs.message.summary ]]",
        "type": "error",
        "displayMode": "persist"
      }
    },
    "callRestCreateWriteOffTrxs": {
      "module": "vb/action/builtin/restAction",
      "parameters": {
        "endpoint": "ORDSConn/CreateWriteOffTrxs",
        "body": "{{ {\"transactions\":$page.variables.createWriteOffTrxArray.data} }}"
      },
      "outcomes": {
        "failure": "fireNotification2",
        "success": "callFunctionCollapseTrxRequest"
      }
    },
    "assignVariablesCreateWriteOffTrxArray": {
      "module": "vb/action/builtin/assignVariablesAction",
      "parameters": {
        "$page.variables.createWriteOffTrxArray": {
          "source": {
            "data": "{{ $page.variables.WriteOffJEADP.data }}"
          },
          "reset": "none",
          "auto": "always",
          "mapping": {
            "$target.data": {
              "source": "$source.data",
              "reset": "empty",
              "auto": "always",
              "mapping": {
                "$target.amount": {
                  "source": "$source.Amount",
                  "reset": "none"
                },
                "$target.gl_acc_number": {
                  "source": "$source.GLAccountNum",
                  "reset": "none"
                },
                "$target.gl_acc_name": {
                  "source": "$source.GLAccountName",
                  "reset": "none"
                },
                "$target.je_reason": {
                  "source": "$source.JEReson",
                  "reset": "none"
                },
                "$target.org_nbr": {
                  "source": "$page.variables.DashboardObjType.org_number",
                  "reset": "none"
                },
                "$target.process_id": {
                  "source": "$chain.results.callRestPostCollapseData.body.process_id",
                  "reset": "none"
                },
                "$target.submitted_by": {
                  "source": "$application.user.email",
                  "reset": "none"
                },
                "$target.session_id": {
                  "source": "$application.variables.sessionId",
                  "reset": "none"
                },
                "$target.action": {
                  "source": "$page.variables.action",
                  "reset": "none"
                }
              }
            }
          }
        }
      },
      "outcomes": {
        "success": "callRestCreateWriteOffTrxs"
      }
    },
    "fireNotification4": {
      "module": "vb/action/builtin/fireNotificationEventAction",
      "parameters": {
        "target": "leaf",
        "summary": "[[ $chain.results.callRestPostHBGARTRXWRITEOFFTRXS1ArtrxMaintCollapsetrxs.message.summary ]]",
        "type": "error",
        "displayMode": "persist"
      }
    },
    "callRestPostHBGARTRXWRITEOFFTRXS1ArtrxMaintCollapsetrxs": {
      "module": "vb/action/builtin/restAction",
      "parameters": {
        "endpoint": "ics/postHBG_ARTRX_WRITEOFF_TRXS1_0ArtrxMaintCollapsetrxs",
        "body": "{{ $chain.results.callFunctionCollapseTrxRequest }}"
      },
      "outcomes": {
        "failure": "fireNotification4"
      }
    },
    "callFunctionCollapseTrxRequest": {
      "module": "vb/action/builtin/callModuleFunctionAction",
      "parameters": {
        "module": "[[ $functions ]]",
        "functionName": "CollapseTrxRequest",
        "params": [
          "{{ $application.variables.sessionId }}",
          "{{ $application.user.email }}",
          "{{ $chain.results.callRestPostCollapseData.body.process_id }}"
        ]
      },
      "outcomes": {
        "success": "callRestPostHBGARTRXWRITEOFFTRXS1ArtrxMaintCollapsetrxs"
      }
    }
  },
  "variables": {}
}