{
    "items": [
        {
            "sf_territory_id": 16,
            "territory_number": "TER1",
            "territory_name": "Ter1Name",
            "external_checkbox": "Yes",
            "email": "test@123",
            "edelweiss": "Yes",
            "wholesale_commision": 12,
            "retail_commision": 23,
            "notes": "TER1 Notes",
            "entered_by": "freis@pelotongroup.com",
            "entered_date": "2023-01-10T09:35:53Z",
            "updated_by": "freis@pelotongroup.com",
            "updated_date": "2023-01-10T09:35:53Z",
            "start_date": "0010-01-21T00:00:00Z",
            "end_date": "2023-01-18T00:00:00Z",
            "status": "Active",
            "sf_div_id": 23
        }
    ],
    "hasMore": false,
    "limit": 100,
    "offset": 0,
    "count": 1,
    "links": [
        {
            "rel": "self",
            "href": "https://10.2.0.169:8081/ords/hbg_integration/salesCredit/TerritoryData?SF_DIV_ID=23"
        },
        {
            "rel": "edit",
            "href": "https://10.2.0.169:8081/ords/hbg_integration/salesCredit/TerritoryData?SF_DIV_ID=23"
        },
        {
            "rel": "describedby",
            "href": "https://10.2.0.169:8081/ords/hbg_integration/metadata-catalog/salesCredit/item"
        },
        {
            "rel": "first",
            "href": "https://10.2.0.169:8081/ords/hbg_integration/salesCredit/TerritoryData?SF_DIV_ID=23"
        }
    ]
}