{
    "items": [
        {
            "value_set_name": "HBG_ACCOUNT_TYPE",
            "flex_value": "02",
            "description": "AGENCY ACCOUNTS (ABRAMS)",
            "enabled_flag": "Y",
            "start_date_active": null,
            "end_date_active": null,
            "created_by": "thastings@pelotongroup.com",
            "creation_date": "2022-12-14T15:33:21.116Z",
            "last_updated_by": "thastings@pelotongroup.com",
            "last_update_date": "2022-12-14T15:33:21.326Z"
        },
        {
            "value_set_name": "HBG_ACCOUNT_TYPE",
            "flex_value": "03",
            "description": "SS FREE FRT RET WHOLESALER(JOBBER)(3A)",
            "enabled_flag": "Y",
            "start_date_active": null,
            "end_date_active": null,
            "created_by": "thastings@pelotongroup.com",
            "creation_date": "2022-12-14T15:33:21.123Z",
            "last_updated_by": "thastings@pelotongroup.com",
            "last_update_date": "2022-12-14T15:33:21.333Z"
        },
        {
            "value_set_name": "HBG_ACCOUNT_TYPE",
            "flex_value": "04",
            "description": "SS FREE FRT NONRET RETAILER",
            "enabled_flag": "Y",
            "start_date_active": null,
            "end_date_active": null,
            "created_by": "thastings@pelotongroup.com",
            "creation_date": "2022-12-14T15:33:21.129Z",
            "last_updated_by": "thastings@pelotongroup.com",
            "last_update_date": "2022-12-14T15:33:21.337Z"
        },
        {
            "value_set_name": "HBG_ACCOUNT_TYPE",
            "flex_value": "05",
            "description": "SS FREE FRT NONRET WHOLESALER",
            "enabled_flag": "Y",
            "start_date_active": null,
            "end_date_active": null,
            "created_by": "thastings@pelotongroup.com",
            "creation_date": "2022-12-14T15:33:21.137Z",
            "last_updated_by": "thastings@pelotongroup.com",
            "last_update_date": "2022-12-14T15:33:21.339Z"
        },
        {
            "value_set_name": "HBG_ACCOUNT_TYPE",
            "flex_value": "06",
            "description": "ABRAMS NET PRICING",
            "enabled_flag": "Y",
            "start_date_active": null,
            "end_date_active": null,
            "created_by": "thastings@pelotongroup.com",
            "creation_date": "2022-12-14T15:33:21.147Z",
            "last_updated_by": "thastings@pelotongroup.com",
            "last_update_date": "2022-12-14T15:33:21.341Z"
        },
        {
            "value_set_name": "HBG_ACCOUNT_TYPE",
            "flex_value": "07",
            "description": "SUNSET E ACCOUNTS",
            "enabled_flag": "Y",
            "start_date_active": null,
            "end_date_active": null,
            "created_by": "thastings@pelotongroup.com",
            "creation_date": "2022-12-14T15:33:21.155Z",
            "last_updated_by": "thastings@pelotongroup.com",
            "last_update_date": "2022-12-14T15:33:21.343Z"
        },
        {
            "value_set_name": "HBG_ACCOUNT_TYPE",
            "flex_value": "08",
            "description": "SUNSET 3B ACCTS SS PAYS FREIGHT BOTH WAY",
            "enabled_flag": "Y",
            "start_date_active": null,
            "end_date_active": null,
            "created_by": "thastings@pelotongroup.com",
            "creation_date": "2022-12-14T15:33:21.162Z",
            "last_updated_by": "thastings@pelotongroup.com",
            "last_update_date": "2022-12-14T15:33:21.345Z"
        },
        {
            "value_set_name": "HBG_ACCOUNT_TYPE",
            "flex_value": "09",
            "description": "SUNSET 4C ACCTS *NO SERVICE",
            "enabled_flag": "Y",
            "start_date_active": null,
            "end_date_active": null,
            "created_by": "thastings@pelotongroup.com",
            "creation_date": "2022-12-14T15:33:21.170Z",
            "last_updated_by": "thastings@pelotongroup.com",
            "last_update_date": "2022-12-14T15:33:21.347Z"
        },
        {
            "value_set_name": "HBG_ACCOUNT_TYPE",
            "flex_value": "10",
            "description": "SUNSET RETAILERS",
            "enabled_flag": "Y",
            "start_date_active": null,
            "end_date_active": null,
            "created_by": "thastings@pelotongroup.com",
            "creation_date": "2022-12-14T14:43:23.305Z",
            "last_updated_by": "thastings@pelotongroup.com",
            "last_update_date": "2022-12-14T14:43:24.981Z"
        },
        {
            "value_set_name": "HBG_ACCOUNT_TYPE",
            "flex_value": "11",
            "description": "SUNSET WHOLESALERS (JOBBERS)",
            "enabled_flag": "Y",
            "start_date_active": null,
            "end_date_active": null,
            "created_by": "thastings@pelotongroup.com",
            "creation_date": "2022-12-14T14:43:23.313Z",
            "last_updated_by": "thastings@pelotongroup.com",
            "last_update_date": "2022-12-14T14:43:24.983Z"
        },
        {
            "value_set_name": "HBG_ACCOUNT_TYPE",
            "flex_value": "12",
            "description": "SUNSET NONRETURNABLE RETAILERS",
            "enabled_flag": "Y",
            "start_date_active": null,
            "end_date_active": null,
            "created_by": "thastings@pelotongroup.com",
            "creation_date": "2022-12-14T14:43:23.321Z",
            "last_updated_by": "thastings@pelotongroup.com",
            "last_update_date": "2022-12-14T14:43:24.985Z"
        },
        {
            "value_set_name": "HBG_ACCOUNT_TYPE",
            "flex_value": "13",
            "description": "SUNSET NONRETURNABLE WHOLESALER",
            "enabled_flag": "Y",
            "start_date_active": null,
            "end_date_active": null,
            "created_by": "thastings@pelotongroup.com",
            "creation_date": "2022-12-14T14:43:23.345Z",
            "last_updated_by": "thastings@pelotongroup.com",
            "last_update_date": "2022-12-14T14:43:24.986Z"
        },
        {
            "value_set_name": "HBG_ACCOUNT_TYPE",
            "flex_value": "14",
            "description": "SUNSET NON-RET RET DIST CTR",
            "enabled_flag": "Y",
            "start_date_active": null,
            "end_date_active": null,
            "created_by": "thastings@pelotongroup.com",
            "creation_date": "2022-12-14T14:43:23.354Z",
            "last_updated_by": "thastings@pelotongroup.com",
            "last_update_date": "2022-12-14T14:43:24.989Z"
        },
        {
            "value_set_name": "HBG_ACCOUNT_TYPE",
            "flex_value": "15",
            "description": "CANADIAN LB NON-RETURNABLE WHOLESALERS",
            "enabled_flag": "Y",
            "start_date_active": null,
            "end_date_active": null,
            "created_by": "thastings@pelotongroup.com",
            "creation_date": "2022-12-14T14:43:23.361Z",
            "last_updated_by": "thastings@pelotongroup.com",
            "last_update_date": "2022-12-14T14:43:24.991Z"
        },
        {
            "value_set_name": "HBG_ACCOUNT_TYPE",
            "flex_value": "16",
            "description": "CANADIAN LB NON-RETURNABLE RETAILERS",
            "enabled_flag": "Y",
            "start_date_active": null,
            "end_date_active": null,
            "created_by": "thastings@pelotongroup.com",
            "creation_date": "2022-12-14T14:43:23.370Z",
            "last_updated_by": "thastings@pelotongroup.com",
            "last_update_date": "2022-12-14T14:43:24.995Z"
        },
        {
            "value_set_name": "HBG_ACCOUNT_TYPE",
            "flex_value": "17",
            "description": "CANADIAN LB BOOK CLUBS",
            "enabled_flag": "Y",
            "start_date_active": null,
            "end_date_active": null,
            "created_by": "thastings@pelotongroup.com",
            "creation_date": "2022-12-14T14:43:23.378Z",
            "last_updated_by": "thastings@pelotongroup.com",
            "last_update_date": "2022-12-14T14:43:24.998Z"
        },
        {
            "value_set_name": "HBG_ACCOUNT_TYPE",
            "flex_value": "18",
            "description": "CANADIAN LB COLLEGE BOOKSTORES",
            "enabled_flag": "Y",
            "start_date_active": null,
            "end_date_active": null,
            "created_by": "thastings@pelotongroup.com",
            "creation_date": "2022-12-14T14:43:23.385Z",
            "last_updated_by": "thastings@pelotongroup.com",
            "last_update_date": "2022-12-14T14:43:25.001Z"
        },
        {
            "value_set_name": "HBG_ACCOUNT_TYPE",
            "flex_value": "19",
            "description": "HOME IMPROVEMENT NON-WHOLESALER",
            "enabled_flag": "Y",
            "start_date_active": null,
            "end_date_active": null,
            "created_by": "thastings@pelotongroup.com",
            "creation_date": "2022-12-14T14:43:23.393Z",
            "last_updated_by": "thastings@pelotongroup.com",
            "last_update_date": "2022-12-14T14:43:25.004Z"
        },
        {
            "value_set_name": "HBG_ACCOUNT_TYPE",
            "flex_value": "1A",
            "description": "RETURNABLE WHOLESALERS (SPECIAL MRKTS)",
            "enabled_flag": "Y",
            "start_date_active": null,
            "end_date_active": null,
            "created_by": "thastings@pelotongroup.com",
            "creation_date": "2022-12-14T14:43:23.400Z",
            "last_updated_by": "thastings@pelotongroup.com",
            "last_update_date": "2022-12-14T14:43:25.008Z"
        },
        {
            "value_set_name": "HBG_ACCOUNT_TYPE",
            "flex_value": "20",
            "description": "MEDICAL JOURNAL ACCOUNTS",
            "enabled_flag": "Y",
            "start_date_active": null,
            "end_date_active": null,
            "created_by": "thastings@pelotongroup.com",
            "creation_date": "2022-12-14T14:43:23.407Z",
            "last_updated_by": "thastings@pelotongroup.com",
            "last_update_date": "2022-12-14T14:43:25.011Z"
        },
        {
            "value_set_name": "HBG_ACCOUNT_TYPE",
            "flex_value": "21",
            "description": "CANADIAN LB COLLEGE LIBRARIES",
            "enabled_flag": "Y",
            "start_date_active": null,
            "end_date_active": null,
            "created_by": "thastings@pelotongroup.com",
            "creation_date": "2022-12-14T14:43:23.414Z",
            "last_updated_by": "thastings@pelotongroup.com",
            "last_update_date": "2022-12-14T14:43:25.014Z"
        },
        {
            "value_set_name": "HBG_ACCOUNT_TYPE",
            "flex_value": "22",
            "description": "AUTOMATIC DISTRIBUTION//GIFTING",
            "enabled_flag": "Y",
            "start_date_active": null,
            "end_date_active": null,
            "created_by": "thastings@pelotongroup.com",
            "creation_date": "2022-12-14T14:43:23.421Z",
            "last_updated_by": "thastings@pelotongroup.com",
            "last_update_date": "2022-12-14T14:43:25.017Z"
        },
        {
            "value_set_name": "HBG_ACCOUNT_TYPE",
            "flex_value": "23",
            "description": "DISNEY COMPANIES",
            "enabled_flag": "Y",
            "start_date_active": null,
            "end_date_active": null,
            "created_by": "thastings@pelotongroup.com",
            "creation_date": "2022-12-14T14:43:23.428Z",
            "last_updated_by": "thastings@pelotongroup.com",
            "last_update_date": "2022-12-14T14:43:25.021Z"
        },
        {
            "value_set_name": "HBG_ACCOUNT_TYPE",
            "flex_value": "24",
            "description": "CANADIAN LB LIBRARIES",
            "enabled_flag": "Y",
            "start_date_active": null,
            "end_date_active": null,
            "created_by": "thastings@pelotongroup.com",
            "creation_date": "2022-12-14T14:43:23.435Z",
            "last_updated_by": "thastings@pelotongroup.com",
            "last_update_date": "2022-12-14T14:43:25.026Z"
        },
        {
            "value_set_name": "HBG_ACCOUNT_TYPE",
            "flex_value": "25",
            "description": "CANADIAN LB RETAIL BOOKSTORES",
            "enabled_flag": "Y",
            "start_date_active": null,
            "end_date_active": null,
            "created_by": "thastings@pelotongroup.com",
            "creation_date": "2022-12-14T14:43:23.441Z",
            "last_updated_by": "thastings@pelotongroup.com",
            "last_update_date": "2022-12-14T14:43:25.028Z"
        }
    ],
    "hasMore": true,
    "limit": 25,
    "offset": 0,
    "count": 25,
    "links": [
        {
            "rel": "self",
            "href": "https://10.2.0.169:8081/ords/hbg_integration/DistributionTitleRights/getValueSetsInfo?P_VALUE_SET_NAME=HBG_ACCOUNT_TYPE"
        },
        {
            "rel": "describedby",
            "href": "https://10.2.0.169:8081/ords/hbg_integration/metadata-catalog/DistributionTitleRights/item"
        },
        {
            "rel": "first",
            "href": "https://10.2.0.169:8081/ords/hbg_integration/DistributionTitleRights/getValueSetsInfo?P_VALUE_SET_NAME=HBG_ACCOUNT_TYPE"
        },
        {
            "rel": "next",
            "href": "https://10.2.0.169:8081/ords/hbg_integration/DistributionTitleRights/getValueSetsInfo?P_VALUE_SET_NAME=HBG_ACCOUNT_TYPE&offset=25"
        }
    ]
}