{
  "description": "",
  "root": "if",
  "actions": {
    "assignVariablesSalesAssignRow": {
      "module": "vb/action/builtin/assignVariablesAction",
      "parameters": {
        "$page.variables.SalesAssignRow": {
          "source": {
            "owner_description": "{{ $variables.data.description }}"
          },
          "reset": "none",
          "auto": "always"
        }
      },
      "outcomes": {
        "success": "resetVariablesRowOwner"
      }
    },
    "resetVariablesSalesAssignRow": {
      "module": "vb/action/builtin/resetVariablesAction",
      "parameters": {
        "variables": [
          "$page.variables.SalesAssignRow.owner_description",
          "$page.variables.SalesAssignRow.reporting_group"          ,
          "$page.variables.SalesAssignRow.reporting_group_description"          ,
          "$page.variables.SalesAssignRow.category_1"          ,
          "$page.variables.SalesAssignRow.category_1_description"          ,
          "$page.variables.SalesAssignRow.category_2"          ,
          "$page.variables.SalesAssignRow.category_2_description"
        ]
      },
      "outcomes": {
        "success": "assignVariablesSalesAssignRow"
      }
    },
    "if": {
      "module": "vb/action/builtin/ifAction",
      "parameters": {
        "condition": "[[ $variables.data.flex_value !== $page.variables.RowOwner && ($variables.data.flex_value !== \"\" && $variables.data.flex_value !== null && typeof $variables.data.flex_value !== \"undefined\") ]]"
      },
      "outcomes": {
        "true": "resetVariablesSalesAssignRow"
      }
    },
    "resetVariablesRowOwner": {
      "module": "vb/action/builtin/resetVariablesAction",
      "parameters": {
        "variables": [
          "$page.variables.RowOwner"
        ]
      }
    }
  },
  "variables": {
    "key": {
      "required": true,
      "type": "any",
      "input": "fromCaller"
    },
    "data": {
      "required": true,
      "type": "any",
      "input": "fromCaller"
    },
    "metadata": {
      "required": true,
      "type": "any",
      "input": "fromCaller"
    },
    "index": {
      "required": true,
      "type": "number",
      "input": "fromCaller"
    },
    "current": {
      "required": true,
      "type": "any",
      "input": "fromCaller"
    }
  }
}