{
  "description": "",
  "root": "if",
  "actions": {
    "assignVariablesSalesAssignRow": {
      "module": "vb/action/builtin/assignVariablesAction",
      "parameters": {
        "$page.variables.SalesAssignRow": {
          "source": {
            "sales_force_name": "{{ $variables.data.sales_force_name }}",
            "sales_force_id": "{{ $variables.data.sales_force_id }}"
          },
          "reset": "none",
          "auto": "always"
        }
      },
      "outcomes": {
        "success": "resetVariablesRowSalesForce"
      }
    },
    "resetVariablesSalesAssignRow": {
      "module": "vb/action/builtin/resetVariablesAction",
      "parameters": {
        "variables": [
          "$page.variables.SalesAssignRow.sales_force_name",
          "$page.variables.SalesAssignRow.sales_force_id",
          "$page.variables.SalesAssignRow.division"          ,
          "$page.variables.SalesAssignRow.division_name"          ,
          "$page.variables.SalesAssignRow.territory"          ,
          "$page.variables.SalesAssignRow.territory_name"          ,
          "$page.variables.SalesAssignRow.sales_rep"          ,
          "$page.variables.SalesAssignRow.sales_rep_name"
        ]
      },
      "outcomes": {
        "success": "assignVariablesSalesAssignRow"
      }
    },
    "if": {
      "module": "vb/action/builtin/ifAction",
      "parameters": {
        "condition": "[[ $variables.data.sales_force_number !== $page.variables.RowSalesForce && ($variables.data.sales_force_number !== \"\" && $variables.data.sales_force_number !== null && typeof $variables.data.sales_force_number !== \"undefined\") ]]"
      },
      "outcomes": {
        "true": "resetVariablesSalesAssignRow"
      }
    },
    "resetVariablesRowSalesForce": {
      "module": "vb/action/builtin/resetVariablesAction",
      "parameters": {
        "variables": [
          "$page.variables.RowSalesForce"
        ]
      }
    }
  },
  "variables": {
    "key": {
      "required": true,
      "type": "any",
      "input": "fromCaller"
    },
    "data": {
      "required": true,
      "type": "any",
      "input": "fromCaller"
    },
    "metadata": {
      "required": true,
      "type": "any",
      "input": "fromCaller"
    },
    "index": {
      "required": true,
      "type": "number",
      "input": "fromCaller"
    },
    "current": {
      "required": true,
      "type": "any",
      "input": "fromCaller"
    }
  }
}