{
  "description": "",
  "root": "resetVariablesSalesAssignCreatObj",
  "actions": {
    "assignVariablesSalesAssignCreatObj": {
      "module": "vb/action/builtin/assignVariablesAction",
      "parameters": {
        "$page.variables.salesAssignCreatObj": {
          "source": {
            "account_name": "{{ $variables.data.account_name }}",
            "cust_accnt_id": "{{ $variables.data.cust_account_id }}"
          },
          "reset": "none",
          "auto": "always"
        }
      },
      "outcomes": {
        "success": "runInParallel"
      }
    },
    "resetVariablesSalesAssignCreatObj": {
      "module": "vb/action/builtin/resetVariablesAction",
      "parameters": {
        "variables": [
          "$page.variables.salesAssignCreatObj.account_name",
          "$page.variables.salesAssignCreatObj.ship_to_country",
          "$page.variables.salesAssignCreatObj.ship_to_name",
          "$page.variables.salesAssignCreatObj.ship_to_number",
          "$page.variables.salesAssignCreatObj.ship_to_state",
          "$page.variables.salesAssignCreatObj.bill_to_",
          "$page.variables.salesAssignCreatObj.bill_to_country",
          "$page.variables.salesAssignCreatObj.state_province",
          "$page.variables.salesAssignCreatObj.final_destination_country"
        ]
      },
      "outcomes": {
        "success": "assignVariablesSalesAssignCreatObj"
      }
    },
    "runInParallel": {
      "module": "vb/action/builtin/forkAction",
      "parameters": {
        "actions": {
          "callRest": "callRestGetSalesCreditGetBillandShipInfo",
          "callRest2": "callRestGetSalesCreditGetBillandShipInfo2"
        }
      }
    },
    "fireNotification": {
      "module": "vb/action/builtin/fireNotificationEventAction",
      "parameters": {
        "target": "leaf",
        "summary": "[[ $chain.results.callRestGetSalesCreditGetBillandShipInfo.message.summary ]]",
        "type": "error",
        "displayMode": "persist"
      }
    },
    "fireNotification2": {
      "module": "vb/action/builtin/fireNotificationEventAction",
      "parameters": {
        "target": "leaf",
        "summary": "[[ $chain.results.callRestGetSalesCreditGetBillandShipInfo2.message.summary ]]",
        "type": "error",
        "displayMode": "persist"
      }
    },
    "callRestGetSalesCreditGetBillandShipInfo": {
      "module": "vb/action/builtin/restAction",
      "parameters": {
        "endpoint": "devOrds/getSalesCreditGetBillandShipInfo",
        "uriParams": {
          "USECODE": "SHIP_TO",
          "CUST_ACCOUNT_ID": "{{ $page.variables.salesAssignCreatObj.cust_accnt_id }}"
        }
      },
      "outcomes": {
        "failure": "fireNotification",
        "success": "assignVariablesSalesAssignCreatObj3"
      }
    },
    "callRestGetSalesCreditGetBillandShipInfo2": {
      "module": "vb/action/builtin/restAction",
      "parameters": {
        "endpoint": "devOrds/getSalesCreditGetBillandShipInfo",
        "uriParams": {
          "CUST_ACCOUNT_ID": "{{ $page.variables.salesAssignCreatObj.cust_accnt_id }}",
          "USECODE": "BILL_TO"
        }
      },
      "outcomes": {
        "failure": "fireNotification2",
        "success": "assignVariablesSalesAssignCreatObj2"
      }
    },
    "assignVariablesSalesAssignCreatObj3": {
      "module": "vb/action/builtin/assignVariablesAction",
      "parameters": {
        "$page.variables.salesAssignCreatObj": {
          "source": {
            "ship_to_state": "{{ $chain.results.callRestGetSalesCreditGetBillandShipInfo.body.items[0].state }}",
            "ship_to_name": "{{ $chain.results.callRestGetSalesCreditGetBillandShipInfo.body.items[0].ship_to_name }}",
            "ship_to_number": "{{ $chain.results.callRestGetSalesCreditGetBillandShipInfo.body.items[0].ship_to_number }}",
            "state_province": "{{ $chain.results.callRestGetSalesCreditGetBillandShipInfo.body.items[0].province }}",
            "ship_to_country": "{{ $chain.results.callRestGetSalesCreditGetBillandShipInfo.body.items[0].country }}"
          },
          "reset": "none",
          "auto": "always"
        }
      }
    },
    "assignVariablesSalesAssignCreatObj2": {
      "module": "vb/action/builtin/assignVariablesAction",
      "parameters": {
        "$page.variables.salesAssignCreatObj": {
          "source": {
            "bill_to_country": "{{ $chain.results.callRestGetSalesCreditGetBillandShipInfo2.body.items[0].country }}",
            "state_province": "{{ $chain.results.callRestGetSalesCreditGetBillandShipInfo2.body.items[0].state }}",
            "final_destination_country": "{{ $chain.results.callRestGetSalesCreditGetBillandShipInfo2.body.items[0].country }}"
          },
          "reset": "none",
          "auto": "always"
        }
      }
    }
  },
  "variables": {
    "key": {
      "required": true,
      "type": "any",
      "input": "fromCaller"
    },
    "data": {
      "required": true,
      "type": "any",
      "input": "fromCaller"
    },
    "metadata": {
      "required": true,
      "type": "any",
      "input": "fromCaller"
    }
  }
}