{
  "description": "",
  "root": "resetVariablesSalesAssignCreatObj",
  "actions": {
    "resetVariablesSalesAssignCreatObj": {
      "module": "vb/action/builtin/resetVariablesAction",
      "parameters": {
        "variables": [
          "$page.variables.salesAssignCreatObj"
        ]
      },
      "outcomes": {
        "success": "callComponentCreatesalesAssignClose"
      }
    },
    "callComponentCreatesalesAssignClose": {
      "module": "vb/action/builtin/callComponentMethodAction",
      "parameters": {
        "component": "{{ document.getElementById('createsalesAssign') }}",
        "method": "close"
      }
    }
  },
  "variables": {}
}