{
  "description": "",
  "root": "callFunctionValidateGroup",
  "actions": {
    "assignVariablesSalesAssignCreatObj": {
      "module": "vb/action/builtin/assignVariablesAction",
      "parameters": {
        "$page.variables.salesAssignCreatObj": {
          "source": {
            "entered_by": "{{ $application.user.email }}",
            "updated_by": "{{ $application.user.email }}"
          },
          "reset": "none",
          "auto": "always"
        }
      },
      "outcomes": {
        "success": "callRestPostSalesCreditSFAssign"
      }
    },
    "fireNotification": {
      "module": "vb/action/builtin/fireNotificationEventAction",
      "parameters": {
        "target": "leaf",
        "summary": "[[ $chain.results.callRestPostSalesCreditSFAssign.body.p_return_status ]]",
        "type": "error",
        "displayMode": "transient"
      }
    },
    "callRestPostSalesCreditSFAssign": {
      "module": "vb/action/builtin/restAction",
      "parameters": {
        "endpoint": "devOrds/postSalesCreditSFAssign",
        "body": "{{ $page.variables.salesAssignCreatObj }}"
      },
      "outcomes": {
        "failure": "fireNotification",
        "success": "if3"
      }
    },
    "callChainFetchSalesAssignTbl": {
      "module": "vb/action/builtin/callChainAction",
      "parameters": {
        "id": "FetchSalesAssignTbl"
      },
      "outcomes": {
        "success": "callComponentCreatesalesAssignClose"
      }
    },
    "callComponentCreatesalesAssignClose": {
      "module": "vb/action/builtin/callComponentMethodAction",
      "parameters": {
        "component": "{{ document.getElementById('createsalesAssign') }}",
        "method": "close"
      },
      "outcomes": {
        "success": "resetVariablesSalesAssignCreatObj"
      }
    },
    "callFunctionValidateGroup": {
      "module": "vb/action/builtin/callModuleFunctionAction",
      "parameters": {
        "module": "[[ $application.functions ]]",
        "functionName": "validateGroup",
        "params": [
          "AssignSalesvalidation"
        ]
      },
      "outcomes": {
        "success": "if"
      }
    },
    "if": {
      "module": "vb/action/builtin/ifAction",
      "parameters": {
        "condition": "[[ $chain.results.callFunctionValidateGroup === 'valid' ]]"
      },
      "outcomes": {
        "true": "runInParallel"
      }
    },
    "fireNotification3": {
      "module": "vb/action/builtin/fireNotificationEventAction",
      "parameters": {
        "target": "leaf",
        "summary": "[[ $chain.results.callRestPostSalesCreditSFAssign.body.p_return_status ]]",
        "displayMode": "transient",
        "type": "info"
      },
      "outcomes": {
        "success": "callComponentCreatesalesAssignClose"
      }
    },
    "if3": {
      "module": "vb/action/builtin/ifAction",
      "parameters": {
        "condition": "[[ $chain.results.callRestPostSalesCreditSFAssign.body.p_return_status !== \"SUCCESS\" ]]"
      },
      "outcomes": {
        "true": "fireNotification3",
        "false": "fireNotification4"
      }
    },
    "fireNotification4": {
      "module": "vb/action/builtin/fireNotificationEventAction",
      "parameters": {
        "target": "leaf",
        "summary": "Sales force Assigned Successfully",
        "displayMode": "transient",
        "type": "confirmation"
      },
      "outcomes": {
        "success": "callChainFetchSalesAssignTbl"
      }
    },
    "resetVariablesSalesAssignCreatObj": {
      "module": "vb/action/builtin/resetVariablesAction",
      "parameters": {
        "variables": [
          "$page.variables.salesAssignCreatObj"
        ]
      }
    },
    "runInParallel": {
      "module": "vb/action/builtin/forkAction",
      "parameters": {
        "actions": {
          "if2": "ifSalesAssignCreatObj3",
          "if4": "ifSalesAssignCreatObj2",
          "ifSalesAssignCreatObj": "ifSalesAssignCreatObj",
          "if5": "ifSalesAssignCreatObj4"
        }
      },
      "outcomes": {
        "join": "callFunctionGetstatusvalidated"
      }
    },
    "ifSalesAssignCreatObj": {
      "module": "vb/action/builtin/ifAction",
      "parameters": {
        "condition": "[[ $page.variables.salesAssignCreatObj.start_date ]]"
      },
      "outcomes": {
        "true": "callFunctionDateformatter"
      }
    },
    "ifSalesAssignCreatObj2": {
      "module": "vb/action/builtin/ifAction",
      "parameters": {
        "condition": "[[ $page.variables.salesAssignCreatObj.end_date ]]"
      },
      "outcomes": {
        "true": "callFunctionDateformatter2"
      }
    },
    "callFunctionDateformatter": {
      "module": "vb/action/builtin/callModuleFunctionAction",
      "parameters": {
        "module": "[[ $functions ]]",
        "functionName": "dateformatter",
        "params": [
          "{{ $page.variables.salesAssignCreatObj.start_date }}"
        ]
      },
      "outcomes": {
        "success": "assignVariablesSalesAssignCreatObj2"
      }
    },
    "assignVariablesSalesAssignCreatObj2": {
      "module": "vb/action/builtin/assignVariablesAction",
      "parameters": {
        "$page.variables.salesAssignCreatObj": {
          "source": {
            "start_date": "{{ $chain.results.callFunctionDateformatter }}"
          },
          "reset": "none",
          "auto": "always"
        }
      }
    },
    "callFunctionDateformatter2": {
      "module": "vb/action/builtin/callModuleFunctionAction",
      "parameters": {
        "module": "[[ $functions ]]",
        "functionName": "dateformatter",
        "params": [
          "{{ $page.variables.salesAssignCreatObj.end_date }}"
        ]
      },
      "outcomes": {
        "success": "assignVariablesSalesAssignRow"
      }
    },
    "assignVariablesSalesAssignRow": {
      "module": "vb/action/builtin/assignVariablesAction",
      "parameters": {
        "$page.variables.salesAssignCreatObj": {
          "source": {
            "end_date": "{{ $chain.results.callFunctionDateformatter2 }}"
          },
          "reset": "none",
          "auto": "always"
        }
      }
    },
    "ifDlgLabel": {
      "module": "vb/action/builtin/ifAction",
      "parameters": {
        "condition": "[[ $page.variables.dlgLabel === \"Create\" ]]"
      },
      "outcomes": {
        "true": "assignVariablesSalesAssignCreatObj",
        "false": "assignVariablesSalesAssignCreatObj4"
      }
    },
    "assignVariablesSalesAssignCreatObj4": {
      "module": "vb/action/builtin/assignVariablesAction",
      "parameters": {
        "$page.variables.salesAssignCreatObj": {
          "source": {
            "updated_by": "{{ $application.user.email }}"
          },
          "reset": "none",
          "auto": "always"
        }
      },
      "outcomes": {
        "success": "callRestPutSalesCreditSFAssign"
      }
    },
    "callRestPutSalesCreditSFAssign": {
      "module": "vb/action/builtin/restAction",
      "parameters": {
        "endpoint": "devOrds/putSalesCreditSFAssign",
        "uriParams": {
          "sf_assign_id": "{{ $page.variables.salesAssignCreatObj.sf_assign_id }}"
        },
        "body": "{{ $page.variables.salesAssignCreatObj }}"
      },
      "outcomes": {
        "failure": "fireNotification5",
        "success": "if4"
      }
    },
    "fireNotification5": {
      "module": "vb/action/builtin/fireNotificationEventAction",
      "parameters": {
        "target": "leaf",
        "summary": "Failed to Update Assigned Sales force",
        "type": "error",
        "displayMode": "persist"
      }
    },
    "if4": {
      "module": "vb/action/builtin/ifAction",
      "parameters": {
        "condition": "[[ $chain.results.callRestPutSalesCreditSFAssign.body.p_return_status === \"SUCCESS\" ]]"
      },
      "outcomes": {
        "true": "fireNotification6",
        "false": "fireNotification7"
      }
    },
    "fireNotification6": {
      "module": "vb/action/builtin/fireNotificationEventAction",
      "parameters": {
        "target": "leaf",
        "summary": "Assign Sales Force Updated Successfully",
        "displayMode": "transient",
        "type": "confirmation"
      },
      "outcomes": {
        "success": "callChainFetchSalesAssignTbl2"
      }
    },
    "fireNotification7": {
      "module": "vb/action/builtin/fireNotificationEventAction",
      "parameters": {
        "target": "leaf",
        "summary": "[[ $chain.results.callRestPutSalesCreditSFAssign.body.p_return_status ]]",
        "displayMode": "transient",
        "type": "error"
      },
      "outcomes": {
        "success": "callComponentCreatesalesAssignClose2"
      }
    },
    "callChainFetchSalesAssignTbl2": {
      "module": "vb/action/builtin/callChainAction",
      "parameters": {
        "id": "FetchSalesAssignTbl"
      },
      "outcomes": {
        "success": "callComponentCreatesalesAssignClose2"
      }
    },
    "callComponentCreatesalesAssignClose2": {
      "module": "vb/action/builtin/callComponentMethodAction",
      "parameters": {
        "component": "{{ document.getElementById('createsalesAssign') }}",
        "method": "close"
      },
      "outcomes": {
        "success": "resetVariablesSalesAssignCreatObj2"
      }
    },
    "resetVariablesSalesAssignCreatObj2": {
      "module": "vb/action/builtin/resetVariablesAction",
      "parameters": {
        "variables": [
          "$page.variables.salesAssignCreatObj"
        ]
      }
    },
    "ifSalesAssignCreatObj3": {
      "module": "vb/action/builtin/ifAction",
      "parameters": {
        "condition": "[[ $page.variables.salesAssignCreatObj.account_override_start_date ]]"
      },
      "outcomes": {
        "true": "callFunctionDateformatter3"
      }
    },
    "ifSalesAssignCreatObj4": {
      "module": "vb/action/builtin/ifAction",
      "parameters": {
        "condition": "[[ $page.variables.salesAssignCreatObj.account_override_end_date ]]"
      },
      "outcomes": {
        "true": "callFunctionDateformatter4"
      }
    },
    "callFunctionDateformatter3": {
      "module": "vb/action/builtin/callModuleFunctionAction",
      "parameters": {
        "module": "[[ $functions ]]",
        "functionName": "dateformatter",
        "params": [
          "{{ $page.variables.salesAssignCreatObj.account_override_start_date }}"
        ]
      },
      "outcomes": {
        "success": "assignVariablesSalesAssignCreatObj3"
      }
    },
    "callFunctionDateformatter4": {
      "module": "vb/action/builtin/callModuleFunctionAction",
      "parameters": {
        "module": "[[ $functions ]]",
        "functionName": "dateformatter",
        "params": [
          "{{ $page.variables.salesAssignCreatObj.account_override_end_date }}"
        ]
      },
      "outcomes": {
        "success": "assignVariablesSalesAssignCreatObj5"
      }
    },
    "assignVariablesSalesAssignCreatObj3": {
      "module": "vb/action/builtin/assignVariablesAction",
      "parameters": {
        "$page.variables.salesAssignCreatObj": {
          "source": {
            "account_override_start_date": "{{ $chain.results.callFunctionDateformatter3 }}"
          },
          "reset": "none",
          "auto": "always"
        }
      }
    },
    "assignVariablesSalesAssignCreatObj5": {
      "module": "vb/action/builtin/assignVariablesAction",
      "parameters": {
        "$page.variables.salesAssignCreatObj": {
          "source": {
            "account_override_end_date": "{{ $chain.results.callFunctionDateformatter4 }}"
          },
          "reset": "none",
          "auto": "always"
        }
      }
    },
    "assignVariablesSalesAssignCreatObj6": {
      "module": "vb/action/builtin/assignVariablesAction",
      "parameters": {
        "$page.variables.salesAssignCreatObj": {
          "source": {
            "status": "{{ $chain.results.callFunctionGetstatusvalidated }}"
          },
          "reset": "none",
          "auto": "always"
        }
      },
      "outcomes": {
        "success": "ifDlgLabel"
      }
    },
    "callFunctionGetstatusvalidated": {
      "module": "vb/action/builtin/callModuleFunctionAction",
      "parameters": {
        "module": "[[ $functions ]]",
        "functionName": "getstatusvalidated",
        "params": [
          "{{ $page.variables.salesAssignCreatObj.start_date }}",
          "{{ $page.variables.salesAssignCreatObj.end_date }}"
        ]
      },
      "outcomes": {
        "success": "assignVariablesSalesAssignCreatObj6"
      }
    }
  },
  "variables": {}
}