{
  "description": "",
  "root": "resetVariablesSalesAssignCreatObj",
  "actions": {
    "callComponentCreatesalesAssignOpen": {
      "module": "vb/action/builtin/callComponentMethodAction",
      "parameters": {
        "component": "{{ document.getElementById('createsalesAssign') }}",
        "method": "open"
      }
    },
    "resetVariablesSalesAssignCreatObj": {
      "module": "vb/action/builtin/resetVariablesAction",
      "parameters": {
        "variables": [
          "$page.variables.salesAssignCreatObj"
        ]
      },
      "outcomes": {
        "success": "assignVariablesDlgLabel"
      }
    },
    "assignVariablesDlgLabel": {
      "module": "vb/action/builtin/assignVariablesAction",
      "parameters": {
        "$page.variables.dlgLabel": {
          "source": "Create"
        }
      },
      "outcomes": {
        "success": "callComponentCreatesalesAssignOpen"
      }
    }
  },
  "variables": {}
}