{
  "description": "",
  "root": "if",
  "actions": {

    "resetVariablesSalesAssignRow": {
      "module": "vb/action/builtin/resetVariablesAction",
      "parameters": {
        "variables": [
          "$page.variables.salesAssignCreatObj.division_name",
          "$page.variables.salesAssignCreatObj.territory"          ,
          "$page.variables.salesAssignCreatObj.territory_name"          ,
          "$page.variables.salesAssignCreatObj.sales_rep"          ,
          "$page.variables.salesAssignCreatObj.sales_rep_name"
        ]
      },
      "outcomes": {
        "success": "resetVariablesRowDivision"
      }
    },
    "if": {
      "module": "vb/action/builtin/ifAction",
      "parameters": {
        "condition": "[[ $variables.data.division_number !== $page.variables.RowDivision && ($variables.data.division_number !== \"\"&& $variables.data.division_number !== null && typeof $variables.data.division_number !== \"undefined\" ) ]]"
      },
      "outcomes": {
        "true": "resetVariablesSalesAssignRow",
        "false": "assignVariablesSalesAssignCreatObj"
      }
    },
    "resetVariablesRowDivision": {
      "module": "vb/action/builtin/resetVariablesAction",
      "parameters": {
        "variables": [
          "$page.variables.RowDivision"
        ]
      },
      "outcomes": {
        "success": "assignVariablesSalesAssignCreatObj"
    }
    },
    "assignVariablesSalesAssignCreatObj": {
      "module": "vb/action/builtin/assignVariablesAction",
      "parameters": {
        "$page.variables.salesAssignCreatObj": {
          "source": {
            "SF_DIV_ID": "{{ $variables.data.sf_div_id }}",
            "division_name": "{{ $variables.data.division_name }}"
          },
          "reset": "none",
          "auto": "always"
        }
      },
      "outcomes": {
        "success": "callRestGetTerritoryData"
      }
    },
    "callRestGetTerritoryData": {
      "module": "vb/action/builtin/restAction",
      "parameters": {
        "endpoint": "devOrds/GetTerritoryData",
        "uriParams": {
          "SF_DIV_ID": "{{ $page.variables.salesAssignCreatObj.SF_DIV_ID }}"
        }
      },
      "outcomes": {
        "success": "assignVariablesTerritoryArray"
      }
    },
    "assignVariablesTerritoryArray": {
      "module": "vb/action/builtin/assignVariablesAction",
      "parameters": {
        "$page.variables.TerritoryArray": {
          "source": {
            "data": "{{ $chain.results.callRestGetTerritoryData.body.items }}"
          },
          "reset": "none",
          "auto": "always"
        }
      }
    }
  },
  "variables": {
    "key": {
      "required": true,
      "type": "any",
      "input": "fromCaller"
    },
    "data": {
      "required": true,
      "type": "any",
      "input": "fromCaller"
    },
    "metadata": {
      "required": true,
      "type": "any",
      "input": "fromCaller"
    }
  }
}