{
  "root": "resetVariablesSalesAssignTblADP",
  "description": "",
  "actions": {
    "fireNotification": {
      "module": "vb/action/builtin/fireNotificationEventAction",
      "parameters": {
        "target": "leaf",
        "summary": "[[ $chain.results.callRestGetSalesCreditSFAssign.message.summary ]]",
        "type": "error",
        "displayMode": "persist"
      }
    },
    "callRestGetSalesCreditSFAssign": {
      "module": "vb/action/builtin/restAction",
      "parameters": {
        "endpoint": "devOrds/getSalesCreditSFAssign",
        "uriParams": {
          "SALES_FORCE": "{{ $page.variables.SelectedSFnumber ? $page.variables.SelectedSFnumber  :\"\" }}",
          "OVERRIDE": "{{ $page.variables.selectedOverride ?$page.variables.selectedOverride :\"\" }}",
          "P_STATUS": "{{ $page.variables.SelectedStatus ? $page.variables.SelectedStatus : \"\" }}"
        }
      },
      "outcomes": {
        "failure": "fireNotification",
        "success": "assignVariablesSalesAssignTblADP"
      }
    },
    "assignVariablesSalesAssignTblADP": {
      "module": "vb/action/builtin/assignVariablesAction",
      "parameters": {
        "$page.variables.SalesAssignTblADP": {
          "source": {
            "data": "{{ $chain.results.callRestGetSalesCreditSFAssign.body.items }}"
          },
          "reset": "none",
          "auto": "always",
          "mapping": {
            "$target.data": {
              "source": "$source.data",
              "reset": "empty"
            }
          }
        }
      }
    },
    "resetVariablesSalesAssignTblADP": {
      "module": "vb/action/builtin/resetVariablesAction",
      "parameters": {
        "variables": [
          "$page.variables.SalesAssignTblADP.data"
        ]
      },
      "outcomes": {
        "success": "callRestGetSalesCreditSFAssign"
      }
    }
  }
}