{
  "description": "",
  "root": "ifValue",
  "actions": {
    "if": {
      "module": "vb/action/builtin/ifAction",
      "parameters": {
        "condition": "[[ $variables.value !== $page.variables.RowReportingGroup ]]"
      },
      "outcomes": {
        "true": "resetVariablesSalesAssignCreatObj",
        "false": "runInParallel"
      }
    },
    "resetVariablesRowReportingGroup": {
      "module": "vb/action/builtin/resetVariablesAction",
      "parameters": {
        "variables": [
          "$page.variables.RowReportingGroup"
        ]
      },
      "outcomes": {
        "success": "runInParallel"
      }
    },
    "assignVariablesSalesAssignCreatObj": {
      "module": "vb/action/builtin/assignVariablesAction",
      "parameters": {
        "$page.variables.salesAssignCreatObj": {
          "source": {
            "reporting_group_description": "{{ $chain.results.callRestGetLookupValueDetails.body.items[0].meaning }}"
          },
          "reset": "none",
          "auto": "always"
        }
      }
    },
    "resetVariablesSalesAssignCreatObj": {
      "module": "vb/action/builtin/resetVariablesAction",
      "parameters": {
        "variables": [
          "$page.variables.salesAssignCreatObj.category_1",
          "$page.variables.salesAssignCreatObj.category_1_description",
          "$page.variables.salesAssignCreatObj.category_2",
          "$page.variables.salesAssignCreatObj.category_2_description"
        ]
      },
      "outcomes": {
        "success": "resetVariablesRowReportingGroup"
      }
    },
    "callRestGetLookupValueDetails": {
      "module": "vb/action/builtin/restAction",
      "parameters": {
        "endpoint": "devOrds/GetLookupValueDetails",
        "uriParams": {
          "P_LOOKUP_TYPE": "HBG_REPORTING_GROUP",
          "P_LOOKUP_CODE": "{{ $page.variables.salesAssignCreatObj.owner + $variables.value }}"
        }
      },
      "outcomes": {
        "success": "assignVariablesSalesAssignCreatObj"
      }
    },
    "runInParallel": {
      "module": "vb/action/builtin/forkAction",
      "parameters": {
        "actions": {
          "callRestGetLookupValueDetails": "callRestGetLookupValueDetails",
          "callRest": "callRestGetDistributionTitleRightsGetLookupValuesInfo"
        }
      }
    },
    "callRestGetDistributionTitleRightsGetLookupValuesInfo": {
      "module": "vb/action/builtin/restAction",
      "parameters": {
        "endpoint": "devOrds/getDistributionTitleRightsGetLookupValuesInfo",
        "uriParams": {
          "P_LOOKUP_TYPE": "HBG_CATEGORY_1",
          "P_TAG": "{{ $page.variables.salesAssignCreatObj.owner + $variables.value }}"
        }
      },
      "outcomes": {
        "success": "assignVariablesCategory1Array"
      }
    },
    "assignVariablesCategory1Array": {
      "module": "vb/action/builtin/assignVariablesAction",
      "parameters": {
        "$page.variables.Category1Array": {
          "source": "{{ $chain.results.callRestGetDistributionTitleRightsGetLookupValuesInfo.body.items }}"
        }
      }
    },
    "ifValue": {
      "module": "vb/action/builtin/ifAction",
      "parameters": {
        "condition": "[[ $variables.value ]]"
      },
      "outcomes": {
        "true": "if",
        "false": "resetVariables"
      }
    },
    "resetVariables": {
      "module": "vb/action/builtin/resetVariablesAction",
      "parameters": {
        "variables": [
          "$page.variables.salesAssignCreatObj.category_1",
          "$page.variables.salesAssignCreatObj.category_1_description",
          "$page.variables.salesAssignCreatObj.category_2",
          "$page.variables.salesAssignCreatObj.category_2_description"
        ]
      }
    }
  },
  "variables": {
    "value": {
      "required": true,
      "type": "any",
      "input": "fromCaller"
    }
  }
}