{
  "description": "",
  "root": "assignVariablesPriority",
  "actions": {
    "assignVariablesPriority": {
      "module": "vb/action/builtin/assignVariablesAction",
      "parameters": {
        "$page.variables.priority": {
          "source": "{{ $variables.current }}"
        }
      }
    }
  },
  "variables": {
    "key": {
      "required": true,
      "type": "any",
      "input": "fromCaller"
    },
    "data": {
      "required": true,
      "type": "any",
      "input": "fromCaller"
    },
    "metadata": {
      "required": true,
      "type": "any",
      "input": "fromCaller"
    },
    "index": {
      "required": true,
      "type": "number",
      "input": "fromCaller"
    },
    "current": {
      "required": true,
      "type": "any",
      "input": "fromCaller"
    }
  }
}