{
  "description": "",
  "root": "resetVariablesRowOwner",
  "actions": {
    "fireDataProviderEventSalesAssignTblADP": {
      "module": "vb/action/builtin/fireDataProviderEventAction",
      "parameters": {
        "target": "[[ $page.variables.SalesAssignTblADP ]]",
        "update": {
          "data": "{{ $page.variables.SalesAssignRow }}",
          "keys": "{{ $variables.rowKey }}"
        }
      }
    },
    "resetVariablesRowOwner": {
      "module": "vb/action/builtin/resetVariablesAction",
      "parameters": {
        "variables": [
          "$page.variables.RowOwner",
          "$page.variables.RowReportingGroup",
          "$page.variables.RowCategory1",
          "$page.variables.RowCategory2",
          "$page.variables.RowSalesForce",
          "$page.variables.RowDivision",
          "$page.variables.Rowterritory",
          "$page.variables.RowSalesRep"
        ]
      },
      "outcomes": {
        "success": "fireDataProviderEventSalesAssignTblADP"
      }
    }
  },
  "variables": {
    "cancelEdit": {
      "required": true,
      "type": "any",
      "input": "fromCaller"
    },
    "rowKey": {
      "required": true,
      "type": "any",
      "input": "fromCaller"
    },
    "rowIndex": {
      "required": true,
      "type": "number",
      "input": "fromCaller"
    },
    "rowData": {
      "required": true,
      "type": "any",
      "input": "fromCaller"
    }
  }
}