{
  "description": "",
  "root": "if",
  "actions": {

    "if": {
      "module": "vb/action/builtin/ifAction",
      "parameters": {
        "condition": "[[ $variables.data.sales_force_number !== $page.variables.RowSalesForce ]]"
      },
      "outcomes": {
        "true": "resetVariablesSalesAssignCreatObj2",
        "false": "if3"
      }
    },
    "resetVariablesRowSalesForce": {
      "module": "vb/action/builtin/resetVariablesAction",
      "parameters": {
        "variables": [
          "$page.variables.RowSalesForce"
        ]
      },
      "outcomes": {
        "success": "if3"
      }
    },
    "assignVariablesSalesAssignCreatObj": {
      "module": "vb/action/builtin/assignVariablesAction",
      "parameters": {
        "$page.variables.salesAssignCreatObj": {
          "source": {
            "sales_force_name": "{{ $variables.data.sales_force_name }}",
            "sales_force_id": "{{ $variables.data.sales_force_id }}"
          },
          "reset": "none",
          "auto": "always"
        }
      },
      "outcomes": {
        "success": "resetVariablesRowSalesForce"
      }
    },
    "callRestGetSalesCreditDivisionData": {
      "module": "vb/action/builtin/restAction",
      "parameters": {
        "endpoint": "devOrds/getSalesCreditDivisionData",
        "uriParams": {
          "SALES_FORCE_ID": "{{ $page.variables.salesAssignCreatObj.sales_force_id }}"
        }
      },
      "outcomes": {
        "success": "resetVariablesDivisionArray"
      }
    },
    "assignVariablesDivisionArray": {
      "module": "vb/action/builtin/assignVariablesAction",
      "parameters": {
        "$page.variables.DivisionArray": {
          "source": {
            "data": "{{ $chain.results.callRestGetSalesCreditDivisionData.body.items }}"
          },
          "reset": "none",
          "auto": "always",
          "mapping": {
            "$target.data": {
              "source": "$source.data",
              "reset": "empty"
            }
          }
        }
      },
      "outcomes": {
      }
    },
    "if3": {
      "module": "vb/action/builtin/ifAction",
      "parameters": {
        "condition": "[[ $variables.data.sales_force_number !== \"\" && $variables.data.sales_force_number !== null && typeof $variables.data.sales_force_number !== \"undefined\" ]]"
      },
      "outcomes": {
        "false": "resetVariablesSalesAssignCreatObj",
        "true": "callRestGetSalesCreditDivisionData"
      }
    },
    "resetVariablesSalesAssignCreatObj": {
      "module": "vb/action/builtin/resetVariablesAction",
      "parameters": {
        "variables": [
          "$page.variables.salesAssignCreatObj.sales_force_name",
          "$page.variables.salesAssignCreatObj.sales_force_id",
          "$page.variables.salesAssignCreatObj.division",
          "$page.variables.salesAssignCreatObj.division_name",
          "$page.variables.salesAssignCreatObj.territory",
          "$page.variables.salesAssignCreatObj.territory_name",
          "$page.variables.salesAssignCreatObj.sales_rep",
          "$page.variables.salesAssignCreatObj.sales_rep_name",
          "$page.variables.DivisionArray.data"
        ]
      }
    },
    "resetVariablesDivisionArray": {
      "module": "vb/action/builtin/resetVariablesAction",
      "parameters": {
        "variables": [
          "$page.variables.DivisionArray.data"
        ]
      },
      "outcomes": {
        "success": "assignVariablesDivisionArray"
      }
    },
    "resetVariablesSalesAssignCreatObj2": {
      "module": "vb/action/builtin/resetVariablesAction",
      "parameters": {
        "variables": [
          "$page.variables.salesAssignCreatObj.sales_force_name",
          "$page.variables.salesAssignCreatObj.sales_force_id",
          "$page.variables.salesAssignCreatObj.division",
          "$page.variables.salesAssignCreatObj.division_name",
          "$page.variables.salesAssignCreatObj.territory",
          "$page.variables.salesAssignCreatObj.territory_name",
          "$page.variables.salesAssignCreatObj.sales_rep",
          "$page.variables.salesAssignCreatObj.sales_rep_name",
          "$page.variables.DivisionArray.data"
        ]
      },
      "outcomes": {
        "success": "assignVariablesSalesAssignCreatObj"
      }
    }
  },
  "variables": {
    "key": {
      "required": true,
      "type": "any",
      "input": "fromCaller"
    },
    "data": {
      "required": true,
      "type": "any",
      "input": "fromCaller"
    },
    "metadata": {
      "required": true,
      "type": "any",
      "input": "fromCaller"
    }
  }
}