{
  "description": "",
  "root": "resetVariablesMappingTblADP",
  "actions": {
    "resetVariablesMappingTblADP": {
      "module": "vb/action/builtin/resetVariablesAction",
      "parameters": {
        "variables": [
          "$page.variables.MappingTblADP.data",
          "$page.variables.SalesAssignTblADP.data"
        ]
      },
      "outcomes": {
        "success": "callChainFetchMappingTblData"
      }
    },
    "callChainFetchMappingTblData": {
      "module": "vb/action/builtin/callChainAction",
      "parameters": {
        "id": "FetchMappingTblData"
      }
    }
  },
  "variables": {}
}