{
  "description": "",
  "root": "assignVariablesSalesAssignCreatObj",
  "actions": {
    "assignVariablesSalesAssignCreatObj": {
      "module": "vb/action/builtin/assignVariablesAction",
      "parameters": {
        "$page.variables.salesAssignCreatObj": {
          "source": {
            "SF_TERRITORY_ID": "{{ $variables.data.sf_territory_id }}",
            "territory_name": "{{ $variables.data.territory_name }}"
          },
          "reset": "none",
          "auto": "always"
        }
      },
      "outcomes": {
        "success": "if"
      }
    },
    "resetVariablesSalesAssignCreatObj": {
      "module": "vb/action/builtin/resetVariablesAction",
      "parameters": {
        "variables": [
          "$page.variables.salesAssignCreatObj.territory_name",
          "$page.variables.salesAssignCreatObj.sales_rep",
          "$page.variables.salesAssignCreatObj.sales_rep_name"
        ]
      }
    },
    "if": {
      "module": "vb/action/builtin/ifAction",
      "parameters": {
        "condition": "[[ $variables.data.territory_number !== $page.variables.Rowterritory && ($variables.data.territory_number !== \"\" && $variables.data.territory_number !== null && typeof $variables.data.territory_number !== \"undefined\") ]]"
      },
      "outcomes": {
        "true": "resetVariablesSalesAssignCreatObj"
      }
    }
  },
  "variables": {
    "key": {
      "required": true,
      "type": "any",
      "input": "fromCaller"
    },
    "data": {
      "required": true,
      "type": "any",
      "input": "fromCaller"
    },
    "metadata": {
      "required": true,
      "type": "any",
      "input": "fromCaller"
    }
  }
}