{
  "description": "",
  "root": "resetVariablesMappingCreateObj",
  "actions": {
    "assignVariablesMappingCreateObj": {
      "module": "vb/action/builtin/assignVariablesAction",
      "parameters": {
        "$page.variables.SalesAssignRow": {
          "source": {
            "account_type_description": "{{ $variables.data.description }}"
          },
          "reset": "none",
          "auto": "always"
        }
      },
      "outcomes": {
        "success": "ifData"
      }
    },
    "resetVariablesMappingCreateObj": {
      "module": "vb/action/builtin/resetVariablesAction",
      "parameters": {
        "variables": [
          "$page.variables.SalesAssignRow.account_type_description"
        ]
      },
      "outcomes": {
        "success": "assignVariablesMappingCreateObj"
      }
    },
    "fireNotification": {
      "module": "vb/action/builtin/fireNotificationEventAction",
      "parameters": {
        "target": "leaf",
        "summary": "[[ $chain.results.callRestGetSalesCreditValidateAccountType.message.summary ]]",
        "type": "error",
        "displayMode": "persist"
      }
    },
    "ifData": {
      "module": "vb/action/builtin/ifAction",
      "parameters": {
        "condition": "[[ $variables.data ]]"
      },
      "outcomes": {
        "true": "callRestGetSalesCreditValidateAccountType"
      }
    },
    "callRestGetSalesCreditValidateAccountType": {
      "module": "vb/action/builtin/restAction",
      "parameters": {
        "endpoint": "devOrds/getSalesCreditValidateAccountType",
        "uriParams": {
          "P_ACCOUNT_TYPE": "{{ $page.variables.SalesAssignRow.account_type }}",
          "P_OWNER": "{{ $page.variables.SalesAssignRow.owner }}",
          "P_SF_ID": "{{ $page.variables.SalesAssignRow.sales_force_id }}"
        }
      },
      "outcomes": {
        "failure": "fireNotification",
        "success": "if"
      }
    },
    "if": {
      "module": "vb/action/builtin/ifAction",
      "parameters": {
        "condition": "[[ $chain.results.callRestGetSalesCreditValidateAccountType.body.items[0].sf_cnt === 0 ]]"
      },
      "outcomes": {
        "true": "fireNotificationMappingCreateObj"
      }
    },
    "fireNotificationMappingCreateObj": {
      "module": "vb/action/builtin/fireNotificationEventAction",
      "parameters": {
        "target": "leaf",
        "displayMode": "transient",
        "type": "warning",
        "summary": "[[ \"The Sales Force : \" +  $page.variables.SalesAssignRow.sales_force_name +  \" entered is currently not assigned to the Account Type specified. Please verify this is the correct Sales Force.\" ]]"
      }
    }
  },
  "variables": {
    "key": {
      "required": true,
      "type": "any",
      "input": "fromCaller"
    },
    "data": {
      "required": true,
      "type": "any",
      "input": "fromCaller"
    },
    "metadata": {
      "required": true,
      "type": "any",
      "input": "fromCaller"
    }
  }
}