{
    "items": [
        {
            "country_group_id": 1061,
            "country_id": 300000000273646,
            "country_code": "AD",
            "creation_date": "2022-12-05T11:30:27Z",
            "last_update_date": "2022-12-05T11:30:27Z",
            "last_updated_by": "fries@pelotongroup.com",
            "created_by": "fries@pelotongroup.com",
            "country_name": "Andorra"
        },
        {
            "country_group_id": 1061,
            "country_id": 300000000273649,
            "country_code": "AE",
            "creation_date": "2022-12-05T11:30:27Z",
            "last_update_date": "2022-12-05T11:30:27Z",
            "last_updated_by": "fries@pelotongroup.com",
            "created_by": "fries@pelotongroup.com",
            "country_name": "United Arab Emirates"
        },
        {
            "country_group_id": 1061,
            "country_id": 300000000273652,
            "country_code": "AF",
            "creation_date": "2022-12-05T11:30:27Z",
            "last_update_date": "2022-12-05T11:30:27Z",
            "last_updated_by": "fries@pelotongroup.com",
            "created_by": "fries@pelotongroup.com",
            "country_name": "Afghanistan"
        },
        {
            "country_group_id": 1061,
            "country_id": 300000000273655,
            "country_code": "AG",
            "creation_date": "2022-12-05T11:30:27Z",
            "last_update_date": "2022-12-05T11:30:27Z",
            "last_updated_by": "fries@pelotongroup.com",
            "created_by": "fries@pelotongroup.com",
            "country_name": "Antigua and Barbuda"
        },
        {
            "country_group_id": 1061,
            "country_id": 300000000273658,
            "country_code": "AI",
            "creation_date": "2022-12-05T11:30:27Z",
            "last_update_date": "2022-12-05T11:30:27Z",
            "last_updated_by": "fries@pelotongroup.com",
            "created_by": "fries@pelotongroup.com",
            "country_name": "Anguilla"
        },
        {
            "country_group_id": 1061,
            "country_id": 300000000273661,
            "country_code": "AL",
            "creation_date": "2022-12-05T11:30:27Z",
            "last_update_date": "2022-12-05T11:30:27Z",
            "last_updated_by": "fries@pelotongroup.com",
            "created_by": "fries@pelotongroup.com",
            "country_name": "Albania"
        },
        {
            "country_group_id": 1061,
            "country_id": 300000000273664,
            "country_code": "AM",
            "creation_date": "2022-12-05T11:30:27Z",
            "last_update_date": "2022-12-05T11:30:27Z",
            "last_updated_by": "fries@pelotongroup.com",
            "created_by": "fries@pelotongroup.com",
            "country_name": "Armenia"
        },
        {
            "country_group_id": 1061,
            "country_id": 300000000273667,
            "country_code": "AN",
            "creation_date": "2022-12-05T11:30:27Z",
            "last_update_date": "2022-12-05T11:30:27Z",
            "last_updated_by": "fries@pelotongroup.com",
            "created_by": "fries@pelotongroup.com",
            "country_name": "Netherlands Antilles"
        },
        {
            "country_group_id": 1061,
            "country_id": 300000000273670,
            "country_code": "AO",
            "creation_date": "2022-12-05T11:30:27Z",
            "last_update_date": "2022-12-05T11:30:27Z",
            "last_updated_by": "fries@pelotongroup.com",
            "created_by": "fries@pelotongroup.com",
            "country_name": "Angola"
        },
        {
            "country_group_id": 1061,
            "country_id": 300000000273673,
            "country_code": "AQ",
            "creation_date": "2022-12-05T11:30:27Z",
            "last_update_date": "2022-12-05T11:30:27Z",
            "last_updated_by": "fries@pelotongroup.com",
            "created_by": "fries@pelotongroup.com",
            "country_name": "Antarctica"
        },
        {
            "country_group_id": 1061,
            "country_id": 300000000273676,
            "country_code": "AR",
            "creation_date": "2022-12-05T11:30:27Z",
            "last_update_date": "2022-12-05T11:30:27Z",
            "last_updated_by": "fries@pelotongroup.com",
            "created_by": "fries@pelotongroup.com",
            "country_name": "Argentina"
        },
        {
            "country_group_id": 1061,
            "country_id": 300000000273679,
            "country_code": "AS",
            "creation_date": "2022-12-05T11:30:27Z",
            "last_update_date": "2022-12-05T11:30:27Z",
            "last_updated_by": "fries@pelotongroup.com",
            "created_by": "fries@pelotongroup.com",
            "country_name": "American Samoa"
        },
        {
            "country_group_id": 1061,
            "country_id": 300000000273682,
            "country_code": "AT",
            "creation_date": "2022-12-05T11:30:27Z",
            "last_update_date": "2022-12-05T11:30:27Z",
            "last_updated_by": "fries@pelotongroup.com",
            "created_by": "fries@pelotongroup.com",
            "country_name": "Austria"
        },
        {
            "country_group_id": 1061,
            "country_id": 300000000273685,
            "country_code": "AU",
            "creation_date": "2022-12-05T11:30:27Z",
            "last_update_date": "2022-12-05T11:30:27Z",
            "last_updated_by": "fries@pelotongroup.com",
            "created_by": "fries@pelotongroup.com",
            "country_name": "Australia"
        },
        {
            "country_group_id": 1061,
            "country_id": 300000000273688,
            "country_code": "AW",
            "creation_date": "2022-12-05T11:30:27Z",
            "last_update_date": "2022-12-05T11:30:27Z",
            "last_updated_by": "fries@pelotongroup.com",
            "created_by": "fries@pelotongroup.com",
            "country_name": "Aruba"
        },
        {
            "country_group_id": 1061,
            "country_id": 300000000273691,
            "country_code": "AX",
            "creation_date": "2022-12-05T11:30:27Z",
            "last_update_date": "2022-12-05T11:30:27Z",
            "last_updated_by": "fries@pelotongroup.com",
            "created_by": "fries@pelotongroup.com",
            "country_name": "Aland Islands"
        },
        {
            "country_group_id": 1061,
            "country_id": 300000000273694,
            "country_code": "AZ",
            "creation_date": "2022-12-05T11:30:27Z",
            "last_update_date": "2022-12-05T11:30:27Z",
            "last_updated_by": "fries@pelotongroup.com",
            "created_by": "fries@pelotongroup.com",
            "country_name": "Azerbaijan"
        },
        {
            "country_group_id": 1061,
            "country_id": 300000000273697,
            "country_code": "BA",
            "creation_date": "2022-12-05T11:30:27Z",
            "last_update_date": "2022-12-05T11:30:27Z",
            "last_updated_by": "fries@pelotongroup.com",
            "created_by": "fries@pelotongroup.com",
            "country_name": "Bosnia and Herzegovina"
        },
        {
            "country_group_id": 1061,
            "country_id": 300000000273700,
            "country_code": "BB",
            "creation_date": "2022-12-05T11:30:27Z",
            "last_update_date": "2022-12-05T11:30:27Z",
            "last_updated_by": "fries@pelotongroup.com",
            "created_by": "fries@pelotongroup.com",
            "country_name": "Barbados"
        },
        {
            "country_group_id": 1061,
            "country_id": 300000000273703,
            "country_code": "BD",
            "creation_date": "2022-12-05T11:30:27Z",
            "last_update_date": "2022-12-05T11:30:27Z",
            "last_updated_by": "fries@pelotongroup.com",
            "created_by": "fries@pelotongroup.com",
            "country_name": "Bangladesh"
        },
        {
            "country_group_id": 1061,
            "country_id": 300000000273706,
            "country_code": "BE",
            "creation_date": "2022-12-05T11:30:27Z",
            "last_update_date": "2022-12-05T11:30:27Z",
            "last_updated_by": "fries@pelotongroup.com",
            "created_by": "fries@pelotongroup.com",
            "country_name": "Belgium"
        },
        {
            "country_group_id": 1061,
            "country_id": 300000000273709,
            "country_code": "BF",
            "creation_date": "2022-12-05T11:30:27Z",
            "last_update_date": "2022-12-05T11:30:27Z",
            "last_updated_by": "fries@pelotongroup.com",
            "created_by": "fries@pelotongroup.com",
            "country_name": "Burkina Faso"
        },
        {
            "country_group_id": 1061,
            "country_id": 300000000273712,
            "country_code": "BG",
            "creation_date": "2022-12-05T11:30:27Z",
            "last_update_date": "2022-12-05T11:30:27Z",
            "last_updated_by": "fries@pelotongroup.com",
            "created_by": "fries@pelotongroup.com",
            "country_name": "Bulgaria"
        },
        {
            "country_group_id": 1061,
            "country_id": 300000000273715,
            "country_code": "BH",
            "creation_date": "2022-12-05T11:30:27Z",
            "last_update_date": "2022-12-05T11:30:27Z",
            "last_updated_by": "fries@pelotongroup.com",
            "created_by": "fries@pelotongroup.com",
            "country_name": "Bahrain"
        },
        {
            "country_group_id": 1061,
            "country_id": 300000000273718,
            "country_code": "BI",
            "creation_date": "2022-12-05T11:30:27Z",
            "last_update_date": "2022-12-05T11:30:27Z",
            "last_updated_by": "fries@pelotongroup.com",
            "created_by": "fries@pelotongroup.com",
            "country_name": "Burundi"
        }
    ],
    "hasMore": true,
    "limit": 25,
    "offset": 0,
    "count": 25,
    "links": [
        {
            "rel": "self",
            "href": "https://10.2.0.169:8081/ords/hbg_integration/DistributionTitleRights/getCountryGroupAssociationList?p_country_group_code=WWD"
        },
        {
            "rel": "describedby",
            "href": "https://10.2.0.169:8081/ords/hbg_integration/metadata-catalog/DistributionTitleRights/item"
        },
        {
            "rel": "first",
            "href": "https://10.2.0.169:8081/ords/hbg_integration/DistributionTitleRights/getCountryGroupAssociationList?p_country_group_code=WWD"
        },
        {
            "rel": "next",
            "href": "https://10.2.0.169:8081/ords/hbg_integration/DistributionTitleRights/getCountryGroupAssociationList?p_country_group_code=WWD&offset=25"
        }
    ]
}