{
    "items": [
        {
            "line_status": "OPEN"
        },
        {
            "line_status": "CLOSED"
        },
        {
            "line_status": "CANCELED"
        },
        {
            "line_status": "AWAIT_BILLING"
        },
        {
            "line_status": "AWAIT_RECEIVING"
        },
        {
            "line_status": "BACKORDERED"
        },
        {
            "line_status": "SHIPPED"
        }
    ],
    "hasMore": false,
    "limit": 10000,
    "offset": 0,
    "count": 7,
    "links": [
        {
            "rel": "self",
            "href": "https://10.2.0.169:8081/ords/hbg_integration/SoMasterUpdate/getLineStatus"
        },
        {
            "rel": "describedby",
            "href": "https://10.2.0.169:8081/ords/hbg_integration/metadata-catalog/SoMasterUpdate/item"
        },
        {
            "rel": "first",
            "href": "https://10.2.0.169:8081/ords/hbg_integration/SoMasterUpdate/getLineStatus"
        }
    ]
}