{
"account_number           " : "",
"account_name             " : "",
"sales_force_number       " : "",
"sales_force_name         " : "",
"owner                    " : "",
"reporting_group          " : "",
"category_1               " : "",
"category_2               " : "",
"bisac                    " : "",
"bisac_description        " : "",
"distribution_channel     " : "",
"dist_channel_description " : "",
"notes                    " : "",
"entered_by               " : "",
"entered_date             " : "",
"updated_by               " : "",
"updated_date             " : "",
"start_date               " : "",
"end_date                 " : "",
"dist_channel_id          " : "",
        
}