{
    "items": [
        {
            "country_code": "BT",
            "country_name": "Bhutan"
        }
    ],
    "hasMore": false,
    "limit": 10000,
    "offset": 0,
    "count": 1,
    "links": [
        {
            "rel": "self",
            "href": "https://10.2.0.169:8081/ords/hbg_integration/Common/getCountryInfo?COUNTRY_NAME=Bhutan"
        },
        {
            "rel": "describedby",
            "href": "https://10.2.0.169:8081/ords/hbg_integration/metadata-catalog/Common/item"
        },
        {
            "rel": "first",
            "href": "https://10.2.0.169:8081/ords/hbg_integration/Common/getCountryInfo?COUNTRY_NAME=Bhutan"
        }
    ]
}