{
  "description": "",
  "root": "assignVariablesReservationHeader",
  "actions": {
    "navigateToMainCreatereservation": {
      "module": "vb/action/builtin/navigateAction",
      "parameters": {
        "page": "main-createreservation",
        "params": {
          "PageHeading": "Create Pre-Reservation",
          "CreateResDetailButton": "Create",
          "CreateResDetailButton2": "Create & Add",
          "CreateReservationObj": "{{ $page.variables.ReservationHeader }}"
        }
      }
    },
    "assignVariablesReservationHeader": {
      "module": "vb/action/builtin/assignVariablesAction",
      "parameters": {
        "$page.variables.ReservationHeader": {
          "source": {
            "reservation_type": "Regular",
            "status": "In Process",
            "reason_code": "Order (Special – Pending)"
          },
          "reset": "none",
          "auto": "always"
        }
      },
      "outcomes": {
        "success": "navigateToMainCreatereservation"
      }
    }
  },
  "variables": {}
}