{
  "description": "",
  "root": "callComponentOjDialog11Close",
  "actions": {
    "callComponentOjDialog11Close": {
      "module": "vb/action/builtin/callComponentMethodAction",
      "parameters": {
        "component": "{{ document.getElementById('oj-dialog-1-1') }}",
        "method": "close"
      },
      "outcomes": {
        "success": "callComponentOjDialog12Open"
      }
    },
    "callComponentOjDialog12Open": {
      "module": "vb/action/builtin/callComponentMethodAction",
      "parameters": {
        "component": "{{ document.getElementById('oj-dialog-1-2') }}",
        "method": "open"
      }
    }
  },
  "variables": {}
}