{
  "description": "",
  "root": "callFunctionPreparePayloadUpdateReservation",
  "actions": {
    "callFunctionPreparePayloadUpdateReservation": {
      "module": "vb/action/builtin/callModuleFunctionAction",
      "parameters": {
        "module": "[[ $functions ]]",
        "functionName": "preparePayload_UpdateReservation",
        "params": [
          "{{ $page.variables.ReservationHeader }}"
        ]
      }
    }
  },
  "variables": {
    "rowKey": {
      "required": true,
      "type": "any",
      "input": "fromCaller"
    },
    "rowData": {
      "required": true,
      "type": "any",
      "input": "fromCaller"
    }
  }
}