{
    "items": [
        {
            "sales_force_number": "dev",
            "sales_force_name": "test1",
            "company": "peloton",
            "edelweiss": "No",
            "external_checkbox": null,
            "notes": "notes",
            "entered_by": "freis@pelotongroup.com",
            "entered_date": "2023-01-09T07:47:24Z",
            "updated_by": "freis@pelotongroup.com",
            "updated_date": "2023-01-09T07:47:24Z",
            "start_date": "0009-01-21T00:00:00Z",
            "end_date": "2023-01-10T00:00:00Z",
            "status": "Active",
            "sales_force_id": 13
        }
    ],
    "hasMore": false,
    "limit": 10000,
    "offset": 0,
    "count": 1,
    "links": [
        {
            "rel": "self",
            "href": "https://10.2.0.169:8081/ords/hbg_integration/salesCredit/salesforceMaintainance"
        },
        {
            "rel": "edit",
            "href": "https://10.2.0.169:8081/ords/hbg_integration/salesCredit/salesforceMaintainance"
        },
        {
            "rel": "describedby",
            "href": "https://10.2.0.169:8081/ords/hbg_integration/metadata-catalog/salesCredit/item"
        },
        {
            "rel": "first",
            "href": "https://10.2.0.169:8081/ords/hbg_integration/salesCredit/salesforceMaintainance?limit=10000"
        }
    ]
}