{
    "items": [
        {
            "pub_id": 5125484512,
            "external_pub_code": "01",
            "external_pub_name": "Armand Colin",
            "external_pub_abbr": "Armand Colin"
        },
        {
            "pub_id": 5125487295,
            "external_pub_code": "02",
            "external_pub_name": "Calmann-Levy",
            "external_pub_abbr": "Calmann-Levy"
        },
        {
            "pub_id": 5125496765,
            "external_pub_code": "03",
            "external_pub_name": "Dessain et Tolra",
            "external_pub_abbr": "Dessain et Tolr"
        },
        {
            "pub_id": 5125499370,
            "external_pub_code": "04",
            "external_pub_name": "Deux Coqs d'Or",
            "external_pub_abbr": "Deux Coqs d'Or"
        },
        {
            "pub_id": 5125499867,
            "external_pub_code": "05",
            "external_pub_name": "Didier",
            "external_pub_abbr": "Didier"
        },
        {
            "pub_id": 5125501157,
            "external_pub_code": "06",
            "external_pub_name": "Didier Jeunesse",
            "external_pub_abbr": "Didier Jeunesse"
        },
        {
            "pub_id": 5125501719,
            "external_pub_code": "07",
            "external_pub_name": "Dunod",
            "external_pub_abbr": "Dunod"
        },
        {
            "pub_id": 5125503216,
            "external_pub_code": "08",
            "external_pub_name": "EDICEF",
            "external_pub_abbr": "EDICEF"
        },
        {
            "pub_id": 5125512690,
            "external_pub_code": "09",
            "external_pub_name": "Ediscience",
            "external_pub_abbr": "Ediscience"
        },
        {
            "pub_id": 5125566043,
            "external_pub_code": "10",
            "external_pub_name": "Editions 1",
            "external_pub_abbr": "Editions 1"
        },
        {
            "pub_id": 5125578699,
            "external_pub_code": "11",
            "external_pub_name": "Editions Albert Rene",
            "external_pub_abbr": "Edt Albert Rene"
        },
        {
            "pub_id": 5125578703,
            "external_pub_code": "12",
            "external_pub_name": "Editions des Deux Terres",
            "external_pub_abbr": "Edt des Deux Te"
        },
        {
            "pub_id": 5131864409,
            "external_pub_code": "13",
            "external_pub_name": "Editions du Chene",
            "external_pub_abbr": "Edtns du Chene"
        },
        {
            "pub_id": 5131864413,
            "external_pub_code": "14",
            "external_pub_name": "Editions Harlequin",
            "external_pub_abbr": "Edtns Harlequin"
        },
        {
            "pub_id": 5131864417,
            "external_pub_code": "15",
            "external_pub_name": "Editions Hatier International",
            "external_pub_abbr": "Edt Hatier Intl"
        },
        {
            "pub_id": 5131864421,
            "external_pub_code": "16",
            "external_pub_name": "Editions Sedes",
            "external_pub_abbr": "Editions Sedes"
        },
        {
            "pub_id": 5131864425,
            "external_pub_code": "17",
            "external_pub_name": "Fayard",
            "external_pub_abbr": "Fayard"
        },
        {
            "pub_id": 5131864574,
            "external_pub_code": "18",
            "external_pub_name": "Fayard/Hachette litterature",
            "external_pub_abbr": "Fayard/Hach Lit"
        },
        {
            "pub_id": 5131864578,
            "external_pub_code": "19",
            "external_pub_name": "Fayard/Mazarine",
            "external_pub_abbr": "Fayard/Mazarine"
        },
        {
            "pub_id": 5131864582,
            "external_pub_code": "20",
            "external_pub_name": "Fayard/Mille et une nuits",
            "external_pub_abbr": "Fayard/Mille nu"
        },
        {
            "pub_id": 5131864586,
            "external_pub_code": "21",
            "external_pub_name": "Fayard/Pauvert",
            "external_pub_abbr": "Fayard/Pauvert"
        },
        {
            "pub_id": 5131864590,
            "external_pub_code": "22",
            "external_pub_name": "Fayard/Pluriel",
            "external_pub_abbr": "Fayard/Pluriel"
        },
        {
            "pub_id": 5131864594,
            "external_pub_code": "23",
            "external_pub_name": "Filipacchi",
            "external_pub_abbr": "Filipacchi"
        },
        {
            "pub_id": 5131865008,
            "external_pub_code": "24",
            "external_pub_name": "Foucher",
            "external_pub_abbr": "Foucher"
        },
        {
            "pub_id": 5131865134,
            "external_pub_code": "25",
            "external_pub_name": "Gautier Languereau",
            "external_pub_abbr": "Gautier Languer"
        },
        {
            "pub_id": 5131865429,
            "external_pub_code": "26",
            "external_pub_name": "Grasset",
            "external_pub_abbr": "Grasset"
        },
        {
            "pub_id": 5131865433,
            "external_pub_code": "27",
            "external_pub_name": "Grasset Jeunesse",
            "external_pub_abbr": "Grasset Jeuness"
        },
        {
            "pub_id": 5131865437,
            "external_pub_code": "28",
            "external_pub_name": "Hachette Asterix",
            "external_pub_abbr": "Hachette Asterx"
        },
        {
            "pub_id": 5131865441,
            "external_pub_code": "29",
            "external_pub_name": "Hachette Black Moon",
            "external_pub_abbr": "Hachette Blk Mn"
        },
        {
            "pub_id": 5131865445,
            "external_pub_code": "30",
            "external_pub_name": "Hachette Education",
            "external_pub_abbr": "Hachette Ed"
        },
        {
            "pub_id": 5131865449,
            "external_pub_code": "31",
            "external_pub_name": "Hachette Francais Langue Etrangere",
            "external_pub_abbr": "HFLE"
        },
        {
            "pub_id": 5131865453,
            "external_pub_code": "32",
            "external_pub_name": "Hachette Jeunesse",
            "external_pub_abbr": "Hachette Jeunes"
        },
        {
            "pub_id": 5131865457,
            "external_pub_code": "33",
            "external_pub_name": "Hachette Litteratures",
            "external_pub_abbr": "Hachette Lit"
        },
        {
            "pub_id": 5131865461,
            "external_pub_code": "34",
            "external_pub_name": "Hachette Pratique",
            "external_pub_abbr": "Hachette Pratiq"
        },
        {
            "pub_id": 5131865465,
            "external_pub_code": "35",
            "external_pub_name": "Hachette Romans",
            "external_pub_abbr": "Hachette Romans"
        },
        {
            "pub_id": 5131865469,
            "external_pub_code": "36",
            "external_pub_name": "Hachette Tourisme",
            "external_pub_abbr": "Hachette Toursm"
        },
        {
            "pub_id": 5131865473,
            "external_pub_code": "37",
            "external_pub_name": "Harlequin",
            "external_pub_abbr": "Harlequin"
        },
        {
            "pub_id": 5131865477,
            "external_pub_code": "38",
            "external_pub_name": "Hatier",
            "external_pub_abbr": "Hatier"
        },
        {
            "pub_id": 5131865481,
            "external_pub_code": "39",
            "external_pub_name": "Hatier reference & pratique",
            "external_pub_abbr": "HR&P"
        },
        {
            "pub_id": 5131865485,
            "external_pub_code": "40",
            "external_pub_name": "Hazan",
            "external_pub_abbr": "Hazan"
        },
        {
            "pub_id": 5131865489,
            "external_pub_code": "41",
            "external_pub_name": "HQN",
            "external_pub_abbr": "HQN"
        },
        {
            "pub_id": 5131865493,
            "external_pub_code": "42",
            "external_pub_name": "InterEditions",
            "external_pub_abbr": "InterEditions"
        },
        {
            "pub_id": 5131865497,
            "external_pub_code": "43",
            "external_pub_name": "JC Lattes",
            "external_pub_abbr": "JC Lattes"
        },
        {
            "pub_id": 5131865501,
            "external_pub_code": "44",
            "external_pub_name": "Larousse",
            "external_pub_abbr": "Larousse"
        },
        {
            "pub_id": 5131865505,
            "external_pub_code": "45",
            "external_pub_name": "Le Livre de Poche",
            "external_pub_abbr": "LLdP"
        },
        {
            "pub_id": 5131865509,
            "external_pub_code": "46",
            "external_pub_name": "Le Masque",
            "external_pub_abbr": "Le Masque"
        },
        {
            "pub_id": 5131865513,
            "external_pub_code": "47",
            "external_pub_name": "Livre de Poche Jeunesse",
            "external_pub_abbr": "LdPJ"
        },
        {
            "pub_id": 5131865517,
            "external_pub_code": "48",
            "external_pub_name": "Marabout",
            "external_pub_abbr": "Marabout"
        },
        {
            "pub_id": 5131865521,
            "external_pub_code": "49",
            "external_pub_name": "Microsoft Press",
            "external_pub_abbr": "Microsoft Press"
        },
        {
            "pub_id": 5131865525,
            "external_pub_code": "50",
            "external_pub_name": "Ming Books",
            "external_pub_abbr": "Ming Books"
        },
        {
            "pub_id": 5131865529,
            "external_pub_code": "51",
            "external_pub_name": "Orbit",
            "external_pub_abbr": "Orbit"
        },
        {
            "pub_id": 5131865533,
            "external_pub_code": "52",
            "external_pub_name": "Pika",
            "external_pub_abbr": "Pika"
        },
        {
            "pub_id": 5131865537,
            "external_pub_code": "53",
            "external_pub_name": "Pika Graphics",
            "external_pub_abbr": "Pika Graphics"
        },
        {
            "pub_id": 5131865541,
            "external_pub_code": "54",
            "external_pub_name": "Rageot Editeur",
            "external_pub_abbr": "Rageot Editeur"
        },
        {
            "pub_id": 5131865545,
            "external_pub_code": "55",
            "external_pub_name": "Stock",
            "external_pub_abbr": "Stock"
        },
        {
            "pub_id": 5131865549,
            "external_pub_code": "56",
            "external_pub_name": "Albin Michel",
            "external_pub_abbr": "Albin Michel"
        },
        {
            "pub_id": 5131865553,
            "external_pub_code": "57",
            "external_pub_name": "Archipel",
            "external_pub_abbr": "Archipel"
        },
        {
            "pub_id": 5131865557,
            "external_pub_code": "58",
            "external_pub_name": "Archipoche",
            "external_pub_abbr": "Archipoche"
        },
        {
            "pub_id": 5131865561,
            "external_pub_code": "59",
            "external_pub_name": "Bamboo",
            "external_pub_abbr": "Bamboo"
        },
        {
            "pub_id": 5131865565,
            "external_pub_code": "60",
            "external_pub_name": "Books",
            "external_pub_abbr": "Books"
        },
        {
            "pub_id": 5131865569,
            "external_pub_code": "61",
            "external_pub_name": "City Edition",
            "external_pub_abbr": "City Edition"
        },
        {
            "pub_id": 5131865573,
            "external_pub_code": "62",
            "external_pub_name": "Dalloz",
            "external_pub_abbr": "Dalloz"
        },
        {
            "pub_id": 5131865577,
            "external_pub_code": "63",
            "external_pub_name": "Delcourt",
            "external_pub_abbr": "Delcourt"
        },
        {
            "pub_id": 5131865581,
            "external_pub_code": "64",
            "external_pub_name": "Diffusion Glenat",
            "external_pub_abbr": "Diffusn Glenat"
        },
        {
            "pub_id": 5131865585,
            "external_pub_code": "65",
            "external_pub_name": "Drugstore",
            "external_pub_abbr": "Drugstore"
        },
        {
            "pub_id": 5131865589,
            "external_pub_code": "66",
            "external_pub_name": "Ecriture",
            "external_pub_abbr": "Ecriture"
        },
        {
            "pub_id": 5131865593,
            "external_pub_code": "67",
            "external_pub_name": "Editions de Fallois",
            "external_pub_abbr": "Editions Falloi"
        },
        {
            "pub_id": 5131865597,
            "external_pub_code": "68",
            "external_pub_name": "Editions Milan",
            "external_pub_abbr": "Editions Milan"
        },
        {
            "pub_id": 5131865601,
            "external_pub_code": "69",
            "external_pub_name": "Editions Toucan",
            "external_pub_abbr": "Editions Toucan"
        },
        {
            "pub_id": 5131865605,
            "external_pub_code": "70",
            "external_pub_name": "Executeur",
            "external_pub_abbr": "Executeur"
        },
        {
            "pub_id": 5131865609,
            "external_pub_code": "71",
            "external_pub_name": "Gerard de Villiers - SAS",
            "external_pub_abbr": "G. Villiers-SAS"
        },
        {
            "pub_id": 5131865613,
            "external_pub_code": "72",
            "external_pub_name": "Glenat BD",
            "external_pub_abbr": "Glenat BD"
        },
        {
            "pub_id": 5131865617,
            "external_pub_code": "73",
            "external_pub_name": "Glenat Livres",
            "external_pub_abbr": "Glenat Livres"
        },
        {
            "pub_id": 5131865621,
            "external_pub_code": "74",
            "external_pub_name": "Glenat Manga",
            "external_pub_abbr": "Glenat Manga"
        },
        {
            "pub_id": 5131865625,
            "external_pub_code": "75",
            "external_pub_name": "Hybrid production",
            "external_pub_abbr": "Hybrid Prod"
        },
        {
            "pub_id": 5131865629,
            "external_pub_code": "76",
            "external_pub_name": "Ideo",
            "external_pub_abbr": "Ideo"
        },
        {
            "pub_id": 5131865633,
            "external_pub_code": "77",
            "external_pub_name": "Ixelles Editions",
            "external_pub_abbr": "Ixelles Edtns"
        },
        {
            "pub_id": 5131865637,
            "external_pub_code": "78",
            "external_pub_name": "Joker",
            "external_pub_abbr": "Joker"
        },
        {
            "pub_id": 5131865641,
            "external_pub_code": "79",
            "external_pub_name": "Kennes Editions",
            "external_pub_abbr": "Kennes Edtns"
        },
        {
            "pub_id": 5131865645,
            "external_pub_code": "80",
            "external_pub_name": "La Croix",
            "external_pub_abbr": "La Croix"
        },
        {
            "pub_id": 5131865649,
            "external_pub_code": "81",
            "external_pub_name": "L'artilleur",
            "external_pub_abbr": "L'artilleur"
        },
        {
            "pub_id": 5131865653,
            "external_pub_code": "82",
            "external_pub_name": "L'Equipe",
            "external_pub_abbr": "L'Equipe"
        },
        {
            "pub_id": 5131865657,
            "external_pub_code": "83",
            "external_pub_name": "Livre Mer",
            "external_pub_abbr": "Livre Mer"
        },
        {
            "pub_id": 5131865661,
            "external_pub_code": "84",
            "external_pub_name": "M6 Editions",
            "external_pub_abbr": "M6 Editions"
        },
        {
            "pub_id": 5131865665,
            "external_pub_code": "85",
            "external_pub_name": "MA Editions",
            "external_pub_abbr": "MA Editions"
        },
        {
            "pub_id": 5131865669,
            "external_pub_code": "86",
            "external_pub_name": "Micro Application",
            "external_pub_abbr": "Micro Applictn"
        },
        {
            "pub_id": 5131865673,
            "external_pub_code": "87",
            "external_pub_name": "Mount Silver",
            "external_pub_abbr": "Mount Silver"
        },
        {
            "pub_id": 5131865677,
            "external_pub_code": "88",
            "external_pub_name": "Panini",
            "external_pub_abbr": "Panini"
        },
        {
            "pub_id": 5131865681,
            "external_pub_code": "89",
            "external_pub_name": "Play Bac",
            "external_pub_abbr": "Play Bac"
        },
        {
            "pub_id": 5131865685,
            "external_pub_code": "90",
            "external_pub_name": "Presses du Chatelet",
            "external_pub_abbr": "Presses du Chat"
        },
        {
            "pub_id": 5131865689,
            "external_pub_code": "91",
            "external_pub_name": "Rue Fromentin",
            "external_pub_abbr": "Rue Fromentin"
        },
        {
            "pub_id": 5131865691,
            "external_pub_code": "92",
            "external_pub_name": "Sirey",
            "external_pub_abbr": "Sirey"
        },
        {
            "pub_id": 5131865697,
            "external_pub_code": "93",
            "external_pub_name": "Soleil",
            "external_pub_abbr": "Soleil"
        },
        {
            "pub_id": 5131865701,
            "external_pub_code": "94",
            "external_pub_name": "Vauvenargues",
            "external_pub_abbr": "Vauvenargues"
        },
        {
            "pub_id": 5131865705,
            "external_pub_code": "95",
            "external_pub_name": "Vents d'Ouest",
            "external_pub_abbr": "Vents d'Ouest"
        },
        {
            "pub_id": 5398895022,
            "external_pub_code": "96",
            "external_pub_name": "Contre-dires",
            "external_pub_abbr": "Contre-dires"
        },
        {
            "pub_id": 5398895294,
            "external_pub_code": "97",
            "external_pub_name": "Exergue",
            "external_pub_abbr": "Exergue"
        },
        {
            "pub_id": 5398895478,
            "external_pub_code": "98",
            "external_pub_name": "Guy TrÃ©daniel",
            "external_pub_abbr": "Guy TrÃ©daniel"
        },
        {
            "pub_id": 5398896965,
            "external_pub_code": "99",
            "external_pub_name": "Le Courrier du Livre",
            "external_pub_abbr": "Courrier Livre"
        },
        {
            "pub_id": 5398897301,
            "external_pub_code": "A1",
            "external_pub_name": "Terra Nova",
            "external_pub_abbr": "Terra Nova"
        },
        {
            "pub_id": 5398897387,
            "external_pub_code": "A2",
            "external_pub_name": "VÃ©ga",
            "external_pub_abbr": "VÃ©ga"
        },
        {
            "pub_id": 5459588437,
            "external_pub_code": "A3",
            "external_pub_name": "Talent Sport",
            "external_pub_abbr": "Talent Sport"
        },
        {
            "pub_id": 5668128047,
            "external_pub_code": "A4",
            "external_pub_name": "PrÃ©ludes",
            "external_pub_abbr": "PrÃ©ludes"
        },
        {
            "pub_id": 5703222364,
            "external_pub_code": "A5",
            "external_pub_name": "Mosaic",
            "external_pub_abbr": "Mosaic"
        },
        {
            "pub_id": 5992673237,
            "external_pub_code": "A6",
            "external_pub_name": "GlÃ©nat Jeunesse",
            "external_pub_abbr": "GlÃ©nat Jeunesse"
        },
        {
            "pub_id": 5992674141,
            "external_pub_code": "A7",
            "external_pub_name": "BD Kids",
            "external_pub_abbr": "BD Kids"
        },
        {
            "pub_id": 6226075283,
            "external_pub_code": "A8",
            "external_pub_name": "Josette Lyon",
            "external_pub_abbr": "Josette Lyon"
        },
        {
            "pub_id": 6307140219,
            "external_pub_code": "A9",
            "external_pub_name": "Editions du ReliÃ©",
            "external_pub_abbr": "Editions du Rel"
        },
        {
            "pub_id": 6519978899,
            "external_pub_code": "B1",
            "external_pub_name": "Editions du Cerf",
            "external_pub_abbr": "Edition du Cerf"
        },
        {
            "pub_id": 6538191795,
            "external_pub_code": "B2",
            "external_pub_name": "SNE Collectif",
            "external_pub_abbr": "SNE Collectif"
        },
        {
            "pub_id": 6555965294,
            "external_pub_code": "B3",
            "external_pub_name": "Manga-news",
            "external_pub_abbr": "Manga-news"
        },
        {
            "pub_id": 6597190234,
            "external_pub_code": "B5",
            "external_pub_name": "Sandawe",
            "external_pub_abbr": "Sandawe"
        },
        {
            "pub_id": 6772945317,
            "external_pub_code": "G9",
            "external_pub_name": "Glenat Comics",
            "external_pub_abbr": "Glenat Comics"
        },
        {
            "pub_id": 6772945951,
            "external_pub_code": "E9",
            "external_pub_name": "Emoi",
            "external_pub_abbr": "Emoi"
        },
        {
            "pub_id": 6772946152,
            "external_pub_code": "D1",
            "external_pub_name": "Dervy",
            "external_pub_abbr": "Dervy"
        },
        {
            "pub_id": 6808478560,
            "external_pub_code": "B6",
            "external_pub_name": "Bayard Presse",
            "external_pub_abbr": "Bayard Presse"
        },
        {
            "pub_id": 6808487988,
            "external_pub_code": "B7",
            "external_pub_name": "Harrap's",
            "external_pub_abbr": "Harrap's"
        },
        {
            "pub_id": 6819679075,
            "external_pub_code": "C1",
            "external_pub_name": "Entrelacs",
            "external_pub_abbr": "Entrelacs"
        },
        {
            "pub_id": 6819679295,
            "external_pub_code": "C2",
            "external_pub_name": "21g-Destins d'Histoire",
            "external_pub_abbr": "21g-Destins"
        },
        {
            "pub_id": 6819679406,
            "external_pub_code": "C3",
            "external_pub_name": "Tapages Nocturnes",
            "external_pub_abbr": "Tapages Nocturn"
        },
        {
            "pub_id": 6871959684,
            "external_pub_code": "B9",
            "external_pub_name": "Kero",
            "external_pub_abbr": "Kero"
        },
        {
            "pub_id": 6961342683,
            "external_pub_code": "H1",
            "external_pub_name": "HarperCollins",
            "external_pub_abbr": "HarperCollins"
        },
        {
            "pub_id": 7007784805,
            "external_pub_code": "B4",
            "external_pub_name": "Bayard Culture",
            "external_pub_abbr": "Bayard Culture"
        },
        {
            "pub_id": 7007785075,
            "external_pub_code": "B8",
            "external_pub_name": "Bayard Jeunesse",
            "external_pub_abbr": "Bayard Jeunesse"
        },
        {
            "pub_id": 7007785114,
            "external_pub_code": "C4",
            "external_pub_name": "MÃ©dicis",
            "external_pub_abbr": "MÃ©dicis"
        },
        {
            "pub_id": 7222889101,
            "external_pub_code": "E2",
            "external_pub_name": "E/P/A",
            "external_pub_abbr": "E/P/A"
        },
        {
            "pub_id": 7332081384,
            "external_pub_code": "C5",
            "external_pub_name": "Rebecca Rils",
            "external_pub_abbr": "Rebecca Rils"
        },
        {
            "pub_id": 7463688708,
            "external_pub_code": "E3",
            "external_pub_name": "Elidia Group",
            "external_pub_abbr": "Elidia Group"
        },
        {
            "pub_id": 7476537764,
            "external_pub_code": "D2",
            "external_pub_name": "Les Deux OcÃ©ans",
            "external_pub_abbr": "Les Deux OcÃ©ans"
        },
        {
            "pub_id": 7526173759,
            "external_pub_code": "C6",
            "external_pub_name": "Grafiteen",
            "external_pub_abbr": "Grafiteen"
        },
        {
            "pub_id": 7563115815,
            "external_pub_code": "E4",
            "external_pub_name": "BMR",
            "external_pub_abbr": "BMR"
        },
        {
            "pub_id": 7599115672,
            "external_pub_code": "E5",
            "external_pub_name": "Editions i",
            "external_pub_abbr": "Editions i"
        },
        {
            "pub_id": 7657336172,
            "external_pub_code": "A0",
            "external_pub_name": "Ad Solem",
            "external_pub_abbr": "Ad Solem"
        },
        {
            "pub_id": 7729462940,
            "external_pub_code": "D3",
            "external_pub_name": "Dreamland",
            "external_pub_abbr": "Dreamland"
        },
        {
            "pub_id": 7753012719,
            "external_pub_code": "H2",
            "external_pub_name": "Hachette Enfants",
            "external_pub_abbr": "Hachtte Enfants"
        },
        {
            "pub_id": 7809475510,
            "external_pub_code": "C7",
            "external_pub_name": "Citadelles & Mazenod",
            "external_pub_abbr": "Citadelles Mznd"
        },
        {
            "pub_id": 7878261438,
            "external_pub_code": "E6",
            "external_pub_name": "ArtÃ¨ge Editions",
            "external_pub_abbr": "ArtÃ¨ge Editions"
        },
        {
            "pub_id": 7878264933,
            "external_pub_code": "D4",
            "external_pub_name": "DesclÃ©e De Brouwer",
            "external_pub_abbr": "DesclÃ©e Brouwer"
        },
        {
            "pub_id": 7878270737,
            "external_pub_code": "E7",
            "external_pub_name": "Editions du Rocher",
            "external_pub_abbr": "Editions Rocher"
        },
        {
            "pub_id": 7878316420,
            "external_pub_code": "F1",
            "external_pub_name": "Francois-Xavier de Guibert",
            "external_pub_abbr": "Frc Xvr Guibert"
        },
        {
            "pub_id": 7878317568,
            "external_pub_code": "L1",
            "external_pub_name": "Le SÃ©nevÃ©",
            "external_pub_abbr": "Le SÃ©nevÃ©"
        },
        {
            "pub_id": 7878318750,
            "external_pub_code": "L2",
            "external_pub_name": "Lethielleux Editions",
            "external_pub_abbr": "Lethielleux Edt"
        },
        {
            "pub_id": 8048906167,
            "external_pub_code": "P1",
            "external_pub_name": "Pika Roman",
            "external_pub_abbr": "Pika Roman"
        },
        {
            "pub_id": 8159634974,
            "external_pub_code": "L3",
            "external_pub_name": "Labor et Fides",
            "external_pub_abbr": "Labor et Fides"
        },
        {
            "pub_id": 8314380342,
            "external_pub_code": "N1",
            "external_pub_name": "Nobi Nobi",
            "external_pub_abbr": "Nobi Nobi"
        },
        {
            "pub_id": 8353564847,
            "external_pub_code": "M1",
            "external_pub_name": "Motifs",
            "external_pub_abbr": "Motifs"
        },
        {
            "pub_id": 8645155715,
            "external_pub_code": "M2",
            "external_pub_name": "Muller Editions",
            "external_pub_abbr": "Muller Editions"
        },
        {
            "pub_id": 8667530313,
            "external_pub_code": "E0",
            "external_pub_name": "Editions i LittÃ©rature",
            "external_pub_abbr": "Edtn i Littertr"
        },
        {
            "pub_id": 8667532419,
            "external_pub_code": "M3",
            "external_pub_name": "MARAbulles",
            "external_pub_abbr": "MARAbulles"
        },
        {
            "pub_id": 8667542136,
            "external_pub_code": "K1",
            "external_pub_name": "Kramiek",
            "external_pub_abbr": "Kramiek"
        },
        {
            "pub_id": 8667542442,
            "external_pub_code": "P2",
            "external_pub_name": "Paquet",
            "external_pub_abbr": "Paquet"
        },
        {
            "pub_id": 8790067841,
            "external_pub_code": "P3",
            "external_pub_name": "Place du sablon",
            "external_pub_abbr": "Place du sablon"
        },
        {
            "pub_id": 8790067987,
            "external_pub_code": "E8",
            "external_pub_name": "Ep",
            "external_pub_abbr": "Ep"
        },
        {
            "pub_id": 8937342552,
            "external_pub_code": "J2",
            "external_pub_name": "Artege Jeunesse",
            "external_pub_abbr": "Artege Jeunesse"
        },
        {
            "pub_id": 8989588730,
            "external_pub_code": "H3",
            "external_pub_name": "Hatier Jeunesse",
            "external_pub_abbr": "Hatier Jeunesse"
        },
        {
            "pub_id": 9200969786,
            "external_pub_code": "M4",
            "external_pub_name": "Milan Presse",
            "external_pub_abbr": "Milan Presse"
        },
        {
            "pub_id": 9804285986,
            "external_pub_code": "T1",
            "external_pub_name": "Tourbillon",
            "external_pub_abbr": "Tourbillon"
        },
        {
            "pub_id": 9946166948,
            "external_pub_code": "1E",
            "external_pub_name": "Editions H2T",
            "external_pub_abbr": "Editions H2T"
        },
        {
            "pub_id": 9946169371,
            "external_pub_code": "L5",
            "external_pub_name": "La Plage",
            "external_pub_abbr": "La Plage"
        },
        {
            "pub_id": 10045921710,
            "external_pub_code": "H4",
            "external_pub_name": "HLAB",
            "external_pub_abbr": "HLAB"
        },
        {
            "pub_id": 10366749589,
            "external_pub_code": "1A",
            "external_pub_name": "Akileos",
            "external_pub_abbr": "Akileos"
        },
        {
            "pub_id": 10403640610,
            "external_pub_code": "C8",
            "external_pub_name": "Comix Buro",
            "external_pub_abbr": "Comix Buro"
        },
        {
            "pub_id": 10809798254,
            "external_pub_code": "J1",
            "external_pub_name": "Juris Associations",
            "external_pub_abbr": "Juris Assoc"
        },
        {
            "pub_id": 10809798721,
            "external_pub_code": "L4",
            "external_pub_name": "Le Moniteur",
            "external_pub_abbr": "Le Moniteur"
        },
        {
            "pub_id": 11221153338,
            "external_pub_code": "D5",
            "external_pub_name": "Diateino",
            "external_pub_abbr": "Diateino"
        },
        {
            "pub_id": 11412320347,
            "external_pub_code": "N2",
            "external_pub_name": "Nouveau Monde Editions",
            "external_pub_abbr": "Nouveau Monde"
        },
        {
            "pub_id": 11466583515,
            "external_pub_code": "T2",
            "external_pub_name": "Talent Editions",
            "external_pub_abbr": "Talent Editions"
        },
        {
            "pub_id": 11619720495,
            "external_pub_code": "M5",
            "external_pub_name": "Marchialy",
            "external_pub_abbr": "Marchialy"
        },
        {
            "pub_id": 11887949593,
            "external_pub_code": "R1",
            "external_pub_name": "Robinson",
            "external_pub_abbr": "Robinson"
        },
        {
            "pub_id": 11953102388,
            "external_pub_code": "L6",
            "external_pub_name": "Les Avrils",
            "external_pub_abbr": "Les Avrils"
        },
        {
            "pub_id": 12105044132,
            "external_pub_code": "R3",
            "external_pub_name": "Rebelle Editions",
            "external_pub_abbr": "Rebelle Editns"
        },
        {
            "pub_id": 12105044195,
            "external_pub_code": "S3",
            "external_pub_name": "Editions Souffles LittÃ©raires",
            "external_pub_abbr": "Edtns Souffles"
        },
        {
            "pub_id": 12663703069,
            "external_pub_code": "L7",
            "external_pub_name": "Elsan",
            "external_pub_abbr": "Elsan"
        },
        {
            "pub_id": 12953359835,
            "external_pub_code": "H5",
            "external_pub_name": "Hachette Comics",
            "external_pub_abbr": "Hachette Comics"
        },
        {
            "pub_id": 12966491841,
            "external_pub_code": "H6",
            "external_pub_name": "Hachette Heroes",
            "external_pub_abbr": "Hachette Heroes"
        },
        {
            "pub_id": 13067726768,
            "external_pub_code": "L8",
            "external_pub_name": "Le lotus et l'Ã©lÃ©phant",
            "external_pub_abbr": "Le lotus"
        },
        {
            "pub_id": 13216319185,
            "external_pub_code": "G1",
            "external_pub_name": "Giovanangeli artilleur",
            "external_pub_abbr": "Giovanangeli ar"
        },
        {
            "pub_id": 13443513923,
            "external_pub_code": "P4",
            "external_pub_name": "Plein Vent",
            "external_pub_abbr": "Plein Vent"
        },
        {
            "pub_id": 13446742387,
            "external_pub_code": "L9",
            "external_pub_name": "Les Carnets",
            "external_pub_abbr": "Les Carnets"
        },
        {
            "pub_id": 13768434004,
            "external_pub_code": "1L",
            "external_pub_name": "Lacoursiere Editions",
            "external_pub_abbr": "Lacoursiere Edt"
        },
        {
            "pub_id": 13948448883,
            "external_pub_code": "2E",
            "external_pub_name": "Albin Michel Group",
            "external_pub_abbr": "Albin Michel Gr"
        }
    ],
    "hasMore": false,
    "limit": 10000,
    "offset": 0,
    "count": 181,
    "links": [
        {
            "rel": "self",
            "href": "https://10.2.0.169:8081/ords/hbg_integration/familyCode/getPubId?REPORTING_GROUP_ID=5125461873"
        },
        {
            "rel": "describedby",
            "href": "https://10.2.0.169:8081/ords/hbg_integration/metadata-catalog/familyCode/item"
        },
        {
            "rel": "first",
            "href": "https://10.2.0.169:8081/ords/hbg_integration/familyCode/getPubId?REPORTING_GROUP_ID=5125461873"
        }
    ]
}