{
    "items": [
        {
            "party_id": 100000224222569,
            "party_name": "AMAZON",
            "party_number": "90001403"
        }
    ],
    "hasMore": false,
    "limit": 25,
    "offset": 0,
    "count": 1,
    "links": [
        {
            "rel": "self",
            "href": "https://10.2.0.169:8081/ords/hbg_integration/CustomeOrders/getOrgNameByNumber?part_number=90001403"
        },
        {
            "rel": "describedby",
            "href": "https://10.2.0.169:8081/ords/hbg_integration/metadata-catalog/CustomeOrders/item"
        },
        {
            "rel": "first",
            "href": "https://10.2.0.169:8081/ords/hbg_integration/CustomeOrders/getOrgNameByNumber?part_number=90001403"
        }
    ]
}