{
    "items": [
        {
            "dist_mainten_stg_id": 1,
            "owner": "AB",
            "owner_description": null,
            "reporting_group": null,
            "creation_date": null,
            "created_by": null,
            "last_updated_by": null,
            "last_update_date": null,
            "start_date": null,
            "end_date": null,
            "dist_channel_id": 1
        }
    ],
    "hasMore": false,
    "limit": 100,
    "offset": 0,
    "count": 1,
    "links": [
        {
            "rel": "self",
            "href": "https://10.2.0.169:8081/ords/hbg_integration/salesCredit/DistributionMaintenance?P_DIST_CHANNEL_ID=1"
        },
        {
            "rel": "describedby",
            "href": "https://10.2.0.169:8081/ords/hbg_integration/metadata-catalog/salesCredit/item"
        },
        {
            "rel": "first",
            "href": "https://10.2.0.169:8081/ords/hbg_integration/salesCredit/DistributionMaintenance?P_DIST_CHANNEL_ID=1"
        }
    ]
}