{
    "P_LINE_ID"         : 12345        
   ,"P_BATCH_ID"        : 12345       
   ,"P_BUSINESS_UNIT"   :"P_BUSINESS_UNIT"  
   ,"P_PAYMENT_TYPE"    :"P_PAYMENT_TYPE"   
   ,"P_PAYMENT_DATE"    :"20/02/2023 17:39:26"   
   ,"P_ACCOUNT_NUMBER"  :"P_ACCOUNT_NUMBER" 
   ,"P_ACCOUNT_NAME"    :"P_ACCOUNT_NAME"   
   ,"P_RECEIPT_NUMBER"  :"P_RECEIPT_NUMBER" 
   ,"P_AMOUNT"          : 12345         
   ,"P_PAYMENT_METHOD"  :"P_PAYMENT_METHOD" 
   ,"P_CURRENCY"        :"P_CURRENCY"       
   ,"P_GL_ACCOUNT"      :"P_GL_ACCOUNT"     
   ,"P_CREATED_BY"      :"P_CREATED_BY"     
   ,"P_LAST_UPDATED_BY" :"P_LAST_UPDATED_BY"
   ,"P_RETURN_STATUS"   :"P_RETURN_STATUS"  
   ,"P_RETURN_MESSAGE"  :"P_RETURN_MESSAGE" 
   ,"P_CREATE_STATUS"   :"P_CREATE_STATUS"  
}