{
    "items": [
        {
            "title_right_id": 1000,
            "item_number": "9780824919351",
            "title_right_detail_id": 1000,
            "title_right_category": "EXCLUSIVE",
            "country_code": "BT",
            "country_name": "Bhutan"
        },
        {
            "title_right_id": 1000,
            "item_number": "9780824919351",
            "title_right_detail_id": 1001,
            "title_right_category": "EXCLUSIVE",
            "country_code": "BV",
            "country_name": "Bouvet Island"
        },
        {
            "title_right_id": 1000,
            "item_number": "9780824919351",
            "title_right_detail_id": 1002,
            "title_right_category": "EXCLUSIVE",
            "country_code": "BW",
            "country_name": "Botswana"
        },
        {
            "title_right_id": 1000,
            "item_number": "9780824919351",
            "title_right_detail_id": 1003,
            "title_right_category": "EXCLUSIVE",
            "country_code": "BY",
            "country_name": "Belarus"
        },
        {
            "title_right_id": 1000,
            "item_number": "9780824919351",
            "title_right_detail_id": 1004,
            "title_right_category": "EXCLUSIVE",
            "country_code": "BZ",
            "country_name": "Belize"
        },
        {
            "title_right_id": 1000,
            "item_number": "9780824919351",
            "title_right_detail_id": 1005,
            "title_right_category": "EXCLUSIVE",
            "country_code": "CA",
            "country_name": "Canada"
        },
        {
            "title_right_id": 1000,
            "item_number": "9780824919351",
            "title_right_detail_id": 1006,
            "title_right_category": "EXCLUSIVE",
            "country_code": "CC",
            "country_name": "Cocos (Keeling) Islands"
        },
        {
            "title_right_id": 1000,
            "item_number": "9780824919351",
            "title_right_detail_id": 1007,
            "title_right_category": "EXCLUSIVE",
            "country_code": "CD",
            "country_name": "Congo, The Democratic Republic of the"
        },
        {
            "title_right_id": 1000,
            "item_number": "9780824919351",
            "title_right_detail_id": 1008,
            "title_right_category": "EXCLUSIVE",
            "country_code": "CF",
            "country_name": "Central African Republic"
        },
        {
            "title_right_id": 1000,
            "item_number": "9780824919351",
            "title_right_detail_id": 1009,
            "title_right_category": "EXCLUSIVE",
            "country_code": "CG",
            "country_name": "Congo"
        },
        {
            "title_right_id": 1000,
            "item_number": "9780824919351",
            "title_right_detail_id": 1010,
            "title_right_category": "EXCLUSIVE",
            "country_code": "CH",
            "country_name": "Switzerland"
        },
        {
            "title_right_id": 1000,
            "item_number": "9780824919351",
            "title_right_detail_id": 1011,
            "title_right_category": "EXCLUSIVE",
            "country_code": "CI",
            "country_name": "Cote d'Ivoire"
        },
        {
            "title_right_id": 1000,
            "item_number": "9780824919351",
            "title_right_detail_id": 1012,
            "title_right_category": "EXCLUSIVE",
            "country_code": "CK",
            "country_name": "Cook Islands"
        },
        {
            "title_right_id": 1000,
            "item_number": "9780824919351",
            "title_right_detail_id": 1013,
            "title_right_category": "EXCLUSIVE",
            "country_code": "CL",
            "country_name": "Chile"
        },
        {
            "title_right_id": 1000,
            "item_number": "9780824919351",
            "title_right_detail_id": 1014,
            "title_right_category": "EXCLUSIVE",
            "country_code": "CM",
            "country_name": "Cameroon"
        },
        {
            "title_right_id": 1000,
            "item_number": "9780824919351",
            "title_right_detail_id": 1015,
            "title_right_category": "EXCLUSIVE",
            "country_code": "CN",
            "country_name": "China"
        },
        {
            "title_right_id": 1000,
            "item_number": "9780824919351",
            "title_right_detail_id": 1016,
            "title_right_category": "EXCLUSIVE",
            "country_code": "CO",
            "country_name": "Colombia"
        },
        {
            "title_right_id": 1000,
            "item_number": "9780824919351",
            "title_right_detail_id": 1017,
            "title_right_category": "EXCLUSIVE",
            "country_code": "CR",
            "country_name": "Costa Rica"
        },
        {
            "title_right_id": 1000,
            "item_number": "9780824919351",
            "title_right_detail_id": 1018,
            "title_right_category": "EXCLUSIVE",
            "country_code": "CU",
            "country_name": "Cuba"
        },
        {
            "title_right_id": 1000,
            "item_number": "9780824919351",
            "title_right_detail_id": 1019,
            "title_right_category": "EXCLUSIVE",
            "country_code": "CV",
            "country_name": "Cabo Verde"
        },
        {
            "title_right_id": 1000,
            "item_number": "9780824919351",
            "title_right_detail_id": 1020,
            "title_right_category": "EXCLUSIVE",
            "country_code": "CX",
            "country_name": "Christmas Island"
        },
        {
            "title_right_id": 1000,
            "item_number": "9780824919351",
            "title_right_detail_id": 1021,
            "title_right_category": "EXCLUSIVE",
            "country_code": "CY",
            "country_name": "Cyprus"
        },
        {
            "title_right_id": 1000,
            "item_number": "9780824919351",
            "title_right_detail_id": 1022,
            "title_right_category": "EXCLUSIVE",
            "country_code": "CZ",
            "country_name": "Czech Republic"
        },
        {
            "title_right_id": 1000,
            "item_number": "9780824919351",
            "title_right_detail_id": 1023,
            "title_right_category": "EXCLUSIVE",
            "country_code": "DE",
            "country_name": "Germany"
        },
        {
            "title_right_id": 1000,
            "item_number": "9780824919351",
            "title_right_detail_id": 1024,
            "title_right_category": "EXCLUSIVE",
            "country_code": "DJ",
            "country_name": "Djibouti"
        }
    ],
    "hasMore": true,
    "limit": 25,
    "offset": 0,
    "count": 25,
    "links": [
        {
            "rel": "self",
            "href": "https://10.2.0.169:8081/ords/hbg_integration/DistributionTitleRights/getTitleRightDetailsInfo"
        },
        {
            "rel": "describedby",
            "href": "https://10.2.0.169:8081/ords/hbg_integration/metadata-catalog/DistributionTitleRights/item"
        },
        {
            "rel": "first",
            "href": "https://10.2.0.169:8081/ords/hbg_integration/DistributionTitleRights/getTitleRightDetailsInfo"
        },
        {
            "rel": "next",
            "href": "https://10.2.0.169:8081/ords/hbg_integration/DistributionTitleRights/getTitleRightDetailsInfo?offset=25"
        }
    ]
}