{
    "items": [
        {
            "party_site_name": "AMAZON.COM (TCA2)"
        },
        {
            "party_site_name": "AMAZON.COM (FTW6)"
        },
        {
            "party_site_name": "AMAZON.COM (LGB6)"
        },
        {
            "party_site_name": "AMAZON.COM (CLT3)"
        },
        {
            "party_site_name": "AMAZON.COM (DTW1)"
        },
        {
            "party_site_name": "AMAZON.COM (PDX9)"
        },
        {
            "party_site_name": "AMAZON.COM (LGA7)"
        },
        {
            "party_site_name": "AMAZON.COM (FTW3)"
        },
        {
            "party_site_name": "AMAZON.COM (VMEX)"
        },
        {
            "party_site_name": "AMAZON.COM (VAVP)"
        },
        {
            "party_site_name": "AMAZON.COM (FSE2)"
        },
        {
            "party_site_name": "AMAZON.COM (VUKF)"
        },
        {
            "party_site_name": "AMAZON.COM (VUKG)"
        },
        {
            "party_site_name": "AMAZON.COM (CVG8)"
        },
        {
            "party_site_name": "AMAZON.COM (VUHA)"
        },
        {
            "party_site_name": "AMAZON.COM (LAX6)"
        },
        {
            "party_site_name": "AMAZON.COM (ORD6)"
        },
        {
            "party_site_name": "AMAZON.COM (STL7)"
        },
        {
            "party_site_name": "AMAZON.COM (SNA6)"
        },
        {
            "party_site_name": "AMAZON.COM (DAL6)"
        },
        {
            "party_site_name": "AMAZON.COM (DFW9)"
        },
        {
            "party_site_name": "AMAZON.COM (VUPM)"
        },
        {
            "party_site_name": "AMAZON.COM (ATL9)"
        },
        {
            "party_site_name": "_AMAZON.COM DEDC (ABE2)"
        },
        {
            "party_site_name": "AMAZON.COM (DFW1)"
        }
    ],
    "hasMore": true,
    "limit": 25,
    "offset": 0,
    "count": 25,
    "links": [
        {
            "rel": "self",
            "href": "https://10.2.0.169:8081/ords/hbg_integration/Common/getSiteNamesByAccNumber?P_ACCOUNT_NUMBER=14605017-AMAZON.COM"
        },
        {
            "rel": "describedby",
            "href": "https://10.2.0.169:8081/ords/hbg_integration/metadata-catalog/Common/item"
        },
        {
            "rel": "first",
            "href": "https://10.2.0.169:8081/ords/hbg_integration/Common/getSiteNamesByAccNumber?P_ACCOUNT_NUMBER=14605017-AMAZON.COM"
        },
        {
            "rel": "next",
            "href": "https://10.2.0.169:8081/ords/hbg_integration/Common/getSiteNamesByAccNumber?P_ACCOUNT_NUMBER=14605017-AMAZON.COM&offset=25"
        }
    ]
}