{
  "description": "",
  "root": "assignVariablesRowPubId",
  "actions": {
    "assignVariablesRowPubId": {
      "module": "vb/action/builtin/assignVariablesAction",
      "parameters": {
        "$page.variables.RowPubId": {
          "source": "{{ $variables.rowData.pub_id }}"
        },
        "$page.variables.imprintCreateObj": {
          "source": {
            "pub_id": "{{ $variables.rowData.pub_id }}"
          },
          "reset": "none",
          "auto": "always"
        }
      },
      "outcomes": {
        "success": "callChainFetchImprintAction"
      }
    },
    "callChainFetchImprintAction": {
      "module": "vb/action/builtin/callChainAction",
      "parameters": {
        "id": "FetchImprintAction"
      }
    }
  },
  "variables": {
    "rowKey": {
      "required": true,
      "type": "any",
      "input": "fromCaller"
    },
    "rowData": {
      "required": true,
      "type": "any",
      "input": "fromCaller"
    }
  }
}