{
    "items": [
        {
            "lookup_type": "HBG_REPORTING_GROUP",
            "lookup_code": "PK92",
            "meaning": "PIKids Children's Electronics",
            "description": "92",
            "enabled_flag": "Y",
            "display_sequence": 40,
            "created_by": "thastings@pelotongroup.com",
            "creation_date": "2022-11-21T21:33:15Z",
            "last_updated_by": "thastings@pelotongroup.com",
            "last_update_date": "2022-11-21T21:33:15Z",
            "tag": "PK",
            "status": "N",
            "status_message": null,
            "oic_run_id": 20221123
        },
        {
            "lookup_type": "HBG_REPORTING_GROUP",
            "lookup_code": "PK93",
            "meaning": "PIKids Children's Quiet",
            "description": "93",
            "enabled_flag": "Y",
            "display_sequence": 41,
            "created_by": "thastings@pelotongroup.com",
            "creation_date": "2022-11-21T21:33:15Z",
            "last_updated_by": "thastings@pelotongroup.com",
            "last_update_date": "2022-11-21T21:33:15Z",
            "tag": "PK",
            "status": "N",
            "status_message": null,
            "oic_run_id": 20221123
        }
    ],
    "hasMore": false,
    "limit": 10000,
    "offset": 0,
    "count": 2,
    "links": [
        {
            "rel": "self",
            "href": "https://10.2.0.169:8081/ords/hbg_integration/DistributionTitleRights/getLookupValuesInfo?P_TAG=PK&P_LOOKUP_TYPE=HBG_REPORTING_GROUP"
        },
        {
            "rel": "describedby",
            "href": "https://10.2.0.169:8081/ords/hbg_integration/metadata-catalog/DistributionTitleRights/item"
        },
        {
            "rel": "first",
            "href": "https://10.2.0.169:8081/ords/hbg_integration/DistributionTitleRights/getLookupValuesInfo?P_TAG=PK&P_LOOKUP_TYPE=HBG_REPORTING_GROUP&limit=10000"
        }
    ]
}