{
  "description": "",
  "root": "assignVariablesSubFormatRowData2",
  "actions": {
    "assignVariablesSubFormatRowData": {
      "module": "vb/action/builtin/assignVariablesAction",
      "parameters": {
        "$page.variables.SubFormatRowData": {
          "source": "{{ $variables.rowData }}",
          "auto": "always"
        }
      }
    },
    "assignVariablesSubFormatRowData2": {
      "module": "vb/action/builtin/assignVariablesAction",
      "parameters": {
        "$page.variables.SubFormatRowData": {
          "source": {
            "active_dummy": "{{ $variables.rowData.active_ind === ['Active']?['Active'] : ['Inactive'] }}"
          },
          "reset": "none",
          "auto": "always"
        }
      },
      "outcomes": {
        "success": "assignVariablesSubFormatRowData"
      }
    }
  },
  "variables": {
    "rowKey": {
      "required": true,
      "type": "any",
      "input": "fromCaller"
    },
    "rowIndex": {
      "required": true,
      "type": "number",
      "input": "fromCaller"
    },
    "rowData": {
      "required": true,
      "type": "any",
      "input": "fromCaller"
    }
  }
}