{
  "description": "",
  "root": "fireDataProviderEventSubFormatADP",
  "actions": {
    "fireDataProviderEventSubFormatADP": {
      "module": "vb/action/builtin/fireDataProviderEventAction",
      "parameters": {
        "target": "[[ $page.variables.SubFormatADP ]]",
        "update": {
          "data": "{{ $page.variables.SubFormatRowData }}",
          "keys": "{{ $variables.rowKey }}"
        }
      }
    }
  },
  "variables": {
    "cancelEdit": {
      "required": true,
      "type": "any",
      "input": "fromCaller"
    },
    "rowKey": {
      "required": true,
      "type": "any",
      "input": "fromCaller"
    },
    "rowIndex": {
      "required": true,
      "type": "number",
      "input": "fromCaller"
    },
    "rowData": {
      "required": true,
      "type": "any",
      "input": "fromCaller"
    }
  }
}