{
    "items": [
        {
            "party_site_id": 300000007008039,
            "ship_to_number": "6615",
            "ship_to_name": "CHAMBERSBURG"
        }
    ],
    "hasMore": false,
    "limit": 10000,
    "offset": 0,
    "count": 1,
    "links": [
        {
            "rel": "self",
            "href": "https://10.2.0.169:8081/ords/hbg_integration/CustomeOrders/getShiptoNumber?P_SHIP_TO_NUM=6615"
        },
        {
            "rel": "describedby",
            "href": "https://10.2.0.169:8081/ords/hbg_integration/metadata-catalog/CustomeOrders/item"
        },
        {
            "rel": "first",
            "href": "https://10.2.0.169:8081/ords/hbg_integration/CustomeOrders/getShiptoNumber?P_SHIP_TO_NUM=6615"
        }
    ]
}