{
  "description": "",
  "root": "resetVariablesUnAssignCreateObj",
  "actions": {
    "assignVariablesUnAssignCreateObj": {
      "module": "vb/action/builtin/assignVariablesAction",
      "parameters": {
        "$page.variables.unAssignCreateObj": {
          "source": {
            "cust_account_id": "{{ $variables.data.cust_account_id }}",
            "account_name": "{{ $variables.data.account_name }}"
          },
          "reset": "none",
          "auto": "always"
        }
      },
      "outcomes": {
        "success": "runInParallel"
      }
    },
    "resetVariablesUnAssignCreateObj": {
      "module": "vb/action/builtin/resetVariablesAction",
      "parameters": {
        "variables": [
          "$page.variables.unAssignCreateObj.account_name",
          "$page.variables.unAssignCreateObj.ship_to_country"          ,
          "$page.variables.unAssignCreateObj.ship_to_state"          ,
          "$page.variables.unAssignCreateObj.bill_to_country"          ,
          "$page.variables.unAssignCreateObj.bill_to_state",
          "$page.variables.unAssignCreateObj.final_destination_country"
        ]
      },
      "outcomes": {
        "success": "assignVariablesUnAssignCreateObj"
      }
    },
    "runInParallel": {
      "module": "vb/action/builtin/forkAction",
      "parameters": {
        "actions": {
          "callRest": "callRestGetSalesCreditGetBillandShipInfo2",
          "callRestGetSalesCreditGetBillandShipInfo": "callRestGetSalesCreditGetBillandShipInfo"
        }
      }
    },
    "fireNotification": {
      "module": "vb/action/builtin/fireNotificationEventAction",
      "parameters": {
        "target": "leaf",
        "summary": "[[ $chain.results.callRestGetSalesCreditGetBillandShipInfo.message.summary ]]",
        "type": "error",
        "displayMode": "persist"
      }
    },
    "callRestGetSalesCreditGetBillandShipInfo": {
      "module": "vb/action/builtin/restAction",
      "parameters": {
        "endpoint": "devOrds/getSalesCreditGetBillandShipInfo",
        "uriParams": {
          "USECODE": "BILL_TO",
          "CUST_ACCOUNT_ID": "{{ $page.variables.unAssignCreateObj.cust_account_id }}"
        }
      },
      "outcomes": {
        "failure": "fireNotification",
        "success": "assignVariablesUnAssignCreateObj3"
      }
    },
    "fireNotification2": {
      "module": "vb/action/builtin/fireNotificationEventAction",
      "parameters": {
        "target": "leaf",
        "summary": "[[ $chain.results.callRestGetSalesCreditGetBillandShipInfo2.message.summary ]]",
        "type": "error",
        "displayMode": "persist"
      }
    },
    "callRestGetSalesCreditGetBillandShipInfo2": {
      "module": "vb/action/builtin/restAction",
      "parameters": {
        "endpoint": "devOrds/getSalesCreditGetBillandShipInfo",
        "uriParams": {
          "CUST_ACCOUNT_ID": "{{ $page.variables.unAssignCreateObj.cust_account_id }}",
          "USECODE": "SHIP_TO"
        }
      },
      "outcomes": {
        "failure": "fireNotification2",
        "success": "assignVariablesUnAssignCreateObj2"
      }
    },
    "assignVariablesUnAssignCreateObj2": {
      "module": "vb/action/builtin/assignVariablesAction",
      "parameters": {
        "$page.variables.unAssignCreateObj": {
          "source": {
            "ship_to_country": "{{ $chain.results.callRestGetSalesCreditGetBillandShipInfo2.body.items[0].country }}",
            "ship_to_state": "{{ $chain.results.callRestGetSalesCreditGetBillandShipInfo2.body.items[0].state }}"
          },
          "reset": "none",
          "auto": "always"
        }
      }
    },
    "assignVariablesUnAssignCreateObj3": {
      "module": "vb/action/builtin/assignVariablesAction",
      "parameters": {
        "$page.variables.unAssignCreateObj": {
          "source": {
            "bill_to_country": "{{ $chain.results.callRestGetSalesCreditGetBillandShipInfo.body.items[0].country }}",
            "bill_to_state": "{{ $chain.results.callRestGetSalesCreditGetBillandShipInfo.body.items[0].state }}"
          },
          "reset": "none",
          "auto": "always"
        }
      }
    }
  },
  "variables": {
    "key": {
      "required": true,
      "type": "any",
      "input": "fromCaller"
    },
    "data": {
      "required": true,
      "type": "any",
      "input": "fromCaller"
    },
    "metadata": {
      "required": true,
      "type": "any",
      "input": "fromCaller"
    }
  }
}