{
  "description": "",
  "root": "if",
  "actions": {

    "callRestGetSalesCreditGetOrgNamebyOrgNum": {
      "module": "vb/action/builtin/restAction",
      "parameters": {
        "endpoint": "devOrds/getSalesCreditGetOrgNamebyOrgNum",
        "uriParams": {
          "party_number": "{{ $variables.value }}"
        }
      },
      "outcomes": {

        "success": "assignVariablesUnAssignRowData"
      }
    },
    "assignVariablesUnAssignRowData": {
      "module": "vb/action/builtin/assignVariablesAction",
      "parameters": {
        "$page.variables.unAssignRowData": {
          "source": {
            "party_id": "{{ $chain.results.callRestGetSalesCreditGetOrgNamebyOrgNum.body.items[0].party_id }}"
          },
          "reset": "none",
          "auto": "always"
        }
      }
    },
    "if": {
      "module": "vb/action/builtin/ifAction",
      "parameters": {
        "condition": "[[ $variables.value != $page.variables.RowOrganization && ($variables.value !== \"\" && $variables.value !== null && typeof $variables.value !== \"undefined\") ]]"
      },
      "outcomes": {
        "true": "resetVariablesUnAssignRowData"
      }
    },
    "resetVariablesUnAssignRowData": {
      "module": "vb/action/builtin/resetVariablesAction",
      "parameters": {
        "variables": [
          "$page.variables.unAssignRowData.account_name",
          "$page.variables.unAssignRowData.account_number",
          "$page.variables.unAssignRowData.bill_to_country",
          "$page.variables.unAssignRowData.bill_to_state",
          "$page.variables.unAssignRowData.ship_to_country",
          "$page.variables.unAssignRowData.ship_to_state"
        ]
      },
      "outcomes": {
        "success": "callRestGetSalesCreditGetOrgNamebyOrgNum"
      }
    }
  },
  "variables": {
    "value": {
      "required": true,
      "type": "any",
      "input": "fromCaller"
    }
  }
}