{
  "description": "",
  "root": "ifCurrentValue",
  "actions": {
    "ifCurrentValue": {
      "module": "vb/action/builtin/ifAction",
      "parameters": {
        "condition": "[[ $variables.CurrentValue.length >= 3 ]]"
      },
      "outcomes": {
        "true": "callRestGetSalesCreditGetOrganizationName"
      }
    },
    "fireNotification": {
      "module": "vb/action/builtin/fireNotificationEventAction",
      "parameters": {
        "target": "leaf",
        "summary": "Failed to fetch Organizations",
        "type": "error",
        "displayMode": "persist"
      }
    },
    "callRestGetSalesCreditGetOrganizationName": {
      "module": "vb/action/builtin/restAction",
      "parameters": {
        "endpoint": "devOrds/getSalesCreditGetOrganizationName",
        "uriParams": {
          "part_number": "{{ $variables.CurrentValue }}"
        }
      },
      "outcomes": {
        "failure": "fireNotification",
        "success": "assignVariablesOrganizationArray"
      }
    },
    "assignVariablesOrganizationArray": {
      "module": "vb/action/builtin/assignVariablesAction",
      "parameters": {
        "$page.variables.OrganizationArray": {
          "source": "{{ $chain.results.callRestGetSalesCreditGetOrganizationName.body.items }}"
        }
      }
    }
  },
  "variables": {
    "CurrentValue": {
      "type": "string",
      "description": "",
      "input": "fromCaller"
    }
  }
}