{
  "description": "",
  "root": "if",
  "actions": {

    "resetVariablesSalesAssignRow": {
      "module": "vb/action/builtin/resetVariablesAction",
      "parameters": {
        "variables": [
          "$page.variables.unAssignCreateObj.owner_description",
          "$page.variables.unAssignCreateObj.reporting_group",
          "$page.variables.unAssignCreateObj.reporting_group_description"

        ]
      },
      "outcomes": {
        "success": "resetVariablesRowOwner"
      }
    },
    "if": {
      "module": "vb/action/builtin/ifAction",
      "parameters": {
        "condition": "[[ $variables.data.flex_value !== $page.variables.RowOwner ]]"
      },
      "outcomes": {
        "true": "resetVariablesSalesAssignRow",
        "false": "if3"
      }
    },
    "resetVariablesRowOwner": {
      "module": "vb/action/builtin/resetVariablesAction",
      "parameters": {
        "variables": [
          "$page.variables.RowOwner"
        ]
      },
      "outcomes": {
        "success": "if3"
      }
    },
    "if3": {
      "module": "vb/action/builtin/ifAction",
      "parameters": {
        "condition": "[[ $variables.data.flex_value !== \"\" && $variables.data.flex_value !== null && typeof $variables.data.flex_value !== \"undefined\" ]]"
      },
      "outcomes": {
        "true": "assignVariablesSalesAssignCreatObj",
        "false": "resetVariables"
      }
    },
    "resetVariables": {
      "module": "vb/action/builtin/resetVariablesAction",
      "parameters": {
        "variables": [
          "$page.variables.unAssignCreateObj.owner_description",
          "$page.variables.unAssignCreateObj.reporting_group",
          "$page.variables.unAssignCreateObj.reporting_group_description"

        ]
      },
      "outcomes": {
        "success": "assignVariablesSalesAssignCreatObj"
      }
    },
    "assignVariablesSalesAssignCreatObj": {
      "module": "vb/action/builtin/assignVariablesAction",
      "parameters": {
        "$page.variables.unAssignCreateObj": {
          "source": {
            "owner_description": "{{ $variables.data.description }}"
          },
          "reset": "none",
          "auto": "always"
        }
      },
      "outcomes": {
        "success": "callRestGetDistributionTitleRightsGetLookupValuesInfo"
      }
    },
    "callRestGetDistributionTitleRightsGetLookupValuesInfo": {
      "module": "vb/action/builtin/restAction",
      "parameters": {
        "endpoint": "devOrds/getDistributionTitleRightsGetLookupValuesInfo",
        "uriParams": {
          "P_LOOKUP_TYPE": "HBG_REPORTING_GROUP",
          "P_TAG": "{{ $variables.data.flex_value }}"
        }
      },
      "outcomes": {
        "success": "assignVariablesReportingGroupArray"
      }
    },
    "assignVariablesReportingGroupArray": {
      "module": "vb/action/builtin/assignVariablesAction",
      "parameters": {
        "$page.variables.ReportingGroupArray": {
          "source": "{{ $chain.results.callRestGetDistributionTitleRightsGetLookupValuesInfo.body.items }}"
        }
      }
    }
  },
  "variables": {
    "key": {
      "required": true,
      "type": "any",
      "input": "fromCaller"
    },
    "data": {
      "required": true,
      "type": "any",
      "input": "fromCaller"
    },
    "metadata": {
      "required": true,
      "type": "any",
      "input": "fromCaller"
    }
  }
}