{
  "description": "",
  "root": "if",
  "actions": {

    "resetVariablesUnAssignRowData": {
      "module": "vb/action/builtin/resetVariablesAction",
      "parameters": {
        "variables": [
          "$page.variables.unAssignRowData.reporting_group_description"
        ]
      },
      "outcomes": {
        "success": "assignVariablesUnAssignRowData"
      }
    },
    "assignVariablesUnAssignRowData": {
      "module": "vb/action/builtin/assignVariablesAction",
      "parameters": {
        "$page.variables.unAssignRowData": {
          "source": {
            "reporting_group_description": "{{ $variables.data.meaning }}"
          },
          "reset": "none",
          "auto": "always"
        }
      },
      "outcomes": {
        "success": "resetVariablesRowReportingGroup"
      }
    },
    "if": {
      "module": "vb/action/builtin/ifAction",
      "parameters": {
        "condition": "[[ $variables.data.description !== $page.variables.RowReportingGroup && ($variables.data.description !== \"\" && $variables.data.description !== null && typeof $variables.data.description !== \"undefined\") ]]"
      },
      "outcomes": {
        "true": "resetVariablesUnAssignRowData"
      }
    },
    "resetVariablesRowReportingGroup": {
      "module": "vb/action/builtin/resetVariablesAction",
      "parameters": {
        "variables": [
          "$page.variables.RowReportingGroup"
        ]
      }
    }
  },
    "variables": {
    "key": {
      "required": true,
      "type": "any",
      "input": "fromCaller"
    },
    "data": {
      "required": true,
      "type": "any",
      "input": "fromCaller"
    },
    "metadata": {
      "required": true,
      "type": "any",
      "input": "fromCaller"
    },
    "index": {
      "required": true,
      "type": "number",
      "input": "fromCaller"
    },
    "current": {
      "required": true,
      "type": "any",
      "input": "fromCaller"
    }
  }
}