{
  "description": "",
  "root": "if",
  "actions": {
    "if": {
      "module": "vb/action/builtin/ifAction",
      "parameters": {
        "condition": "[[ $variables.value !== $page.variables.RowSalesRep && ($variables.value !== \"\" && $variables.value=== null && typeof $variables.value === \"undefined\") ]]"
      },
      "outcomes": {
        "true": "callRestGetSalesCreditGetSalesRepName"
      }
    },
    "callRestGetSalesCreditGetSalesRepName": {
      "module": "vb/action/builtin/restAction",
      "parameters": {
        "endpoint": "devOrds/getSalesCreditGetSalesRepName",
        "uriParams": {
          "SALES_REP_NUMBER": "{{ $variables.value }}"
        }
      },
      "outcomes": {
        "success": "assignVariablesSalesAssignRow"
      }
    },
    "assignVariablesSalesAssignRow": {
      "module": "vb/action/builtin/assignVariablesAction",
      "parameters": {
        "$page.variables.unAssignRowData": {
          "source": {
            "sales_rep_name": "{{ $chain.results.callRestGetSalesCreditGetSalesRepName.body.items[0].sales_rep_name }}"
          },
          "reset": "none",
          "auto": "always"
        }
      },
      "outcomes": {
        "success": "resetVariablesRowSalesRep"
      }
    },
    "resetVariablesRowSalesRep": {
      "module": "vb/action/builtin/resetVariablesAction",
      "parameters": {
        "variables": [
          "$page.variables.RowSalesRep"
        ]
      }
    }
  },
  "variables": {
    "value": {
      "required": true,
      "type": "any",
      "input": "fromCaller"
    },
    "key": {
      "required": true,
      "type": "any",
      "input": "fromCaller"
    },
    "index": {
      "required": true,
      "type": "number",
      "input": "fromCaller"
    },
    "current": {
      "required": true,
      "type": "any",
      "input": "fromCaller"
    }
  }
}