{
  "description": "",
  "root": "ifValue",
  "actions": {
    "ifValue": {
      "module": "vb/action/builtin/ifAction",
      "parameters": {
        "condition": "[[ $variables.value === \"default\" ]]"
      },
      "outcomes": {
        "true": "resetVariablesUnAssignRowData"
      }
    },
    "resetVariablesUnAssignRowData": {
      "module": "vb/action/builtin/resetVariablesAction",
      "parameters": {
        "variables": [
          "$page.variables.unAssignRowData.account_name",
          "$page.variables.unAssignRowData.account_number",
          "$page.variables.unAssignRowData.ship_to_country"          ,
          "$page.variables.unAssignRowData.ship_to_state"          ,
          "$page.variables.unAssignRowData.bill_to_country"          ,
          "$page.variables.unAssignRowData.bill_to_state"
        ]
      }
    }
  },
  "variables": {
    "value": {
      "required": true,
      "type": "any",
      "input": "fromCaller"
    },
    "key": {
      "required": true,
      "type": "any",
      "input": "fromCaller"
    },
    "index": {
      "required": true,
      "type": "number",
      "input": "fromCaller"
    },
    "current": {
      "required": true,
      "type": "any",
      "input": "fromCaller"
    }
  }
}