{
  "description": "",
  "root": "callRestGetSalesCreditGetsalesNamebySalesForce",
  "actions": {
    "fireNotification": {
      "module": "vb/action/builtin/fireNotificationEventAction",
      "parameters": {
        "target": "leaf",
        "summary": "[[ $chain.results.callRestGetSalesCreditGetsalesNamebySalesForce.message.summary ]]",
        "type": "error",
        "displayMode": "transient"
      }
    },
    "callRestGetSalesCreditGetsalesNamebySalesForce": {
      "module": "vb/action/builtin/restAction",
      "parameters": {
        "endpoint": "devOrds/getSalesCreditGetsalesNamebySalesForce",
        "uriParams": {
          "SALES_FORCE_NUMBER": "{{ $variables.data.sales_force_number }}"
        }
      },
      "outcomes": {
        "failure": "fireNotification",
        "success": "assignVariablesSalesAssignCreatObj"
      }
    },
    "assignVariablesSalesAssignCreatObj": {
      "module": "vb/action/builtin/assignVariablesAction",
      "parameters": {
        "$page.variables.salesAssignCreatObj": {
          "source": {
            "sales_force_name": "{{ $chain.results.callRestGetSalesCreditGetsalesNamebySalesForce.body.items[0].sales_force_name }}",
            "sales_force_id": "{{ $chain.results.callRestGetSalesCreditGetsalesNamebySalesForce.body.items[0].sales_force_id }}"
          },
          "reset": "none",
          "auto": "always"
        }
      }
    }
  },
  "variables": {
    "key": {
      "required": true,
      "type": "any",
      "input": "fromCaller"
    },
    "data": {
      "required": true,
      "type": "any",
      "input": "fromCaller"
    },
    "metadata": {
      "required": true,
      "type": "any",
      "input": "fromCaller"
    }
  }
}