{
  "description": "",
  "root": "ifValue",
  "actions": {
    "if": {
      "module": "vb/action/builtin/ifAction",
      "parameters": {
        "condition": "[[ $variables.value !== $page.variables.RowSalesRep ]]"
      },
      "outcomes": {
        "true": "resetVariablesRowSalesRep",
        "false": "callRestGetSalesCreditGetSalesRepName"
      }
    },
    "callRestGetSalesCreditGetSalesRepName": {
      "module": "vb/action/builtin/restAction",
      "parameters": {
        "endpoint": "devOrds/getSalesCreditGetSalesRepName",
        "uriParams": {
          "SALES_REP_NUMBER": "{{ $variables.value }}",
          "SALES_FORCE_ID": "{{ $page.variables.unAssignCreateObj.sales_force_id }}",
          "SF_DIV_ID": "{{ $page.variables.unAssignCreateObj.sf_div_id }}",
          "SF_TERRITORY_ID": "{{ $page.variables.unAssignCreateObj.sf_territory_id }}"
        }
      },
      "outcomes": {
        "success": "assignVariablesSalesAssignRow"
      }
    },
    "assignVariablesSalesAssignRow": {
      "module": "vb/action/builtin/assignVariablesAction",
      "parameters": {
        "$page.variables.unAssignCreateObj": {
          "source": {
            "sales_rep_name": "{{ $chain.results.callRestGetSalesCreditGetSalesRepName.body.items[0].sales_rep_name }}"
          },
          "reset": "none",
          "auto": "always"
        }
      },
      "outcomes": {
      }
    },
    "resetVariablesRowSalesRep": {
      "module": "vb/action/builtin/resetVariablesAction",
      "parameters": {
        "variables": [
          "$page.variables.RowSalesRep"
        ]
      },
      "outcomes": {
        "success": "callRestGetSalesCreditGetSalesRepName"
      }
    },
    "resetVariablesSalesAssignCreatObj": {
      "module": "vb/action/builtin/resetVariablesAction",
      "parameters": {
        "variables": [
          "$page.variables.unAssignCreateObj.sales_rep_name"
        ]
      }
    },
    "ifValue": {
      "module": "vb/action/builtin/ifAction",
      "parameters": {
        "condition": "[[ $variables.value ]]"
      },
      "outcomes": {
        "true": "if",
        "false": "resetVariablesSalesAssignCreatObj"
      }
    }
  },
  "variables": {
    "value": {
      "required": true,
      "type": "any",
      "input": "fromCaller"
    }
  }
}