{
  "description": "",
  "root": "fireDataProviderEventUnAssignTblADP",
  "actions": {
    "fireDataProviderEventUnAssignTblADP": {
      "module": "vb/action/builtin/fireDataProviderEventAction",
      "parameters": {
        "target": "[[ $page.variables.UnAssignTblADP ]]",
        "update": {
          "keys": "{{ $variables.rowKey }}",
          "data": "{{ $page.variables.unAssignRowData }}"
        }
      }
    }
  },
  "variables": {
    "cancelEdit": {
      "required": true,
      "type": "any",
      "input": "fromCaller"
    },
    "rowKey": {
      "required": true,
      "type": "any",
      "input": "fromCaller"
    },
    "rowIndex": {
      "required": true,
      "type": "number",
      "input": "fromCaller"
    },
    "rowData": {
      "required": true,
      "type": "any",
      "input": "fromCaller"
    }
  }
}