{
  "description": "",
  "root": "runInParallel",
  "actions": {
    "fireNotification": {
      "module": "vb/action/builtin/fireNotificationEventAction",
      "parameters": {
        "target": "leaf",
        "summary": "failed to update unassigned Sales Force",
        "type": "error",
        "displayMode": "transient"
      }
    },
    "callRestPutSalesCreditUnassignSalesForce": {
      "module": "vb/action/builtin/restAction",
      "parameters": {
        "endpoint": "devOrds/putSalesCreditUnassignSalesForce",
        "uriParams": {
          "SF_UNASSIGNED_ID": "{{ $variables.current.row.sf_unassigned_id }}"
        },
        "body": "{{ $page.variables.unAssignRowData }}"
      },
      "outcomes": {
        "failure": "fireNotification",
        "success": "if"
      }
    },
    "fireNotification3": {
      "module": "vb/action/builtin/fireNotificationEventAction",
      "parameters": {
        "target": "leaf",
        "summary": "Successfully Updated UnAssign Sales Force",
        "displayMode": "transient",
        "type": "confirmation"
      },
      "outcomes": {
        "success": "resetVariablesUnAssignTblADP"
      }
    },
    "callChainFetchUnAssignTblAction": {
      "module": "vb/action/builtin/callChainAction",
      "parameters": {
        "id": "fetchUnAssignTblAction"
      }
    },
    "resetVariablesUnAssignTblADP": {
      "module": "vb/action/builtin/resetVariablesAction",
      "parameters": {
        "variables": [
          "$page.variables.UnAssignTblADP.data"
        ]
      },
      "outcomes": {
        "success": "callChainFetchUnAssignTblAction"
      }
    },
    "assignVariablesUnAssignRowData": {
      "module": "vb/action/builtin/assignVariablesAction",
      "parameters": {
        "$page.variables.unAssignRowData": {
          "source": {

            "sf_assign_id": "0",
            "updated_by": "{{ $application.user.email }}"
          },
          "reset": "none",
          "auto": "always"
        }
      },
      "outcomes": {
        "success": "callRestPutSalesCreditUnassignSalesForce"
      }
    },
    "runInParallel": {
      "module": "vb/action/builtin/forkAction",
      "parameters": {
        "actions": {
          "if": "ifUnAssignRowData",
          "if2": "ifUnAssignRowData2"
        }
      },
      "outcomes": {
        "join": "assignVariablesUnAssignRowData"
      }
    },
    "ifUnAssignRowData": {
      "module": "vb/action/builtin/ifAction",
      "parameters": {
        "condition": "[[ $page.variables.unAssignRowData.start_date ]]"
      },
      "outcomes": {
        "true": "callFunctionDateformatter"
      }
    },
    "callFunctionDateformatter": {
      "module": "vb/action/builtin/callModuleFunctionAction",
      "parameters": {
        "module": "[[ $functions ]]",
        "functionName": "dateformatter",
        "params": [
          "{{ $page.variables.unAssignRowData.start_date }}"
        ]
      },
      "outcomes": {
        "success": "assignVariablesUnAssignRowData2"
      }
    },
    "assignVariablesUnAssignRowData2": {
      "module": "vb/action/builtin/assignVariablesAction",
      "parameters": {
        "$page.variables.unAssignRowData": {
          "source": {
            "start_date": "{{ $chain.results.callFunctionDateformatter }}"
          },
          "reset": "none",
          "auto": "always"
        }
      }
    },
    "callFunctionDateformatter2": {
      "module": "vb/action/builtin/callModuleFunctionAction",
      "parameters": {
        "module": "[[ $functions ]]",
        "functionName": "dateformatter",
        "params": [
          "{{ $page.variables.unAssignRowData.end_date }}"
        ]
      },
      "outcomes": {
        "success": "assignVariablesUnAssignRowData3"
      }
    },
    "assignVariablesUnAssignRowData3": {
      "module": "vb/action/builtin/assignVariablesAction",
      "parameters": {
        "$page.variables.unAssignRowData": {
          "source": {
            "end_date": "{{ $chain.results.callFunctionDateformatter2 }}"
          },
          "reset": "none",
          "auto": "always"
        }
      }
    },
    "ifUnAssignRowData2": {
      "module": "vb/action/builtin/ifAction",
      "parameters": {
        "condition": "[[ $page.variables.unAssignRowData.end_date ]]"
      },
      "outcomes": {
        "true": "callFunctionDateformatter2"
      }
    },
    "if": {
      "module": "vb/action/builtin/ifAction",
      "parameters": {
        "condition": "[[ $chain.results.callRestPutSalesCreditUnassignSalesForce.body.p_return_status ===\"SUCCESS\" ]]"
      },
      "outcomes": {
        "true": "fireNotification3",
        "false": "fireNotification4"
      }
    },
    "fireNotification4": {
      "module": "vb/action/builtin/fireNotificationEventAction",
      "parameters": {
        "target": "leaf",
        "summary": "[[ $chain.results.callRestPutSalesCreditUnassignSalesForce.body.p_return_status ]]",
        "displayMode": "transient"
      }
    }
  },
  "variables": {
    "key": {
      "required": true,
      "type": "any",
      "input": "fromCaller"
    },
    "index": {
      "required": true,
      "type": "number",
      "input": "fromCaller"
    },
    "current": {
      "required": true,
      "type": "any",
      "input": "fromCaller"
    }
  }
}