{
    "items": [
        {
            "state": "AK",
            "state_concat": "AK-Alaska"
        },
        {
            "state": "AL",
            "state_concat": "AL-Alabama"
        },
        {
            "state": "AR",
            "state_concat": "AR-Arkansas"
        },
        {
            "state": "AS",
            "state_concat": "AS-American Samoa"
        },
        {
            "state": "AZ",
            "state_concat": "AZ-Arizona"
        },
        {
            "state": "CA",
            "state_concat": "CA-California"
        },
        {
            "state": "CO",
            "state_concat": "CO-Colorado"
        },
        {
            "state": "CT",
            "state_concat": "CT-Connecticut"
        },
        {
            "state": "DC",
            "state_concat": "DC-District of Columbia"
        },
        {
            "state": "DE",
            "state_concat": "DE-Delaware"
        },
        {
            "state": "FL",
            "state_concat": "FL-Florida"
        },
        {
            "state": "FM",
            "state_concat": "FM-F.S. of Micronesia"
        },
        {
            "state": "GA",
            "state_concat": "GA-Georgia"
        },
        {
            "state": "GU",
            "state_concat": "GU-Guam"
        },
        {
            "state": "HI",
            "state_concat": "HI-Hawaii"
        },
        {
            "state": "IA",
            "state_concat": "IA-Iowa"
        },
        {
            "state": "ID",
            "state_concat": "ID-Idaho"
        },
        {
            "state": "IL",
            "state_concat": "IL-Illinois"
        },
        {
            "state": "IN",
            "state_concat": "IN-Indiana"
        },
        {
            "state": "KS",
            "state_concat": "KS-Kansas"
        },
        {
            "state": "KY",
            "state_concat": "KY-Kentucky"
        },
        {
            "state": "LA",
            "state_concat": "LA-Louisiana"
        },
        {
            "state": "MA",
            "state_concat": "MA-Massachusetts"
        },
        {
            "state": "MD",
            "state_concat": "MD-Maryland"
        },
        {
            "state": "ME",
            "state_concat": "ME-Maine"
        },
        {
            "state": "MH",
            "state_concat": "MH-Marshall Islands"
        },
        {
            "state": "MI",
            "state_concat": "MI-Michigan"
        },
        {
            "state": "MN",
            "state_concat": "MN-Minnesota"
        },
        {
            "state": "MO",
            "state_concat": "MO-Missouri"
        },
        {
            "state": "MP",
            "state_concat": "MP-N. Mariana Islands"
        },
        {
            "state": "MS",
            "state_concat": "MS-Mississippi"
        },
        {
            "state": "MT",
            "state_concat": "MT-Montana"
        },
        {
            "state": "NC",
            "state_concat": "NC-North Carolina"
        },
        {
            "state": "ND",
            "state_concat": "ND-North Dakota"
        },
        {
            "state": "NE",
            "state_concat": "NE-Nebraska"
        },
        {
            "state": "NH",
            "state_concat": "NH-New Hampshire"
        },
        {
            "state": "NJ",
            "state_concat": "NJ-New Jersey"
        },
        {
            "state": "NM",
            "state_concat": "NM-New Mexico"
        },
        {
            "state": "NV",
            "state_concat": "NV-Nevada"
        },
        {
            "state": "NY",
            "state_concat": "NY-New York"
        },
        {
            "state": "OH",
            "state_concat": "OH-Ohio"
        },
        {
            "state": "OK",
            "state_concat": "OK-Oklahoma"
        },
        {
            "state": "OR",
            "state_concat": "OR-Oregon"
        },
        {
            "state": "PA",
            "state_concat": "PA-Pennsylvania"
        },
        {
            "state": "PR",
            "state_concat": "PR-Puerto Rico"
        },
        {
            "state": "PW",
            "state_concat": "PW-Palau"
        },
        {
            "state": "RI",
            "state_concat": "RI-Rhode Island"
        },
        {
            "state": "SC",
            "state_concat": "SC-South Carolina"
        },
        {
            "state": "SD",
            "state_concat": "SD-South Dakota"
        },
        {
            "state": "TN",
            "state_concat": "TN-Tennessee"
        },
        {
            "state": "TX",
            "state_concat": "TX-Texas"
        },
        {
            "state": "UT",
            "state_concat": "UT-Utah"
        },
        {
            "state": "VA",
            "state_concat": "VA-Virginia"
        },
        {
            "state": "VI",
            "state_concat": "VI-Virgin Islands"
        },
        {
            "state": "VT",
            "state_concat": "VT-Vermont"
        },
        {
            "state": "WA",
            "state_concat": "WA-Washington"
        },
        {
            "state": "WI",
            "state_concat": "WI-Wisconsin"
        },
        {
            "state": "WV",
            "state_concat": "WV-West Virginia"
        },
        {
            "state": "WY",
            "state_concat": "WY-Wyoming"
        }
    ],
    "hasMore": false,
    "limit": 10000,
    "offset": 0,
    "count": 59,
    "links": [
        {
            "rel": "self",
            "href": "https://10.2.0.169:8081/ords/hbg_integration/AutomaticHolds/getStateInfo?P_COUNTRY_CODE=US"
        },
        {
            "rel": "describedby",
            "href": "https://10.2.0.169:8081/ords/hbg_integration/metadata-catalog/AutomaticHolds/item"
        },
        {
            "rel": "first",
            "href": "https://10.2.0.169:8081/ords/hbg_integration/AutomaticHolds/getStateInfo?P_COUNTRY_CODE=US&limit=10000"
        }
    ]
}