{
    "items": [
        {
            "cust_account_id": 300000045774359,
            "country": "US",
            "address1": null,
            "city": "East Boston",
            "postal_code": "02128",
            "state": "MA",
            "province": null,
            "party_site_id": 300000045774361,
            "ship_to_number": "367560",
            "ship_to_name": null,
            "final_destination": "AM"
        },
        {
            "cust_account_id": 300000045774359,
            "country": "US",
            "address1": "123 Main St",
            "city": "Suffield",
            "postal_code": "06078",
            "state": "CT",
            "province": null,
            "party_site_id": 300000049292117,
            "ship_to_number": "374563",
            "ship_to_name": "Secondary Site",
            "final_destination": null
        },
        {
            "cust_account_id": 300000045774359,
            "country": "GB",
            "address1": "Crawley Leisure Park",
            "city": "Crawley",
            "postal_code": "RH10 8LR",
            "state": "Mid Sussex",
            "province": null,
            "party_site_id": 300000065915724,
            "ship_to_number": "380564",
            "ship_to_name": "Crawley",
            "final_destination": null
        }
    ],
    "hasMore": false,
    "limit": 100,
    "offset": 0,
    "count": 3,
    "links": [
        {
            "rel": "self",
            "href": "https://10.2.0.169:8081/ords/hbg_integration/salesCredit/getBillandShipInfo?CUST_ACCOUNT_ID=300000045774359&USECODE=SHIP_TO"
        },
        {
            "rel": "describedby",
            "href": "https://10.2.0.169:8081/ords/hbg_integration/metadata-catalog/salesCredit/item"
        },
        {
            "rel": "first",
            "href": "https://10.2.0.169:8081/ords/hbg_integration/salesCredit/getBillandShipInfo?CUST_ACCOUNT_ID=300000045774359&USECODE=SHIP_TO"
        }
    ]
}