{
    "items": [
        {
            "value": "OPEN",
            "name": "Open"
        },
        {
            "value": "DOO_REFERENCE",
            "name": "Reference"
        },
        {
            "value": "DOO_DRAFT",
            "name": "Draft"
        }
    ],
    "hasMore": false,
    "limit": 100,
    "offset": 0,
    "count": 3,
    "links": [
        {
            "rel": "self",
            "href": "https://10.2.0.169:8081/ords/hbg_integration/salesCredit/getOrderStatus"
        },
        {
            "rel": "describedby",
            "href": "https://10.2.0.169:8081/ords/hbg_integration/metadata-catalog/salesCredit/item"
        },
        {
            "rel": "first",
            "href": "https://10.2.0.169:8081/ords/hbg_integration/salesCredit/getOrderStatus"
        }
    ]
}