{
  "title": "",
  "description": "",
  "variables": {
    "AccountNumberLovSDP": {
      "type": "vb/ServiceDataProvider",
      "defaultValue": {
        "endpoint": "devOrds/getReservationsUIGetCustAccountNumber",
        "responseType": "getReservationsUIGetCustAccountNumber",
        "itemsPath": "items"
      }
    },
    "BillToAccNumberArray": {
      "type": "BillToAccNumberType[]"
    },
    "CountOfReservationLines": {
      "type": "number",
      "input": "fromCaller"
    },
    "CreateBtnOnReservationTypeValue": {
      "type": "string"
    },
    "CreateResDetailButton": {
      "type": "string",
      "input": "fromCaller"
    },
    "CreateResDetailButton2": {
      "type": "string",
      "input": "fromCaller"
    },
    "CreateReservationLineObj": {
      "type": "LinesTblType",
      "input": "fromCaller"
    },

    "CreateReservationObj": {
      "type": "HeadersFormObj",
      "input": "fromCaller",
      "defaultValue": {
        "status": "In Process",
        "reservation_type": "Regular"
      }
    },
    "Flow_Auto_Clear": {
      "type": "string",
      "input": "fromCaller"
    },
    "Flow_Override_HotTitle": {
      "type": "string",
      "input": "fromCaller"
    },
    "getReservationsUIGetAccountTypeLovListSDP": {
      "type": "vb/ArrayDataProvider2",
      "defaultValue": {
        "endpoint": "devOrds/getReservationsUIGetAccountTypeLov",
        "keyAttributes": "description",
        "itemsPath": "items",
        "responseType": "getReservationsUIGetAccountTypeLovResponse",
        "transformsContext": {
          "vb-textFilterAttributes": [
            "description"
          ]
        },
        "capabilities": {
          "fetchByKeys": {
            "multiKeyLookup": "yes",
            "implementation": "lookup"
          }
        },
        "itemType": "getReservationsUIGetAccountTypeLovResponse"
      }
    },
    "getReservationsUIGetCustAccountNumberListSDP": {
      "type": "vb/ArrayDataProvider2",
      "defaultValue": {
        "endpoint": "devOrds/getReservationsUIGetCustAccountNumber",
        "keyAttributes": "account_number",
        "itemsPath": "items",
        "responseType": "getReservationsUIGetCustAccountNumberResponse",
        "transformsContext": {
          "vb-textFilterAttributes": [
            "account_number"
          ]
        },
        "itemType": "getReservationsUIGetCustAccountNumber"
      }
    },
    "getReservationsUIGetPartyNameListSDP": {
      "type": "vb/ArrayDataProvider2",
      "defaultValue": {
        "endpoint": "devOrds/getReservationsUIGetPartyName",
        "itemsPath": "items",
        "responseType": "getReservationsUIGetPartyNameResponse",
        "transformsContext": {
          "vb-textFilterAttributes": [
            "party_name"
          ]
        },
        "itemType": "getReservationsUIGetPartyNameResponse",
        "keyAttributes": "party_number"
      }
    },
    "getReservationsUIGetPartySiteNumberLOVListSDP2": {
      "type": "vb/ArrayDataProvider2",
      "defaultValue": {
        "endpoint": "devOrds/getReservationsUIGetPartySiteNumberLOV",
        "keyAttributes": "party_site_number",
        "itemsPath": "items",
        "responseType": "getReservationsUIGetPartySiteNumberLOVResponse2",
        "transformsContext": {
          "vb-textFilterAttributes": [
            "party_site_number"
          ]
        },
        "itemType": "getReservationsUIGetPartySiteNumberLOVResponse2"
      }
    },
    "getReservationsUIGetSalesTypeLovListSDP": {
      "type": "vb/ArrayDataProvider2",
      "defaultValue": {
        "endpoint": "devOrds/getReservationsUIGetSalesTypeLov",
        "keyAttributes": "description",
        "itemsPath": "items",
        "responseType": "getReservationsUIGetSalesTypeLovResponse",
        "transformsContext": {
          "vb-textFilterAttributes": [
            "description"
          ]
        },
        "itemType": "getReservationsUIGetSalesTypeLovResponse"
      }
    },
    "GetSysDate": {
      "type": "string"
    },
    "InventoryOrgLovSDP": {
      "type": "vb/ServiceDataProvider",
      "defaultValue": {
        "endpoint": "devOrds/GetInvOrgData",
        "itemsPath": "items",
        "responseType": "InventoryOrgLovType"
      }
    },
    "ItemAttributes_Obj": {
      "type": "ItemAttributes",
      "input": "fromCaller"
    },
    "ItemCodeLov": {
      "type": "vb/ServiceDataProvider",
      "defaultValue": {
        "endpoint": "devOrds/getReservationsUIItemCodeLov",
        "responseType": "ItemCodeLovType",
        "itemsPath": "items"
      }
    },
    "LotNumberADP": {
      "type": "vb/ArrayDataProvider2",
      "defaultValue": {
        "itemType": "LotNumber",
        "keyAttributes": "Lot_Number"
      }
    },
    "OrderNumberLovSDP": {
      "type": "vb/ArrayDataProvider2",
      "defaultValue": {
        "endpoint": "devOrds/getReservationsUIGetOrderNumberLoV",
        "responseType": "getReservationsUIGetOrderNumberLoV",
        "itemsPath": "items",
        "keyAttributes": "order_number",
        "transformsContext": {
          "vb-textFilterAttributes": [
            "order_number"
          ]
        },
        "itemType": "getReservationsUIGetOrderNumberLoV"
      }
    },
    "OrgCodePartyNameArray": {
      "type": "OrgCodePartyNameType[]"
    },
    "PageHeading": {
      "type": "string",
      "input": "fromCaller",
      "defaultValue": "Create"
    },
    "reasonCodeListSDP": {
      "type": "vb/ServiceDataProvider",
      "defaultValue": {
        "endpoint": "businessObjects/getall_ReasonCode",
        "responseType": "getall_ReasonCode",
        "itemsPath": "items",
        "keyAttributes": "reasonCode",
        "transformsContext": {
          "vb-textFilterAttributes": [
            "reasonCode"
          ]
        }
      }
    },
    "ReservationCriteriaADP": {
      "type": "vb/ArrayDataProvider2",
      "defaultValue": {
        "itemType": "ReservationCriteria",
        "keyAttributes": "CriteriaUID"
      }
    },
    "ReservationCriteriaObj": {
      "type": "ReservationCriteria",
      "input": "fromCaller"
    },
    "ReservationLineADP": {
      "type": "vb/ArrayDataProvider2",
      "defaultValue": {
        "itemType": "LinesTblType",
        "keyAttributes": "item_code"
      }
    },
    "ReservationTypeChange": {
      "type": "string",
      "input": "fromCaller"
    },
    "reservationTypeListSDP": {
      "type": "vb/ServiceDataProvider",
      "defaultValue": {
        "endpoint": "businessObjects/getall_ReservationType",
        "responseType": "getall_ReservationType",
        "itemsPath": "items",
        "keyAttributes": "reservationType",
        "transformsContext": {
          "vb-textFilterAttributes": [
            "reservationType"
          ]
        }
      }
    },
    "SelectLotNumberObj": {
      "type": "LotNumber"
    },
    "ShipToPartySiteNumberArray": {
      "type": "ShipToPartySiteNumberType[]"
    }

  },
  "metadata": {},
  "types": {
    "@decorators.BillToAccNumberType": {
      "endpoint": "getReservationsUIGetCustAccountNumber",
      "service": "devOrds",
      "path": "response-_-items[0]"
    },
    "@decorators.getall_ReasonCode": {
      "endpoint": "getall_ReasonCode",
      "service": "businessObjects",
      "path": "response"
    },
    "@decorators.getall_ReservationType": {
      "endpoint": "getall_ReservationType",
      "service": "businessObjects",
      "path": "response"
    },
    "@decorators.getReservationsUIGetAccountTypeLovResponse": {
      "endpoint": "getReservationsUIGetAccountTypeLov",
      "service": "devOrds",
      "path": "response"
    },
    "@decorators.getReservationsUIGetCustAccountNumber": {
      "endpoint": "getReservationsUIGetCustAccountNumber",
      "service": "devOrds",
      "path": "response"
    },
    "@decorators.getReservationsUIGetCustAccountNumberResponse": {
      "endpoint": "getReservationsUIGetCustAccountNumber",
      "service": "devOrds",
      "path": "response"
    },
    "@decorators.getReservationsUIGetOrderNumberLoV": {
      "endpoint": "getReservationsUIGetOrderNumberLoV",
      "service": "devOrds",
      "path": "response"
    },
    "@decorators.getReservationsUIGetPartyNameResponse": {
      "endpoint": "getReservationsUIGetPartyName",
      "service": "devOrds",
      "path": "response"
    },
    "@decorators.getReservationsUIGetPartySiteNumberLOVResponse2": {
      "endpoint": "getReservationsUIGetPartySiteNumberLOV",
      "service": "devOrds",
      "path": "response"
    },
    "@decorators.getReservationsUIGetSalesTypeLovResponse": {
      "endpoint": "getReservationsUIGetSalesTypeLov",
      "service": "devOrds",
      "path": "response"
    },
    "@decorators.getReservationsUIItemCodeLov": {
      "endpoint": "getReservationsUIItemCodeLov",
      "service": "devOrds",
      "path": "response"
    },
    "@decorators.HeadersFormObj": {
      "endpoint": "getReservationsUIReservationHeader",
      "service": "devOrds",
      "path": "response-_-items[0]"
    },
    "@decorators.InventoryOrgLovType": {
      "endpoint": "GetInvOrgData",
      "service": "devOrds",
      "path": "response"
    },
    "@decorators.ItemCodeLovType": {
      "endpoint": "getReservationsUIReservationLine",
      "service": "devOrds",
      "path": "response"
    },
    "@decorators.LinesTblType": {
      "endpoint": "getReservationsUIReservationLine",
      "service": "devOrds",
      "path": "response-_-items[0]"
    },
    "@decorators.OrgCodePartyNameType": {
      "endpoint": "getReservationsUIGetPartyName",
      "service": "devOrds",
      "path": "response-_-items[0]"
    },
    "@decorators.ShipToPartySiteNumberType": {
      "endpoint": "getReservationsUIGetPartySiteNumberLOV",
      "service": "devOrds",
      "path": "response-_-items[0]"
    },
    "BillToAccNumberType": {
      "account_name": "string",
      "account_number": "string"
    },
    "getall_ReasonCode": {
      "items": [
        {
          "reasonCode": "string"
        }
      ]
    },
    "getall_ReservationType": {
      "items": [
        {
          "reservationType": "string"
        }
      ]
    },
    "getReservationsUIGetAccountTypeLovResponse": {
      "description": "string"
    },
    "getReservationsUIGetCustAccountNumber": {
      "account_number": "string"
    },
    "getReservationsUIGetCustAccountNumberResponse": {
      "items": [
        {
          "account_number": "string"
        }
      ]
    },
    "getReservationsUIGetOrderNumberLoV": {
      "order_number": "string"
    },
    "getReservationsUIGetPartyNameResponse": {
      "party_number": "string"
    },
    "getReservationsUIGetPartySiteNumberLOVResponse2": {
      "party_site_number": "string"
    },
    "getReservationsUIGetSalesTypeLovResponse": {
      "description": "string"
    },
    "getReservationsUIItemCodeLov": {
      "items": [
        {
          "item_number": "string"
        }
      ]
    },
    "HeadersFormObj": {
      "approver": "string",
      "auto_clear_on_expiry_date": "string",
      "auto_clear_on_expiry_date_dummy": "string[]",
      "comments": "string",
      "created_by": "string",
      "created_date": "string",
      "expiration_date": "string",
      "inventory_organization": "string",
      "last_update_date": "string",
      "last_updated_by": "string",
      "pre_reservation_number": "number",
      "print_number": "string",
      "reason_code": "string",
      "requester": "string",
      "reservation_type": "string",
      "status": "string"

    },
    "InventoryOrgLovType": {
      "items": [
        {
          "organization_code": "string"
        }
      ]
    },
    "ItemAttributes": {
      "category_1": "string",
      "category_1_description": "string",
      "category_2": "string",
      "category_2_description": "string",
      "isbn_on_book": "number",
      "item_number": "string",
      "owner": "string",
      "owner_description": "string",
      "pub_status": "string",
      "reporting_group": "string",
      "reporting_group_description": "string",
      "short_author": "string",
      "short_title": "string"
    },
    "ItemCodeLovType": {
      "items": [
        {
          "item_code": "string"
        }
      ]
    },
    "LinesTblType": {
      "available_reserved": "number",
      "created_by": "string",
      "created_date": "string",
      "end_balance": "number",
      "erp_reservation_id": "string",
      "inventory_organization": "string",
      "ip_only": "string",
      "isbn_on_book": "number",
      "item_code": "string",
      "last_update_date": "string",
      "last_updated_by": "string",
      "lot_number": "string",
      "po_number": "string",
      "pre_reserved_balance": "number",
      "print_number": "string",
      "record_id": "number",
      "released_via_cuid": "number",
      "requested_quantity": "number",
      "reservation_number": "number",
      "reservation_type": "string",
      "reserved_quantity": "number",
      "short_title": "string",
      "status": "string",
      "subinventory": "string",
      "usable_balance": "number",
      "wo_number": "string"

    },
    "LotNumber": {
      "AVAILABLE_TO_RESERVE": "number",
      "LOT_NUMBER": "string",
      "LOT_STATUS": "string",
      "ON_HAND_QUANTITY": "number",
      "ORGANIZATION_CODE": "string",
      "RESERVED_QTY": "number",
      "SUBINVENTORY_CODE": "string"

    },
    "OrgCodePartyNameType": {
      "party_number": "string"
    },
    "ReservationCriteria": {
      "account_type": "string",
      "bill_to_code": "string",
      "criteria_uid": "number",
      "entered_by": "string",
      "item_code": "string",
      "offer_code": "string",
      "order_number": "string",
      "organization_code": "string",
      "override_hot_title": "string",
      "override_hot_title_dummy": "string[]",
      "purchase_order_number": "string",
      "release_date": "string",
      "reservation_number": "number",
      "sale_type": "string",
      "ship_to_code": "string",
      "work_order_number": "string"

    },
    "ShipToPartySiteNumberType": {
      "party_site_number": "string"
    }

  },
  "eventListeners": {
    "buttonAction": {
      "chains": [
        {
          "chainId": "OpenCreateResevationDialog"
        }
      ],
      "@dt": {
        "showInDiagram": "on"
      }
    },
    "buttonAction10": {
      "chains": [
        {
          "chainId": "Create_Reservation_Header"
        }
      ]
    },
    "buttonAction11": {
      "chains": [
        {
          "chainId": "CreateandAddReservationLines2"
        },
        {
          "chainId": "CreateandAddReservationLine2"
        }
      ]
    },
    "buttonAction12": {
      "chains": [
        {
          "chainId": "CloseItemAttributesDialog"
        }
      ]
    },
    "buttonAction13": {
      "chains": [
        {
          "chainId": "ViewItemAttributes"
        }
      ]
    },
    "buttonAction14": {
      "chains": [
        {
          "chainId": "ReservationSubmitButton"
        }
      ]
    },
    "buttonAction2": {
      "chains": [
        {
          "chainId": "FetchLotDetailsAction"
        }
      ]
    },
    "buttonAction3": {
      "chains": [
        {
          "chainId": "CreateReservationLine"
        }
      ]
    },
    "buttonAction4": {
      "chains": [
        {
          "chainId": "OpenCreteriaDlgAction"
        }
      ]
    },
    "buttonAction5": {
      "chains": [
        {
          "chainId": "CloseCreateReservationDialog"
        }
      ]
    },
    "buttonAction6": {
      "chains": [
        {
          "chainId": "CriteriaDlgCloseAction"
        }
      ]
    },
    "buttonAction7": {
      "chains": [
        {
          "chainId": "NavigatebacktohomeAction"
        }
      ]
    },
    "buttonAction8": {
      "chains": [
        {
          "chainId": "CloseLotNumDialog"
        }
      ]
    },
    "buttonAction9": {
      "chains": [
        {
          "chainId": "SaveReservationCriteria"
        }
      ]
    },
    "checkboxSetValue": {
      "chains": [
        {
          "chainId": "ResCriteriaCheckBoxValueChangeChain",
          "parameters": {
            "value": "{{ $event.detail.value }}"
          }
        }
      ]
    },
    "checkboxSetValue2": {
      "chains": [
        {
          "chainId": "ResHeaderCheckboxSetValueChangeChain",
          "parameters": {
            "value": "{{ $event.detail.value }}"
          }
        }
      ]
    },
    "comboKeyup": {
      "chains": [
        {
          "chainId": "BilltoCodeComboKeyupChain",
          "parameters": {
            "CurrentKey": "[[ $event.key ]]",
            "CurrentValue": "[[ $event.srcElement.value ]]"
          }
        }
      ]
    },
    "comboKeyup2": {
      "chains": [
        {
          "chainId": "OrganizationCodeComboKeyupChain",
          "parameters": {
            "CurrentKey": "[[ $event.key ]]",
            "CurrentValue": "[[ $event.srcElement.value ]]"
          }
        }
      ]
    },
    "comboKeyup3": {
      "chains": [
        {
          "chainId": "ShipToComboKeyupChain",
          "parameters": {
            "CurrentKey": "[[ $event.key ]]",
            "CurrentValue": "[[ $event.srcElement.value ]]"
          }
        }
      ]
    },
    "comboValue": {
      "chains": [
        {
          "chainId": "OnValueReservationType",
          "parameters": {
            "value": "{{ $event.detail.value }}"
          }
        }
      ]
    },
    "comboValue2": {
      "chains": [
        {
          "chainId": "ComboValueChangeChain",
          "parameters": {
            "values": "{{ $event.detail.value }}"
          }
        }
      ]
    },
    "comboValue3": {
      "chains": [
        {
          "chainId": "ComboValueChangeChain1",
          "parameters": {
            "value": "{{ $event.detail.value }}"
          }
        }
      ]
    },
    "comboValue4": {
      "chains": [
        {
          "chainId": "ComboValueChangeChain2",
          "parameters": {
            "value": "{{ $event.detail.value }}"
          }
        }
      ]
    },
    "createCriteriaClose": {
      "chains": [
        {
          "chainId": "CriteriaDlgCloseAction"
        }
      ]
    },
    "createlinesOpen": {
      "chains": [
        {
          "chainId": "ReservationLinesDialogOpenChain"
        }
      ]
    },
    "iconClick": {
      "chains": [
        {
          "chainId": "IconClickChain",
          "parameters": {
            "key": "{{ $current.key }}",
            "index": "{{ $current.index }}",
            "current": "{{ $current }}"
          }
        }
      ]
    },
    "iconClick2": {
      "chains": [
        {
          "chainId": "IconClickChain1",
          "parameters": {
            "key": "{{ $current.key }}",
            "index": "{{ $current.index }}",
            "current": "{{ $current }}"
          }
        }
      ]
    },
    "iconClick3": {
      "chains": [
        {
          "chainId": "deleteReservationLines",
          "parameters": {
            "key": "{{ $current.key }}",
            "index": "{{ $current.index }}",
            "current": "{{ $current }}"
          }
        }
      ]
    },
    "iconClick4": {
      "chains": [
        {
          "chainId": "deleteCriteria"
        }
      ]
    },
    "iconClick5": {
      "chains": [
        {
          "chainId": "deleteReservationCriteria",
          "parameters": {
            "key": "{{ $current.key }}",
            "index": "{{ $current.index }}",
            "current": "{{ $current }}"
          }
        }
      ]
    },
    "inputNumberValue": {
      "chains": [
        {
          "chainId": "getReservationLineAttributes"
        }
      ]
    },
    "inputNumberValue2": {
      "chains": [
        {
          "chainId": "RequestedQtyValueChangeChain",
          "parameters": {
            "value": "{{ $event.detail.value }}"
          }
        }
      ]
    },
    "selectKeyup": {
      "chains": [
        {
          "chainId": "SelectKeyupChain",
          "parameters": {
            "CurrentValue": "[[ $event.srcElement.value ]]"
          }
        }
      ]
    },
    "selectValueItem": {
      "chains": [
        {
          "chainId": "OnValueReservationType"
        }
      ]
    },
    "tableFirstSelectedRow2": {
      "chains": [
        {
          "chainId": "TableFirstSelectedRowChangeChain2",
          "parameters": {
            "rowKey": "{{$event.detail.value.key}}",
            "rowData": "{{$event.detail.value.data}}"
          }
        }
      ]
    },
    "tableFirstSelectedRow3": {
      "chains": [
        {
          "chainId": "TableFirstSelectedRowChangeChain1",
          "parameters": {
            "rowKey": "{{$event.detail.value.key}}",
            "rowData": "{{$event.detail.value.data}}"
          }
        }
      ]
    },
    "tableFirstSelectedRow4": {
      "chains": [
        {
          "chainId": "TableFirstSelectedRowChangeChain3",
          "parameters": {
            "rowKey": "{{$event.detail.value.key}}",
            "rowData": "{{$event.detail.value.data}}"
          }
        }
      ]
    },
    "toggleDrawer": {
      "chains": [
        {
          "chainId": "application:toggleDrawerHandler"
        }
      ]
    },
    "vbEnter": {
      "chains": [
{
          "parameters": {},
          "chainId": "GetReservationLines"
        },
        {
          "parameters": {},
          "chainId": "GetAllLOVs"
        }
      ]
    }

  },
  "imports": {
    "components": {
      "oj-button": {
        "path": "ojs/ojbutton"
      },
      "oj-checkboxset": {
        "path": "ojs/ojcheckboxset"
      },
      "oj-combobox-one": {
        "path": "ojs/ojselectcombobox"
      },
      "oj-dialog": {
        "path": "ojs/ojdialog"
      },
      "oj-form-layout": {
        "path": "ojs/ojformlayout"
      },
      "oj-highlight-text": {
        "path": "ojs/ojhighlighttext"
      },
      "oj-input-date": {
        "path": "ojs/ojdatetimepicker"
      },
      "oj-input-number": {
        "path": "ojs/ojinputnumber"
      },
      "oj-input-text": {
        "path": "ojs/ojinputtext"
      },
      "oj-option": {
        "path": "ojs/ojoption"
      },
      "oj-sample-export-data": {
        "path": "oj-sample/export-data/loader"
      },
      "oj-select-single": {
        "path": "ojs/ojselectsingle"
      },
      "oj-table": {
        "path": "ojs/ojtable"
      }

    },
    "modules": {
      "ojValidationDateTime": {
        "path": "ojs/ojvalidation-datetime"
      },
      "ojValidationNumber": {
        "path": "ojs/ojvalidation-number"
      }

    }
  }
}