{
  "title": "",
  "description": "",
  "variables": {
    "Item_code": {
      "type": "string",
      "defaultValue": ""
    },
    "Pre_Reservation_Number": {
      "type": "string",
      "defaultValue": ""
    },
    "ReservationHistoryTableADP": {
      "type": "vb/ArrayDataProvider2"
    }
  },
  "metadata": {},
  "types": {
    "@decorators.getReservationsUIReservationHistory": {
      "endpoint": "getReservationsUIReservationHistory",
      "service": "devOrds",
      "path": "response"
    },
    "getReservationsUIReservationHistory": {
      "items": [
        {
          "account_name": "any",
          "account_number": "any",
          "changed_date": "string",
          "changed_from": "any",
          "changed_to": "any",
          "criteria_uid": "any",
          "field_name": "any",
          "item_code": "string",
          "order_reference_number": "any",
          "order_type": "any",
          "organization_name": "string",
          "organization_number": "any",
          "pre_reservation_number": "number",
          "purchase_order_number": "any",
          "released_from_pre_reservation_quantity": "any",
          "transaction_type": "string",
          "user_name": "string",
          "work_order_number": "any"
        }
      ]
    }
  },
  "eventListeners": {
    "buttonAction": {
      "chains": [
        {
          "chainId": "ButtonActionChain"
        }
      ]
    },
    "buttonAction2": {
      "chains": [
        {
          "chainId": "ButtonActionChain1"
        }
      ]
    },
    "toggleDrawer": {
      "chains": [
        {
          "chainId": "application:toggleDrawerHandler"
        }
      ]
    }

  },
  "imports": {
    "components": {
      "oj-button": {
        "path": "ojs/ojbutton"
      },
      "oj-form-layout": {
        "path": "ojs/ojformlayout"
      },
      "oj-input-text": {
        "path": "ojs/ojinputtext"
      },
      "oj-table": {
        "path": "ojs/ojtable"
      }
    }
  }
}