{
    "transactions": [
        {
            "org_number": "315693",
            "org_name": "HBG Customer",
            "account_balance": 260,
            "unapplied_amount": 0,
            "invoice_total": 260,
            "claim_total": 0,
            "credit_total": 0,
            "tier": null,
            "tax_exempt": null,
            "currency": null,
            "transaction_details": [
                {
                    "trx_key": 8385,
                    "transaction_id": 300000047393989,
                    "cust_account_id": 300000045861747,
                    "party_id": 300000045861745,
                    "account_number": "6001",
                    "account_name": "AC Description",
                    "org_nbr": "315693",
                    "trx_code": null,
                    "trx_type": null,
                    "flag_code": null,
                    "claim_number": "claim_num",
                    "invoice_ref_num": null,
                    "invoice_po_number": null,
                    "invoice_number": "12000",
                    "amount": 200,
                    "due_date": "2023-01-08",
                    "trx_date": "2022-12-09",
                    "aging_cat": "aging_cat",
                    "status": "Hold",
                    "payment_terms": "30 Net",
                    "edi_trans_date": null,
                    "edi_ack_date": null,
                    "edi_remit_date": null,
                    "trx_class": "INV"
                },
                {
                    "trx_key": 8386,
                    "transaction_id": 300000045861843,
                    "cust_account_id": 300000045861747,
                    "party_id": 300000045861745,
                    "account_number": "6001",
                    "account_name": "AC Description",
                    "org_nbr": "315693",
                    "trx_code": "55R",
                    "trx_type": "GL",
                    "flag_code": "E",
                    "claim_number": "claim_num",
                    "invoice_ref_num": null,
                    "invoice_po_number": "PO123",
                    "invoice_number": "11001",
                    "amount": 20,
                    "due_date": "2022-12-25",
                    "trx_date": "2022-11-25",
                    "aging_cat": "aging_cat",
                    "status": "Hold",
                    "payment_terms": "30 Net",
                    "edi_trans_date": "2022-11-01",
                    "edi_ack_date": "2022-12-01",
                    "edi_remit_date": "2023-01-01",
                    "trx_class": "INV"
                },
                {
                    "trx_key": 8387,
                    "transaction_id": 300000045861837,
                    "cust_account_id": 300000045861747,
                    "party_id": 300000045861745,
                    "account_number": "6001",
                    "account_name": "AC Description",
                    "org_nbr": "315693",
                    "trx_code": null,
                    "trx_type": null,
                    "flag_code": null,
                    "claim_number": "claim_num",
                    "invoice_ref_num": null,
                    "invoice_po_number": null,
                    "invoice_number": "10001",
                    "amount": 20,
                    "due_date": "2022-12-25",
                    "trx_date": "2022-11-25",
                    "aging_cat": "aging_cat",
                    "status": "Hold",
                    "payment_terms": "30 Net",
                    "edi_trans_date": null,
                    "edi_ack_date": null,
                    "edi_remit_date": null,
                    "trx_class": "INV"
                },
                {
                    "trx_key": 8388,
                    "transaction_id": 300000045861940,
                    "cust_account_id": 300000045861747,
                    "party_id": 300000045861745,
                    "account_number": "6001",
                    "account_name": "AC Description",
                    "org_nbr": "315693",
                    "trx_code": null,
                    "trx_type": null,
                    "flag_code": null,
                    "claim_number": "claim_num",
                    "invoice_ref_num": null,
                    "invoice_po_number": null,
                    "invoice_number": "10008",
                    "amount": 20,
                    "due_date": "2022-12-26",
                    "trx_date": "2022-11-26",
                    "aging_cat": "aging_cat",
                    "status": "Hold",
                    "payment_terms": "30 Net",
                    "edi_trans_date": null,
                    "edi_ack_date": null,
                    "edi_remit_date": null,
                    "trx_class": "INV"
                }
            ]
        }
    ],
    "ret_status": "SUCCESS"
}