{
  "description": "",
  "root": "assignVariablesShipSchTemplate",
  "actions": {
    "fireNotification": {
      "module": "vb/action/builtin/fireNotificationEventAction",
      "parameters": {
        "target": "leaf",
        "summary": "[[ $chain.results.callRestPostShippingSchedulesShippingScheduleTemplate2.message.summary ]]",
        "type": "error",
        "displayMode": "persist"
      }
    },
    "callRestPostShippingSchedulesShippingScheduleTemplate2": {
      "module": "vb/action/builtin/restAction",
      "parameters": {
        "endpoint": "devOrds/postShippingSchedulesShippingScheduleTemplate2",
        "body": "{{ $page.variables.ShipSchTemplate }}"
      },
      "outcomes": {
        "failure": "fireNotification",
        "success": "if"
      }
    },
    "assignVariablesShipSchTemplate": {
      "module": "vb/action/builtin/assignVariablesAction",
      "parameters": {
        "$page.variables.ShipSchTemplate": {
          "source": {
            "created_by": "{{ $application.user.email }}",
            "last_updated_by": "{{ $application.user.email }}"
          },
          "reset": "none",
          "auto": "always"
        }
      },
      "outcomes": {
        "success": "callRestPostShippingSchedulesShippingScheduleTemplate2"
      }
    },
    "if": {
      "module": "vb/action/builtin/ifAction",
      "parameters": {
        "condition": "[[ $chain.results.callRestPostShippingSchedulesShippingScheduleTemplate2.body.x_return_status === \"SUCCESS\" ]]"
      },
      "outcomes": {
        "true": "fireNotificationShipSchTemplate"
      }
    },
    "fireNotificationShipSchTemplate": {
      "module": "vb/action/builtin/fireNotificationEventAction",
      "parameters": {
        "target": "leaf",
        "summary": "[[ $page.variables.ShipSchTemplate.shipping_schedule_type ]]",
        "message": "Template Saved Successfully",
        "displayMode": "transient",
        "type": "confirmation"
      }
    }
  },
  "variables": {}
}