{
  "description": "",
  "root": "resetVariablesShipSchTemplate",
  "actions": {
    "resetVariablesShipSchTemplate": {
      "module": "vb/action/builtin/resetVariablesAction",
      "parameters": {
        "variables": [
          "$page.variables.ShipSchTemplate.add_items_automatically",
          "$page.variables.ShipSchTemplate.add_items_automatically_dummy",
          "$page.variables.ShipSchTemplate.cleanup_release_date_editable",
          "$page.variables.ShipSchTemplate.cleanup_release_date_editable_dummy",
          "$page.variables.ShipSchTemplate.cleanup_release_date_required",
          "$page.variables.ShipSchTemplate.cleanup_release_date_required_dummy",
          "$page.variables.ShipSchTemplate.cleanup_release_date_subtract_from_osd",
          "$page.variables.ShipSchTemplate.created_by",
          "$page.variables.ShipSchTemplate.cutoff_date_editable",
          "$page.variables.ShipSchTemplate.cutoff_date_editable_dummy",
          "$page.variables.ShipSchTemplate.cutoff_date_required",
          "$page.variables.ShipSchTemplate.cutoff_date_required_dummy",
          "$page.variables.ShipSchTemplate.cutoff_date_subtract_from_release_date",
          "$page.variables.ShipSchTemplate.last_updated_by",
          "$page.variables.ShipSchTemplate.on_sale_date_editable",
          "$page.variables.ShipSchTemplate.on_sale_date_editable_dummy",
          "$page.variables.ShipSchTemplate.on_sale_date_required",
          "$page.variables.ShipSchTemplate.on_sale_date_required_dummy",
          "$page.variables.ShipSchTemplate.release_date_editable",
          "$page.variables.ShipSchTemplate.release_date_editable_dummy",
          "$page.variables.ShipSchTemplate.release_date_required",
          "$page.variables.ShipSchTemplate.release_date_required_dummy",
          "$page.variables.ShipSchTemplate.release_date_subtract_from_osd",
          "$page.variables.ShipSchTemplate.remove_items_automatically",
          "$page.variables.ShipSchTemplate.remove_items_automatically_dummy",
          "ShipSchTemplate"
        ]
      },
      "outcomes": {
        "success": "callRestGetShippingSchedulesShippingScheduleTemplate2"
      }
    },
    "fireNotification": {
      "module": "vb/action/builtin/fireNotificationEventAction",
      "parameters": {
        "target": "leaf",
        "summary": "[[ $chain.results.callRestGetShippingSchedulesShippingScheduleTemplate2.message.summary ]]",
        "type": "error",
        "displayMode": "persist"
      }
    },
    "callRestGetShippingSchedulesShippingScheduleTemplate2": {
      "module": "vb/action/builtin/restAction",
      "parameters": {
        "endpoint": "devOrds/getShippingSchedulesShippingScheduleTemplate2",
        "uriParams": {
          "p_shipping_schedule_type": "{{ $page.variables.ShipSchTemplate.shipping_schedule_type }}"
        }
      },
      "outcomes": {
        "failure": "fireNotification",
        "success": "assignVariables"
      }
    },
    "assignVariables": {
      "module": "vb/action/builtin/assignVariablesAction",
      "parameters": {}
    }
  },
  "variables": {
    "key": {
      "required": true,
      "type": "any",
      "input": "fromCaller"
    },
    "data": {
      "required": true,
      "type": "any",
      "input": "fromCaller"
    },
    "metadata": {
      "required": true,
      "type": "any",
      "input": "fromCaller"
    }
  }
}