{
    "items": [
        {
            "lookup_type": "HBG_REPORTING_GROUP",
            "lookup_code": "TW17",
            "meaning": "Time Warner Audiobooks",
            "description": "17",
            "enabled_flag": "Y",
            "display_sequence": 55,
            "created_by": "thastings@pelotongroup.com",
            "creation_date": "2022-11-21T21:33:15Z",
            "last_updated_by": "thastings@pelotongroup.com",
            "last_update_date": "2022-11-21T21:33:15Z",
            "tag": "TW",
            "status": "N",
            "status_message": null,
            "oic_run_id": 20221123
        }
    ],
    "hasMore": false,
    "limit": 25,
    "offset": 0,
    "count": 1,
    "links": [
        {
            "rel": "self",
            "href": "https://10.2.0.169:8081/ords/hbg_integration/AutomaticHolds/getReportingGroupDetails?P_REPORTING_GROUP=TW17"
        },
        {
            "rel": "describedby",
            "href": "https://10.2.0.169:8081/ords/hbg_integration/metadata-catalog/AutomaticHolds/item"
        },
        {
            "rel": "first",
            "href": "https://10.2.0.169:8081/ords/hbg_integration/AutomaticHolds/getReportingGroupDetails?P_REPORTING_GROUP=TW17"
        }
    ]
}