{
    "items": [
        {
            "lookup_type": "HBG_CATEGORY_1",
            "lookup_code": "AB5801",
            "meaning": "General Trade_AB5801",
            "description": "01",
            "enabled_flag": "Y",
            "display_sequence": 1,
            "created_by": "thastings@pelotongroup.com",
            "creation_date": "2022-11-21T21:40:34Z",
            "last_updated_by": "thastings@pelotongroup.com",
            "last_update_date": "2022-11-22T14:35:35Z",
            "tag": "AB58"
        },
        {
            "lookup_type": "HBG_CATEGORY_1",
            "lookup_code": "AB5803",
            "meaning": "Childrens_AB5803",
            "description": "03",
            "enabled_flag": "Y",
            "display_sequence": 2,
            "created_by": "thastings@pelotongroup.com",
            "creation_date": "2022-11-21T21:40:34.040Z",
            "last_updated_by": "thastings@pelotongroup.com",
            "last_update_date": "2022-11-22T14:35:35.048Z",
            "tag": "AB58"
        },
        {
            "lookup_type": "HBG_CATEGORY_1",
            "lookup_code": "AB5804",
            "meaning": "Distribution_AB5804",
            "description": "04",
            "enabled_flag": "Y",
            "display_sequence": 3,
            "created_by": "thastings@pelotongroup.com",
            "creation_date": "2022-11-21T21:40:34.060Z",
            "last_updated_by": "thastings@pelotongroup.com",
            "last_update_date": "2022-11-22T14:35:35.067Z",
            "tag": "AB58"
        },
        {
            "lookup_type": "HBG_CATEGORY_1",
            "lookup_code": "AB5805",
            "meaning": "Comic Arts_AB5805",
            "description": "05",
            "enabled_flag": "Y",
            "display_sequence": 4,
            "created_by": "thastings@pelotongroup.com",
            "creation_date": "2022-11-21T21:40:34.099Z",
            "last_updated_by": "thastings@pelotongroup.com",
            "last_update_date": "2022-11-22T14:35:35.078Z",
            "tag": "AB58"
        },
        {
            "lookup_type": "HBG_CATEGORY_1",
            "lookup_code": "AB5806",
            "meaning": "Merchandise_AB5806",
            "description": "06",
            "enabled_flag": "Y",
            "display_sequence": 5,
            "created_by": "thastings@pelotongroup.com",
            "creation_date": "2022-11-21T21:40:34.114Z",
            "last_updated_by": "thastings@pelotongroup.com",
            "last_update_date": "2022-11-22T14:35:35.091Z",
            "tag": "AB58"
        },
        {
            "lookup_type": "HBG_CATEGORY_1",
            "lookup_code": "AB5807",
            "meaning": "Stewart Tabori and Chang_AB5807",
            "description": "07",
            "enabled_flag": "Y",
            "display_sequence": 6,
            "created_by": "thastings@pelotongroup.com",
            "creation_date": "2022-11-21T21:40:34.127Z",
            "last_updated_by": "thastings@pelotongroup.com",
            "last_update_date": "2022-11-22T14:35:35.117Z",
            "tag": "AB58"
        },
        {
            "lookup_type": "HBG_CATEGORY_1",
            "lookup_code": "AB5808",
            "meaning": "Cernunnos_AB5808",
            "description": "08",
            "enabled_flag": "Y",
            "display_sequence": 7,
            "created_by": "thastings@pelotongroup.com",
            "creation_date": "2022-11-21T21:40:34.142Z",
            "last_updated_by": "thastings@pelotongroup.com",
            "last_update_date": "2022-11-22T14:35:35.131Z",
            "tag": "AB58"
        },
        {
            "lookup_type": "HBG_CATEGORY_1",
            "lookup_code": "AB5809",
            "meaning": "Special Editions_AB5809",
            "description": "09",
            "enabled_flag": "Y",
            "display_sequence": 8,
            "created_by": "thastings@pelotongroup.com",
            "creation_date": "2022-11-21T21:40:34.156Z",
            "last_updated_by": "thastings@pelotongroup.com",
            "last_update_date": "2022-11-22T14:35:35.143Z",
            "tag": "AB58"
        },
        {
            "lookup_type": "HBG_CATEGORY_1",
            "lookup_code": "AB5810",
            "meaning": "Magic Cat_AB5810",
            "description": "10",
            "enabled_flag": "Y",
            "display_sequence": 9,
            "created_by": "thastings@pelotongroup.com",
            "creation_date": "2022-11-21T21:40:34.179Z",
            "last_updated_by": "thastings@pelotongroup.com",
            "last_update_date": "2022-11-22T14:35:35.154Z",
            "tag": "AB58"
        },
        {
            "lookup_type": "HBG_CATEGORY_1",
            "lookup_code": "AB5811",
            "meaning": "Image Line Of Books_AB5811",
            "description": "11",
            "enabled_flag": "Y",
            "display_sequence": 10,
            "created_by": "thastings@pelotongroup.com",
            "creation_date": "2022-11-21T21:40:34.195Z",
            "last_updated_by": "thastings@pelotongroup.com",
            "last_update_date": "2022-11-22T14:35:35.165Z",
            "tag": "AB58"
        },
        {
            "lookup_type": "HBG_CATEGORY_1",
            "lookup_code": "AB5812",
            "meaning": "Amulet_AB5812",
            "description": "12",
            "enabled_flag": "Y",
            "display_sequence": 11,
            "created_by": "thastings@pelotongroup.com",
            "creation_date": "2022-11-21T21:40:34.210Z",
            "last_updated_by": "thastings@pelotongroup.com",
            "last_update_date": "2022-11-22T14:35:35.176Z",
            "tag": "AB58"
        },
        {
            "lookup_type": "HBG_CATEGORY_1",
            "lookup_code": "AB5814",
            "meaning": "Amulet - Diary of a Wimpy Kid_AB5814",
            "description": "14",
            "enabled_flag": "Y",
            "display_sequence": 12,
            "created_by": "thastings@pelotongroup.com",
            "creation_date": "2022-11-21T21:40:34.226Z",
            "last_updated_by": "thastings@pelotongroup.com",
            "last_update_date": "2022-11-22T14:35:35.187Z",
            "tag": "AB58"
        },
        {
            "lookup_type": "HBG_CATEGORY_1",
            "lookup_code": "AB5815",
            "meaning": "Appleseed_AB5815",
            "description": "15",
            "enabled_flag": "Y",
            "display_sequence": 13,
            "created_by": "thastings@pelotongroup.com",
            "creation_date": "2022-11-21T21:40:34.265Z",
            "last_updated_by": "thastings@pelotongroup.com",
            "last_update_date": "2022-11-22T14:35:35.203Z",
            "tag": "AB58"
        },
        {
            "lookup_type": "HBG_CATEGORY_1",
            "lookup_code": "AB5816",
            "meaning": "Overlook Press_AB5816",
            "description": "16",
            "enabled_flag": "Y",
            "display_sequence": 14,
            "created_by": "thastings@pelotongroup.com",
            "creation_date": "2022-11-21T21:40:34.281Z",
            "last_updated_by": "thastings@pelotongroup.com",
            "last_update_date": "2022-11-22T14:35:35.215Z",
            "tag": "AB58"
        },
        {
            "lookup_type": "HBG_CATEGORY_1",
            "lookup_code": "AB5817",
            "meaning": "Abrams Press_AB5817",
            "description": "17",
            "enabled_flag": "Y",
            "display_sequence": 15,
            "created_by": "thastings@pelotongroup.com",
            "creation_date": "2022-11-21T21:40:34.298Z",
            "last_updated_by": "thastings@pelotongroup.com",
            "last_update_date": "2022-11-22T14:35:35.227Z",
            "tag": "AB58"
        },
        {
            "lookup_type": "HBG_CATEGORY_1",
            "lookup_code": "AB5818",
            "meaning": "Calendars_AB5818",
            "description": "18",
            "enabled_flag": "Y",
            "display_sequence": 16,
            "created_by": "thastings@pelotongroup.com",
            "creation_date": "2022-11-21T21:40:34.314Z",
            "last_updated_by": "thastings@pelotongroup.com",
            "last_update_date": "2022-11-22T14:35:35.240Z",
            "tag": "AB58"
        }
    ],
    "hasMore": false,
    "limit": 25,
    "offset": 0,
    "count": 16,
    "links": [
        {
            "rel": "self",
            "href": "https://10.2.0.169:8081/ords/hbg_integration/DistributionTitleRights/getLookupValuesInfo?P_TAG=AB58&P_LOOKUP_TYPE=HBG_CATEGORY_1"
        },
        {
            "rel": "describedby",
            "href": "https://10.2.0.169:8081/ords/hbg_integration/metadata-catalog/DistributionTitleRights/item"
        },
        {
            "rel": "first",
            "href": "https://10.2.0.169:8081/ords/hbg_integration/DistributionTitleRights/getLookupValuesInfo?P_TAG=AB58&P_LOOKUP_TYPE=HBG_CATEGORY_1"
        }
    ]
}