{
  "description": "",
  "root": "resetVariablesCreateRulesInfoObj",
  "actions": {
    "fireNotification": {
      "module": "vb/action/builtin/fireNotificationEventAction",
      "parameters": {
        "target": "leaf",
        "summary": "[[ $chain.results.callRestGetAutomaticHoldsGetCustomerInfo.message.summary ]]",
        "type": "error",
        "displayMode": "persist"
      }
    },
    "callRestGetAutomaticHoldsGetCustomerInfo": {
      "module": "vb/action/builtin/restAction",
      "parameters": {
        "endpoint": "ordsHbg_integration/getAutomaticHoldsGetCustomerInfo",
        "uriParams": {

          "P_ORG_NAME": "{{ $page.variables.createRulesInfoObj.organization }}",
          "P_ACCOUNT_NUMBER": "{{ $page.variables.createRulesInfoObj.account_number }}"
        }
      },
      "outcomes": {
        "failure": "fireNotification",
        "success": "assignVariablesCreateRulesInfoObj"
      }
    },
    "runInParallel": {
      "module": "vb/action/builtin/forkAction",
      "parameters": {
        "actions": {
          "callRestGetAutomaticHoldsGetCustomerInfo": "callRestGetAutomaticHoldsGetCustomerInfo"
        }
      }
    },
    "if": {
      "module": "vb/action/builtin/ifAction",
      "parameters": {
        "condition": "[[ $page.variables.createRulesInfoObj.account_number == null || $page.variables.createRulesInfoObj.account_number == 'undefined' || $page.variables.createRulesInfoObj.account_number == '' ]]"
      },
      "outcomes": {
        "false": "runInParallel"
      }
    },
    "resetVariablesCreateRulesInfoObj": {
      "module": "vb/action/builtin/resetVariablesAction",
      "parameters": {
        "variables": [
          "$page.variables.createRulesInfoObj.account_name",
          "$flow.variables.getShiptoInfoSDP"          ,
          "$page.variables.createRulesInfoObj.ship_to_site"          ,
          "$page.variables.createRulesInfoObj.party_site_name"
        ]
      },
      "outcomes": {
        "success": "callRestGetAutomaticHoldsGetShiptoInfo"
      }
    },
    "assignVariablesCreateRulesInfoObj": {
      "module": "vb/action/builtin/assignVariablesAction",
      "parameters": {
        "$page.variables.createRulesInfoObj": {
          "source": {
            "account_name": "{{ $chain.results.callRestGetAutomaticHoldsGetCustomerInfo.body.items[0].account_name }}"
          },
          "reset": "none",
          "auto": "always"
        }
      }
    },
    "fireNotification2": {
      "module": "vb/action/builtin/fireNotificationEventAction",
      "parameters": {
        "target": "leaf",
        "summary": "[[ $chain.results.callRestGetAutomaticHoldsGetShiptoInfo.message.summary ]]",
        "type": "error",
        "displayMode": "persist"
      },
      "outcomes": {
        "success": "if"
      }
    },
    "callRestGetAutomaticHoldsGetShiptoInfo": {
      "module": "vb/action/builtin/restAction",
      "parameters": {
        "endpoint": "ordsHbg_integration/getAutomaticHoldsGetShiptoInfo",
        "uriParams": {
          "P_ACCOUNT_NUMBER": "{{ $page.variables.createRulesInfoObj.account_number == null ? '' : $page.variables.createRulesInfoObj.account_number }}",
          "P_ORG_NAME": "{{ $page.variables.createRulesInfoObj.organization }}"
        }
      },
      "outcomes": {
        "failure": "fireNotification2",
        "success": "assignVariablesGetShiptoInfoSDP"
      }
    },
    "assignVariablesGetShiptoInfoSDP": {
      "module": "vb/action/builtin/assignVariablesAction",
      "parameters": {
        "$flow.variables.getShiptoInfoSDP": {
          "source": {
            "data": "{{ $chain.results.callRestGetAutomaticHoldsGetShiptoInfo.body.items }}"
          },
          "auto": "always"
        }
      },
      "outcomes": {
        "success": "if"
      }
    }
  },
  "variables": {}
}