{
  "description": "",
  "root": "resetVariablesGetCategory2SDP",
  "actions": {

    "fireNotification": {
      "module": "vb/action/builtin/fireNotificationEventAction",
      "parameters": {
        "target": "leaf",
        "summary": "[[ $chain.results.callRestGetAutomaticHoldsGetCategory2Info.message.summary ]]",
        "type": "error",
        "displayMode": "persist"
      }
    },
    "callRestGetAutomaticHoldsGetCategory2Info": {
      "module": "vb/action/builtin/restAction",
      "parameters": {
        "endpoint": "ordsHbg_integration/getAutomaticHoldsGetCategory2Info",
        "uriParams": {
          "P_CATEGORY1": "{{ $page.variables.createRulesInfoObj.category_1 }}"
        }
      },
      "outcomes": {
        "failure": "fireNotification",
        "success": "assignVariablesGetCategory2SDP"
      }
    },
    "assignVariablesGetCategory2SDP": {
      "module": "vb/action/builtin/assignVariablesAction",
      "parameters": {
        "$flow.variables.getCategory2SDP": {
          "source": {
            "data": "{{ $chain.results.callRestGetAutomaticHoldsGetCategory2Info.body.items }}"
          },
          "reset": "none",
          "auto": "always",
          "mapping": {
            "$target.data": {
              "source": "$source.data",
              "reset": "empty"
            }
          }
        }
      }
    },
    "runInParallel": {
      "module": "vb/action/builtin/forkAction",
      "parameters": {
        "actions": {
          "callRestGetAutomaticHoldsGetCategory2Info": "callRestGetAutomaticHoldsGetCategory2Info",
          "callRest": "callRestGetAutomaticHoldsGetCategory1Details"
        }
      }
    },
    "fireNotification2": {
      "module": "vb/action/builtin/fireNotificationEventAction",
      "parameters": {
        "target": "leaf",
        "summary": "[[ $chain.results.callRestGetAutomaticHoldsGetCategory1Details.message.summary ]]",
        "type": "error",
        "displayMode": "persist"
      }
    },
    "callRestGetAutomaticHoldsGetCategory1Details": {
      "module": "vb/action/builtin/restAction",
      "parameters": {
        "endpoint": "ordsHbg_integration/getAutomaticHoldsGetCategory1Details",
        "uriParams": {
          "P_CATEGORY1": "{{ $page.variables.createRulesInfoObj.category_1 }}"
        }
      },
      "outcomes": {
        "failure": "fireNotification2",
        "success": "assignVariablesCreateRulesInfoObj"
      }
    },
    "if": {
      "module": "vb/action/builtin/ifAction",
      "parameters": {
        "condition": "[[ $page.variables.createRulesInfoObj.category_1 == null || $page.variables.createRulesInfoObj.category_1 == 'undefined' || $page.variables.createRulesInfoObj.category_1 == '' ]]"
      },
      "outcomes": {
        "false": "runInParallel"
      }
    },
    "resetVariablesGetCategory2SDP": {
      "module": "vb/action/builtin/resetVariablesAction",
      "parameters": {
        "variables": [
          "$flow.variables.getCategory2SDP",
          "$page.variables.createRulesInfoObj.category_1_desc",
          "$page.variables.createRulesInfoObj.category_2"
        ]
      },
      "outcomes": {
        "success": "if"
      }
    },
    "assignVariablesCreateRulesInfoObj": {
      "module": "vb/action/builtin/assignVariablesAction",
      "parameters": {
        "$page.variables.createRulesInfoObj": {
          "source": {
            "category_1_desc": "{{ $chain.results.callRestGetAutomaticHoldsGetCategory1Details.body.items[0].meaning }}"
          },
          "reset": "none",
          "auto": "always"
        }
      }
    }
  },
  "variables": {}
}