{
  "description": "",
  "root": "resetVariablesGetReportingGroupSDP",
  "actions": {
    "resetVariablesGetReportingGroupSDP": {
      "module": "vb/action/builtin/resetVariablesAction",
      "parameters": {
        "variables": [
          "$flow.variables.getReportingGroupSDP",
          "$flow.variables.getCategory1SDP",
          "$flow.variables.getCategory2SDP"          ,
          "$page.variables.createRulesInfoObj.owner_name_desc"          ,
          "$page.variables.createRulesInfoObj.reporting_group"          ,
          "$page.variables.createRulesInfoObj.category_1",
          "$page.variables.createRulesInfoObj.category_2"
        ]
      },
      "outcomes": {
        "success": "if"
      }
    },
    "fireNotification": {
      "module": "vb/action/builtin/fireNotificationEventAction",
      "parameters": {
        "target": "leaf",
        "summary": "[[ $chain.results.callRestGetAutomaticHoldsGetReportingGroup.message.summary ]]",
        "type": "error",
        "displayMode": "persist"
      }
    },
    "callRestGetAutomaticHoldsGetReportingGroup": {
      "module": "vb/action/builtin/restAction",
      "parameters": {
        "endpoint": "ordsHbg_integration/getAutomaticHoldsGetReportingGroup",
        "uriParams": {
          "P_OWNER_NAME": "{{ $page.variables.createRulesInfoObj.owner_name }}"
        }
      },
      "outcomes": {
        "failure": "fireNotification",
        "success": "assignVariablesGetReportingGroupSDP"
      }
    },
    "assignVariablesGetReportingGroupSDP": {
      "module": "vb/action/builtin/assignVariablesAction",
      "parameters": {
        "$flow.variables.getReportingGroupSDP": {
          "source": {
            "data": "{{ $chain.results.callRestGetAutomaticHoldsGetReportingGroup.body.items }}"
          },
          "reset": "none",
          "auto": "always",
          "mapping": {
            "$target.data": {
              "source": "$source.data",
              "reset": "empty"
            }
          }
        }
      }
    },
    "runInParallel": {
      "module": "vb/action/builtin/forkAction",
      "parameters": {
        "actions": {
          "callRestGetAutomaticHoldsGetReportingGroup": "callRestGetAutomaticHoldsGetReportingGroup",
          "callRest": "callRestGetAutomaticHoldsGetOwnerDetails"
        }
      }
    },
    "fireNotification2": {
      "module": "vb/action/builtin/fireNotificationEventAction",
      "parameters": {
        "target": "leaf",
        "summary": "[[ $chain.results.callRestGetAutomaticHoldsGetOwnerDetails.message.summary ]]",
        "type": "error",
        "displayMode": "persist"
      }
    },
    "callRestGetAutomaticHoldsGetOwnerDetails": {
      "module": "vb/action/builtin/restAction",
      "parameters": {
        "endpoint": "ordsHbg_integration/getAutomaticHoldsGetOwnerDetails",
        "uriParams": {
          "P_OWNER": "{{ $page.variables.createRulesInfoObj.owner_name }}"
        }
      },
      "outcomes": {
        "failure": "fireNotification2",
        "success": "assignVariablesCreateRulesInfoObj"
      }
    },
    "if": {
      "module": "vb/action/builtin/ifAction",
      "parameters": {
        "condition": "[[ $page.variables.createRulesInfoObj.owner_name == null || $page.variables.createRulesInfoObj.owner_name == 'undefined' ]]"
      },
      "outcomes": {
        "false": "runInParallel"
      }
    },
    "assignVariablesCreateRulesInfoObj": {
      "module": "vb/action/builtin/assignVariablesAction",
      "parameters": {
        "$page.variables.createRulesInfoObj": {
          "source": {
            "owner_name_desc": "{{ $chain.results.callRestGetAutomaticHoldsGetOwnerDetails.body.items[0].description }}"
          },
          "reset": "none",
          "auto": "always"
        }
      }
    }
  },
  "variables": {}
}