{
  "description": "",
  "root": "resetVariablesGetCategory1SDP",
  "actions": {
    "resetVariablesGetCategory1SDP": {
      "module": "vb/action/builtin/resetVariablesAction",
      "parameters": {
        "variables": [
          "$flow.variables.getCategory1SDP",
          "$flow.variables.getCategory2SDP",
          "$page.variables.createRulesInfoObj.reporting_group_desc",
          "$page.variables.createRulesInfoObj.category_1",
          "$page.variables.createRulesInfoObj.category_2"
        ]
      },
      "outcomes": {
        "success": "if"
      }
    },
    "fireNotification": {
      "module": "vb/action/builtin/fireNotificationEventAction",
      "parameters": {
        "target": "leaf",
        "summary": "[[ $chain.results.callRestGetAutomaticHoldsGetCategory1.message.summary ]]",
        "type": "error",
        "displayMode": "persist"
      }
    },
    "callRestGetAutomaticHoldsGetCategory1": {
      "module": "vb/action/builtin/restAction",
      "parameters": {
        "endpoint": "ordsHbg_integration/getAutomaticHoldsGetCategory1",
        "uriParams": {
          "P_REPORTING_GROUP": "{{ $page.variables.createRulesInfoObj.reporting_group }}"
        }
      },
      "outcomes": {
        "failure": "fireNotification",
        "success": "assignVariablesGetCategory1SDP"
      }
    },
    "assignVariablesGetCategory1SDP": {
      "module": "vb/action/builtin/assignVariablesAction",
      "parameters": {
        "$flow.variables.getCategory1SDP": {
          "source": {
            "data": "{{ $chain.results.callRestGetAutomaticHoldsGetCategory1.body.items }}"
          },
          "reset": "none",
          "auto": "always",
          "mapping": {
            "$target.data": {
              "source": "$source.data",
              "reset": "empty"
            }
          }
        }
      }
    },
    "runInParallel": {
      "module": "vb/action/builtin/forkAction",
      "parameters": {
        "actions": {
          "callRestGetAutomaticHoldsGetCategory1": "callRestGetAutomaticHoldsGetCategory1",
          "callRest": "callRestGetAutomaticHoldsGetReportingGroupDetails"
        }
      }
    },
    "fireNotification2": {
      "module": "vb/action/builtin/fireNotificationEventAction",
      "parameters": {
        "target": "leaf",
        "summary": "[[ $chain.results.callRestGetAutomaticHoldsGetReportingGroupDetails.message.summary ]]",
        "type": "error",
        "displayMode": "persist"
      }
    },
    "callRestGetAutomaticHoldsGetReportingGroupDetails": {
      "module": "vb/action/builtin/restAction",
      "parameters": {
        "endpoint": "ordsHbg_integration/getAutomaticHoldsGetReportingGroupDetails",
        "uriParams": {
          "P_REPORTING_GROUP": "{{ $page.variables.createRulesInfoObj.reporting_group }}"
        }
      },
      "outcomes": {
        "failure": "fireNotification2",
        "success": "assignVariablesCreateRulesInfoObj"
      }
    },
    "if": {
      "module": "vb/action/builtin/ifAction",
      "parameters": {
        "condition": "[[ $page.variables.createRulesInfoObj.reporting_group== null || $page.variables.createRulesInfoObj.reporting_group == 'undefined' || $page.variables.createRulesInfoObj.reporting_group == '' ]]"
      },
      "outcomes": {
        "false": "runInParallel"
      }
    },
    "assignVariablesCreateRulesInfoObj": {
      "module": "vb/action/builtin/assignVariablesAction",
      "parameters": {
        "$page.variables.createRulesInfoObj": {
          "source": {
            "reporting_group_desc": "{{ $chain.results.callRestGetAutomaticHoldsGetReportingGroupDetails.body.items[0].meaning }}"
          },
          "reset": "none",
          "auto": "always"
        }
      }
    }
  },
  "variables": {}
}