{
  "description": "",
  "root": "if",
  "actions": {
    "if": {
      "module": "vb/action/builtin/ifAction",
      "parameters": {
        "condition": "[[ $page.variables.p_org_name != null && $page.variables.p_org_name != '' && $page.variables.p_org_name != 'undefined' && $page.variables.p_org_number != null && $page.variables.p_org_number != '' && $page.variables.p_org_number != 'undefined' ]]"
      },
      "outcomes": {
        "false": "callRestGetAutomaticHoldsGetOrganizationName2"
      }
    },
    "fireNotification": {
      "module": "vb/action/builtin/fireNotificationEventAction",
      "parameters": {
        "target": "leaf",
        "summary": "[[ $chain.results.callRestGetAutomaticHoldsGetOrganizationName2.message.summary ]]",
        "type": "error",
        "displayMode": "persist"
      }
    },
    "callRestGetAutomaticHoldsGetOrganizationName2": {
      "module": "vb/action/builtin/restAction",
      "parameters": {
        "endpoint": "ordsHbg_integration/getAutomaticHoldsGetOrganizationName2",
        "uriParams": {
          "P_ORG_NAME": "{{ $page.variables.p_org_name }}",
          "P_ORG_NUMBER": "{{ $page.variables.p_org_number }}"
        }
      },
      "outcomes": {
        "failure": "fireNotification",
        "success": "assignVariablesGetOrganizationNameSDP"
      }
    },
    "assignVariablesGetOrganizationNameSDP": {
      "module": "vb/action/builtin/assignVariablesAction",
      "parameters": {
        "$flow.variables.getOrganizationNameSDP": {
          "source": {
            "data": "{{ $chain.results.callRestGetAutomaticHoldsGetOrganizationName2.body.items }}"
          },
          "reset": "none",
          "auto": "always",
          "mapping": {
            "$target.data": {
              "source": "$source.data",
              "reset": "empty"
            }
          }
        }
      }
    }
  },
  "variables": {}
}