{
  "description": "",
  "root": "assignVariables",
  "actions": {
    "fireDataProviderEventImprintADP": {
      "module": "vb/action/builtin/fireDataProviderEventAction",
      "parameters": {
        "target": "[[ $page.variables.ImprintADP ]]",
        "update": {
          "data": "{{ $page.variables.imprintRowData }}",
          "keys": "{{ $variables.rowKey }}"
        }
      }
    },
    "assignVariables": {
      "module": "vb/action/builtin/assignVariablesAction",
      "parameters": {
        "$page.variables.imprintRowData": {
          "source": {
            "status": "{{ $page.variables.imprintRowData.status_dummy[0] === \"Active\" ? \"Active\" : \"Inactive\" }}"
          },
          "reset": "none",
          "auto": "always"
        }
      },
      "outcomes": {
        "success": "fireDataProviderEventImprintADP"
      }
    }
  },
  "variables": {
    "cancelEdit": {
      "required": true,
      "type": "any",
      "input": "fromCaller"
    },
    "rowKey": {
      "required": true,
      "type": "any",
      "input": "fromCaller"
    },
    "rowIndex": {
      "required": true,
      "type": "number",
      "input": "fromCaller"
    },
    "rowData": {
      "required": true,
      "type": "any",
      "input": "fromCaller"
    }
  }
}