{
  "description": "",
  "root": "resetVariablesPubCreateObj",
  "actions": {
    "resetVariablesPubCreateObj": {
      "module": "vb/action/builtin/resetVariablesAction",
      "parameters": {
        "variables": [
          "$page.variables.PubCreateObj"
        ]
      },
      "outcomes": {
        "success": "assignVariablesPubDlglabel"
      }
    },
    "callComponentPubdlgOpen": {
      "module": "vb/action/builtin/callComponentMethodAction",
      "parameters": {
        "component": "{{ document.getElementById('pubdlg') }}",
        "method": "open"
      }
    },
    "assignVariablesPubDlglabel": {
      "module": "vb/action/builtin/assignVariablesAction",
      "parameters": {
        "$page.variables.PubDlglabel": {
          "source": "Create"
        }
      },
      "outcomes": {
        "success": "callComponentPubdlgOpen"
      }
    }
  },
  "variables": {}
}