{
  "description": "",
  "root": "callComponentOrganizationNumberSearchOpen",
  "actions": {
    "callComponentOrganizationNumberSearchOpen": {
      "module": "vb/action/builtin/callComponentMethodAction",
      "parameters": {
        "component": "{{ document.getElementById('OrganizationNumberSearch') }}",
        "method": "open"
      },
      "outcomes": {
        "success": "resetVariablesCreateRulesInfoObj"
      }
    },
    "resetVariablesCreateRulesInfoObj": {
      "module": "vb/action/builtin/resetVariablesAction",
      "parameters": {
        "variables": [
          "$page.variables.createRulesInfoObj.account_name",
          "$page.variables.createRulesInfoObj.account_number",
          "$page.variables.createRulesInfoObj.ship_to_site",
          "$page.variables.createRulesInfoObj.party_site_name",
          "$page.variables.createRulesInfoObj.organization",
          "$page.variables.createRulesInfoObj.organization_name",
          "$flow.variables.getCustomerInfoSDP.data",
          "$flow.variables.getShiptoInfoSDP.data",
          "$flow.variables.getOrganizationNameSDP.data"          ,
          "$page.variables.p_org_name"          ,
          "$page.variables.p_org_number"
        ]
      }
    }
  },
  "variables": {}
}