{
  "description": "",
  "root": "resetVariablesGetCustomerInfoSDP",
  "actions": {
    "resetVariablesGetCustomerInfoSDP": {
      "module": "vb/action/builtin/resetVariablesAction",
      "parameters": {
        "variables": [
          "$flow.variables.getCustomerInfoSDP",
          "$flow.variables.getShiptoInfoSDP"          ,
          "$page.variables.createRulesInfoObj.account_name"          ,
          "$page.variables.createRulesInfoObj.account_number",
          "$page.variables.createRulesInfoObj.party_site_name",
          "$page.variables.createRulesInfoObj.ship_to_site"          ,
          "$page.variables.createRulesInfoObj.organization_name"
        ]
      },
      "outcomes": {
        "success": "if"
      }
    },
    "fireNotification": {
      "module": "vb/action/builtin/fireNotificationEventAction",
      "parameters": {
        "target": "leaf",
        "summary": "[[ $chain.results.callRestGetAutomaticHoldsGetCustomerInfo.message.summary ]]",
        "type": "error",
        "displayMode": "persist"
      }
    },
    "callRestGetAutomaticHoldsGetCustomerInfo": {
      "module": "vb/action/builtin/restAction",
      "parameters": {
        "endpoint": "ordsHbg_integration/getAutomaticHoldsGetCustomerInfo",
        "uriParams": {
          "P_ORG_NAME": "{{ $page.variables.createRulesInfoObj.organization }}"
        }
      },
      "outcomes": {
        "failure": "fireNotification",
        "success": "assignVariablesGetCustomerInfoSDP"
      }
    },
    "assignVariablesGetCustomerInfoSDP": {
      "module": "vb/action/builtin/assignVariablesAction",
      "parameters": {
        "$flow.variables.getCustomerInfoSDP": {
          "source": {
            "data": "{{ $chain.results.callRestGetAutomaticHoldsGetCustomerInfo.body.items }}"
          },
          "reset": "none",
          "auto": "always"
        }
      }
    },
    "fireNotification2": {
      "module": "vb/action/builtin/fireNotificationEventAction",
      "parameters": {
        "target": "leaf",
        "summary": "[[ $chain.results.callRestGetAutomaticHoldsGetOrganizationName2.message.summary ]]",
        "type": "error",
        "displayMode": "persist"
      }
    },
    "callRestGetAutomaticHoldsGetOrganizationName2": {
      "module": "vb/action/builtin/restAction",
      "parameters": {
        "endpoint": "ordsHbg_integration/getAutomaticHoldsGetOrganizationName2",
        "uriParams": {
          "P_ORG_NUMBER": "{{ $page.variables.createRulesInfoObj.organization }}"
        }
      },
      "outcomes": {
        "failure": "fireNotification2",
        "success": "if3"
      }
    },
    "runInParallel": {
      "module": "vb/action/builtin/forkAction",
      "parameters": {
        "actions": {
          "callRestGetAutomaticHoldsGetOrganizationName2": "callRestGetAutomaticHoldsGetOrganizationName2",
          "callRestGetAutomaticHoldsGetCustomerInfo": "callRestGetAutomaticHoldsGetCustomerInfo",
          "callRest": "callRestGetAutomaticHoldsGetShiptoInfo"
        }
      }
    },
    "if": {
      "module": "vb/action/builtin/ifAction",
      "parameters": {
        "condition": "[[ $page.variables.createRulesInfoObj.organization== null || $page.variables.createRulesInfoObj.organization == 'undefined' || $page.variables.createRulesInfoObj.organization == '' ]]"
      },
      "outcomes": {
        "false": "runInParallel"
      }
    },
    "fireNotification3": {
      "module": "vb/action/builtin/fireNotificationEventAction",
      "parameters": {
        "target": "leaf",
        "summary": "[[ $chain.results.callRestGetAutomaticHoldsGetShiptoInfo.message.summary ]]",
        "type": "error",
        "displayMode": "persist"
      }
    },
    "callRestGetAutomaticHoldsGetShiptoInfo": {
      "module": "vb/action/builtin/restAction",
      "parameters": {
        "endpoint": "ordsHbg_integration/getAutomaticHoldsGetShiptoInfo",
        "uriParams": {
          "P_ORG_NAME": "{{ $page.variables.createRulesInfoObj.organization }}"
        }
      },
      "outcomes": {
        "failure": "fireNotification3",
        "success": "assignVariablesGetShiptoInfoSDP"
      }
    },
    "assignVariablesGetShiptoInfoSDP": {
      "module": "vb/action/builtin/assignVariablesAction",
      "parameters": {
        "$flow.variables.getShiptoInfoSDP": {
          "source": {
            "data": "{{ $chain.results.callRestGetAutomaticHoldsGetShiptoInfo.body.items }}"
          },
          "reset": "none",
          "auto": "always"
        }
      }
    },
    "assignVariablesCreateRulesInfoObj": {
      "module": "vb/action/builtin/assignVariablesAction",
      "parameters": {
        "$page.variables.createRulesInfoObj": {
          "source": {
            "organization_name": "{{ $chain.results.callRestGetAutomaticHoldsGetOrganizationName2.body.items[0].organization_name }}"
          },
          "reset": "none",
          "auto": "always"
        }
      }
    },
    "if3": {
      "module": "vb/action/builtin/ifAction",
      "parameters": {
        "condition": "[[ $chain.results.callRestGetAutomaticHoldsGetOrganizationName2.body.count == 0 ]]"
      },
      "outcomes": {
        "false": "assignVariablesCreateRulesInfoObj",
        "true": "fireNotification5"
      }
    },
    "fireNotification5": {
      "module": "vb/action/builtin/fireNotificationEventAction",
      "parameters": {
        "target": "leaf",
        "summary": "Information Message",
        "message": "Selected Account Does not Exists, Please select the Valid Account",
        "displayMode": "transient",
        "type": "info"
      },
      "outcomes": {
        "success": "resetVariablesCreateRulesInfoObj"
      }
    },
    "resetVariablesCreateRulesInfoObj": {
      "module": "vb/action/builtin/resetVariablesAction",
      "parameters": {
        "variables": [
          "$page.variables.createRulesInfoObj.organization"
        ]
      }
    }
  },
  "variables": {}
}