{
    "items": [
        {
            "sf_territory_id": 33333,
            "territory_number": 33333,
            "territory_name": "test territory name",
            "external_checkbox": "Yes",
            "email": "test@test.com",
            "edelweiss": "yes",
            "wholesale_commision": null,
            "retail_commision": null,
            "notes": "test notes",
            "entered_by": "freis@pelotongroup.com",
            "entered_date": "2022-11-22T14:05:34Z",
            "updated_by": "freis@pelotongroup.com",
            "updated_date": "2022-11-22T14:05:34Z",
            "start_date": null,
            "end_date": null,
            "status": "Active",
            "sf_div_id": 45678
        },
        {
            "sf_territory_id": 33333,
            "territory_number": 33333,
            "territory_name": "TEST_TERRITORY",
            "external_checkbox": "YES",
            "email": "TEST@PELOTON.COM",
            "edelweiss": "YES",
            "wholesale_commision": 100,
            "retail_commision": 100,
            "notes": "TEST_NOTES",
            "entered_by": "USER",
            "entered_date": "2022-11-23T08:56:40Z",
            "updated_by": "USER",
            "updated_date": "2022-11-23T08:56:40Z",
            "start_date": null,
            "end_date": null,
            "status": "ACTIVE",
            "sf_div_id": 45678
        },
        {
            "sf_territory_id": 33333,
            "territory_number": 33333,
            "territory_name": "TEST_TERRITORY",
            "external_checkbox": "YES",
            "email": "TEST@PELOTON.COM",
            "edelweiss": "YES",
            "wholesale_commision": 100,
            "retail_commision": 100,
            "notes": "TEST_NOTES",
            "entered_by": "USER",
            "entered_date": "2022-11-22T12:59:07Z",
            "updated_by": "USER",
            "updated_date": "2022-11-22T12:59:07Z",
            "start_date": null,
            "end_date": null,
            "status": "ACTIVE",
            "sf_div_id": 45678
        }
    ],
    "hasMore": false,
    "limit": 100,
    "offset": 0,
    "count": 3,
    "links": [
        {
            "rel": "self",
            "href": "https://10.2.0.169:8081/ords/hbg_integration/salesCredit/TerritoryData?SF_DIV_ID=45678"
        },
        {
            "rel": "edit",
            "href": "https://10.2.0.169:8081/ords/hbg_integration/salesCredit/TerritoryData?SF_DIV_ID=45678"
        },
        {
            "rel": "describedby",
            "href": "https://10.2.0.169:8081/ords/hbg_integration/metadata-catalog/salesCredit/item"
        },
        {
            "rel": "first",
            "href": "https://10.2.0.169:8081/ords/hbg_integration/salesCredit/TerritoryData?SF_DIV_ID=45678"
        }
    ]
}