{
    "items": [
        {
            "organization_id": 300000006710528,
            "organization_code": "ABRAMS ARTISTS AGENCY"
        },
        {
            "organization_id": 300000006710536,
            "organization_code": "ACHIEVE GLOBAL, INC"
        },
        {
            "organization_id": 300000006710543,
            "organization_code": "ACT III LICENSING, LLC"
        },
        {
            "organization_id": 300000006710550,
            "organization_code": "ADAM M. BECKER"
        },
        {
            "organization_id": 300000006710557,
            "organization_code": "ADAMS LITERARY"
        },
        {
            "organization_id": 300000006710564,
            "organization_code": "ADELE ALEXANDER"
        },
        {
            "organization_id": 300000006710571,
            "organization_code": "ADERO'S LITERARY TRIBE LLC"
        },
        {
            "organization_id": 300000006710578,
            "organization_code": "ADOLPH REED JR"
        },
        {
            "organization_id": 300000006710585,
            "organization_code": "ADVANCE MAGAZINE PUBLISHERS"
        },
        {
            "organization_id": 300000006710593,
            "organization_code": "AERIAL PUBLISHING, LLC"
        },
        {
            "organization_id": 300000006710600,
            "organization_code": "AEVITAS CREATIVE MANAGEMENT"
        },
        {
            "organization_id": 300000006710607,
            "organization_code": "AGENCY LONDON LIMITED"
        },
        {
            "organization_id": 300000006710615,
            "organization_code": "AHEARN AGENCY,INC."
        },
        {
            "organization_id": 300000006710622,
            "organization_code": "AIDER PTY LTD"
        },
        {
            "organization_id": 300000006710630,
            "organization_code": "AIDS FOUNDATION SOUTH AFRICA"
        },
        {
            "organization_id": 300000006710638,
            "organization_code": "AIRLIE A RYAN"
        },
        {
            "organization_id": 300000006710645,
            "organization_code": "AITKEN ALEXANDER ASSO. LTD"
        },
        {
            "organization_id": 300000006710652,
            "organization_code": "ALAN BRODIE REPRESENTATION LTD"
        },
        {
            "organization_id": 300000006710660,
            "organization_code": "ALAN D. MONROE"
        },
        {
            "organization_id": 300000006710667,
            "organization_code": "ALAN FRANKEN INC"
        },
        {
            "organization_id": 300000006710674,
            "organization_code": "ALAN GALLAY"
        },
        {
            "organization_id": 300000006710681,
            "organization_code": "ALAN KAUFMAN"
        },
        {
            "organization_id": 300000006710688,
            "organization_code": "ALAN P. BRAUER M.D."
        },
        {
            "organization_id": 300000006710695,
            "organization_code": "ALAN RICHARDS"
        },
        {
            "organization_id": 300000006710702,
            "organization_code": "ALAN S ROSENBAUM"
        },
        {
            "organization_id": 300000006710709,
            "organization_code": "ALAN S WEINER"
        },
        {
            "organization_id": 300000006710716,
            "organization_code": "ALBERT A NOFI"
        },
        {
            "organization_id": 300000006710723,
            "organization_code": "ALBERT G ROSENBERG"
        },
        {
            "organization_id": 300000006710730,
            "organization_code": "ALBERT LASZLO BARABASI"
        },
        {
            "organization_id": 300000006710737,
            "organization_code": "ALEPH SOCIETY, INC."
        },
        {
            "organization_id": 300000006710744,
            "organization_code": "ALEXANDER BISHOP"
        },
        {
            "organization_id": 300000006710752,
            "organization_code": "ALEXANDER HOYT ASSOCIATES"
        },
        {
            "organization_id": 300000006710759,
            "organization_code": "ALEXANDER K GRAHAM 1995 TRUST"
        },
        {
            "organization_id": 300000006710766,
            "organization_code": "ALEXANDER LEVY"
        },
        {
            "organization_id": 300000006710773,
            "organization_code": "ALEXANDER ROSENBERG"
        },
        {
            "organization_id": 300000006710780,
            "organization_code": "ALEXANDER RUFUS WHITE"
        },
        {
            "organization_id": 300000006710787,
            "organization_code": "ALEXANDER SMITHLINE"
        },
        {
            "organization_id": 300000006710794,
            "organization_code": "ALEXANDRA LAWSON"
        },
        {
            "organization_id": 100000223719120,
            "organization_code": "987659 - Customer FBDI "
        },
        {
            "organization_id": 100000224222569,
            "organization_code": "AMAZON"
        },
        {
            "organization_id": 100000224222570,
            "organization_code": "VENDOR CENTRAL"
        },
        {
            "organization_id": 100000224222571,
            "organization_code": "CURT FISCHER"
        },
        {
            "organization_id": 100000224222572,
            "organization_code": "N/A SAM"
        },
        {
            "organization_id": 100000224222573,
            "organization_code": "PERISH KAY"
        },
        {
            "organization_id": 100000224222574,
            "organization_code": "ALEXA H"
        },
        {
            "organization_id": 100000224222575,
            "organization_code": "N/A UNKNOWN"
        },
        {
            "organization_id": 100000224222576,
            "organization_code": "MACKENZIE BEZOS"
        },
        {
            "organization_id": 300000001918045,
            "organization_code": "Hachette Book Group Inc"
        },
        {
            "organization_id": 300000001918048,
            "organization_code": "Hachette Book Group Inc"
        },
        {
            "organization_id": 300000001918053,
            "organization_code": "Hachette Livre USA"
        },
        {
            "organization_id": 300000001918056,
            "organization_code": "Hachette Livre USA"
        },
        {
            "organization_id": 300000001918061,
            "organization_code": "Yen Press LLC"
        },
        {
            "organization_id": 300000001918064,
            "organization_code": "Yen Press LLC"
        },
        {
            "organization_id": 300000001918069,
            "organization_code": "Hachette Book Group Canada Ltd"
        },
        {
            "organization_id": 300000001918072,
            "organization_code": "Hachette Book Group Canada Ltd"
        },
        {
            "organization_id": 300000001918077,
            "organization_code": "Hachette Book Group Canada-Domestic Collections"
        },
        {
            "organization_id": 300000001918080,
            "organization_code": "Hachette Book Group Canada-Domestic Collections"
        },
        {
            "organization_id": 300000005969143,
            "organization_code": "Kaitlyn Bolotin"
        },
        {
            "organization_id": 300000005969515,
            "organization_code": "Pooja Vankayalapaty"
        },
        {
            "organization_id": 300000006031131,
            "organization_code": "integrations"
        },
        {
            "organization_id": 300000006033298,
            "organization_code": "Stephen Gildea"
        },
        {
            "organization_id": 300000006706613,
            "organization_code": "Roy Fagan"
        },
        {
            "organization_id": 300000006706619,
            "organization_code": "Claire Deeley"
        },
        {
            "organization_id": 300000006706625,
            "organization_code": "Helen Lee"
        },
        {
            "organization_id": 300000006706634,
            "organization_code": "Jocelyn Machado"
        },
        {
            "organization_id": 300000006706640,
            "organization_code": "Jackie Sacco"
        },
        {
            "organization_id": 300000006706646,
            "organization_code": "Lori Northrop"
        },
        {
            "organization_id": 300000006706652,
            "organization_code": "Curtis Lin"
        },
        {
            "organization_id": 300000006706658,
            "organization_code": "Lisa Gallagher"
        },
        {
            "organization_id": 300000006706664,
            "organization_code": "Heather Northrup"
        },
        {
            "organization_id": 300000006706670,
            "organization_code": "Pete Gandolfo"
        },
        {
            "organization_id": 300000006706676,
            "organization_code": "Nicholas Jewitt"
        },
        {
            "organization_id": 300000006706682,
            "organization_code": "Adriana Bautista"
        },
        {
            "organization_id": 300000006706688,
            "organization_code": "Myles Agen"
        },
        {
            "organization_id": 300000006706694,
            "organization_code": "Katelyn Murphy"
        },
        {
            "organization_id": 300000006710384,
            "organization_code": "199 RUTHERFORD ASSOCIATES"
        },
        {
            "organization_id": 300000006710391,
            "organization_code": "2 SEAS LITERARY AGENCY INC"
        },
        {
            "organization_id": 300000006710398,
            "organization_code": "212 MARKETING VIDEO PRODUCTION"
        },
        {
            "organization_id": 300000006710405,
            "organization_code": "22 MEDIA PTE, LTD."
        },
        {
            "organization_id": 300000006710413,
            "organization_code": "3 SEAS LITERARY AGENCY"
        },
        {
            "organization_id": 300000006710420,
            "organization_code": "A AND E TELEVISION NETWORK LLC"
        },
        {
            "organization_id": 300000006710427,
            "organization_code": "A PLUS B WORKS LLC"
        },
        {
            "organization_id": 300000006710434,
            "organization_code": "A.J. CRONIN ESTATE"
        },
        {
            "organization_id": 300000006710442,
            "organization_code": "A.M. HEATH & CO.LTD"
        },
        {
            "organization_id": 300000006710450,
            "organization_code": "A.NICHOLAS GROTH"
        },
        {
            "organization_id": 300000006710457,
            "organization_code": "A.P. WATT, LTD"
        },
        {
            "organization_id": 300000006710465,
            "organization_code": "AARON FRANKEL"
        },
        {
            "organization_id": 300000006710472,
            "organization_code": "AARON T. BECK"
        },
        {
            "organization_id": 300000006710479,
            "organization_code": "AARP"
        },
        {
            "organization_id": 300000006710486,
            "organization_code": "ABBIE F SALNY"
        },
        {
            "organization_id": 300000006710493,
            "organization_code": "ABBY FERBER"
        },
        {
            "organization_id": 300000006710500,
            "organization_code": "ABC - CLIO, LLC"
        },
        {
            "organization_id": 300000006710507,
            "organization_code": "ABC OF CHRISTIANITY INC"
        },
        {
            "organization_id": 300000006710514,
            "organization_code": "ABIGAIL LIELL"
        },
        {
            "organization_id": 300000006710521,
            "organization_code": "ABRAHAM EDELHEIT"
        },
        {
            "organization_id": 300000006915581,
            "organization_code": "ASHLEY GRAYSON"
        },
        {
            "organization_id": 300000006915588,
            "organization_code": "ASHLEY KAHN"
        },
        {
            "organization_id": 300000006915595,
            "organization_code": "ASHLEY REITZ"
        },
        {
            "organization_id": 300000006915602,
            "organization_code": "ASKEW TALENT MANAGENT LLC"
        },
        {
            "organization_id": 300000006915609,
            "organization_code": "ASSOCIATION FOR RESEARCH"
        }
    ],
    "hasMore": true,
    "limit": 100,
    "offset": 0,
    "count": 100,
    "links": [
        {
            "rel": "self",
            "href": "https://10.2.0.169:8081/ords/hbg_integration/salesCredit/getOrgCode"
        },
        {
            "rel": "describedby",
            "href": "https://10.2.0.169:8081/ords/hbg_integration/metadata-catalog/salesCredit/item"
        },
        {
            "rel": "first",
            "href": "https://10.2.0.169:8081/ords/hbg_integration/salesCredit/getOrgCode"
        },
        {
            "rel": "next",
            "href": "https://10.2.0.169:8081/ords/hbg_integration/salesCredit/getOrgCode?offset=100"
        }
    ]
}