{
  "description": "",
  "root": "resetVariablesCreateRulesInfoObj",
  "actions": {

    "fireNotification": {
      "module": "vb/action/builtin/fireNotificationEventAction",
      "parameters": {
        "target": "leaf",
        "summary": "[[ $chain.results.callRestGetAutomaticHoldsGetCategory2Details.message.summary ]]",
        "type": "error",
        "displayMode": "persist"
      }
    },
    "callRestGetAutomaticHoldsGetCategory2Details": {
      "module": "vb/action/builtin/restAction",
      "parameters": {
        "endpoint": "ordsHbg_integration/getAutomaticHoldsGetCategory2Details",
        "uriParams": {
          "P_CATEGORY2": "{{ $page.variables.createRulesInfoObj.category_2 }}"
        }
      },
      "outcomes": {
        "failure": "fireNotification",
        "success": "assignVariablesCreateRulesInfoObj"
      }
    },
    "if": {
      "module": "vb/action/builtin/ifAction",
      "parameters": {
        "condition": "[[ $page.variables.createRulesInfoObj.category_2 == null || $page.variables.createRulesInfoObj.category_2 == 'undefined' || $page.variables.createRulesInfoObj.category_2 == '' ]]"
      },
      "outcomes": {
        "false": "callRestGetAutomaticHoldsGetCategory2Details"
      }
    },
    "resetVariablesCreateRulesInfoObj": {
      "module": "vb/action/builtin/resetVariablesAction",
      "parameters": {
        "variables": [
          "$page.variables.createRulesInfoObj.category_2_desc"
        ]
      },
      "outcomes": {
        "success": "if"
      }
    },
    "assignVariablesCreateRulesInfoObj": {
      "module": "vb/action/builtin/assignVariablesAction",
      "parameters": {
        "$page.variables.createRulesInfoObj": {
          "source": {
            "category_2_desc": "{{ $chain.results.callRestGetAutomaticHoldsGetCategory2Details.body.items[0].meaning }}"
          },
          "reset": "none",
          "auto": "always"
        }
      }
    }
  },
  "variables": {}
}