{
  "description": "",
  "root": "resetVariablesCreateRulesInfoObj",
  "actions": {
    "fireNotification": {
      "module": "vb/action/builtin/fireNotificationEventAction",
      "parameters": {
        "target": "leaf",
        "summary": "[[ $chain.results.callRestGetAutomaticHoldsGetShiptoInfo.message.summary ]]",
        "type": "error",
        "displayMode": "persist"
      }
    },
    "callRestGetAutomaticHoldsGetShiptoInfo": {
      "module": "vb/action/builtin/restAction",
      "parameters": {
        "endpoint": "ordsHbg_integration/getAutomaticHoldsGetShiptoInfo",
        "uriParams": {
          "P_PARTY_SITE_NUMBER": "{{ $page.variables.createRulesInfoObj.ship_to_site }}",
          "P_ORG_NAME": "{{ $page.variables.createRulesInfoObj.organization }}"
        }
      },
      "outcomes": {
        "failure": "fireNotification",
        "success": "assignVariablesCreateRulesInfoObj"
      }
    },
    "if": {
      "module": "vb/action/builtin/ifAction",
      "parameters": {
        "condition": "[[ $page.variables.createRulesInfoObj.ship_to_site == null || $page.variables.createRulesInfoObj.ship_to_site == 'undefined' || $page.variables.createRulesInfoObj.ship_to_site == '' ]]"
      },
      "outcomes": {
        "false": "callRestGetAutomaticHoldsGetShiptoInfo"
      }
    },
    "resetVariablesCreateRulesInfoObj": {
      "module": "vb/action/builtin/resetVariablesAction",
      "parameters": {
        "variables": [
          "$page.variables.createRulesInfoObj.party_site_name"
        ]
      },
      "outcomes": {
        "success": "if"
      }
    },
    "assignVariablesCreateRulesInfoObj": {
      "module": "vb/action/builtin/assignVariablesAction",
      "parameters": {
        "$page.variables.createRulesInfoObj": {
          "source": {
            "party_site_name": "{{ $chain.results.callRestGetAutomaticHoldsGetShiptoInfo.body.items[0].party_site_name }}"
          },
          "reset": "none",
          "auto": "always"
        }
      }
    }
  },
  "variables": {}
}