{
  "root": "runInParallel",
  "description": "",
  "variables": {},
  "actions": {
    "runInParallel": {
      "module": "vb/action/builtin/forkAction",
      "parameters": {
        "actions": {
          "callRest": "callRestGetcat1LOV",
          "callRestGetGetOwnerCode": "callRestGetGetOwnerCode"
        }
      }
    },
    "callRestGetGetOwnerCode": {
      "module": "vb/action/builtin/restAction",
      "parameters": {
        "endpoint": "ordsHbg_integration/getGetOwnerCode"
      },
      "outcomes": {
        "success": "assignVariablesOwnerArray"
      }
    },
    "assignVariablesOwnerArray": {
      "module": "vb/action/builtin/assignVariablesAction",
      "parameters": {
        "$page.variables.OwnerArray": {
          "source": "{{ $chain.results.callRestGetGetOwnerCode.body.items }}"
        }
      }
    },
    "callRestGetcat1LOV": {
      "module": "vb/action/builtin/restAction",
      "parameters": {
        "endpoint": "ordsHbg_integration/getcat1LOV",
        "uriParams": {
          "REPORTING_GROUP_ID": "{{ \"\" }}"
        }
      },
      "outcomes": {
        "success": "assignVariablesCategory1Array"
      }
    },
    "assignVariablesCategory1Array": {
      "module": "vb/action/builtin/assignVariablesAction",
      "parameters": {
        "$page.variables.category1Array": {
          "source": "{{ $chain.results.callRestGetcat1LOV.body.items }}"
        }
      }
    }
  }
}