{
    "items": [
        {
            "reporting_group_id": 3163548437,
            "category1_id": 12374999909,
            "flex_value": "20-ComicArts - Surely",
            "category1_code": "20"
        },
        {
            "reporting_group_id": 3163548437,
            "category1_id": 12374999004,
            "flex_value": "19-ComicArts - Megascope",
            "category1_code": "19"
        },
        {
            "reporting_group_id": 3163548437,
            "category1_id": 12374928127,
            "flex_value": "21-Cameron",
            "category1_code": "21"
        },
        {
            "reporting_group_id": 3163548437,
            "category1_id": 10934096713,
            "flex_value": "10-Magic Cat",
            "category1_code": "10"
        },
        {
            "reporting_group_id": 3163548437,
            "category1_id": 10780436530,
            "flex_value": "08-Cernunnos",
            "category1_code": "08"
        },
        {
            "reporting_group_id": 3163548437,
            "category1_id": 10298930320,
            "flex_value": "18-Calendars",
            "category1_code": "18"
        },
        {
            "reporting_group_id": 3163548437,
            "category1_id": 10213478782,
            "flex_value": "17-Abrams Press",
            "category1_code": "17"
        },
        {
            "reporting_group_id": 3163548437,
            "category1_id": 9987116557,
            "flex_value": "05-Comic Arts",
            "category1_code": "05"
        },
        {
            "reporting_group_id": 3163548437,
            "category1_id": 9452119640,
            "flex_value": "16-Overlook Press",
            "category1_code": "16"
        },
        {
            "reporting_group_id": 3163548437,
            "category1_id": 3163550288,
            "flex_value": "15-Appleseed",
            "category1_code": "15"
        },
        {
            "reporting_group_id": 3163548437,
            "category1_id": 3163550254,
            "flex_value": "14-Amulet - Diary of a Wimpy Kid",
            "category1_code": "14"
        },
        {
            "reporting_group_id": 3163548437,
            "category1_id": 3163550190,
            "flex_value": "12-Amulet",
            "category1_code": "12"
        },
        {
            "reporting_group_id": 3163548437,
            "category1_id": 3163550189,
            "flex_value": "11-Image Line Of Books",
            "category1_code": "11"
        },
        {
            "reporting_group_id": 3163548437,
            "category1_id": 3163550188,
            "flex_value": "09-Special Editions",
            "category1_code": "09"
        },
        {
            "reporting_group_id": 3163548437,
            "category1_id": 3163550187,
            "flex_value": "07-Stewart, Tabori and Chang",
            "category1_code": "07"
        },
        {
            "reporting_group_id": 3163548437,
            "category1_id": 3163550186,
            "flex_value": "06-Merchandise",
            "category1_code": "06"
        },
        {
            "reporting_group_id": 3163548437,
            "category1_id": 3163550185,
            "flex_value": "04-Distribution",
            "category1_code": "04"
        },
        {
            "reporting_group_id": 3163548437,
            "category1_id": 3163550184,
            "flex_value": "03-Childrens",
            "category1_code": "03"
        },
        {
            "reporting_group_id": 3163548437,
            "category1_id": 3163550183,
            "flex_value": "01-General Trade",
            "category1_code": "01"
        }
    ],
    "hasMore": false,
    "limit": 10000,
    "offset": 0,
    "count": 19,
    "links": [
        {
            "rel": "self",
            "href": "https://10.2.0.169:8081/ords/hbg_integration/Common/getCategory1?P_REPORTING_GROUP_ID=3163548437"
        },
        {
            "rel": "describedby",
            "href": "https://10.2.0.169:8081/ords/hbg_integration/metadata-catalog/Common/item"
        },
        {
            "rel": "first",
            "href": "https://10.2.0.169:8081/ords/hbg_integration/Common/getCategory1?P_REPORTING_GROUP_ID=3163548437"
        }
    ]
}