{
    "items": [
        {
            "party_number": "10000030315",
            "party_name": "CHRIS GRIMLEY"
        },
        {
            "party_number": "10000136207",
            "party_name": "N/A LINDA"
        },
        {
            "party_number": "10000245781",
            "party_name": "AUDREY REED"
        },
        {
            "party_number": "10000246709",
            "party_name": "EMILY WILLIAMS"
        },
        {
            "party_number": "10000249851",
            "party_name": "MOLLY MILLER"
        },
        {
            "party_number": "10000251665",
            "party_name": "N/A TORY"
        },
        {
            "party_number": "10000253186",
            "party_name": "N/A NA"
        },
        {
            "party_number": "10000258720",
            "party_name": "N/A NA"
        },
        {
            "party_number": "10000259309",
            "party_name": "REFE TUMA"
        },
        {
            "party_number": "10000260685",
            "party_name": "N/A NA"
        },
        {
            "party_number": "10000261637",
            "party_name": "N/A NA"
        },
        {
            "party_number": "10000495570",
            "party_name": "N/A NA"
        },
        {
            "party_number": "10000497995",
            "party_name": "N/A NA"
        },
        {
            "party_number": "10000500417",
            "party_name": "STACY FROST"
        },
        {
            "party_number": "10000500903",
            "party_name": "JESSICA DAWSON"
        },
        {
            "party_number": "10000506728",
            "party_name": "ANNA DELGADO"
        },
        {
            "party_number": "10000539319",
            "party_name": "TREVOR BONITZ"
        },
        {
            "party_number": "10000557126",
            "party_name": "MONICA SAPIRSTEIN"
        },
        {
            "party_number": "10000566986",
            "party_name": "ANESS ?"
        },
        {
            "party_number": "10000585449",
            "party_name": "SARAH BEZANSON"
        },
        {
            "party_number": "10000775575",
            "party_name": "TOM GLATCH"
        },
        {
            "party_number": "10000799858",
            "party_name": "N/A SHEENA"
        },
        {
            "party_number": "10000811139",
            "party_name": "N/A ATTA"
        },
        {
            "party_number": "10000821889",
            "party_name": "GLENDA ROSS"
        },
        {
            "party_number": "10006102973",
            "party_name": "JON MICHAEL WASHINGTON"
        },
        {
            "party_number": "10006164473",
            "party_name": "RILEY RENNHACK"
        },
        {
            "party_number": "10006257202",
            "party_name": "ROXANNE SMITH"
        },
        {
            "party_number": "10006365400",
            "party_name": "EMILY BRACKEN"
        },
        {
            "party_number": "10006367025",
            "party_name": "COURTNEY BRYCE"
        },
        {
            "party_number": "10006602844",
            "party_name": "N/A JEFF"
        },
        {
            "party_number": "10006607307",
            "party_name": "ISOBEL DIZENGOFF"
        },
        {
            "party_number": "10006608285",
            "party_name": "MAGUIRE WISE"
        },
        {
            "party_number": "10006608577",
            "party_name": "EEN CLAPPER"
        },
        {
            "party_number": "10006608800",
            "party_name": "TIM MARKS"
        },
        {
            "party_number": "10006691791",
            "party_name": "JACKIE DERRICK"
        },
        {
            "party_number": "10006691978",
            "party_name": "CHRISTINE FERLAND"
        },
        {
            "party_number": "10006694400",
            "party_name": "JEFF FETTINGER"
        },
        {
            "party_number": "10006716475",
            "party_name": "KATHY JONES"
        },
        {
            "party_number": "10006943975",
            "party_name": "KEVIN R RAY"
        },
        {
            "party_number": "10006958347",
            "party_name": "JENN COLLINS"
        },
        {
            "party_number": "10007013393",
            "party_name": "N/A ABBY"
        },
        {
            "party_number": "10007025748",
            "party_name": "DEVIN TAYLOR"
        },
        {
            "party_number": "10007045869",
            "party_name": "CHERI WINGERTER"
        },
        {
            "party_number": "10007565237",
            "party_name": "DIANNE ALLAMANI"
        },
        {
            "party_number": "10007568236",
            "party_name": "REBECCA STANBERY"
        },
        {
            "party_number": "10007568372",
            "party_name": "LAURA HATHAWAY"
        },
        {
            "party_number": "10007570403",
            "party_name": "ANNE FERRETTI"
        },
        {
            "party_number": "10007586445",
            "party_name": "BRIAN DEMOSS"
        },
        {
            "party_number": "10007588076",
            "party_name": "JASMINE CHAN"
        },
        {
            "party_number": "10007588078",
            "party_name": "N/A N/A"
        },
        {
            "party_number": "10007588164",
            "party_name": "ELENA NOPRE"
        },
        {
            "party_number": "10007645079",
            "party_name": "KALISA AUGUSTINE"
        },
        {
            "party_number": "10007649263",
            "party_name": "N/A N/A"
        },
        {
            "party_number": "10007684875",
            "party_name": "VIBHORE JAIN"
        },
        {
            "party_number": "10007687038",
            "party_name": "N/A EVA"
        },
        {
            "party_number": "10007823276",
            "party_name": "JANIS FARRINGTON"
        },
        {
            "party_number": "10007840944",
            "party_name": "N/A N/A"
        },
        {
            "party_number": "10007841205",
            "party_name": "DEBORAH S KERN"
        },
        {
            "party_number": "10007844743",
            "party_name": "YELENA FEIMER"
        },
        {
            "party_number": "1001",
            "party_name": "integrations"
        },
        {
            "party_number": "10012142390",
            "party_name": "N/A NA"
        },
        {
            "party_number": "10012207956",
            "party_name": "THOMAS REED"
        },
        {
            "party_number": "10012208139",
            "party_name": "NANCY HENRY"
        },
        {
            "party_number": "10012210595",
            "party_name": "CATANNA BERGER"
        },
        {
            "party_number": "10012211164",
            "party_name": "CHERYL FIRTH"
        },
        {
            "party_number": "10012302992",
            "party_name": "ELLIE SCHREINER"
        },
        {
            "party_number": "10012316888",
            "party_name": "VONDA WELLS"
        },
        {
            "party_number": "10012337935",
            "party_name": "PAIGE NESTER"
        },
        {
            "party_number": "10012352972",
            "party_name": "DAWN STEPH"
        },
        {
            "party_number": "10012353764",
            "party_name": "STEPHANIE GENY"
        },
        {
            "party_number": "10012383587",
            "party_name": "JODI DUNN"
        },
        {
            "party_number": "10013076657",
            "party_name": "HUGHES ROBERTS"
        },
        {
            "party_number": "10013080141",
            "party_name": "MORGAN WALSH"
        },
        {
            "party_number": "10013080960",
            "party_name": "KEIKO FELDMAN"
        },
        {
            "party_number": "10013082019",
            "party_name": "ROBIN GOLD"
        },
        {
            "party_number": "10013101161",
            "party_name": "RAUL PEREZ"
        },
        {
            "party_number": "10013200665",
            "party_name": "N/A N/A"
        },
        {
            "party_number": "10013219675",
            "party_name": "BRIAN HAGE"
        },
        {
            "party_number": "10013425904",
            "party_name": "LINDA BROOKS"
        },
        {
            "party_number": "10013426174",
            "party_name": "JOHN EVANGELISTA"
        },
        {
            "party_number": "10013510316",
            "party_name": "N/A NA"
        },
        {
            "party_number": "10013513559",
            "party_name": "N/A FRANK/DALE"
        },
        {
            "party_number": "10013517516",
            "party_name": "N/A NA"
        },
        {
            "party_number": "10013522052",
            "party_name": "N/A SIMON"
        },
        {
            "party_number": "10013523457",
            "party_name": "TED RAWLINSON"
        },
        {
            "party_number": "10013537547",
            "party_name": "MEG KNIGHT"
        },
        {
            "party_number": "10013549121",
            "party_name": "LISA RICE"
        },
        {
            "party_number": "10013551448",
            "party_name": "ASHLEY HUIRAS"
        },
        {
            "party_number": "10013553715",
            "party_name": "N/A NA"
        },
        {
            "party_number": "10013557499",
            "party_name": "HILARIO M"
        },
        {
            "party_number": "10013559295",
            "party_name": "AMY LEMOINE"
        },
        {
            "party_number": "10013559370",
            "party_name": "MICHAEL HURLEY"
        },
        {
            "party_number": "10013564114",
            "party_name": "N/A NA"
        },
        {
            "party_number": "10013564116",
            "party_name": "SHERRY GILLEN"
        },
        {
            "party_number": "10013565570",
            "party_name": "MELISSA HOEKSTRA"
        },
        {
            "party_number": "10013577201",
            "party_name": "SUSAN REDING"
        },
        {
            "party_number": "10013627879",
            "party_name": "N/A NA"
        },
        {
            "party_number": "10013636397",
            "party_name": "N/A NA"
        },
        {
            "party_number": "10013636399",
            "party_name": "SARAH HOBDEN"
        },
        {
            "party_number": "10013722701",
            "party_name": "HELGA SNOEIJ"
        },
        {
            "party_number": "10013729366",
            "party_name": "N/A NA"
        },
        {
            "party_number": "10013731815",
            "party_name": "PRICILLA MILLER"
        },
        {
            "party_number": "10013746048",
            "party_name": "ELISA MCMURREY"
        },
        {
            "party_number": "10013751322",
            "party_name": "SUE KAPLAN"
        },
        {
            "party_number": "10013751341",
            "party_name": "MICHELLE VANDERLAAN"
        },
        {
            "party_number": "10018191824",
            "party_name": "MARC SPIRO"
        },
        {
            "party_number": "10018191838",
            "party_name": "JASON LOGAN"
        },
        {
            "party_number": "10018192907",
            "party_name": "KRISTY KIRBY"
        },
        {
            "party_number": "10018192916",
            "party_name": "N/A N/A"
        },
        {
            "party_number": "10018199030",
            "party_name": "BETH SCHAEFER"
        },
        {
            "party_number": "10018261396",
            "party_name": "DERRICK RILEY"
        },
        {
            "party_number": "10018285796",
            "party_name": "AL ANDREWS"
        },
        {
            "party_number": "10018287063",
            "party_name": "N/A LISA"
        },
        {
            "party_number": "10018287226",
            "party_name": "ROXANE VAILLANT"
        },
        {
            "party_number": "10018289647",
            "party_name": "N/A GARY"
        },
        {
            "party_number": "10018290707",
            "party_name": "JOHN BUSACKER"
        },
        {
            "party_number": "10018292748",
            "party_name": "JOHN BUSACKER"
        },
        {
            "party_number": "10018295705",
            "party_name": "NATHAN LANE"
        },
        {
            "party_number": "10018477286",
            "party_name": "DEBBIE KOEHLER"
        },
        {
            "party_number": "10018477905",
            "party_name": "PATSY CLAIRMONT"
        },
        {
            "party_number": "10018479314",
            "party_name": "N/A N/A"
        },
        {
            "party_number": "10018479704",
            "party_name": "DON COLBERT"
        },
        {
            "party_number": "10018480736",
            "party_name": "N/A TERI"
        },
        {
            "party_number": "10018693440",
            "party_name": "N/A N/A"
        },
        {
            "party_number": "10018693606",
            "party_name": "N/A LIZ"
        },
        {
            "party_number": "10018695288",
            "party_name": "N/A ANITA"
        },
        {
            "party_number": "10018706600",
            "party_name": "KEVIN ELKO"
        },
        {
            "party_number": "10018712050",
            "party_name": "KRISTINA ELLIS"
        },
        {
            "party_number": "10018714158",
            "party_name": "LISA ZACHARIAS"
        },
        {
            "party_number": "10018714160",
            "party_name": "AMBROSIA BOROWSKI"
        },
        {
            "party_number": "10018719128",
            "party_name": "LINDA DEKRUYTER"
        },
        {
            "party_number": "10018719691",
            "party_name": "ANNE ARMITAGE"
        },
        {
            "party_number": "10018719819",
            "party_name": "N/A N/A"
        },
        {
            "party_number": "10018722751",
            "party_name": "N/A N/A"
        },
        {
            "party_number": "10018723431",
            "party_name": "N/A HANNAH"
        },
        {
            "party_number": "10018723632",
            "party_name": "SUZANNE HARGETT"
        },
        {
            "party_number": "10018725697",
            "party_name": "N/A JERRY"
        },
        {
            "party_number": "10018741978",
            "party_name": "ANITA VASQUEZ"
        },
        {
            "party_number": "10018743347",
            "party_name": "N/A PAMELA"
        },
        {
            "party_number": "10018824235",
            "party_name": "N/A N/A"
        },
        {
            "party_number": "10018824237",
            "party_name": "N/A N/A"
        },
        {
            "party_number": "10018982963",
            "party_name": "KAREN GAINES"
        },
        {
            "party_number": "10019087079",
            "party_name": "N/A CRISTIN"
        },
        {
            "party_number": "10019109420",
            "party_name": "N/A JILL"
        },
        {
            "party_number": "10019115266",
            "party_name": "N/A N/A"
        },
        {
            "party_number": "10019120375",
            "party_name": "N/A N/A"
        },
        {
            "party_number": "10019181299",
            "party_name": "N/A AUTUMN"
        },
        {
            "party_number": "10019181301",
            "party_name": "N/A KASSY"
        },
        {
            "party_number": "10019182940",
            "party_name": "N/A KATHY"
        },
        {
            "party_number": "10019182942",
            "party_name": "N/A LUCAS"
        },
        {
            "party_number": "10019184222",
            "party_name": "N/A N/A"
        },
        {
            "party_number": "10019215717",
            "party_name": "N/A RYAN"
        },
        {
            "party_number": "10019215719",
            "party_name": "N/A N/A"
        },
        {
            "party_number": "10019245834",
            "party_name": "N/A JERRY"
        },
        {
            "party_number": "10019252420",
            "party_name": "N/A JAY"
        },
        {
            "party_number": "10019256021",
            "party_name": "N/A PAT"
        },
        {
            "party_number": "10019257226",
            "party_name": "N/A PETER"
        },
        {
            "party_number": "10019257256",
            "party_name": "N/A GRACE"
        },
        {
            "party_number": "10019257523",
            "party_name": "N/A JEAN"
        },
        {
            "party_number": "10019259623",
            "party_name": "N/A LAURIE"
        },
        {
            "party_number": "10019260797",
            "party_name": "N/A ULMER"
        },
        {
            "party_number": "10019277066",
            "party_name": "N/A N/A"
        },
        {
            "party_number": "10019277068",
            "party_name": "N/A N/A"
        },
        {
            "party_number": "10019281239",
            "party_name": "SARA PAULK"
        },
        {
            "party_number": "10019285616",
            "party_name": "VERONICA SMITH"
        },
        {
            "party_number": "10019289317",
            "party_name": "N/A ADRIANA"
        },
        {
            "party_number": "10019310670",
            "party_name": "LIZ SYTSMA"
        },
        {
            "party_number": "10019315368",
            "party_name": "MARLA HALSTED"
        },
        {
            "party_number": "10019330021",
            "party_name": "SUSAN PEARSON"
        },
        {
            "party_number": "10019345965",
            "party_name": "N/A N/A"
        },
        {
            "party_number": "10019351707",
            "party_name": "ANDREA PETERSON"
        },
        {
            "party_number": "10019363859",
            "party_name": "LAUREL WATERS"
        },
        {
            "party_number": "10019379074",
            "party_name": "ELLEN SONGLE"
        },
        {
            "party_number": "10019519756",
            "party_name": "BYAN CALLAWAY"
        },
        {
            "party_number": "10019546868",
            "party_name": "N/A N/A"
        },
        {
            "party_number": "10019550030",
            "party_name": "N/A DEANNA"
        },
        {
            "party_number": "10019551036",
            "party_name": "STEPHANIE BROWN"
        },
        {
            "party_number": "10022497594",
            "party_name": "MELISA DORAN COLE"
        },
        {
            "party_number": "10024578575",
            "party_name": "DOMINIQUE LUCIA"
        },
        {
            "party_number": "10025379837",
            "party_name": "ELEANOR HARWOOD"
        },
        {
            "party_number": "10025434301",
            "party_name": "N/A NA"
        },
        {
            "party_number": "10025446973",
            "party_name": "MELISSA VILLARREAL KEAST"
        },
        {
            "party_number": "10025670034",
            "party_name": "ALISON ZACHARKIW"
        },
        {
            "party_number": "10025671236",
            "party_name": "DAWN GORACK"
        },
        {
            "party_number": "10025730758",
            "party_name": "N/A ALICE"
        },
        {
            "party_number": "10025873690",
            "party_name": "KATHERINE MCPHEETERS"
        },
        {
            "party_number": "10025878998",
            "party_name": "KATHERINE MCPHEETERS"
        },
        {
            "party_number": "10025923225",
            "party_name": "DAVID LAUBER"
        },
        {
            "party_number": "10026283724",
            "party_name": "LINDA KUKUK"
        },
        {
            "party_number": "10026849793",
            "party_name": "CONSTANCE RIIK"
        },
        {
            "party_number": "10028187600",
            "party_name": "KATHY FOSTER"
        },
        {
            "party_number": "10030148017",
            "party_name": "JACQUE ALANIS"
        },
        {
            "party_number": "10030152145",
            "party_name": "VANESSA FALECK"
        },
        {
            "party_number": "10030158773",
            "party_name": "NICKI KILLIAN"
        },
        {
            "party_number": "10030175521",
            "party_name": "JOELLE BAUGHER"
        },
        {
            "party_number": "10030177430",
            "party_name": "WENDY WIEGAND"
        },
        {
            "party_number": "10030186500",
            "party_name": "N/A ADRIAN"
        },
        {
            "party_number": "10030186502",
            "party_name": "N/A ADRIAN"
        },
        {
            "party_number": "10030235510",
            "party_name": "JEFF LEWIS"
        },
        {
            "party_number": "10030247970",
            "party_name": "N/A UNKNOWN"
        },
        {
            "party_number": "10030249442",
            "party_name": "DAVID ZAHN"
        },
        {
            "party_number": "10030249830",
            "party_name": "MICHAEL LICHTENSTEIN"
        },
        {
            "party_number": "10030269818",
            "party_name": "N/A NA"
        },
        {
            "party_number": "10030270831",
            "party_name": "ERICA HORTON"
        },
        {
            "party_number": "10030271196",
            "party_name": "N/A JOYCE"
        },
        {
            "party_number": "10034207309",
            "party_name": "N/A SARAH"
        },
        {
            "party_number": "10034216475",
            "party_name": "N/A N/A"
        },
        {
            "party_number": "10034254769",
            "party_name": "NIC AVINA/MYRA VASQUEZ"
        },
        {
            "party_number": "10034254850",
            "party_name": "KEN JONES"
        },
        {
            "party_number": "10034276687",
            "party_name": "SHARRON YERRID"
        },
        {
            "party_number": "10034294090",
            "party_name": "ANGIE RINN"
        },
        {
            "party_number": "10034310810",
            "party_name": "ALBERTO TERRONES"
        },
        {
            "party_number": "10034316427",
            "party_name": "ADRIAN SANDOVAL"
        },
        {
            "party_number": "10034329929",
            "party_name": "N/A JEFF"
        },
        {
            "party_number": "10034452130",
            "party_name": "STACI PALMER"
        },
        {
            "party_number": "10034564615",
            "party_name": "MORGAN HICKS"
        },
        {
            "party_number": "10034576678",
            "party_name": "MINDI STEINER"
        },
        {
            "party_number": "10034582410",
            "party_name": "JENNA SCHAEFER"
        },
        {
            "party_number": "10034586671",
            "party_name": "LISA LAVINA"
        },
        {
            "party_number": "10034606597",
            "party_name": "JESSICA LANGRIDGE"
        },
        {
            "party_number": "10034732956",
            "party_name": "N/A MELISSA"
        },
        {
            "party_number": "10034775865",
            "party_name": "BRIAN MACK"
        },
        {
            "party_number": "10034895958",
            "party_name": "VALERIE VON SOBEL"
        },
        {
            "party_number": "10034941409",
            "party_name": "N/A N/A"
        },
        {
            "party_number": "10035020303",
            "party_name": "BEVERLY NIFFENEGGER"
        },
        {
            "party_number": "10035020426",
            "party_name": "HEATHER MOHORN"
        },
        {
            "party_number": "10035020710",
            "party_name": "HEATHER MOHORN"
        },
        {
            "party_number": "10035023121",
            "party_name": "KARRIE TROWBRIDGE"
        },
        {
            "party_number": "10035025191",
            "party_name": "N/A FRAN"
        },
        {
            "party_number": "10035034041",
            "party_name": "KEVIN NELSON"
        },
        {
            "party_number": "10035034134",
            "party_name": "N/A NA"
        },
        {
            "party_number": "10035063797",
            "party_name": "MELANIE STANFIELD"
        },
        {
            "party_number": "10035064787",
            "party_name": "BRAM ROBINSON"
        },
        {
            "party_number": "10035074112",
            "party_name": "KRISTIN LEWIS"
        },
        {
            "party_number": "10035076865",
            "party_name": "N/A AMANDA"
        },
        {
            "party_number": "10035215124",
            "party_name": "N/A INDA"
        },
        {
            "party_number": "10035281127",
            "party_name": "KELSI TYLER"
        },
        {
            "party_number": "10038248225",
            "party_name": "N/A HEATHER"
        },
        {
            "party_number": "10038255242",
            "party_name": "DEE MOORE"
        },
        {
            "party_number": "10038262870",
            "party_name": "AMANDA DEIGHAN"
        },
        {
            "party_number": "10038266190",
            "party_name": "UWIMANA OLABISI"
        },
        {
            "party_number": "10038270196",
            "party_name": "ALSACE WALENTINE"
        },
        {
            "party_number": "10038282703",
            "party_name": "MICHAEL MARGOLIS"
        },
        {
            "party_number": "10038312785",
            "party_name": "BERRIN NOORATA"
        },
        {
            "party_number": "10038326052",
            "party_name": "MELISSA BERGSON"
        },
        {
            "party_number": "10038634159",
            "party_name": "AMANDA KREUTER"
        },
        {
            "party_number": "10038790201",
            "party_name": "JENNIFER ROSS TURNEY"
        },
        {
            "party_number": "10038799861",
            "party_name": "N/A BRENT"
        },
        {
            "party_number": "10039109795",
            "party_name": "VERNELL JAMES"
        },
        {
            "party_number": "10039109797",
            "party_name": "RAVI DHINGRA"
        },
        {
            "party_number": "10039176951",
            "party_name": "ERIN DALTON"
        },
        {
            "party_number": "10039183694",
            "party_name": "N/A N/A"
        },
        {
            "party_number": "10039189283",
            "party_name": "SANDRA TUBBS"
        },
        {
            "party_number": "10039189674",
            "party_name": "CAMEO MCGRAW HORTON"
        },
        {
            "party_number": "10039214724",
            "party_name": "BEUNA TOMALINO"
        },
        {
            "party_number": "10039216198",
            "party_name": "N/A RYAN"
        },
        {
            "party_number": "10039225614",
            "party_name": "JERLY MARQUEZ"
        },
        {
            "party_number": "10039225657",
            "party_name": "CHANELLE NOYES"
        },
        {
            "party_number": "10039241547",
            "party_name": "CHELSEA STODDARD"
        },
        {
            "party_number": "10039246893",
            "party_name": "KELLI HUNTER"
        },
        {
            "party_number": "10039247979",
            "party_name": "ILA BALLOU"
        },
        {
            "party_number": "10039251253",
            "party_name": "NATALIE HEDRICK"
        },
        {
            "party_number": "10039354461",
            "party_name": "JILL NOBLE"
        },
        {
            "party_number": "1004",
            "party_name": "Stephen Gildea"
        },
        {
            "party_number": "10042376608",
            "party_name": "EMILY BOEHMIG"
        },
        {
            "party_number": "10042388226",
            "party_name": "TETSUKO OTSUKA"
        },
        {
            "party_number": "10042415718",
            "party_name": "N/A CAMERON"
        },
        {
            "party_number": "10042478734",
            "party_name": "JULIA OWEN"
        },
        {
            "party_number": "10042494766",
            "party_name": "JANELLE SMITH"
        },
        {
            "party_number": "10042505852",
            "party_name": "PHILIPPE BRENOT"
        },
        {
            "party_number": "10042505854",
            "party_name": "ACCOUNTS PAYABLE"
        },
        {
            "party_number": "10042510383",
            "party_name": "ICEL VEGA"
        },
        {
            "party_number": "10042530690",
            "party_name": "JEANIE ROWLAND"
        },
        {
            "party_number": "10042530692",
            "party_name": "CATHY PARKEY"
        },
        {
            "party_number": "10042534312",
            "party_name": "MELISSA FORTUNE"
        },
        {
            "party_number": "10042551317",
            "party_name": "ELIZABETH HARTMAN"
        },
        {
            "party_number": "10042553600",
            "party_name": "N/A NICOLAS"
        },
        {
            "party_number": "10042808878",
            "party_name": "MARTIN LI"
        },
        {
            "party_number": "10042858860",
            "party_name": "JANE METIU"
        },
        {
            "party_number": "10042869905",
            "party_name": "TRELLANEY OPARA"
        },
        {
            "party_number": "10042913313",
            "party_name": "N/A PRISANEE"
        },
        {
            "party_number": "10042925784",
            "party_name": "CHARLES NURNBERG"
        },
        {
            "party_number": "10043027657",
            "party_name": "LEO FLORES"
        },
        {
            "party_number": "10043028555",
            "party_name": "VICKI THACKER"
        },
        {
            "party_number": "10043045742",
            "party_name": "JEFFERSON WOESTE"
        },
        {
            "party_number": "10043070110",
            "party_name": "N/A STEPHANIE"
        },
        {
            "party_number": "10043095519",
            "party_name": "CARE DIPPING"
        },
        {
            "party_number": "10045679296",
            "party_name": "KAREN SUSI"
        },
        {
            "party_number": "10045684346",
            "party_name": "MAGGIE HELKENBERG"
        },
        {
            "party_number": "10045687758",
            "party_name": "STEPHANIE HAUSER"
        },
        {
            "party_number": "10045713419",
            "party_name": "CAROLINE DELAFIELD"
        },
        {
            "party_number": "10045737988",
            "party_name": "TARA GILL"
        },
        {
            "party_number": "10045738818",
            "party_name": "N/A NA"
        },
        {
            "party_number": "10045880897",
            "party_name": "N/A ROBERTA"
        },
        {
            "party_number": "10045895885",
            "party_name": "N/A NINA"
        },
        {
            "party_number": "10045923348",
            "party_name": "ELISSA BEAN"
        },
        {
            "party_number": "10045924857",
            "party_name": "ILEANA BERENSTEIN"
        },
        {
            "party_number": "10045928721",
            "party_name": "PAMELA MARCELLA"
        },
        {
            "party_number": "10045931176",
            "party_name": "LARRY LINDER"
        },
        {
            "party_number": "10045931946",
            "party_name": "N/A SUSAN"
        },
        {
            "party_number": "10046004960",
            "party_name": "FERNANDO SALVO"
        },
        {
            "party_number": "10046008967",
            "party_name": "ANNA CRELIA"
        },
        {
            "party_number": "10046063042",
            "party_name": "CAREN SCHWEITZER"
        },
        {
            "party_number": "10046103939",
            "party_name": "GRACE SHAM"
        },
        {
            "party_number": "10046136440",
            "party_name": "KAREN MCCATHIE"
        },
        {
            "party_number": "10046179802",
            "party_name": "N/A NA"
        },
        {
            "party_number": "10046335926",
            "party_name": "MARK ORSAG"
        },
        {
            "party_number": "10046367370",
            "party_name": "ABI ROACH"
        },
        {
            "party_number": "10046414382",
            "party_name": "STEVEN MARTIN"
        },
        {
            "party_number": "10046415082",
            "party_name": "LISA ROSA"
        },
        {
            "party_number": "10046418523",
            "party_name": "N/A MARGARET"
        },
        {
            "party_number": "10046426901",
            "party_name": "MIKE HALL"
        },
        {
            "party_number": "10046441797",
            "party_name": "CINDY ANDERSON"
        },
        {
            "party_number": "10046442799",
            "party_name": "JUDY VAN DE GRAFF"
        },
        {
            "party_number": "10046443489",
            "party_name": "N/A NA"
        },
        {
            "party_number": "10046453616",
            "party_name": "JOYCE YOUNGER"
        },
        {
            "party_number": "10046455235",
            "party_name": "MACKENZIE JEANS"
        },
        {
            "party_number": "10046457245",
            "party_name": "CARRIE GONZALEZ"
        },
        {
            "party_number": "10046472820",
            "party_name": "CARRIE WARREN"
        },
        {
            "party_number": "10046476380",
            "party_name": "TOM SZYMCZYK"
        },
        {
            "party_number": "10046477670",
            "party_name": "JEN BORRE"
        },
        {
            "party_number": "10046478443",
            "party_name": "ASHLEY ALFORD"
        },
        {
            "party_number": "10046481427",
            "party_name": "STEPH NEU"
        },
        {
            "party_number": "10046546830",
            "party_name": "BETH HOLTHAUS"
        },
        {
            "party_number": "10046547191",
            "party_name": "N/A PATRICK"
        },
        {
            "party_number": "10046548789",
            "party_name": "MONA VAN CLEVE"
        },
        {
            "party_number": "10046548917",
            "party_name": "N/A JUSTINE"
        },
        {
            "party_number": "10046550377",
            "party_name": "DAWN THOMPSON"
        },
        {
            "party_number": "10046551954",
            "party_name": "JANA BILLECI"
        },
        {
            "party_number": "10046559855",
            "party_name": "N/A NA"
        },
        {
            "party_number": "10046562679",
            "party_name": "TERI SCOTT"
        },
        {
            "party_number": "10046564191",
            "party_name": "N/A N/A"
        },
        {
            "party_number": "1005",
            "party_name": "Vuong Tran"
        },
        {
            "party_number": "10052502882",
            "party_name": "PHYLLIS FINCHUM"
        },
        {
            "party_number": "10052531548",
            "party_name": "STEVE MUSCATO"
        },
        {
            "party_number": "10052577573",
            "party_name": "ALLISON COGEN"
        },
        {
            "party_number": "10052587120",
            "party_name": "N/A TERI"
        },
        {
            "party_number": "10052587921",
            "party_name": "MAUREEN GRAHAM"
        },
        {
            "party_number": "10052592777",
            "party_name": "MATTHEW BURROWS"
        },
        {
            "party_number": "10052595418",
            "party_name": "N/A MARLINA"
        },
        {
            "party_number": "10052600843",
            "party_name": "JORDANA JACOBSON"
        },
        {
            "party_number": "10052644347",
            "party_name": "N/A JUDY"
        },
        {
            "party_number": "10052760269",
            "party_name": "DALTON CHECOTAH"
        },
        {
            "party_number": "10052762865",
            "party_name": "LAURI KRANZ"
        },
        {
            "party_number": "10052769913",
            "party_name": "N/A N/A"
        },
        {
            "party_number": "10052769915",
            "party_name": "KRISTY O’HAGAN"
        },
        {
            "party_number": "10052772456",
            "party_name": "HILARY ATLEO"
        },
        {
            "party_number": "10052790059",
            "party_name": "N/A MARIE"
        },
        {
            "party_number": "10052835447",
            "party_name": "CAREY DEZA"
        },
        {
            "party_number": "10053025814",
            "party_name": "JODI KLATT"
        },
        {
            "party_number": "10053125465",
            "party_name": "KUZ HEYLAND"
        },
        {
            "party_number": "10053131191",
            "party_name": "SANDY WOOD"
        },
        {
            "party_number": "10053136129",
            "party_name": "PETER WRIGHT"
        },
        {
            "party_number": "10053161511",
            "party_name": "TERRY PRAGER"
        },
        {
            "party_number": "10053162191",
            "party_name": "N/A NA"
        },
        {
            "party_number": "10053180305",
            "party_name": "N/A N/A"
        },
        {
            "party_number": "10053183680",
            "party_name": "N/A SUMMER/BRITTANY"
        },
        {
            "party_number": "10053454759",
            "party_name": "CARA EVANS"
        },
        {
            "party_number": "10053593661",
            "party_name": "N/A GINGER"
        },
        {
            "party_number": "10053611088",
            "party_name": "N/A TRACY"
        },
        {
            "party_number": "10053615385",
            "party_name": "ANDREW WORM"
        },
        {
            "party_number": "10057827115",
            "party_name": "N/A ."
        },
        {
            "party_number": "10057840306",
            "party_name": "JONATHAN CORDERO"
        },
        {
            "party_number": "10057850754",
            "party_name": "N/A NA"
        },
        {
            "party_number": "10057852621",
            "party_name": "JIM BASS"
        },
        {
            "party_number": "10057859874",
            "party_name": "ALLISON DUARTE"
        },
        {
            "party_number": "10057868028",
            "party_name": "EUGENE SOLTES"
        },
        {
            "party_number": "10058068797",
            "party_name": "LEAH BERRY"
        },
        {
            "party_number": "10058109170",
            "party_name": "TABB ROUTT"
        },
        {
            "party_number": "10058197282",
            "party_name": "MOLLIE LOTHMAN"
        },
        {
            "party_number": "10058197803",
            "party_name": "LAUREN CARTER"
        },
        {
            "party_number": "10058205597",
            "party_name": "ON VOONG"
        },
        {
            "party_number": "10058311518",
            "party_name": "N/A NA"
        },
        {
            "party_number": "10058389266",
            "party_name": "N/A NA"
        },
        {
            "party_number": "10058404792",
            "party_name": "HEATHER MOONEY"
        },
        {
            "party_number": "10058404794",
            "party_name": "WENDY TAYLOR"
        },
        {
            "party_number": "10058540783",
            "party_name": "KWON, EJ"
        },
        {
            "party_number": "10058550406",
            "party_name": "DIANNA CONAWAY"
        },
        {
            "party_number": "10058557891",
            "party_name": "N/A BARBARA"
        },
        {
            "party_number": "10058564089",
            "party_name": "PAUL LONDON"
        },
        {
            "party_number": "10058582751",
            "party_name": "ROGER MULLINS"
        },
        {
            "party_number": "10058585563",
            "party_name": "SUZANNE MICHEL"
        },
        {
            "party_number": "10058600790",
            "party_name": "N/A UNKNOWN"
        },
        {
            "party_number": "10058601251",
            "party_name": "TAMMY BUFFINGTON"
        },
        {
            "party_number": "10058602681",
            "party_name": "MARGARET BUTT"
        },
        {
            "party_number": "10058616082",
            "party_name": "VICKI LY"
        },
        {
            "party_number": "10058628512",
            "party_name": "N/A N/A"
        },
        {
            "party_number": "10058634252",
            "party_name": "TOMMY WIXON"
        },
        {
            "party_number": "10058639372",
            "party_name": "TOMMY WIXON"
        },
        {
            "party_number": "10058768901",
            "party_name": "ANGIE WHITMAN"
        },
        {
            "party_number": "10058791421",
            "party_name": "N/A NA"
        },
        {
            "party_number": "10058791423",
            "party_name": "N/A CRISI"
        },
        {
            "party_number": "1006",
            "party_name": "Michael Leonard"
        },
        {
            "party_number": "10061903143",
            "party_name": "JANE POWELL"
        },
        {
            "party_number": "10061913617",
            "party_name": "MARIANA CASTANEDA"
        },
        {
            "party_number": "10061913814",
            "party_name": "N/A NA"
        },
        {
            "party_number": "10061970362",
            "party_name": "PETER ALBERTELLI"
        },
        {
            "party_number": "10061971060",
            "party_name": "LEA YMKER"
        },
        {
            "party_number": "10061984614",
            "party_name": "HEATHER NIELSEN"
        },
        {
            "party_number": "100620",
            "party_name": "HP FRANCE SA"
        },
        {
            "party_number": "10062171691",
            "party_name": "CHRIS PUTRA"
        },
        {
            "party_number": "10062176447",
            "party_name": "SHERYL SNELL"
        },
        {
            "party_number": "10062184558",
            "party_name": "CAITLYN MORRISSEY"
        },
        {
            "party_number": "10062187303",
            "party_name": "DAVID SANBORN"
        },
        {
            "party_number": "10062195540",
            "party_name": "BRITTANY GUY"
        },
        {
            "party_number": "10062198506",
            "party_name": "N/A NA"
        },
        {
            "party_number": "10062204331",
            "party_name": "N/A NA"
        },
        {
            "party_number": "10062257692",
            "party_name": "KATIE SCOTT"
        },
        {
            "party_number": "10062276774",
            "party_name": "KATHERINE SILVERIO"
        },
        {
            "party_number": "10062307253",
            "party_name": "AMY KING"
        },
        {
            "party_number": "10062394774",
            "party_name": "N/A JESSICA"
        },
        {
            "party_number": "10062567963",
            "party_name": "N/A N/A"
        },
        {
            "party_number": "10062569445",
            "party_name": "N/A KATHERINE"
        },
        {
            "party_number": "10062586435",
            "party_name": "N/A YVETTE"
        },
        {
            "party_number": "10062679829",
            "party_name": "N/A KARALYNNE"
        },
        {
            "party_number": "10062767265",
            "party_name": "JOE TODARO"
        },
        {
            "party_number": "10062835891",
            "party_name": "N/A DOUGLAS"
        },
        {
            "party_number": "10062864620",
            "party_name": "N/A SANDY"
        },
        {
            "party_number": "10063211758",
            "party_name": "DEBORAH WINSOR"
        },
        {
            "party_number": "10063213649",
            "party_name": "N/A NA"
        },
        {
            "party_number": "10064284964",
            "party_name": "N/A NA"
        },
        {
            "party_number": "10064289573",
            "party_name": "OKSANA KOLIBABA"
        },
        {
            "party_number": "10064291232",
            "party_name": "PAYMENT INQUIRIES"
        },
        {
            "party_number": "10064295568",
            "party_name": "ALEASE JOHNSON"
        },
        {
            "party_number": "10064295752",
            "party_name": "N/A CAREN"
        },
        {
            "party_number": "10064312301",
            "party_name": "N/A RANI"
        },
        {
            "party_number": "10064394121",
            "party_name": "N/A JANELLE"
        },
        {
            "party_number": "10064415116",
            "party_name": "N/A HOLLY"
        },
        {
            "party_number": "10064421022",
            "party_name": "ROBIN NANCE"
        },
        {
            "party_number": "10064421276",
            "party_name": "DEBORAH SIMPSON"
        },
        {
            "party_number": "10064424460",
            "party_name": "SANDY SMITH"
        },
        {
            "party_number": "10064425428",
            "party_name": "N/A SUZY"
        },
        {
            "party_number": "10064551976",
            "party_name": "N/A LISA"
        },
        {
            "party_number": "10064576259",
            "party_name": "JESSICA RIORDAN"
        },
        {
            "party_number": "10064578432",
            "party_name": "N/A UNKN"
        },
        {
            "party_number": "10067549495",
            "party_name": "N/A DYLAN"
        },
        {
            "party_number": "10067550188",
            "party_name": "STEA NANUSHI"
        },
        {
            "party_number": "10067576183",
            "party_name": "EILEEN RIVERS"
        },
        {
            "party_number": "10067586856",
            "party_name": "MARISELA HELGEDALEN"
        },
        {
            "party_number": "10067587085",
            "party_name": "SHERRI HALE"
        },
        {
            "party_number": "10067588584",
            "party_name": "N/A PANKAJ"
        },
        {
            "party_number": "10067595954",
            "party_name": "ALMA VALLARINO"
        },
        {
            "party_number": "10067596411",
            "party_name": "GRACE GARZON"
        },
        {
            "party_number": "10067597338",
            "party_name": "JENNIFER NIMMO"
        },
        {
            "party_number": "10067599743",
            "party_name": "STEVEN HO"
        },
        {
            "party_number": "10067600726",
            "party_name": "CINDY JOY"
        },
        {
            "party_number": "10067600923",
            "party_name": "DUCKY DOOLITTLE"
        },
        {
            "party_number": "10067604060",
            "party_name": "CHERYL DILISI"
        },
        {
            "party_number": "10067817033",
            "party_name": "TITIN MOHO"
        },
        {
            "party_number": "10067824611",
            "party_name": "N/A NA"
        },
        {
            "party_number": "10067830759",
            "party_name": "KATHERINE IRVING"
        },
        {
            "party_number": "10067882072",
            "party_name": "MEGAN KELLY"
        },
        {
            "party_number": "10067899097",
            "party_name": "ANGELA TAYCO"
        },
        {
            "party_number": "10067976911",
            "party_name": "N/A WENDY"
        },
        {
            "party_number": "10067980502",
            "party_name": "N/A N/A"
        },
        {
            "party_number": "10068002247",
            "party_name": "N/A N/A"
        },
        {
            "party_number": "10068298986",
            "party_name": "EMILIE KRISTEK"
        },
        {
            "party_number": "10068345487",
            "party_name": "JOAN ANDRAS"
        },
        {
            "party_number": "10068385448",
            "party_name": "DIANE DOYLE"
        },
        {
            "party_number": "10068466424",
            "party_name": "ALGER VALDES"
        },
        {
            "party_number": "10068472457",
            "party_name": "JEN GOWERS"
        },
        {
            "party_number": "10068488081",
            "party_name": "DALE JACOBS"
        },
        {
            "party_number": "10068506069",
            "party_name": "NOEL RAE"
        },
        {
            "party_number": "1007",
            "party_name": "Erin Stover"
        },
        {
            "party_number": "10072563213",
            "party_name": "KYLE BEACH"
        },
        {
            "party_number": "10072586275",
            "party_name": "SAMANTHA EIBLING"
        },
        {
            "party_number": "10072590805",
            "party_name": "N/A NA"
        },
        {
            "party_number": "10072592649",
            "party_name": "MELINDA SMITH"
        },
        {
            "party_number": "10072596208",
            "party_name": "N/A NA"
        },
        {
            "party_number": "10072599512",
            "party_name": "N/A NA"
        },
        {
            "party_number": "10072682133",
            "party_name": "MADISON STEINER"
        },
        {
            "party_number": "10072800544",
            "party_name": "N/A CARRIE"
        },
        {
            "party_number": "10072806857",
            "party_name": "N/A ERIN"
        },
        {
            "party_number": "10072815101",
            "party_name": "N/A NA"
        },
        {
            "party_number": "10072862656",
            "party_name": "N/A NA"
        },
        {
            "party_number": "10072865791",
            "party_name": "SONYA SACKS"
        },
        {
            "party_number": "10072881828",
            "party_name": "RICK THOMSON"
        },
        {
            "party_number": "10072882127",
            "party_name": "CHISE NAKA  MS"
        },
        {
            "party_number": "10072924108",
            "party_name": "REBECCA HERRMANN"
        },
        {
            "party_number": "10072924110",
            "party_name": "LOUISE MCNAMARA"
        },
        {
            "party_number": "10072924195",
            "party_name": "N/A FIETZ"
        },
        {
            "party_number": "10073243373",
            "party_name": "STEVE ZEIDEN"
        },
        {
            "party_number": "10073426134",
            "party_name": "DIANE FOTHERINGHAM"
        },
        {
            "party_number": "10073442825",
            "party_name": "JULIE REINCKE"
        },
        {
            "party_number": "10073447862",
            "party_name": "N/A NA"
        },
        {
            "party_number": "10073478480",
            "party_name": "KAREN NICHOLS"
        },
        {
            "party_number": "10073478921",
            "party_name": "SUSANNE WOODS"
        },
        {
            "party_number": "10073481515",
            "party_name": "N/A DIANE"
        },
        {
            "party_number": "10073482060",
            "party_name": "N/A NA"
        },
        {
            "party_number": "10073493705",
            "party_name": "ANITA WILLIS"
        },
        {
            "party_number": "10073501467",
            "party_name": "JODY EVERETT"
        },
        {
            "party_number": "10073609747",
            "party_name": "ANDREA KIRCHOFF"
        },
        {
            "party_number": "10073671676",
            "party_name": "LISA LAMPROU"
        },
        {
            "party_number": "10077027336",
            "party_name": "DAVID LIGHTBODY"
        },
        {
            "party_number": "10077058922",
            "party_name": "KAREN FALK"
        },
        {
            "party_number": "10077059278",
            "party_name": "LISA FORE"
        },
        {
            "party_number": "10077062207",
            "party_name": "KIMBERLY WILLIS"
        },
        {
            "party_number": "10077263866",
            "party_name": "RYAN BROWN"
        },
        {
            "party_number": "10077290622",
            "party_name": "LINDSEY KULAK"
        },
        {
            "party_number": "10077315516",
            "party_name": "ELIZABETH WHITTON"
        },
        {
            "party_number": "10077330831",
            "party_name": "MARIA WELLS"
        },
        {
            "party_number": "10077334944",
            "party_name": "ELENA KOCEV"
        },
        {
            "party_number": "10077565825",
            "party_name": "KASSI MURAKAMI"
        },
        {
            "party_number": "10077565827",
            "party_name": "RUBY CHONG"
        },
        {
            "party_number": "10077584421",
            "party_name": "HANNAH SHIPMAN"
        },
        {
            "party_number": "10077590082",
            "party_name": "ASTRID HOLTZ YATES"
        },
        {
            "party_number": "10077601097",
            "party_name": "JOSH MONTOYA"
        },
        {
            "party_number": "10077604576",
            "party_name": "KATIE RUHBERG"
        },
        {
            "party_number": "10077686674",
            "party_name": "MATT MATTUS"
        },
        {
            "party_number": "10077691441",
            "party_name": "KATE HOLL"
        },
        {
            "party_number": "10077828320",
            "party_name": "MICHELLE SERVIN"
        },
        {
            "party_number": "10077846391",
            "party_name": "PAM GORMLEY"
        },
        {
            "party_number": "10077852123",
            "party_name": "N/A MARYLOU"
        },
        {
            "party_number": "10077855021",
            "party_name": "KAREN KETCHU"
        },
        {
            "party_number": "10077867946",
            "party_name": "KIM ISOM"
        },
        {
            "party_number": "10077870223",
            "party_name": "HEATHER BRAND"
        },
        {
            "party_number": "10077882502",
            "party_name": "KAREN FALK"
        },
        {
            "party_number": "10077893050",
            "party_name": "HEATHER RASMUSSEN"
        },
        {
            "party_number": "10077897125",
            "party_name": "FIONA VIEH"
        },
        {
            "party_number": "10077897127",
            "party_name": "LEAH LARKIN"
        },
        {
            "party_number": "10077897632",
            "party_name": "APRIL MCCRUMB"
        },
        {
            "party_number": "10077924138",
            "party_name": "JAY SELF"
        },
        {
            "party_number": "10078003649",
            "party_name": "LILI ARNOLD"
        },
        {
            "party_number": "10078008374",
            "party_name": "KIM ETHERIDGE"
        },
        {
            "party_number": "10078010845",
            "party_name": "MIKE NEUSTROM"
        },
        {
            "party_number": "10078030887",
            "party_name": "N/A JULIANA"
        },
        {
            "party_number": "10078035635",
            "party_name": "KATHRYN THOMAS"
        },
        {
            "party_number": "10078036109",
            "party_name": "ACCOUNTS PAYABLE"
        },
        {
            "party_number": "10078036121",
            "party_name": "BARBARA HOLLINGSWORTH"
        },
        {
            "party_number": "10078047144",
            "party_name": "N/A ASHLEIGH"
        },
        {
            "party_number": "1008",
            "party_name": "Scott Capen"
        },
        {
            "party_number": "10083338802",
            "party_name": "LINDA BECKER"
        },
        {
            "party_number": "10083491162",
            "party_name": "N/A NA"
        },
        {
            "party_number": "10083500156",
            "party_name": "STEVEN SMITH"
        },
        {
            "party_number": "10083594322",
            "party_name": "N/A NA"
        },
        {
            "party_number": "10083637451",
            "party_name": "ANTON & DEB COX"
        },
        {
            "party_number": "10083659515",
            "party_name": "JULIA KONDRATINK"
        },
        {
            "party_number": "10083735865",
            "party_name": "N/A KAREN"
        },
        {
            "party_number": "10083860156",
            "party_name": "ELIZABETH HUMMER"
        },
        {
            "party_number": "10083934033",
            "party_name": "N/A DCATA"
        },
        {
            "party_number": "10084076450",
            "party_name": "BETH BRUNO"
        },
        {
            "party_number": "10084078449",
            "party_name": "N/A JAY"
        },
        {
            "party_number": "10084081045",
            "party_name": "N/A INFO"
        },
        {
            "party_number": "10084100736",
            "party_name": "CASEY KOCHENBERGER"
        },
        {
            "party_number": "10084108471",
            "party_name": "KATIE DARNELL"
        },
        {
            "party_number": "10084113533",
            "party_name": "SARAH GARRETT"
        },
        {
            "party_number": "10084114945",
            "party_name": "N/A DAVID"
        },
        {
            "party_number": "10084118412",
            "party_name": "N/A NA"
        },
        {
            "party_number": "10084119496",
            "party_name": "N/A INTERN"
        },
        {
            "party_number": "10084134472",
            "party_name": "TAMARA E BROWN"
        },
        {
            "party_number": "10084134528",
            "party_name": "N/A NA"
        },
        {
            "party_number": "10084135794",
            "party_name": "KIKI HENDREN"
        },
        {
            "party_number": "10084140046",
            "party_name": "BILL GRACE"
        },
        {
            "party_number": "10084172397",
            "party_name": "PAULINA KIJEK"
        },
        {
            "party_number": "10084221516",
            "party_name": "DEBORAH KERBEL"
        },
        {
            "party_number": "10084223124",
            "party_name": "NOA FURFARO"
        },
        {
            "party_number": "10084225191",
            "party_name": "N/A BECKY"
        },
        {
            "party_number": "10084241670",
            "party_name": "KRISTEN CAHILL"
        },
        {
            "party_number": "10084241672",
            "party_name": "N/A N/A"
        },
        {
            "party_number": "10087405019",
            "party_name": "CAROLYN BRODY"
        },
        {
            "party_number": "10087476859",
            "party_name": "TERESA SMITH"
        },
        {
            "party_number": "10087481648",
            "party_name": "N/A LINDSEY"
        },
        {
            "party_number": "10087486443",
            "party_name": "EMILY KNIGHT"
        },
        {
            "party_number": "10087490562",
            "party_name": "SUSAN NEULIST"
        },
        {
            "party_number": "10087491625",
            "party_name": "N/A NA"
        },
        {
            "party_number": "10087493776",
            "party_name": "SUSAN DUNN"
        },
        {
            "party_number": "10087495262",
            "party_name": "SHEILA KRUEPKE"
        },
        {
            "party_number": "10087497106",
            "party_name": "N/A N/A"
        },
        {
            "party_number": "10087498235",
            "party_name": "LUKE RAFFERTY"
        },
        {
            "party_number": "10087682028",
            "party_name": "N/A NA"
        },
        {
            "party_number": "10087735333",
            "party_name": "JESI LOGAN"
        },
        {
            "party_number": "10087783524",
            "party_name": "MARCUS SIEFERT"
        },
        {
            "party_number": "10087783526",
            "party_name": "JESSICA SIEFERT"
        },
        {
            "party_number": "10087878023",
            "party_name": "BRIAN FIES"
        },
        {
            "party_number": "10087889989",
            "party_name": "MARTA TOMCZAK"
        },
        {
            "party_number": "10088137298",
            "party_name": "PALOMA R JIMENEZ"
        },
        {
            "party_number": "10088137327",
            "party_name": "N/A LORI"
        },
        {
            "party_number": "10088149203",
            "party_name": "DIMTER TOMAS"
        },
        {
            "party_number": "10088155102",
            "party_name": "KARLA ULRICH"
        },
        {
            "party_number": "10088318023",
            "party_name": "BETH REDPATH"
        },
        {
            "party_number": "10088333313",
            "party_name": "DAPHNE PARKER"
        },
        {
            "party_number": "10088333622",
            "party_name": "N/A JEN"
        },
        {
            "party_number": "10088334221",
            "party_name": "N/A KAMIL"
        },
        {
            "party_number": "10088337685",
            "party_name": "N/A SARAH"
        },
        {
            "party_number": "10088349303",
            "party_name": "N/A NA"
        },
        {
            "party_number": "10088354678",
            "party_name": "N/A CATHERINE"
        },
        {
            "party_number": "10088355336",
            "party_name": "SETH CONNELLY"
        },
        {
            "party_number": "10088358779",
            "party_name": "N/A NA"
        },
        {
            "party_number": "10088359716",
            "party_name": "N/A NA"
        },
        {
            "party_number": "10088385974",
            "party_name": "MARIAM KING"
        },
        {
            "party_number": "10088489195",
            "party_name": "ANDREW NORRIE"
        },
        {
            "party_number": "10088489197",
            "party_name": "DARLENE COLTON"
        },
        {
            "party_number": "10088506328",
            "party_name": "SAMANTHA HAYES"
        },
        {
            "party_number": "10088520630",
            "party_name": "N/A BECKY"
        },
        {
            "party_number": "1009",
            "party_name": "Patty Russo"
        },
        {
            "party_number": "10091766602",
            "party_name": "WILL DI NOVI"
        },
        {
            "party_number": "10091766982",
            "party_name": "Y ZINTL"
        },
        {
            "party_number": "10091780098",
            "party_name": "PATRICK THOMASON"
        },
        {
            "party_number": "10091782092",
            "party_name": "MERCHANDISE SUPPORT"
        },
        {
            "party_number": "10091784492",
            "party_name": "JESSICA ORTIZ"
        },
        {
            "party_number": "10091784775",
            "party_name": "JOHN EISENBERG"
        },
        {
            "party_number": "10091827601",
            "party_name": "KEEGAN SULECKI"
        },
        {
            "party_number": "10091838045",
            "party_name": "BARBARA JOHANN"
        },
        {
            "party_number": "10091839577",
            "party_name": "MICHELLE WISLER"
        },
        {
            "party_number": "10091842661",
            "party_name": "KARRI SPOELESTRA"
        },
        {
            "party_number": "10091847183",
            "party_name": "VANDY C SCHAEFE"
        },
        {
            "party_number": "10091856651",
            "party_name": "JENNIFER MARTINEZ"
        },
        {
            "party_number": "10092007488",
            "party_name": "N/A N/A"
        },
        {
            "party_number": "10092007695",
            "party_name": "GLORIA CLAWSON"
        },
        {
            "party_number": "10092018520",
            "party_name": "N/A N/A"
        },
        {
            "party_number": "10092018833",
            "party_name": "JOE PAPPALARDO"
        },
        {
            "party_number": "10092020792",
            "party_name": "EDWARD THORNHILL"
        },
        {
            "party_number": "10092021312",
            "party_name": "N/A N/A"
        },
        {
            "party_number": "10092023796",
            "party_name": "ERIN HULL"
        },
        {
            "party_number": "10092024739",
            "party_name": "LIZ ALFONSO"
        },
        {
            "party_number": "10092026136",
            "party_name": "ALLISON ROSE"
        },
        {
            "party_number": "10092036877",
            "party_name": "JENNY BEHLINGS"
        },
        {
            "party_number": "10092047204",
            "party_name": "N/A MEGAN"
        },
        {
            "party_number": "10092312231",
            "party_name": "NICK CHOW"
        },
        {
            "party_number": "10092313611",
            "party_name": "FRIAN ROTCHFORD"
        },
        {
            "party_number": "10092346046",
            "party_name": "MARK E STOFER"
        },
        {
            "party_number": "10092431118",
            "party_name": "LORRIE BREHMER"
        },
        {
            "party_number": "10092442463",
            "party_name": "KRYSTAL HEGERFELD"
        },
        {
            "party_number": "10092521606",
            "party_name": "LISA VOSSEA"
        },
        {
            "party_number": "10092524290",
            "party_name": "SUJEIDI TEJERO"
        },
        {
            "party_number": "10092587549",
            "party_name": "N/A KAMIL"
        },
        {
            "party_number": "10092589468",
            "party_name": "N/A N/A"
        },
        {
            "party_number": "10092593748",
            "party_name": "N/A N/A"
        },
        {
            "party_number": "10092593750",
            "party_name": "VICTORIA BEYER"
        },
        {
            "party_number": "10092621950",
            "party_name": "DEBORAH MARL"
        },
        {
            "party_number": "10092629587",
            "party_name": "N/A LAUREN"
        },
        {
            "party_number": "10092629696",
            "party_name": "N/A ARIANA"
        },
        {
            "party_number": "10092721617",
            "party_name": "JULIE LEVESQUE"
        },
        {
            "party_number": "10092721619",
            "party_name": "TANA SMIDT"
        },
        {
            "party_number": "10092734001",
            "party_name": "EMILY PETERSON"
        },
        {
            "party_number": "10092747440",
            "party_name": "ALMA OMERALOVIC"
        },
        {
            "party_number": "10092758573",
            "party_name": "N/A MARY"
        },
        {
            "party_number": "10092769536",
            "party_name": "BARTON BRENNER"
        },
        {
            "party_number": "10092776803",
            "party_name": "JESSICA MEAD"
        },
        {
            "party_number": "10092778737",
            "party_name": "N/A NATALIA"
        },
        {
            "party_number": "10092778771",
            "party_name": "CARYNN PINCKNEY"
        },
        {
            "party_number": "10092780079",
            "party_name": "AMY SIEMENS"
        },
        {
            "party_number": "10096860672",
            "party_name": "NAOMI SWINTON"
        },
        {
            "party_number": "10096875810",
            "party_name": "NICK MANDRUS"
        },
        {
            "party_number": "10096875812",
            "party_name": "DAVINA DRESBACH"
        },
        {
            "party_number": "10096879932",
            "party_name": "N/A HENRY"
        },
        {
            "party_number": "10096944892",
            "party_name": "DANIELLE ROTHMAN"
        },
        {
            "party_number": "10096970709",
            "party_name": "SCOTT KOBLISH"
        },
        {
            "party_number": "10096975209",
            "party_name": "N/A NA"
        },
        {
            "party_number": "10096995131",
            "party_name": "N/A NA"
        },
        {
            "party_number": "10097001647",
            "party_name": "N/A NA"
        },
        {
            "party_number": "10097003784",
            "party_name": "N/A NA"
        },
        {
            "party_number": "10097015460",
            "party_name": "N/A NA"
        },
        {
            "party_number": "10097016709",
            "party_name": "TANYA HALSTEAD BROWN"
        },
        {
            "party_number": "10097170045",
            "party_name": "N/A NA"
        },
        {
            "party_number": "10097187501",
            "party_name": "AMY LEVERTON"
        },
        {
            "party_number": "10097192032",
            "party_name": "N/A NA"
        },
        {
            "party_number": "10097192535",
            "party_name": "JOSEPH WESTERMAN"
        },
        {
            "party_number": "10097193590",
            "party_name": "N/A N/A"
        },
        {
            "party_number": "10097193712",
            "party_name": "N/A LIZ"
        },
        {
            "party_number": "10097194937",
            "party_name": "FAITH MCCURRY"
        },
        {
            "party_number": "10097194990",
            "party_name": "KARLA GORAN"
        },
        {
            "party_number": "10097196174",
            "party_name": "N/A NA"
        },
        {
            "party_number": "10097201152",
            "party_name": "KELLY GREEN"
        },
        {
            "party_number": "10097210024",
            "party_name": "N/A N/A"
        },
        {
            "party_number": "10097295347",
            "party_name": "N/A REBEKAH"
        },
        {
            "party_number": "10097367090",
            "party_name": "N/A N/A"
        },
        {
            "party_number": "10097486066",
            "party_name": "N/A N/A"
        },
        {
            "party_number": "10097502365",
            "party_name": "N/A N/A"
        },
        {
            "party_number": "10097626267",
            "party_name": "LUIS FELIPE INOCENTE H"
        },
        {
            "party_number": "10097626269",
            "party_name": "ESTHELA GARCIA GALICIA"
        },
        {
            "party_number": "10097648416",
            "party_name": "LYNN VARUZZO"
        },
        {
            "party_number": "10097651196",
            "party_name": "LINDSEY ARNELL"
        },
        {
            "party_number": "10097656437",
            "party_name": "FELICIA CALABRESE"
        },
        {
            "party_number": "10097659018",
            "party_name": "KRISTY BOUMA"
        },
        {
            "party_number": "10097659064",
            "party_name": "KATHLEEN MARTIN"
        },
        {
            "party_number": "10097668064",
            "party_name": "KIM DUFFY"
        },
        {
            "party_number": "10097675815",
            "party_name": "N/A N/A"
        },
        {
            "party_number": "10097685540",
            "party_name": "AMY ROBERTS"
        },
        {
            "party_number": "10097687944",
            "party_name": "LEIGH ANN BOATMAN"
        },
        {
            "party_number": "10097698111",
            "party_name": "N/A NABILL"
        },
        {
            "party_number": "10097698805",
            "party_name": "N/A LEE"
        },
        {
            "party_number": "10097800101",
            "party_name": "N/A NA"
        },
        {
            "party_number": "10097822202",
            "party_name": "NELA GRIGORAS"
        },
        {
            "party_number": "10097825517",
            "party_name": "JOY SOLER"
        }
    ],
    "hasMore": false,
    "limit": 0,
    "offset": 0,
    "count": 685,
    "links": [
        {
            "rel": "self",
            "href": "https://10.2.0.169:8081/ords/hbg_integration/arCustMaintenance/getCustomerbyOrgNum"
        },
        {
            "rel": "describedby",
            "href": "https://10.2.0.169:8081/ords/hbg_integration/metadata-catalog/arCustMaintenance/item"
        }
    ]
}