{
  "description": "",
  "root": "fireDataProviderEventGetDistributionRightsADP",
  "actions": {
    "fireDataProviderEventGetDistributionRightsADP": {
      "module": "vb/action/builtin/fireDataProviderEventAction",
      "parameters": {
        "target": "[[ $flow.variables.getDistributionRightsADP ]]",
        "update": {
          "data": "{{ $page.variables.EditDistributionRulesObj }}",
          "indexes": [
            "{{ $variables.rowIndex }}"
          ],
          "keys": "{{ $variables.rowKey }}"
        }
      }
    }
  },
  "variables": {
    "cancelEdit": {
      "required": true,
      "type": "any",
      "input": "fromCaller"
    },
    "rowKey": {
      "required": true,
      "type": "any",
      "input": "fromCaller"
    },
    "rowIndex": {
      "required": true,
      "type": "number",
      "input": "fromCaller"
    },
    "rowData": {
      "required": true,
      "type": "any",
      "input": "fromCaller"
    }
  }
}