{
    "items": [
        {
            "sf_mapping_id": 81,
            "isbn": "9780759542785",
            "sales_force": "SFM1",
            "sales_force_name": "SFM1Name",
            "owner": "AN",
            "owner_description": "Anness Publishing",
            "reporting_group": "AN59",
            "reporting_group_description": "Anness Publishing",
            "category_1": "AN5902",
            "category_1_description": "Hermes House_AN5902",
            "category_2": "AN590201",
            "category_2_description": "Hermes House_AN590201",
            "format": "02",
            "format_description": "Trade Paperback",
            "sub_format": "02",
            "sub_format_description": "Gemstar",
            "bisac": "ANT001000",
            "bisac_description": "ANTIQUES & COLLECTIBLES / Americana",
            "account_type": "04",
            "account_type_description": "SS FREE FRT NONRET RETAILER",
            "priority": 2,
            "notes": "Notes",
            "entered_by": "freis@pelotongroup.com",
            "entered_date": "2023-01-13T14:21:05Z",
            "updated_by": "freis@pelotongroup.com",
            "updated_date": "2023-01-13T14:21:05Z",
            "start_date": "0021-01-11T00:00:00Z",
            "end_date": "0024-01-21T00:00:00Z",
            "status": "Active",
            "sales_force_id": 20,
            "sf_acct_type_id": null
        },
        {
            "sf_mapping_id": 82,
            "isbn": null,
            "sales_force": "01",
            "sales_force_name": "HBG ID/WHL SALES",
            "owner": "HB",
            "owner_description": "Hachette Books",
            "reporting_group": "HB01",
            "reporting_group_description": "HBG Books, Inc.",
            "category_1": "HB0102",
            "category_1_description": "Faith Words_HB0102",
            "category_2": "HB010202",
            "category_2_description": "\"Joyce Meyer \"\"Trade\"\"_HB010202\"",
            "format": "03",
            "format_description": "Hardcover Book",
            "sub_format": "04",
            "sub_format_description": "Palm",
            "bisac": "ANT005000",
            "bisac_description": "ANTIQUES & COLLECTIBLES / Books",
            "account_type": "07",
            "account_type_description": "SUNSET E ACCOUNTS",
            "priority": null,
            "notes": null,
            "entered_by": "thastings@pelotongroup.com",
            "entered_date": "2023-01-13T16:32:43Z",
            "updated_by": "thastings@pelotongroup.com",
            "updated_date": "2023-01-13T16:32:43Z",
            "start_date": "0013-01-21T00:00:00Z",
            "end_date": null,
            "status": "Active",
            "sales_force_id": 24,
            "sf_acct_type_id": null
        },
        {
            "sf_mapping_id": 121,
            "isbn": null,
            "sales_force": "01",
            "sales_force_name": "HBG ID/WHL SALES",
            "owner": "DC",
            "owner_description": "DC Comics",
            "reporting_group": "DC52",
            "reporting_group_description": "DC Comics Distribution",
            "category_1": "DC5201",
            "category_1_description": "DC Comics_DC5201",
            "category_2": "DC520102",
            "category_2_description": "DC Kids_DC520102",
            "format": "02",
            "format_description": "Trade Paperback",
            "sub_format": "02",
            "sub_format_description": "Gemstar",
            "bisac": "ANT007000",
            "bisac_description": "ANTIQUES & COLLECTIBLES / Buttons & Pins",
            "account_type": "08",
            "account_type_description": "SUNSET 3B ACCTS SS PAYS FREIGHT BOTH WAY",
            "priority": 1,
            "notes": null,
            "entered_by": "thastings@pelotongroup.com",
            "entered_date": "2023-01-18T14:41:58Z",
            "updated_by": "thastings@pelotongroup.com",
            "updated_date": "2023-01-18T14:41:58Z",
            "start_date": "0018-01-21T00:00:00Z",
            "end_date": null,
            "status": "Active",
            "sales_force_id": 24,
            "sf_acct_type_id": null
        },
        {
            "sf_mapping_id": 101,
            "isbn": null,
            "sales_force": "01",
            "sales_force_name": "HBG ID/WHL SALES",
            "owner": "HB",
            "owner_description": "Hachette Books",
            "reporting_group": "HB05",
            "reporting_group_description": "Perseus Books",
            "category_1": "HB0504",
            "category_1_description": "PublicAffairs_HB0504",
            "category_2": "HB050403",
            "category_2_description": "Bold Type Books_HB050403",
            "format": "03",
            "format_description": "Hardcover Book",
            "sub_format": "03",
            "sub_format_description": "Softbook",
            "bisac": "ANT008000",
            "bisac_description": "ANTIQUES & COLLECTIBLES / Care & Restoration",
            "account_type": "07",
            "account_type_description": "SUNSET E ACCOUNTS",
            "priority": 1,
            "notes": null,
            "entered_by": "thastings@pelotongroup.com",
            "entered_date": "2023-01-17T14:24:58Z",
            "updated_by": "thastings@pelotongroup.com",
            "updated_date": "2023-01-17T14:24:58Z",
            "start_date": "0017-01-21T00:00:00Z",
            "end_date": null,
            "status": "Active",
            "sales_force_id": 24,
            "sf_acct_type_id": null
        }
    ],
    "hasMore": false,
    "limit": 100,
    "offset": 0,
    "count": 4,
    "links": [
        {
            "rel": "self",
            "href": "https://10.2.0.169:8081/ords/hbg_integration/salesCredit/SFMapping"
        },
        {
            "rel": "edit",
            "href": "https://10.2.0.169:8081/ords/hbg_integration/salesCredit/SFMapping"
        },
        {
            "rel": "describedby",
            "href": "https://10.2.0.169:8081/ords/hbg_integration/metadata-catalog/salesCredit/item"
        },
        {
            "rel": "first",
            "href": "https://10.2.0.169:8081/ords/hbg_integration/salesCredit/SFMapping"
        }
    ]
}