{
    "items": [
        {
            "category1_id": 4085189275,
            "category2_id": 4085189276,
            "flex_value": "01-Brooklands Books Ltd",
            "category2_code": "Brooklands Books Ltd"
        }
    ],
    "hasMore": false,
    "limit": 25,
    "offset": 0,
    "count": 1,
    "links": [
        {
            "rel": "self",
            "href": "https://10.2.0.169:8081/ords/hbg_integration/Common/getCategory2?P_CATEGORY1_ID=4085189275"
        },
        {
            "rel": "describedby",
            "href": "https://10.2.0.169:8081/ords/hbg_integration/metadata-catalog/Common/item"
        },
        {
            "rel": "first",
            "href": "https://10.2.0.169:8081/ords/hbg_integration/Common/getCategory2?P_CATEGORY1_ID=4085189275"
        }
    ]
}