{
    "items": [],
    "hasMore": false,
    "limit": 25,
    "offset": 0,
    "count": 0,
    "links": [
        {
            "rel": "self",
            "href": "https://10.2.0.169:8081/ords/hbg_integration/DistributionTitleRights/getLookupValuesDetails?P_LOOKUP_CODE=HBG_REPORTING_GROUP&P_LOOKUP_TYPE=AN59"
        },
        {
            "rel": "describedby",
            "href": "https://10.2.0.169:8081/ords/hbg_integration/metadata-catalog/DistributionTitleRights/item"
        },
        {
            "rel": "first",
            "href": "https://10.2.0.169:8081/ords/hbg_integration/DistributionTitleRights/getLookupValuesDetails?P_LOOKUP_CODE=HBG_REPORTING_GROUP&P_LOOKUP_TYPE=AN59"
        }
    ]
}