{
    "items": [
        {
            "party_site_name": "TST_01_GARRET ROMAINE",
            "party_site_number": "TST_01_13604986"
        }
    ],
    "hasMore": false,
    "limit": 25,
    "offset": 0,
    "count": 1,
    "links": [
        {
            "rel": "self",
            "href": "https://10.2.0.169:8081/ords/hbg_integration/Common/getSiteNameByNumber?p_site_number=TST_01_13604986"
        },
        {
            "rel": "describedby",
            "href": "https://10.2.0.169:8081/ords/hbg_integration/metadata-catalog/Common/item"
        },
        {
            "rel": "first",
            "href": "https://10.2.0.169:8081/ords/hbg_integration/Common/getSiteNameByNumber?p_site_number=TST_01_13604986"
        }
    ]
}