{
  "title": "",
  "description": "",
  "variables": {
    "ownerCollapse": {
      "type": "boolean",
      "defaultValue": true
    },
    "OwnerCreateObj": {
      "type": "OwnerTblType",
      "defaultValue": {
        "start_date": "[[ $functions.getsysdate() ]]",
        "status": "Active"
      }
    },
    "OwnerdlgLabel": {
      "type": "string"
    },
    "OwnerLov": {
      "type": "OwnerLovType[]"
    },
    "OwnerLOV": {
      "type": "vb/ServiceDataProvider",
      "defaultValue": {
        "endpoint": "devOrds/getOwnerlov",
        "responseType": "getOwnerlov",
        "itemsPath": "items",
        "keyAttributes": "owner_code"
      }
    },
    "OwnersRowdata": {
      "type": "OwnerTblType",
      "defaultValue": {
        "status": "[[ $variables.OwnersRowdata.end_date > $functions.getsysdate() ?  \"Inactive\" : \"Active\" ]]"
      }
    },
    "OwnerTableADP": {
      "type": "vb/ArrayDataProvider2",
      "defaultValue": {
        "itemType": "OwnerTblType",
        "keyAttributes": "owner_id"
      }
    },
    "repdlgLabel": {
      "type": "string"
    },
    "ReportingGroupADP": {
      "type": "vb/ArrayDataProvider2",
      "defaultValue": {
        "itemType": "ReportingGroupTblType",
        "keyAttributes": "reporting_group_id"
      }
    },
    "reportingGroupCollapse": {
      "type": "boolean",
      "defaultValue": false
    },
    "ReportingGrpCreateObj": {
      "type": "ReportingGroupTblType",
      "defaultValue": {
        "start_date": "[[ $functions.getsysdate() ]]",
        "status": "Active"
      }
    },
    "ReportingGrpLOV": {
      "type": "vb/ServiceDataProvider",
      "defaultValue": {
        "endpoint": "devOrds/getReportingGrpLOV2",
        "responseType": "getReportingGrpLOVType",
        "itemsPath": "items",
        "keyAttributes": "reporting_grp_code"
      }
    },
    "ReportingRowData": {
      "type": "ReportingGroupTblType",
      "defaultValue": {
        "status": "[[ $variables.ReportingRowData.end_date > $functions.getsysdate() ?  \"Inactive\" : \"Active\" ]]"
      }
    },
    "RowReportingGroup": {
      "type": "number"
    },
    "SelectedOwnerAbbr": {
      "type": "string"
    },
    "SelectedOwnerCode": {
      "type": "string"
    },
    "SelectedOwnerName": {
      "type": "string"
    },
    "SelectedReportingGrpAbbr": {
      "type": "string"
    },
    "SelectedReportingGrpCode": {
      "type": "string"
    },
    "SelectedReportingGrpName": {
      "type": "string"
    },
    "selectedRowOwner": {
      "type": "number",
      "persisted": "none"
    }

  },
  "metadata": {},
  "types": {
    "@decorators.getOwnerlov": {
      "endpoint": "getOwnerlov",
      "service": "devOrds",
      "path": "response"
    },
    "@decorators.getReportingGrpLOVType": {
      "endpoint": "getReportingGrpLOV2",
      "service": "devOrds",
      "path": "response"
    },
    "@decorators.OwnerLovType": {
      "endpoint": "getOwnerlov",
      "service": "devOrds",
      "path": "response-_-items[0]"
    },
    "@decorators.OwnerTblType": {
      "endpoint": "getFamilyCodeOwner",
      "service": "devOrds",
      "path": "response-_-items[0]"
    },
    "@decorators.ReportingGroupTblType": {
      "endpoint": "getFamilyCodeReportingGroup",
      "service": "devOrds",
      "path": "response-_-items[0]"
    },
    "getOwnerlov": {
      "items": [
        {
          "owner_abbr": "string",
          "owner_code": "string",
          "owner_name": "string"
        }
      ]
    },
    "getReportingGrpLOVType": {
      "items": [
        {
          "reporting_grp_abbr": "string",
          "reporting_grp_code": "string",
          "reporting_grp_name": "string"
        }
      ]
    },
    "OwnerLovType": {
      "owner_abbr": "string",
      "owner_code": "string",
      "owner_name": "string"
    },
    "OwnerTblType": {
      "active_ind": "string",
      "created_by": "string",
      "creation_date": "string",
      "distributee_ind": "string",
      "end_date": "any",
      "in_pubtracker_ind": "string",
      "last_updated_by": "string",
      "last_updated_date": "string",
      "owner_abbr": "string",
      "owner_code": "string",
      "owner_id": "number",
      "owner_name": "string",
      "start_date": "any",
      "status": "string",
      "active_ind_dummy": "string[]",
      "status_dummy": "string[]"

    },
    "ReportingGroupTblType": {
      "active_ind": "string",
      "all_wms_ind": "string",
      "auto_close_pb_pc": "number",
      "created_by": "string",
      "creation_date": "string",
      "distribution_service": "string",
      "dso_report_ind": "string",
      "edi_feed_ind": "string",
      "end_date": "any",
      "in_pubtracker_ind": "string",
      "last_updated_by": "string",
      "last_updated_date": "string",
      "managed_by": "string",
      "nop_wms_ind": "string",
      "owner_id": "number",
      "reporting_group_id": "number",
      "reporting_grp_abbr": "string",
      "reporting_grp_code": "string",
      "reporting_grp_name": "string",
      "returnable_grace_days": "number",
      "returns_nop": "string",
      "start_date": "any",
      "status": "string",
      "status_dummy": "string[]",
      "wms_feed_ind": "string",
      "active_ind_dummy": "string[]"

    }

  },
  "eventListeners": {
    "addownerAction": {
      "chains": [
        {
          "chainId": "OpenOwnersDilgAction"
        }
      ]
    },
    "buttonAction": {
      "chains": [
        {
          "chainId": "SearchBtnAction"
        }
      ]
    },
    "buttonAction10": {
      "chains": [
        {
          "chainId": "NavigateToPublisherandImprint"
        }
      ]
    },
    "buttonAction2": {
      "chains": [
        {
          "chainId": "RepGrpSearchBtnAction"
        }
      ]
    },
    "buttonAction3": {
      "chains": [
        {
          "chainId": "CreateOwnersACtion"
        }
      ]
    },
    "buttonAction4": {
      "chains": [
        {
          "chainId": "ResetBtnAction"
        }
      ]
    },
    "buttonAction5": {
      "chains": [
        {
          "chainId": "CreateOwnerAction"
        }
      ]
    },
    "buttonAction6": {
      "chains": [
        {
          "chainId": "CreateReportingGrpAction"
        }
      ]
    },
    "buttonAction7": {
      "chains": [
        {
          "chainId": "OwnerCloseAction"
        }
      ]
    },
    "buttonAction8": {
      "chains": [
        {
          "chainId": "OpenReportingGroupDlgAction"
        }
      ]
    },
    "buttonAction9": {
      "chains": [
        {
          "chainId": "NavigatetocategoryAction"
        }
      ]
    },
    "cancelReportingAction": {
      "chains": [
        {
          "chainId": "CloseReportingGroupdlgAction"
        }
      ]
    },
    "checkboxSetValue": {
      "chains": [
        {
          "chainId": "RowCheckBoxValueChange",
          "parameters": {
            "value": "{{ $event.detail.value }}",
            "key": "{{ $current.key }}",
            "index": "{{ $current.index }}",
            "current": "{{ $current }}"
          }
        }
      ]
    },
    "checkboxSetValue2": {
      "chains": [
        {
          "chainId": "StatusValueChangeAction",
          "parameters": {
            "value": "{{ $event.detail.value }}"
          }
        }
      ]
    },
    "checkboxSetValue3": {
      "chains": [
        {
          "chainId": "OwnerCheckBoxValueChange",
          "parameters": {
            "value": "{{ $event.detail.value }}"
          }
        }
      ]
    },
    "iconClick": {
      "chains": [
        {
          "chainId": "updateOwnersAction",
          "parameters": {
            "key": "{{ $current.key }}",
            "index": "{{ $current.index }}",
            "current": "{{ $current }}"
          }
        }
      ]
    },
    "iconClick2": {
      "chains": [
        {
          "chainId": "UpdateReportingGrpAction",
          "parameters": {
            "key": "{{ $current.key }}",
            "index": "{{ $current.index }}",
            "current": "{{ $current }}"
          }
        }
      ]
    },
    "iconClick3": {
      "chains": [
        {
          "chainId": "EditIconOwnerdlgOpen",
          "parameters": {
            "key": "{{ $current.key }}",
            "index": "{{ $current.index }}",
            "current": "{{ $current }}"
          }
        }
      ]
    },
    "iconClick4": {
      "chains": [
        {
          "chainId": "ReportingEditDLgOpen",
          "parameters": {
            "key": "{{ $current.key }}",
            "index": "{{ $current.index }}",
            "current": "{{ $current }}"
          }
        }
      ]
    },
    "tableBeforeRowEdit": {
      "chains": [
        {
          "chainId": "OwnerTblBeforeRowEdit",
          "parameters": {
            "rowKey": "{{$event.detail.rowContext.status.rowKey}}",
            "rowIndex": "{{$event.detail.rowContext.status.rowIndex}}",
            "rowData": "{{$event.detail.rowContext.componentElement.getDataForVisibleRow($event.detail.rowContext.status.rowIndex).data}}"
          }
        }
      ]
    },
    "tableBeforeRowEdit2": {
      "chains": [
        {
          "chainId": "ReportingBeforeRowEditChain",
          "parameters": {
            "rowKey": "{{$event.detail.rowContext.status.rowKey}}",
            "rowIndex": "{{$event.detail.rowContext.status.rowIndex}}",
            "rowData": "{{$event.detail.rowContext.componentElement.getDataForVisibleRow($event.detail.rowContext.status.rowIndex).data}}"
          }
        }
      ]
    },
    "tableBeforeRowEditEnd": {
      "chains": [
        {
          "chainId": "OwnerTblBeforerowEditEnd",
          "parameters": {
            "cancelEdit": "{{$event.detail.cancelEdit}}",
            "rowKey": "{{$event.detail.rowContext.status.rowKey}}",
            "rowIndex": "{{$event.detail.rowContext.status.rowIndex}}",
            "rowData": "{{$event.detail.rowContext.componentElement.getDataForVisibleRow($event.detail.rowContext.status.rowIndex).data}}"
          }
        }
      ]
    },
    "tableBeforeRowEditEnd2": {
      "chains": [
        {
          "chainId": "ReportingBeforeRowEditEnd",
          "parameters": {
            "cancelEdit": "{{$event.detail.cancelEdit}}",
            "rowKey": "{{$event.detail.rowContext.status.rowKey}}",
            "rowIndex": "{{$event.detail.rowContext.status.rowIndex}}",
            "rowData": "{{$event.detail.rowContext.componentElement.getDataForVisibleRow($event.detail.rowContext.status.rowIndex).data}}"
          }
        }
      ]
    },
    "tableFirstSelectedRow": {
      "chains": [
        {
          "chainId": "OwnerTblRowSelection",
          "parameters": {
            "rowKey": "{{$event.detail.value.key}}",
            "rowData": "{{$event.detail.value.data}}"
          }
        }
      ]
    },
    "tableFirstSelectedRow2": {
      "chains": [
        {
          "chainId": "ReportingRowSelectionAction",
          "parameters": {
            "rowKey": "{{$event.detail.value.key}}",
            "rowData": "{{$event.detail.value.data}}"
          }
        }
      ]
    },
    "toggleDrawer": {
      "chains": [
        {
          "chainId": "application:toggleDrawerHandler"
        }
      ]
    },
    "vbEnter": {
      "chains": [
        {
          "parameters": {},
          "chainId": "VBEnterAction"
        }
      ]
    }

  },
  "imports": {
    "components": {
      "oj-button": {
        "path": "ojs/ojbutton"
      },
      "oj-checkboxset": {
        "path": "ojs/ojcheckboxset"
      },
      "oj-collapsible": {
        "path": "ojs/ojcollapsible"
      },
      "oj-combobox-one": {
        "path": "ojs/ojselectcombobox"
      },
      "oj-dialog": {
        "path": "ojs/ojdialog"
      },
      "oj-form-layout": {
        "path": "ojs/ojformlayout"
      },
      "oj-input-date": {
        "path": "ojs/ojdatetimepicker"
      },
      "oj-input-text": {
        "path": "ojs/ojinputtext"
      },
      "oj-option": {
        "path": "ojs/ojoption"
      },
      "oj-sample-export-data": {
        "path": "oj-sample/export-data/loader"
      },
      "oj-select-single": {
        "path": "ojs/ojselectsingle"
      },
      "oj-table": {
        "path": "ojs/ojtable"
      },
      "oj-validation-group": {
        "path": "ojs/ojvalidationgroup"
      }

    },
    "modules": {
      "ojValidationDateTime": {
        "path": "ojs/ojvalidation-datetime"
      }
    }
  }
}