{
    "items": [
        {
            "account_number": "6001",
            "target_account_number": "6001",
            "org_nbr": "315693",
            "invoice_number": "27000",
            "new_trx_number": "NC200",
            "amount": "100",
            "trx_date": "2023-03-08",
            "submitted_by": "freis@pelotongroup.com",
            "submission_date": "14-MAR-23",
            "orcl_status": "Success",
            "orcl_err_message": null,
            "process_id": 1039
        }
    ],
    "hasMore": false,
    "limit": 0,
    "offset": 0,
    "count": 1,
    "links": [
        {
            "rel": "self",
            "href": "https://10.2.0.169:8081/ords/hbg_integration/arCustMaintenance/getCollapseTrxsDetails"
        },
        {
            "rel": "describedby",
            "href": "https://10.2.0.169:8081/ords/hbg_integration/metadata-catalog/arCustMaintenance/item"
        }
    ]
}