{
  "description": "",
  "root": "resetVariablesPItemNumber",
  "actions": {
    "resetVariablesPItemNumber": {
      "module": "vb/action/builtin/resetVariablesAction",
      "parameters": {
        "variables": [
          "$page.variables.p_item_number",
          "$page.variables.p_country_code",
          "$page.variables.p_country_name",
          "$flow.variables.getTitleRightHeaderinfoObj",
          "$page.variables.getTitleRightDetailsObj",
          "$page.variables.getTitleRightDetailsADP.data"
        ]
      }
    }
  },
  "variables": {}
}