{
  "description": "",
  "root": "assignVariablesSelectedsalesForce",
  "actions": {
    "assignVariablesSelectedsalesForce": {
      "module": "vb/action/builtin/assignVariablesAction",
      "parameters": {
        "$page.variables.SelectedsalesForce": {
          "source": "{{ $variables.current.row.sales_force }}"
        }
      },
      "outcomes": {
        "success": "callChainFetchSalesAssignTbl"
      }
    },
    "callChainFetchSalesAssignTbl": {
      "module": "vb/action/builtin/callChainAction",
      "parameters": {
        "id": "FetchSalesAssignTbl"
      }
    }
  },
  "variables": {
    "key": {
      "required": true,
      "type": "any",
      "input": "fromCaller"
    },
    "index": {
      "required": true,
      "type": "number",
      "input": "fromCaller"
    },
    "current": {
      "required": true,
      "type": "any",
      "input": "fromCaller"
    }
  }
}