{
  "description": "",
  "root": "assignVariablesMappingCreateObj",
  "actions": {
    "assignVariablesMappingCreateObj": {
      "module": "vb/action/builtin/assignVariablesAction",
      "parameters": {
        "$page.variables.MappingCreateObj": {
          "source": {
            "updated_by": "{{ $application.user.email }}"
          },
          "reset": "none",
          "auto": "always"
        }
      },
      "outcomes": {
        "success": "callRestPutSalesCreditSFMapping"
      }
    },
    "fireNotification": {
      "module": "vb/action/builtin/fireNotificationEventAction",
      "parameters": {
        "target": "leaf",
        "summary": "Failed to update Sales Mapping",
        "type": "error",
        "displayMode": "transient"
      }
    },
    "callRestPutSalesCreditSFMapping": {
      "module": "vb/action/builtin/restAction",
      "parameters": {
        "endpoint": "devOrds/putSalesCreditSFMapping",
        "body": "{{ $page.variables.MappingCreateObj }}"
      },
      "outcomes": {
        "failure": "fireNotification",
        "success": "fireNotification3"
      }
    },
    "fireNotification3": {
      "module": "vb/action/builtin/fireNotificationEventAction",
      "parameters": {
        "target": "leaf",
        "summary": "Sales Mapping Updated Successfully",
        "displayMode": "transient",
        "type": "confirmation"
      },
      "outcomes": {
        "success": "callChainFetchMappingTblData"
      }
    },
    "callChainFetchMappingTblData": {
      "module": "vb/action/builtin/callChainAction",
      "parameters": {
        "id": "FetchMappingTblData"
      }
    }
  },
  "variables": {}
}