{
  "description": "",
  "root": "assignVariablesMappingDlg",
  "actions": {
    "callComponentCreatemappingOpen": {
      "module": "vb/action/builtin/callComponentMethodAction",
      "parameters": {
        "component": "{{ document.getElementById('createmapping') }}",
        "method": "open"
      }
    },
    "assignVariablesMappingDlg": {
      "module": "vb/action/builtin/assignVariablesAction",
      "parameters": {
        "$page.variables.mappingDlg": {
          "source": "Create"
        }
      },
      "outcomes": {
        "success": "resetVariablesMappingCreateObj"
      }
    },
    "resetVariablesMappingCreateObj": {
      "module": "vb/action/builtin/resetVariablesAction",
      "parameters": {
        "variables": [
          "$page.variables.MappingCreateObj"
        ]
      },
      "outcomes": {
        "success": "callComponentCreatemappingOpen"
      }
    }
  },
  "variables": {}
}