{
  "description": "",
  "root": "resetVariablesAccountCreateObj",
  "actions": {
    "callComponentCreateAccnttypeOpen": {
      "module": "vb/action/builtin/callComponentMethodAction",
      "parameters": {
        "component": "{{ document.getElementById('createAccnttype') }}",
        "method": "open"
      }
    },
    "resetVariablesAccountCreateObj": {
      "module": "vb/action/builtin/resetVariablesAction",
      "parameters": {
        "variables": [
          "$page.variables.AccountCreateObj"
        ]
      },
      "outcomes": {
        "success": "assignVariablesDlgLabel"
      }
    },
    "assignVariablesDlgLabel": {
      "module": "vb/action/builtin/assignVariablesAction",
      "parameters": {
        "$page.variables.DlgLabel": {
          "source": "Create"
        }
      },
      "outcomes": {
        "success": "callComponentCreateAccnttypeOpen"
      }
    }
  },
  "variables": {}
}