{
  "description": "",
  "root": "resetVariablesAccountCreateObj",
  "actions": {

    "assignVariablesAccountCreateObj": {
      "module": "vb/action/builtin/assignVariablesAction",
      "parameters": {
        "$page.variables.AccountCreateObj": {
          "source": {
            "owner_name": "{{ $variables.data.description }}"
          },
          "reset": "none",
          "auto": "always"
        }
      }
    },
    "resetVariablesAccountCreateObj": {
      "module": "vb/action/builtin/resetVariablesAction",
      "parameters": {
        "variables": [
          "$page.variables.AccountCreateObj.owner_name"
        ]
      },
      "outcomes": {
        "success": "assignVariablesAccountCreateObj"
      }
    }
  },
  "variables": {
    "key": {
      "required": true,
      "type": "any",
      "input": "fromCaller"
    },
    "data": {
      "required": true,
      "type": "any",
      "input": "fromCaller"
    },
    "metadata": {
      "required": true,
      "type": "any",
      "input": "fromCaller"
    }
  }
}