{
  "description": "",
  "root": "runInParallel",
  "actions": {
    "assignVariablesAccountTypeRowData": {
      "module": "vb/action/builtin/assignVariablesAction",
      "parameters": {
        "$page.variables.AccountTypeRowData": {
          "source": {
            "updated_by": "{{ $application.user.email }}"
          },
          "reset": "none",
          "auto": "always"
        }
      },
      "outcomes": {
        "success": "callRestPutSalesCreditAssignAccountTypeSalesForce"
      }
    },
    "fireNotification": {
      "module": "vb/action/builtin/fireNotificationEventAction",
      "parameters": {
        "target": "leaf",
        "summary": "failed to Update Account Type",
        "type": "error",
        "displayMode": "transient"
      }
    },
    "callRestPutSalesCreditAssignAccountTypeSalesForce": {
      "module": "vb/action/builtin/restAction",
      "parameters": {
        "endpoint": "devOrds/putSalesCreditAssignAccountTypeSalesForce",
        "body": "{{ $page.variables.AccountTypeRowData }}"
      },
      "outcomes": {
        "failure": "fireNotification",
        "success": "if"
      }
    },
    "fireNotification3": {
      "module": "vb/action/builtin/fireNotificationEventAction",
      "parameters": {
        "target": "leaf",
        "summary": "Account Type Updated Successfully",
        "displayMode": "transient",
        "type": "confirmation"
      },
      "outcomes": {
        "success": "callChainFetchAssignAccountAction"
      }
    },
    "callChainFetchAssignAccountAction": {
      "module": "vb/action/builtin/callChainAction",
      "parameters": {
        "id": "FetchAssignAccountAction"
      }
    },
    "runInParallel": {
      "module": "vb/action/builtin/forkAction",
      "parameters": {
        "actions": {
          "if": "ifAccountTypeRowData",
          "if2": "ifAccountTypeRowData2"
        }
      },
      "outcomes": {
        "join": "assignVariablesAccountTypeRowData"
      }
    },
    "ifAccountTypeRowData": {
      "module": "vb/action/builtin/ifAction",
      "parameters": {
        "condition": "[[ $page.variables.AccountTypeRowData.start_date ]]"
      },
      "outcomes": {
        "true": "callFunctionDateformatter"
      }
    },
    "callFunctionDateformatter": {
      "module": "vb/action/builtin/callModuleFunctionAction",
      "parameters": {
        "module": "[[ $functions ]]",
        "functionName": "dateformatter",
        "params": [
          "{{ $page.variables.AccountTypeRowData.start_date }}"
        ]
      },
      "outcomes": {
        "success": "assignVariablesAccountTypeRowData2"
      }
    },
    "assignVariablesAccountTypeRowData2": {
      "module": "vb/action/builtin/assignVariablesAction",
      "parameters": {
        "$page.variables.AccountTypeRowData": {
          "source": {
            "start_date": "{{ $chain.results.callFunctionDateformatter }}"
          },
          "reset": "none",
          "auto": "always"
        }
      }
    },
    "callFunctionDateformatter2": {
      "module": "vb/action/builtin/callModuleFunctionAction",
      "parameters": {
        "module": "[[ $functions ]]",
        "functionName": "dateformatter",
        "params": [
          "{{ $page.variables.AccountTypeRowData.end_date }}"
        ]
      },
      "outcomes": {
        "success": "assignVariablesAccountTypeRowData3"
      }
    },
    "ifAccountTypeRowData2": {
      "module": "vb/action/builtin/ifAction",
      "parameters": {
        "condition": "[[ $page.variables.AccountTypeRowData.end_date ]]"
      },
      "outcomes": {
        "true": "callFunctionDateformatter2"
      }
    },
    "assignVariablesAccountTypeRowData3": {
      "module": "vb/action/builtin/assignVariablesAction",
      "parameters": {
        "$page.variables.AccountTypeRowData": {
          "source": {
            "end_date": "{{ $chain.results.callFunctionDateformatter2 }}"
          },
          "reset": "none",
          "auto": "always"
        }
      }
    },
    "if": {
      "module": "vb/action/builtin/ifAction",
      "parameters": {
        "condition": "[[ $chain.results.callRestPutSalesCreditAssignAccountTypeSalesForce.body.P_RETURN_STATUS === \"SUCCESS\" ]]"
      },
      "outcomes": {
        "true": "fireNotification3",
        "false": "fireNotification4"
      }
    },
    "fireNotification4": {
      "module": "vb/action/builtin/fireNotificationEventAction",
      "parameters": {
        "target": "leaf",
        "summary": "[[ $chain.results.callRestPutSalesCreditAssignAccountTypeSalesForce.body.P_RETURN_STATUS ]]",
        "displayMode": "transient"
      }
    }
  },
  "variables": {
    "key": {
      "required": true,
      "type": "any",
      "input": "fromCaller"
    },
    "index": {
      "required": true,
      "type": "number",
      "input": "fromCaller"
    },
    "current": {
      "required": true,
      "type": "any",
      "input": "fromCaller"
    }
  }
}