{
"isbn                       " : "" ,
"sales_force                " : "" ,
"sales_force_name           " : "" ,
"owner                      " : "" ,
"owner_description          " : "" ,
"reporting_group            " : ""          ,       
"reporting_group_description" : ""          ,
"category_1                 " : ""          ,
"category_1_description     " : ""          ,
"category_2                 " : ""          ,
"category_2_description     " : ""          ,
"format                     " : ""          ,
"format_description         " : ""          ,
"sub_format                 " : ""          ,
"sub_format_description     " : ""          ,
"bisac                      " : ""          ,
"bisac_description          " : ""          ,
"account_type               " : ""          ,
"account_type_description   " : ""          ,
"priority                   " : ""          ,
"notes                      " : ""          ,
"entered_by                 " : ""          ,
"entered_date               " : "" ,
"updated_by                 " : ""          ,
"updated_date               " : "" ,
"start_date                 " : "" ,               
"end_date                   " : ""      ,             
"status                     " : ""          ,
"sales_force_id             " : ""          ,
"sf_acct_type_id            " : ""          
  
}
