{
    "fields": [
        {
            "type": "number",
            "name": "id",
            "key": true,
            "oid": "3544810b-7768-466c-b75d-ad9c447eb5d2",
            "required": true,
            "unique": true,
            "displayLabel": "Id"
        },
        {
            "type": "datetime",
            "name": "creationDate",
            "oid": "2938e55a-9bbe-42c6-80ae-1adcdad793f7",
            "displayLabel": "Created",
            "historyType": "timeCreated"
        },
        {
            "type": "datetime",
            "name": "lastUpdateDate",
            "oid": "3cd2b835-3035-435a-a124-6c1f7b06f078",
            "displayLabel": "Last Updated",
            "historyType": "timeUpdated"
        },
        {
            "type": "string",
            "name": "createdBy",
            "oid": "0f02826f-b11b-4bce-ba3c-d89ce4cd77a0",
            "displayLabel": "Created By",
            "historyType": "createdBy"
        },
        {
            "type": "string",
            "name": "lastUpdatedBy",
            "oid": "10588734-0360-4d96-870e-4c8668323924",
            "displayLabel": "Last Updated By",
            "historyType": "updatedBy"
        },
{
            "type": "number",
            "name": "abcsChangeNumber",
            "oid": "f57c67d9-bddb-4f23-9ad8-fd97e09b4744",
            "displayLabel": "Version Number",
            "historyType": "versionNumber"
        },
        {
            "type": "string",
            "name": "reservationStatus",
            "oid": "7805870b-0ac0-4d6d-b2a7-2dff05860091",
            "displayLabel": "reservationStatus"
        }
    ],
    "name": "ReservationStatus",
    "oid": "811be3a2-bb5f-4e99-adfa-ca4d1079b65c",
    "displayLabel": "ReservationStatus"
}