{
  "description": "",
  "root": "ifCurrentValue",
  "actions": {
    "ifCurrentValue": {
      "module": "vb/action/builtin/ifAction",
      "parameters": {
        "condition": "[[ $variables.CurrentValue > 3 ]]"
      },
      "outcomes": {
        "true": "callRestGetAutomaticHoldsGetItemInfo"
      }
    },
    "fireNotification": {
      "module": "vb/action/builtin/fireNotificationEventAction",
      "parameters": {
        "target": "leaf",
        "summary": "[[ $chain.results.callRestGetAutomaticHoldsGetItemInfo.message.summary ]]",
        "type": "error",
        "displayMode": "persist"
      }
    },
    "callRestGetAutomaticHoldsGetItemInfo": {
      "module": "vb/action/builtin/restAction",
      "parameters": {
        "endpoint": "ordsHbg_integration/getAutomaticHoldsGetItemInfo",
        "uriParams": {
          "P_ITEM_NUMBER": "{{ $variables.CurrentValue }}"
        }
      },
      "outcomes": {
        "failure": "fireNotification",
        "success": "assignVariablesGetItemInfoSDP"
      }
    },
    "assignVariablesGetItemInfoSDP": {
      "module": "vb/action/builtin/assignVariablesAction",
      "parameters": {
        "$flow.variables.getItemInfoSDP": {
          "source": {
            "data": "{{ $chain.results.callRestGetAutomaticHoldsGetItemInfo.body.items }}"
          },
          "reset": "none",
          "auto": "always"
        }
      }
    }
  },
  "variables": {
    "CurrentKey": {
      "type": "string",
      "input": "fromCaller"
    },
    "CurrentValue": {
      "type": "string",
      "input": "fromCaller"
    }
  }
}