{
  "description": "",
  "root": "assignVariablesCreateRulesInfoObj",
  "actions": {
    "assignVariablesCreateRulesInfoObj": {
      "module": "vb/action/builtin/assignVariablesAction",
      "parameters": {
        "$page.variables.createRulesInfoObj": {
          "source": {
            "author": "{{ $page.variables.getItemInfoObj.author }}",
            "item_number": "{{ $page.variables.getItemInfoObj.item_number }}",
            "short_title": "{{ $page.variables.getItemInfoObj.short_title }}"
          },
          "reset": "none",
          "auto": "always"
        }
      },
      "outcomes": {
        "success": "callComponentItemNumberSearchClose"
      }
    },
    "callComponentItemNumberSearchClose": {
      "module": "vb/action/builtin/callComponentMethodAction",
      "parameters": {
        "component": "{{ document.getElementById('ItemNumberSearch') }}",
        "method": "close"
      }
    }
  },
  "variables": {}
}