{
    "items": [
        {
            "dist_channel_id": 1025,
            "distribution_channel": "Taylor88",
            "dist_channel_description": "Taylor Books",
            "owner": null,
            "owner_description": null,
            "reporting_group": null,
            "reporting_group_description": null,
            "entered_by": "freis@pelotongroup.com",
            "entered_date": "2023-03-06T14:28:21Z",
            "updated_by": "freis@pelotongroup.com",
            "updated_date": "2023-03-06T14:28:21Z",
            "start_date": "2023-03-06",
            "end_date": null
        },
        {
            "dist_channel_id": 1024,
            "distribution_channel": "MR-14",
            "dist_channel_description": "MR-14",
            "owner": null,
            "owner_description": null,
            "reporting_group": null,
            "reporting_group_description": null,
            "entered_by": "freis@pelotongroup.com",
            "entered_date": "2023-03-02T10:42:14Z",
            "updated_by": "freis@pelotongroup.com",
            "updated_date": "2023-03-02T10:42:25Z",
            "start_date": "2023-03-02",
            "end_date": "2023-03-28"
        },
        {
            "dist_channel_id": 1023,
            "distribution_channel": "TTEST1",
            "dist_channel_description": "TTEST1",
            "owner": null,
            "owner_description": null,
            "reporting_group": null,
            "reporting_group_description": null,
            "entered_by": "thastings@pelotongroup.com",
            "entered_date": "2023-02-28T16:25:27Z",
            "updated_by": "freis@pelotongroup.com",
            "updated_date": "2023-03-01T14:20:34Z",
            "start_date": "2023-03-02",
            "end_date": "2023-03-28"
        },
        {
            "dist_channel_id": 1022,
            "distribution_channel": "TAYLORTEST5",
            "dist_channel_description": "TAYLORTEST5",
            "owner": null,
            "owner_description": null,
            "reporting_group": null,
            "reporting_group_description": null,
            "entered_by": "thastings@pelotongroup.com",
            "entered_date": "2023-02-27T18:04:18Z",
            "updated_by": "thastings@pelotongroup.com",
            "updated_date": "2023-02-27T18:04:18Z",
            "start_date": "2023-02-28",
            "end_date": null
        },
        {
            "dist_channel_id": 1021,
            "distribution_channel": "TAYLORTEST4",
            "dist_channel_description": "TAYLORTEST4",
            "owner": null,
            "owner_description": null,
            "reporting_group": null,
            "reporting_group_description": null,
            "entered_by": "thastings@pelotongroup.com",
            "entered_date": "2023-02-27T18:01:48Z",
            "updated_by": "thastings@pelotongroup.com",
            "updated_date": "2023-02-27T18:01:48Z",
            "start_date": "2023-02-27",
            "end_date": null
        },
        {
            "dist_channel_id": 1020,
            "distribution_channel": "TestingDates",
            "dist_channel_description": "TestingDates",
            "owner": null,
            "owner_description": null,
            "reporting_group": null,
            "reporting_group_description": null,
            "entered_by": "freis@pelotongroup.com",
            "entered_date": "2023-02-27T18:00:09Z",
            "updated_by": "freis@pelotongroup.com",
            "updated_date": "2023-02-27T18:00:09Z",
            "start_date": "2023-02-27",
            "end_date": "2023-02-28"
        },
        {
            "dist_channel_id": 1019,
            "distribution_channel": "Testing 123",
            "dist_channel_description": "Testing 123",
            "owner": null,
            "owner_description": null,
            "reporting_group": null,
            "reporting_group_description": null,
            "entered_by": "freis@pelotongroup.com",
            "entered_date": "2023-02-27T17:59:40Z",
            "updated_by": "freis@pelotongroup.com",
            "updated_date": "2023-02-27T17:59:40Z",
            "start_date": "2023-02-27",
            "end_date": "2023-02-28"
        },
        {
            "dist_channel_id": 1018,
            "distribution_channel": "TAYTEST",
            "dist_channel_description": "Taylor Te",
            "owner": null,
            "owner_description": null,
            "reporting_group": null,
            "reporting_group_description": null,
            "entered_by": "freis@pelotongroup.com",
            "entered_date": "2023-02-22T18:02:07Z",
            "updated_by": "freis@pelotongroup.com",
            "updated_date": "2023-02-23T12:06:58Z",
            "start_date": "0024-02-23",
            "end_date": "0024-02-23"
        },
        {
            "dist_channel_id": 1017,
            "distribution_channel": "MR-DIST1",
            "dist_channel_description": "MR-DIST1 DES",
            "owner": null,
            "owner_description": null,
            "reporting_group": null,
            "reporting_group_description": null,
            "entered_by": "freis@pelotongroup.com",
            "entered_date": "2023-02-20T12:32:12Z",
            "updated_by": "freis@pelotongroup.com",
            "updated_date": "2023-02-27T07:05:12Z",
            "start_date": "2023-02-27",
            "end_date": "2023-02-28"
        }
    ],
    "hasMore": false,
    "limit": 100,
    "offset": 0,
    "count": 9,
    "links": [
        {
            "rel": "self",
            "href": "https://10.2.0.169:8081/ords/hbg_integration/salesCredit/DistributionChannel"
        },
        {
            "rel": "edit",
            "href": "https://10.2.0.169:8081/ords/hbg_integration/salesCredit/DistributionChannel"
        },
        {
            "rel": "describedby",
            "href": "https://10.2.0.169:8081/ords/hbg_integration/metadata-catalog/salesCredit/item"
        },
        {
            "rel": "first",
            "href": "https://10.2.0.169:8081/ords/hbg_integration/salesCredit/DistributionChannel"
        }
    ]
}