{
  "description": "",
  "root": "assignVariablesSelectedParent",
  "actions": {
    "assignVariablesSelectedParent": {
      "module": "vb/action/builtin/assignVariablesAction",
      "parameters": {
        "$page.variables.SelectedParent": {
          "source": "Account"
        }
      },
      "outcomes": {
        "success": "fireNotificationSelectedParent"
      }
    },
    "fireNotificationSelectedParent": {
      "module": "vb/action/builtin/fireNotificationEventAction",
      "parameters": {
        "target": "leaf",
        "summary": "[[ $page.variables.SelectedParent ]]"
      }
    }
  },
  "variables": {}
}