{
  "root": "callRestGetSiteNamesByAccNumber",
  "description": "",
  "actions": {
    "callFunctionTreedatageneratorsites": {
      "module": "vb/action/builtin/callModuleFunctionAction",
      "parameters": {
        "module": "[[ $functions ]]",
        "functionName": "Treedatageneratorsites",
        "params": [
          "{{ $chain.results.callRestGetAccountNumber.body.items }}",
          "{{ $page.variables.organization }}",
          "{{ $chain.results.callRestGetSiteNamesByAccNumber.body.items }}"
        ]
      },
      "outcomes": {
        "success": "resetVariablesTreeData"
      }
    },
    "callRestGetAccountNumber": {
      "module": "vb/action/builtin/restAction",
      "parameters": {
        "endpoint": "devOrds/GetAccountNumber",
        "uriParams": {
          "party_id": "{{ $page.variables.party_id }}",
          "p_acct_number": "{{ \"\" }}"
        }
      },
      "outcomes": {
        "success": "callFunctionTreedatageneratorsites"
      }
    },
    "callRestGetSiteNamesByAccNumber": {
      "module": "vb/action/builtin/restAction",
      "parameters": {
        "endpoint": "devOrds/GetSiteNamesByAccNumber",
        "uriParams": {
          "P_ACCOUNT_NUMBER": "{{ $page.variables.SelectedNavData }}"
        }
      },
      "outcomes": {
        "success": "callRestGetAccountNumber"
      }
    },
    "resetVariablesTreeData": {
      "module": "vb/action/builtin/resetVariablesAction",
      "parameters": {
        "variables": [
          "$page.variables.TreeData"
        ]
      },
      "outcomes": {
        "success": "callFunctionGetNavigationContent"
      }
    },
    "assignVariablesTreeData": {
      "module": "vb/action/builtin/assignVariablesAction",
      "parameters": {
        "$page.variables.TreeData": {
          "source": "{{ $chain.results.callFunctionGetNavigationContent }}"
        }
      },
      "outcomes": {
        "success": "callComponentTreeRefresh"
      }
    },
    "callFunctionGetNavigationContent": {
      "module": "vb/action/builtin/callModuleFunctionAction",
      "parameters": {
        "module": "[[ $functions ]]",
        "functionName": "getNavigationContent",
        "params": [
          "{{ $chain.results.callFunctionTreedatageneratorsites }}"
        ]
      },
      "outcomes": {
        "success": "assignVariablesTreeData"
      }
    },
    "callComponentTreeRefresh": {
      "module": "vb/action/builtin/callComponentMethodAction",
      "parameters": {
        "component": "{{ document.getElementById('tree') }}",
        "method": "refresh"
      }
    }
  }
}