{
  "description": "",
  "root": "ifCurrentId",
  "actions": {
    "assignVariablesSelectedParent": {
      "module": "vb/action/builtin/assignVariablesAction",
      "parameters": {
        "$page.variables.SelectedParent": {
          "source": "Org"
        }
      }
    },
    "ifCurrentId": {
      "module": "vb/action/builtin/ifAction",
      "parameters": {
        "condition": "[[ $variables.CurrentValue === \"Org\" ]]"
      },
      "outcomes": {
        "true": "assignVariablesSelectedParent",
        "false": "ifCurrentId3"
      }
    },
    "ifCurrentId3": {
      "module": "vb/action/builtin/ifAction",
      "parameters": {
        "condition": "[[ $variables.CurrentValue === \"Accounts\" ]]"
      },
      "outcomes": {
        "true": "assignVariablesSelectedParent2",
        "false": "ifCurrentValue"
      }
    },
    "assignVariablesSelectedParent2": {
      "module": "vb/action/builtin/assignVariablesAction",
      "parameters": {
        "$page.variables.SelectedParent": {
          "source": "Accounts"
        },
        "$page.variables.SelectedNavData": {
          "source": "{{ $variables.SelectedNav }}"
        }
      },
      "outcomes": {
        "success": "callChainFetchSitesNavdata"
      }
    },
    "callChainFetchSitesNavdata": {
      "module": "vb/action/builtin/callChainAction",
      "parameters": {
        "id": "FetchSitesNavdata"
      }
    },
    "ifCurrentValue": {
      "module": "vb/action/builtin/ifAction",
      "parameters": {
        "condition": "[[ $variables.CurrentValue === \"Sites\" ]]"
      },
      "outcomes": {
        "true": "assignVariablesSelectedParent3"
      }
    },
    "assignVariablesSelectedParent3": {
      "module": "vb/action/builtin/assignVariablesAction",
      "parameters": {
        "$page.variables.SelectedParent": {
          "source": "Sites"
        }
      }
    }
  },
  "variables": {
    "CurrentValue": {
      "type": "string",
      "input": "fromCaller"
    },
    "SelectedNav": {
      "type": "string",
      "input": "fromCaller"
    }
  }
}