{
  "description": "",
  "root": "fireNotificationCurrentId",
  "actions": {
    "assignVariablesSelectedParent": {
      "module": "vb/action/builtin/assignVariablesAction",
      "parameters": {
        "$page.variables.SelectedParent": {
          "source": "Org"
        }
      }
    },
    "fireNotificationCurrentId": {
      "module": "vb/action/builtin/fireNotificationEventAction",
      "parameters": {
        "target": "leaf",
        "summary": "[[ JSON.stringify($variables.CurrentId) ]]"
      },
      "outcomes": {
        "success": "ifCurrentId"
      }
    },
    "ifCurrentId": {
      "module": "vb/action/builtin/ifAction",
      "parameters": {
        "condition": "[[ $variables.CurrentId === \"Org\" ]]"
      },
      "outcomes": {
        "true": "assignVariablesSelectedParent",
        "false": "ifCurrentId3"
      }
    },
    "ifCurrentId3": {
      "module": "vb/action/builtin/ifAction",
      "parameters": {
        "condition": "[[ $variables.CurrentId === \"Accounts\" ]]"
      },
      "outcomes": {
        "true": "assignVariablesSelectedParent2"
      }
    },
    "assignVariablesSelectedParent2": {
      "module": "vb/action/builtin/assignVariablesAction",
      "parameters": {
        "$page.variables.SelectedParent": {
          "source": "Accounts"
        }
      }
    }
  },
  "variables": {
    "CurrentId": {
      "type": "string",
      "input": "fromCaller"
    }
  }
}