{
  "root": "callRestGetAccountNumber",
  "description": "",
  "variables": {},
  "actions": {
    "callRestGetAccountNumber": {
      "module": "vb/action/builtin/restAction",
      "parameters": {
        "endpoint": "devOrds/GetAccountNumber",
        "uriParams": {
          "party_id": "{{ $page.variables.party_id }}"
        }
      },
      "outcomes": {
        "success": "callFunctionTreedatagenerator"
      }
    },
    "callFunctionTreedatagenerator": {
      "module": "vb/action/builtin/callModuleFunctionAction",
      "parameters": {
        "module": "[[ $functions ]]",
        "functionName": "Treedatagenerator",
        "params": [
          "{{ $chain.results.callRestGetAccountNumber.body.items }}",
          "{{ $page.variables.organization }}"
        ],
        "returnType": "object[]"
      },
      "outcomes": {
        "success": "callFunctionGetNavigationContent"
      }
    },
    "callFunctionGetNavigationContent": {
      "module": "vb/action/builtin/callModuleFunctionAction",
      "parameters": {
        "module": "[[ $functions ]]",
        "functionName": "getNavigationContent",
        "params": [
          "{{ $chain.results.callFunctionTreedatagenerator }}"
        ]
      },
      "outcomes": {
        "success": "assignVariablesTreeData"
      }
    },
    "assignVariablesTreeData": {
      "module": "vb/action/builtin/assignVariablesAction",
      "parameters": {
        "$page.variables.TreeData": {
          "source": "{{ $chain.results.callFunctionGetNavigationContent }}"
        }
      }
    }
  }
}