{
  "description": "",
  "root": "fireNotificationCurrentSelection",
  "actions": {
    "fireNotificationCurrentSelection": {
      "module": "vb/action/builtin/fireNotificationEventAction",
      "parameters": {
        "target": "leaf",
        "summary": "[[ JSON.stringify($variables.CurrentSelection) ]]",
        "displayMode": "transient"
      }
    }
  },
  "variables": {
    "selection": {
      "required": true,
      "type": "any",
      "input": "fromCaller"
    },
    "CurrentSelection": {
      "type": "string",
      "input": "fromCaller"
    }
  }
}