{
  "description": "",
  "root": "ifCurrentValue",
  "actions": {
    "fireNotification": {
      "module": "vb/action/builtin/fireNotificationEventAction",
      "parameters": {
        "target": "leaf",
        "summary": "Failed to fetch ISBN",
        "type": "error",
        "displayMode": "transient"
      }
    },
    "callRestGetSalesCreditGetallISBN": {
      "module": "vb/action/builtin/restAction",
      "parameters": {
        "endpoint": "devOrds/getSalesCreditGetallISBN",
        "uriParams": {
          "itemNum": "{{ $variables.CurrentValue }}"
        }
      },
      "outcomes": {
        "failure": "fireNotification",
        "success": "assignVariablesISBNADP"
      }
    },
    "assignVariablesISBNADP": {
      "module": "vb/action/builtin/assignVariablesAction",
      "parameters": {
        "$page.variables.ISBNADP": {
          "source": "{{ $chain.results.callRestGetSalesCreditGetallISBN.body.items }}"
        }
      }
    },
    "ifCurrentValue": {
      "module": "vb/action/builtin/ifAction",
      "parameters": {
        "condition": "[[ $variables.CurrentValue.length  >= 3 ]]"
      },
      "outcomes": {
        "true": "callRestGetSalesCreditGetallISBN"
      }
    }
  },
  "variables": {
    "CurrentValue": {
      "type": "string",
      "description": "",
      "defaultValue": "[[ $event.srcElement.value ]]",
      "input": "fromCaller"
    }
  }
}