{
  "description": "",
  "root": "resetVariablesFamilycode",
  "actions": {
    "resetVariablesFamilycode": {
      "module": "vb/action/builtin/resetVariablesAction",
      "parameters": {
        "variables": [
          "$page.variables.familycode",
          "$page.variables.SelectedSFnumber",
          "$page.variables.MappingTblADP.data",
          "$page.variables.SalesAssignTblADP.data",
          "$page.variables.itemnum",
          "$page.variables.ISBNADP",
          "$page.variables.SelectedStatus"
        ]
      },
      "outcomes": {
        "success": "callChainFetchMappingTblData"
      }
    },
    "callChainFetchMappingTblData": {
      "module": "vb/action/builtin/callChainAction",
      "parameters": {
        "id": "FetchMappingTblData"
      }
    }
  },
  "variables": {}
}