{
  "description": "",
  "root": "ifValue",
  "actions": {
    "ifValue": {
      "module": "vb/action/builtin/ifAction",
      "parameters": {
        "condition": "[[ !$variables.value ]]"
      },
      "outcomes": {
        "false": "callRestGetCommonGetBisacDescription",
        "true": "resetVariablesMappingCreateObj"
      }
    },
    "callRestGetCommonGetBisacDescription": {
      "module": "vb/action/builtin/restAction",
      "parameters": {
        "endpoint": "devOrds/getCommonGetBisacDescription",
        "uriParams": {
          "FLEX_VALUE": "{{ $variables.value }}"
        }
      },
      "outcomes": {
        "success": "assignVariablesMappingCreateObj"
      }
    },
    "assignVariablesMappingCreateObj": {
      "module": "vb/action/builtin/assignVariablesAction",
      "parameters": {
        "$page.variables.MappingTblRow": {
          "source": {
            "bisac_description": "{{ $chain.results.callRestGetCommonGetBisacDescription.body.items[0].description }}"
          },
          "reset": "none",
          "auto": "always"
        }
      }
    },
    "resetVariablesMappingCreateObj": {
      "module": "vb/action/builtin/resetVariablesAction",
      "parameters": {
        "variables": [
          "$page.variables.MappingTblRow.bisac_description"
        ]
      }
    }
  },
  "variables": {
    "value": {
      "required": true,
      "type": "any",
      "input": "fromCaller"
    }
  }
}