{
  "description": "",
  "root": "resetVariablesMappingTblRow",
  "actions": {
    "assignVariablesMappingTblRow": {
      "module": "vb/action/builtin/assignVariablesAction",
      "parameters": {
        "$page.variables.MappingTblRow": {
          "source": {
            "sales_force_name": "{{ $variables.data.sales_force_name }}"
          },
          "reset": "none",
          "auto": "always"
        }
      }
    },
    "resetVariablesMappingTblRow": {
      "module": "vb/action/builtin/resetVariablesAction",
      "parameters": {
        "variables": [
          "$page.variables.MappingTblRow.sales_force_name",
          "$page.variables.MappingTblRow.sales_force_id"
        ]
      },
      "outcomes": {
        "success": "assignVariablesMappingTblRow"
      }
    }
  },
  "variables": {
    "key": {
      "required": true,
      "type": "any",
      "input": "fromCaller"
    },
    "data": {
      "required": true,
      "type": "any",
      "input": "fromCaller"
    },
    "metadata": {
      "required": true,
      "type": "any",
      "input": "fromCaller"
    },
    "index": {
      "required": true,
      "type": "number",
      "input": "fromCaller"
    },
    "current": {
      "required": true,
      "type": "any",
      "input": "fromCaller"
    }
  }
}