{
  "description": "",
  "root": "fireNotificationMappingTblRow",
  "actions": {

    "fireNotification": {
      "module": "vb/action/builtin/fireNotificationEventAction",
      "parameters": {
        "target": "leaf",
        "summary": "Failed to update Sales Mapping",
        "type": "error",
        "displayMode": "transient"
      }
    },
    "callRestPutSalesCreditSFMapping": {
      "module": "vb/action/builtin/restAction",
      "parameters": {
        "endpoint": "devOrds/putSalesCreditSFMapping",
        "body": "{{ $page.variables.MappingTblRow }}"
      },
      "outcomes": {
        "failure": "fireNotification",
        "success": "if"
      }
    },
    "fireNotification3": {
      "module": "vb/action/builtin/fireNotificationEventAction",
      "parameters": {
        "target": "leaf",
        "summary": "Sales Mapping updated Successfully",
        "displayMode": "transient",
        "type": "confirmation"
      },
      "outcomes": {
        "success": "callChainFetchMappingTblData"
      }
    },
    "callChainFetchMappingTblData": {
      "module": "vb/action/builtin/callChainAction",
      "parameters": {
        "id": "FetchMappingTblData"
      }
    },
    "if": {
      "module": "vb/action/builtin/ifAction",
      "parameters": {
        "condition": "[[ $chain.results.callRestPutSalesCreditSFMapping.body.p_return_status === \"SUCCESS\" ]]"
      },
      "outcomes": {
        "true": "fireNotification3",
        "false": "fireNotification4"
      }
    },
    "fireNotification4": {
      "module": "vb/action/builtin/fireNotificationEventAction",
      "parameters": {
        "target": "leaf",
        "summary": "[[ $chain.results.callRestPutSalesCreditSFMapping.body.p_return_status ]]",
        "displayMode": "transient"
      }
    },
    "runInParallel": {
      "module": "vb/action/builtin/forkAction",
      "parameters": {
        "actions": {
          "if2": "ifMappingTblRow",
          "if3": "ifMappingTblRow2"
        }
      },
      "outcomes": {
        "join": "callRestPutSalesCreditSFMapping"
      }
    },
    "ifMappingTblRow": {
      "module": "vb/action/builtin/ifAction",
      "parameters": {
        "condition": "[[ $page.variables.MappingTblRow.start_date ]]"
      },
      "outcomes": {
        "true": "callFunctionDateformatter"
      }
    },
    "callFunctionDateformatter": {
      "module": "vb/action/builtin/callModuleFunctionAction",
      "parameters": {
        "module": "[[ $functions ]]",
        "functionName": "dateformatter",
        "params": [
          "{{ $page.variables.MappingTblRow.start_date }}"
        ]
      },
      "outcomes": {
        "success": "assignVariablesMappingTblRow2"
      }
    },
    "assignVariablesMappingTblRow2": {
      "module": "vb/action/builtin/assignVariablesAction",
      "parameters": {
        "$page.variables.MappingTblRow": {
          "source": {
            "start_date": "{{ $chain.results.callFunctionDateformatter }}"
          },
          "reset": "none",
          "auto": "always"
        }
      }
    },
    "callFunctionDateformatter2": {
      "module": "vb/action/builtin/callModuleFunctionAction",
      "parameters": {
        "module": "[[ $functions ]]",
        "functionName": "dateformatter",
        "params": [
          "{{ $page.variables.MappingTblRow.end_date }}"
        ]
      },
      "outcomes": {
        "success": "assignVariablesMappingTblRow3"
      }
    },
    "assignVariablesMappingTblRow3": {
      "module": "vb/action/builtin/assignVariablesAction",
      "parameters": {
        "$page.variables.MappingTblRow": {
          "source": {
            "end_date": "{{ $chain.results.callFunctionDateformatter2 }}"
          },
          "reset": "none",
          "auto": "always"
        }
      }
    },
    "ifMappingTblRow2": {
      "module": "vb/action/builtin/ifAction",
      "parameters": {
        "condition": "[[ $page.variables.MappingTblRow.end_date ]]"
      },
      "outcomes": {
        "true": "callFunctionDateformatter2"
      }
    },
    "fireNotificationMappingTblRow": {
      "module": "vb/action/builtin/fireNotificationEventAction",
      "parameters": {
        "target": "leaf",
        "summary": "[[ JSON.stringify($page.variables.MappingTblRow) ]]"
      },
      "outcomes": {
        "success": "runInParallel"
      }
    }
  },
  "variables": {
    "key": {
      "required": true,
      "type": "any",
      "input": "fromCaller"
    },
    "index": {
      "required": true,
      "type": "number",
      "input": "fromCaller"
    },
    "current": {
      "required": true,
      "type": "any",
      "input": "fromCaller"
    }
  }
}