{
  "description": "",
  "root": "if",
  "actions": {

    "assignVariablesSearchAccountNumber": {
      "module": "vb/action/builtin/assignVariablesAction",
      "parameters": {
        "$page.variables.SearchAccountNumber": {
          "source": "{{ $chain.results.callRestGetAccountNumByName.body.items[0].account_number }}"
        }
      }
    },
    "if": {
      "module": "vb/action/builtin/ifAction",
      "parameters": {
        "condition": "[[ $variables.value && !$page.variables.SearchAccountNumber ]]"
      },
      "outcomes": {
        "true": "callRestGetAccountNumByName"
      }
    },
    "callRestGetAccountNumByName": {
      "module": "vb/action/builtin/restAction",
      "parameters": {
        "endpoint": "devOrds/GetAccountNumByName",
        "uriParams": {
          "p_account_name": "{{ $variables.value }}"
        }
      },
      "outcomes": {
        "success": "assignVariablesSearchAccountNumber"
      }
    }
  },
  "variables": {
    "value": {
      "required": true,
      "type": "any",
      "input": "fromCaller"
    }
  }
}