{
  "description": "",
  "root": "assignVariablesCustAccountCreateObj",
  "actions": {
    "assignVariablesCustAccountCreateObj": {
      "module": "vb/action/builtin/assignVariablesAction",
      "parameters": {
        "$page.variables.CustAccountCreateObj": {
          "source": {
            "account_type_desc": "{{ $variables.data.description }}",
            "cust_accnt_id": "{{ $variables.data.cust_account_id }}"
          },
          "reset": "none",
          "auto": "always"
        }
      }
    }
  },
  "variables": {
    "key": {
      "required": true,
      "type": "any",
      "input": "fromCaller"
    },
    "data": {
      "required": true,
      "type": "any",
      "input": "fromCaller"
    },
    "metadata": {
      "required": true,
      "type": "any",
      "input": "fromCaller"
    }
  }
}