{
  "description": "",
  "root": "resetVariablesCustAccountCreateObj",
  "actions": {
    "callComponentCreateCustomerOpen": {
      "module": "vb/action/builtin/callComponentMethodAction",
      "parameters": {
        "component": "{{ document.getElementById('createCustomer') }}",
        "method": "open"
      }
    },
    "resetVariablesCustAccountCreateObj": {
      "module": "vb/action/builtin/resetVariablesAction",
      "parameters": {
        "variables": [
          "$page.variables.CustAccountCreateObj"
        ]
      },
      "outcomes": {
        "success": "assignVariablesDlglabel"
      }
    },
    "assignVariablesDlglabel": {
      "module": "vb/action/builtin/assignVariablesAction",
      "parameters": {
        "$page.variables.Dlglabel": {
          "source": "Create"
        }
      },
      "outcomes": {
        "success": "callComponentCreateCustomerOpen"
      }
    }
  },
  "variables": {}
}