{
  "description": "",
  "root": "if",
  "actions": {

    "if": {
      "module": "vb/action/builtin/ifAction",
      "parameters": {
        "condition": "[[ $variables.value && !$page.variables.SearchObj.RegisterId ]]"
      },
      "outcomes": {
        "true": "callRestGetOrgNumByBame"
      }
    },
    "callRestGetOrgNumByBame": {
      "module": "vb/action/builtin/restAction",
      "parameters": {
        "endpoint": "devOrds/GetOrgNumByBame",
        "uriParams": {
          "PARTY_NAME": "{{ $variables.value }}"
        }
      },
      "outcomes": {
        "success": "assignVariablesSearchObj"
      }
    },
    "assignVariablesSearchObj": {
      "module": "vb/action/builtin/assignVariablesAction",
      "parameters": {
        "$page.variables.SearchObj": {
          "source": {
            "RegisterId": "{{ $chain.results.callRestGetOrgNumByBame.body.items[0].party_number }}"
          },
          "reset": "none",
          "auto": "always"
        },
        "$page.variables.selectedPartyId": {
          "source": "{{ $chain.results.callRestGetOrgNumByBame.body.items[0].party_id }}"
        }
      }
    }
  },
  "variables": {
    "value": {
      "required": true,
      "type": "any",
      "input": "fromCaller"
    }
  }
}