{
  "description": "",
  "root": "navigateToItem1Orgview",
  "actions": {
    "navigateToItem1Orgview": {
      "module": "vb/action/builtin/navigateAction",
      "parameters": {
        "page": "item-1-orgview",
        "params": {
          "organization": "{{ $variables.current.row.organization_name }}",
          "party_id": "{{ $variables.current.row.party_id }}",
          "flowPartyNumber": "{{ $variables.current.row.registry_id }}",
          "SelectedParent": "Org"
        }
      }
    }
  },
  "variables": {
    "key": {
      "required": true,
      "type": "any",
      "input": "fromCaller"
    },
    "index": {
      "required": true,
      "type": "number",
      "input": "fromCaller"
    },
    "current": {
      "required": true,
      "type": "any",
      "input": "fromCaller"
    }
  }
}