{
  "description": "",
  "root": "ifCurrentValue",
  "actions": {
    "ifCurrentValue": {
      "module": "vb/action/builtin/ifAction",
      "parameters": {
        "condition": "[[ $variables.CurrentValue.length >=1 ]]"
      },
      "outcomes": {
        "true": "callRestGetStateInfo"
      }
    },
    "callRestGetStateInfo": {
      "module": "vb/action/builtin/restAction",
      "parameters": {
        "endpoint": "devOrds/GetStateInfo",
        "uriParams": {
          "GEOGRAPHY_NAME": "{{ $variables.CurrentValue }}"
        }
      },
      "outcomes": {
        "success": "assignVariablesStateArray"
      }
    },
    "assignVariablesStateArray": {
      "module": "vb/action/builtin/assignVariablesAction",
      "parameters": {
        "$page.variables.StateArray": {
          "source": "{{ $chain.results.callRestGetStateInfo.body.items }}"
        }
      }
    }
  },
  "variables": {
    "CurrentValue": {
      "type": "string",
      "input": "fromCaller"
    }
  }
}