{
  "description": "",
  "root": "assignVariablesFromObj",
  "actions": {
    "fireNotification": {
      "module": "vb/action/builtin/fireNotificationEventAction",
      "parameters": {
        "target": "leaf",
        "summary": "Failed to submitt Apply Hold",
        "type": "error",
        "displayMode": "persist"
      }
    },
    "callRestPostHBGMASSORDERUPDATEINT1UpdateSalesOrders": {
      "module": "vb/action/builtin/restAction",
      "parameters": {
        "endpoint": "ics/postHBG_MASS_ORDER_UPDATE_INT1_0UpdateSalesOrders",
        "body": "{{ $page.variables.fromObj }}"
      },
      "outcomes": {
        "failure": "fireNotification",
        "success": "fireNotification3"
      }
    },
    "fireNotification3": {
      "module": "vb/action/builtin/fireNotificationEventAction",
      "parameters": {
        "target": "leaf",
        "summary": "Apply Hold Submitted Successfully",
        "displayMode": "transient",
        "type": "confirmation"
      }
    },
    "assignVariablesFromObj": {
      "module": "vb/action/builtin/assignVariablesAction",
      "parameters": {
        "$page.variables.fromObj": {
          "source": {
            "p_hold_flag": "Apply"
          },
          "reset": "none",
          "auto": "always"
        }
      },
      "outcomes": {
        "success": "callRestPostHBGMASSORDERUPDATEINT1UpdateSalesOrders"
      }
    }
  },
  "variables": {}
}