{
  "description": "",
  "root": "assignVariablesCat1DlgLabel",
  "actions": {
    "assignVariablesCat1DlgLabel": {
      "module": "vb/action/builtin/assignVariablesAction",
      "parameters": {
        "$page.variables.Cat1DlgLabel": {
          "source": "Edit"
        },
        "$page.variables.Cat1CreateObj": {
          "source": "{{ $variables.current.row }}",
          "auto": "always"
        }
      },
      "outcomes": {
        "success": "callComponentCreateCategory1Open"
      }
    },
    "callComponentCreateCategory1Open": {
      "module": "vb/action/builtin/callComponentMethodAction",
      "parameters": {
        "component": "{{ document.getElementById('createCategory1') }}",
        "method": "open"
      }
    }
  },
  "variables": {
    "key": {
      "required": true,
      "type": "any",
      "input": "fromCaller"
    },
    "index": {
      "required": true,
      "type": "number",
      "input": "fromCaller"
    },
    "current": {
      "required": true,
      "type": "any",
      "input": "fromCaller"
    }
  }
}