{
  "description": "",
  "root": "resetVariablesCat2CreateObj",
  "actions": {
    "resetVariablesCat2CreateObj": {
      "module": "vb/action/builtin/resetVariablesAction",
      "parameters": {
        "variables": [
          "$page.variables.Cat2CreateObj"
        ]
      },
      "outcomes": {
        "success": "callComponentCreateCategory2Close"
      }
    },
    "callComponentCreateCategory2Close": {
      "module": "vb/action/builtin/callComponentMethodAction",
      "parameters": {
        "component": "{{ document.getElementById('createCategory2') }}",
        "method": "close"
      }
    }
  },
  "variables": {}
}