{
  "root": "runInParallel",
  "description": "",
  "actions": {
    "callRestGetGetPubId": {
      "module": "vb/action/builtin/restAction",
      "parameters": {
        "endpoint": "devOrds/getGetPubId",
        "uriParams": {
          "REPORTING_GROUP_ID": "{{ $page.variables.FlowReportingGroup }}"
        }
      },
      "outcomes": {
        "success": "assignVariablesPubArray"
      }
    },
    "assignVariablesPubArray": {
      "module": "vb/action/builtin/assignVariablesAction",
      "parameters": {
        "$page.variables.PubArray": {
          "source": "{{ $chain.results.callRestGetGetPubId.body.items }}"
        }
      }
    },
    "runInParallel": {
      "module": "vb/action/builtin/forkAction",
      "parameters": {
        "actions": {
          "callRestGetGetPubId": "callRestGetGetPubId",
          "callRest": "callRestGetGetimpId"
        }
      }
    },
    "callRestGetGetimpId": {
      "module": "vb/action/builtin/restAction",
      "parameters": {
        "endpoint": "devOrds/getGetimpId",
        "uriParams": {
          "REPORTING_GROUP_ID": "{{ $page.variables.FlowReportingGroup }}"
        }
      },
      "outcomes": {
        "success": "assignVariablesImpArray"
      }
    },
    "assignVariablesImpArray": {
      "module": "vb/action/builtin/assignVariablesAction",
      "parameters": {
        "$page.variables.ImpArray": {
          "source": "{{ $chain.results.callRestGetGetimpId.body.items }}"
        }
      }
    }
  }
}