{
  "description": "",
  "root": "assignVariablesCat1RowData",
  "actions": {
    "assignVariablesCat1RowData": {
      "module": "vb/action/builtin/assignVariablesAction",
      "parameters": {
        "$page.variables.Cat1RowData": {
          "source": {
            "last_updated_by": "{{ $application.user.email }}"
          },
          "reset": "none",
          "auto": "always"
        }
      },
      "outcomes": {
        "success": "callRestPutFamilyCodeCategory1"
      }
    },
    "fireNotification": {
      "module": "vb/action/builtin/fireNotificationEventAction",
      "parameters": {
        "target": "leaf",
        "summary": "Failed to Update Category1",
        "type": "error",
        "displayMode": "transient"
      }
    },
    "callRestPutFamilyCodeCategory1": {
      "module": "vb/action/builtin/restAction",
      "parameters": {
        "endpoint": "devOrds/putFamilyCodeCategory1",
        "uriParams": {
          "category1_id": "{{ $variables.current.row.category1_id }}"
        },
        "body": "{{ $page.variables.Cat1RowData }}"
      },
      "outcomes": {
        "failure": "fireNotification",
        "success": "fireNotification3"
      }
    },
    "fireNotification3": {
      "module": "vb/action/builtin/fireNotificationEventAction",
      "parameters": {
        "target": "leaf",
        "summary": "Category1 Updated Successfully",
        "displayMode": "transient",
        "type": "confirmation"
      },
      "outcomes": {
        "success": "callChainRefreshLOVAction"
      }
    },
    "callChainRefreshLOVAction": {
      "module": "vb/action/builtin/callChainAction",
      "parameters": {
        "id": "RefreshLOVAction"
      },
      "outcomes": {
        "success": "callChainFetchCat1Action"
      }
    },
    "callChainFetchCat1Action": {
      "module": "vb/action/builtin/callChainAction",
      "parameters": {
        "id": "FetchCat1Action"
      }
    }
  },
  "variables": {
    "key": {
      "required": true,
      "type": "any",
      "input": "fromCaller"
    },
    "index": {
      "required": true,
      "type": "number",
      "input": "fromCaller"
    },
    "current": {
      "required": true,
      "type": "any",
      "input": "fromCaller"
    }
  }
}