{
    "items": [
        {
            "template_id": 49996,
            "template_name": "MR-HDR1_Copy",
            "template_description": "MR-HDR1_Copy",
            "cust_account_id": 100000224224483,
            "owner_code": "AB",
            "account_number": "14605017-AMAZON.COM",
            "account_description": "AMAZON.COM",
            "owner_name": "Abrams Books",
            "start_date": "2023-03-14",
            "end_date": "2023-03-16",
            "entered_date": "2023-04-10",
            "updated_date": "2023-04-10",
            "entered_by": "mprabhala@pelotongroup.com",
            "updated_by": "mprabhala@pelotongroup.com"
        },
        {
            "template_id": 39997,
            "template_name": "MR-HDR4",
            "template_description": "MR-HDR4",
            "cust_account_id": 300000045861747,
            "owner_code": "QS",
            "account_number": "6001",
            "account_description": "AC Description",
            "owner_name": "Quarto Publishing Group USA",
            "start_date": "2023-04-04",
            "end_date": null,
            "entered_date": "2023-04-04",
            "updated_date": "2023-04-04",
            "entered_by": "sneeli@pelotongroup.com",
            "updated_by": "sneeli@pelotongroup.com"
        },
        {
            "template_id": 29998,
            "template_name": "MR-HDR3",
            "template_description": "MR-HDR3",
            "cust_account_id": 100000224224483,
            "owner_code": "AB",
            "account_number": "14605017-AMAZON.COM",
            "account_description": "AMAZON.COM",
            "owner_name": "Abrams Books",
            "start_date": "2023-03-14",
            "end_date": "2023-03-16",
            "entered_date": "2023-03-24",
            "updated_date": "2023-04-04",
            "entered_by": "freis@pelotongroup.com",
            "updated_by": "sneeli@pelotongroup.com"
        },
        {
            "template_id": 19999,
            "template_name": "MR-HDR2",
            "template_description": "MR-HDR2",
            "cust_account_id": 100000258671202,
            "owner_code": "QS",
            "account_number": "14608023-STITCHES IN TI",
            "account_description": "STITCHES IN TIME",
            "owner_name": "Quarto Publishing Group USA",
            "start_date": "2023-03-14",
            "end_date": "2023-03-15",
            "entered_date": "2023-03-14",
            "updated_date": "2023-03-14",
            "entered_by": "freis@pelotongroup.com",
            "updated_by": "freis@pelotongroup.com"
        },
        {
            "template_id": 10001,
            "template_name": "MR-HDR1",
            "template_description": "MR-HDR1",
            "cust_account_id": 100000224224483,
            "owner_code": "AB",
            "account_number": "14605017-AMAZON.COM",
            "account_description": "AMAZON.COM",
            "owner_name": "Abrams Books",
            "start_date": "2023-03-14",
            "end_date": "2023-03-16",
            "entered_date": "2023-03-13",
            "updated_date": "2023-03-13",
            "entered_by": "freis@pelotongroup.com",
            "updated_by": "freis@pelotongroup.com"
        }
    ],
    "hasMore": false,
    "limit": 1000,
    "offset": 0,
    "count": 5,
    "links": [
        {
            "rel": "self",
            "href": "https://10.2.0.169:8081/ords/hbg_integration/CustomeOrders/getTemplateHeaders"
        },
        {
            "rel": "edit",
            "href": "https://10.2.0.169:8081/ords/hbg_integration/CustomeOrders/getTemplateHeaders"
        },
        {
            "rel": "describedby",
            "href": "https://10.2.0.169:8081/ords/hbg_integration/metadata-catalog/CustomeOrders/item"
        },
        {
            "rel": "first",
            "href": "https://10.2.0.169:8081/ords/hbg_integration/CustomeOrders/getTemplateHeaders"
        }
    ]
}