{
  "title": "",
  "description": "",
  "variables": {
    "AccountNameVar": {
      "type": "string"
    },
    "AccountNumberVar": {
      "type": "string",
      "defaultValue": ""
    },
    "ADPPaymentTable": {
      "type": "vb/ArrayDataProvider2",
      "defaultValue": {
        "itemType": "create_hbg_ar_payments_lines_type",
        "keyAttributes": "P_LINE_KEY"
      }
    },
    "AmountVar": {
      "type": "number"
    },
    "BatchNumberInpt": {
      "type": "number",
      "input": "fromCaller"
    },
    "BatchNumberVar": {
      "type": "string"
    },
    "BlankRowBuffer": {
      "type": "create_hbg_ar_payments_lines_type"
    },
    "BusinessUnitVar": {
      "type": "string",
      "defaultValue": "HBG US"
    },
    "CreatePaymentHeaderVar": {
      "type": "create_hbg_ar_payment_header_type"
    },
    "CreatePaymentLineVar": {
      "type": "create_hbg_ar_payments_lines_type"
    },
    "CurrencyVar": {
      "type": "string"
    },
    "CurrentRowBuffer": {
      "type": "create_hbg_ar_payments_lines_type"
    },
    "EditingLineControlBool": {
      "type": "boolean",
      "defaultValue": false
    },
    "EditMode": {
      "type": "boolean",
      "input": "fromCaller"
    },
    "EnableEditButton": {
      "type": "boolean",
      "defaultValue": true
    },
    "EnablePaymentsFieldsBool": {
      "type": "boolean",
      "defaultValue": false
    },
    "GLAccountVar": {
      "type": "string",
      "defaultValue": ""
    },
    "PaymentDateVar": {
      "type": "string"
    },
    "PaymentLineBDP": {
      "type": "any"
    },
    "PaymentMethodVar": {
      "type": "string"
    },
    "PaymentTypeVar": {
      "type": "string",
      "defaultValue": "Standard"
    },
    "ReceiptNumberVar": {
      "type": "string"
    },
    "selectedColumn": {
      "type": "any",
      "defaultValue": 1
    },
    "selectedRow": {
      "type": "any"
    },
    "UpdatePaymentLineVar": {
      "type": "create_hbg_ar_payments_lines_type"
    }

  },
  "metadata": {},
  "types": {
    "@decorators.create_hbg_ar_payments_lines_type": {
      "endpoint": "postPaymentExtensionHbg_ar_payments_lines",
      "service": "devOrds",
      "path": "request"
    },
    "create_hbg_ar_payment_header_type": {
      "P_BATCH_ID": "number",
      "P_CREATED_BY": "string",
      "P_CREATION_DATE": "string",
      "P_LAST_UPDATE_DATE": "string",
      "P_LAST_UPDATED_BY": "string",
      "P_STATUS": "string"
    },
    "create_hbg_ar_payments_lines_type": {
      "P_ACCOUNT_NAME": "string",
      "P_ACCOUNT_NUMBER": "string",
      "P_AMOUNT": "number",
      "P_BATCH_ID": "number",
      "P_BUSINESS_UNIT": "string",
      "P_CREATE_STATUS": "string",
      "P_CREATED_BY": "string",
      "P_CREATION_DATE": "string",
      "P_CURRENCY": "string",
      "P_GL_ACCOUNT": "string",
      "P_LAST_UPDATE_DATE": "string",
      "P_LAST_UPDATED_BY": "string",
      "P_LINE_ID": "number",
      "P_LINE_KEY": "number",
      "P_PAYMENT_DATE": "string",
      "P_PAYMENT_METHOD": "string",
      "P_PAYMENT_TYPE": "string",
      "P_PROCESS_TYPE": "string",
      "P_RECEIPT_NUMBER": "string",
      "P_RETURN_MESSAGE": "string",
      "P_RETURN_STATUS": "string"

    }

  },
  "eventListeners": {
    "buttonAction": {
      "chains": [
        {
          "chainId": "ButtonActionChainCreatePayment"
        }
      ]
    },
    "buttonAction2": {
      "chains": [
        {
          "chainId": "ButtonActionChain1"
        }
      ]
    },
    "buttonAction3": {
      "chains": [
        {
          "chainId": "ButtonActionChainStartEditLine"
        }
      ]
    },
    "buttonAction4": {
      "chains": [
        {
          "chainId": "ButtonActionChainCancelEdit"
        }
      ]
    },
    "buttonAction5": {
      "chains": [
        {
          "chainId": "ButtonActionChainSubmitPayment"
        }
      ]
    },
    "buttonAction6": {
      "chains": [
        {
          "chainId": "ButtonActionChainSearchPage"
        }
      ]
    },
    "cmbBusinessUnitValue": {
      "chains": [
        {
          "chainId": "ComboValueChangeChainBU",
          "parameters": {
            "value": "{{ $event.detail.value }}",
            "key": "{{ $current.key }}",
            "index": "{{ $current.index }}",
            "current": "{{ $current }}"
          }
        }
      ]
    },
    "cmbPaymentTypeValue": {
      "chains": [
        {
          "chainId": "ComboValueChangeChainPaymentType",
          "parameters": {
            "value": "{{ $event.detail.value }}",
            "key": "{{ $current.key }}",
            "index": "{{ $current.index }}",
            "current": "{{ $current }}"
          }
        }
      ]
    },
    "cmbPayMtdValue": {
      "chains": [
        {
          "chainId": "ComboValueChangeChainPayMethod",
          "parameters": {
            "value": "{{ $event.detail.value }}",
            "key": "{{ $current.key }}",
            "index": "{{ $current.index }}",
            "current": "{{ $current }}"
          }
        }
      ]
    },
    "inptAccNbrValue": {
      "chains": [
        {
          "chainId": "InputTextValueChangeChainAccNumber",
          "parameters": {
            "value": "{{ $event.detail.value }}",
            "key": "{{ $current.key }}",
            "index": "{{ $current.index }}",
            "current": "{{ $current }}"
          }
        }
      ]
    },
    "inptAmountValue": {
      "chains": [
        {
          "chainId": "InputNumberValueChangeChainAmount",
          "parameters": {
            "value": "{{ $event.detail.value }}",
            "key": "{{ $current.key }}",
            "index": "{{ $current.index }}",
            "current": "{{ $current }}"
          }
        }
      ]
    },
    "inptCurrencyValue": {
      "chains": [
        {
          "chainId": "ComboValueChangeChainCurrency",
          "parameters": {
            "value": "{{ $event.detail.value }}",
            "key": "{{ $current.key }}",
            "index": "{{ $current.index }}",
            "current": "{{ $current }}"
          }
        }
      ]
    },
    "inptGlAccValue": {
      "chains": [
        {
          "chainId": "InputTextValueChangeChainGLAccount",
          "parameters": {
            "value": "{{ $event.detail.value }}",
            "key": "{{ $current.key }}",
            "index": "{{ $current.index }}",
            "current": "{{ $current }}"
          }
        }
      ]
    },
    "inptPaymentDateValue": {
      "chains": [
        {
          "chainId": "InputDateValueChangeChainPaymentDate",
          "parameters": {
            "value": "{{ $event.detail.value }}",
            "key": "{{ $current.key }}",
            "index": "{{ $current.index }}",
            "current": "{{ $current }}"
          }
        }
      ]
    },
    "inptRcptNbrValue": {
      "chains": [
        {
          "chainId": "InputTextValueChangeChainReceiptNumber",
          "parameters": {
            "value": "{{ $event.detail.value }}",
            "key": "{{ $current.key }}",
            "index": "{{ $current.index }}",
            "current": "{{ $current }}"
          }
        }
      ]
    },
    "tableSelected": {
      "chains": [
        {
          "chainId": "TableSelectedChangeChain",
          "parameters": {
            "keys": "{{ $event.detail.value.row.values ? Array.from($event.detail.value.row.values()) : [] }}",
            "selected": "{{ $event.detail.value }}"
          }
        }
      ]
    },
    "toggleDrawer": {
      "chains": [
        {
          "chainId": "application:toggleDrawerHandler"
        }
      ]
    },
    "vbAfterNavigate": {
      "chains": [
        {
          "parameters": {
            "event": "{{ $event }}"
          },
          "chainId": "vbEnterActionChain"
        }
      ]
    }

  },
  "imports": {
    "components": {
      "oj-button": {
        "path": "ojs/ojbutton"
      },

      "oj-combobox-one": {
        "path": "ojs/ojselectcombobox"
      },
      "oj-input-date": {
        "path": "ojs/ojdatetimepicker"
      },
      "oj-input-number": {
        "path": "ojs/ojinputnumber"
      },
      "oj-input-search": {
        "path": "ojs/ojinputsearch"
      },
      "oj-input-text": {
        "path": "ojs/ojinputtext"
      },
      "oj-label": {
        "path": "ojs/ojlabel"
      },
      "oj-option": {
        "path": "ojs/ojoption"
      },
      "oj-radioset": {
        "path": "ojs/ojradioset"
      },
      "oj-select-many": {
        "path": "ojs/ojselectcombobox"
      },
      "oj-table": {
        "path": "ojs/ojtable"
      }

    },
    "modules": {
      "ojValidationDateTime": {
        "path": "ojs/ojvalidation-datetime"
      },
      "ojValidationNumber": {
        "path": "ojs/ojvalidation-number"
      }
    }
  }
}