{
  "title": "Table Add Row Recipe",
  "description": "",
  "variables": {
    "BatchNumberInpt": {
      "type": "number",
      "input": "fromCaller"
    },
    "blankRowBuffer": {

      "type": "create_hbg_ar_payments_lines_type",
      "defaultValue": {
        "P_BUSINESS_UNIT": "HBG US BU",
        "P_PAYMENT_DATE": "[[ $functions.sysdateMMDDYYYY() ]]",
        "P_CURRENCY": "USD"
      }
    },
    "blankVariable": {
      "type": "string"
    },
    "CreatePaymentHeaderVar": {
      "type": "create_hbg_ar_payment_header_type"
    },
    "CreatePaymentLineVar": {
      "type": "create_hbg_ar_payments_lines_type"
    },
    "EditMode": {
      "type": "boolean",
      "input": "fromCaller"
    },
    "employeesBDP": {
      "type": "any"
    },
    "isCurrentRowBeingDeleted": {
      "type": "boolean",
      "defaultValue": false
    },
    "currentRowBuffer": {
      "type": "create_hbg_ar_payments_lines_type"
    },
    "disableRowEditExit": {
      "type": "boolean",
      "defaultValue": false
    },
    "noChangesToSave": {
      "type": "boolean",
      "defaultValue": true
    },
    "editRow": {
      "type": "any",
      "defaultValue": {}
    },
    "paymentsADP": {
      "type": "vb/ArrayDataProvider2",
      "defaultValue": {
        "itemType": "create_hbg_ar_payments_lines_type",
        "keyAttributes": "id"
      }
    },
    "paymentsSDP": {
      "type": "vb/ServiceDataProvider",
      "defaultValue": {
        "endpoint": "devOrds/postPaymentExtensionHbg_ar_payment_lines_merge",
        "responseType": "getall_payments_SDP",
        "keyAttributes": "id",
        "itemsPath": "items"
      }
    }

  },
  "metadata": {},
  "types": {
    "create_hbg_ar_payments_lines_type": {
      "id": "number",
      "P_ACCOUNT_NAME": "string",
      "P_ACCOUNT_NUMBER": "string",
      "P_AMOUNT": "number",
      "P_BATCH_ID": "number",
      "P_BUSINESS_UNIT": "string",
      "P_CREATE_STATUS": "string",
      "P_CREATED_BY": "string",
      "P_CREATION_DATE": "string",
      "P_CURRENCY": "string",
      "P_GL_ACCOUNT": "string",
      "P_LAST_UPDATE_DATE": "string",
      "P_LAST_UPDATED_BY": "string",
      "P_LINE_ID": "number",
      "P_PAYMENT_DATE": "string",
      "P_PAYMENT_METHOD": "string",
      "P_PAYMENT_TYPE": "string",
      "P_PROCESS_TYPE": "string",
      "P_RECEIPT_NUMBER": "string",
      "P_RETURN_MESSAGE": "string",
      "P_RETURN_STATUS": "string"
    },
    "create_hbg_ar_payment_header_type": {
      "P_BATCH_ID": "number",
      "P_CREATED_BY": "string",
      "P_CREATION_DATE": "string",
      "P_LAST_UPDATE_DATE": "string",
      "P_LAST_UPDATED_BY": "string",
      "P_STATUS": "string"
    },
    "getall_payments_SDP": {
      "items": [
            {
            "id": "number",
            "P_ACCOUNT_NAME": "string",
            "P_ACCOUNT_NUMBER": "string",
            "P_AMOUNT": "number",
            "P_BATCH_ID": "number",
            "P_BUSINESS_UNIT": "string",
            "P_CREATE_STATUS": "string",
            "P_CREATED_BY": "string",
            "P_CREATION_DATE": "string",
            "P_CURRENCY": "string",
            "P_GL_ACCOUNT": "string",
            "P_LAST_UPDATE_DATE": "string",
            "P_LAST_UPDATED_BY": "string",
            "P_LINE_ID": "number",
            "P_PAYMENT_DATE": "string",
            "P_PAYMENT_METHOD": "string",
            "P_PAYMENT_TYPE": "string",
            "P_PROCESS_TYPE": "string",
            "P_RECEIPT_NUMBER": "string",
            "P_RETURN_MESSAGE": "string",
            "P_RETURN_STATUS": "string"
        }
      ]
    }
  },
  "chains": {},
  "eventListeners": {
    "batchEditableTableBeforeRowAddEnd": {
      "chains": [
        {
          "chainId": "TableBeforeRowAddEndChain",
          "parameters": {
            "event": "{{ $event }}"
          }
        }
      ],
      "preventDefault": "{{ !$page.functions.isFormValid($event.detail, $event, 'addRow') }}"
    },
    "buttonAction": {
      "chains": [
        {
          "chainId": "ButtonActionChainSave"
        }
      ]
    },
    "buttonAction2": {
      "chains": [
        {
          "chainId": "ButtonActionChainSubmit"
        }
      ]
    },
    "buttonAction3": {
      "chains": [
        {
          "chainId": "ButtonActionChain"
        }
      ]
    },
    "comboValue": {
      "chains": [
        {
          "chainId": "ComboValueChangeChainPaymentType",
          "parameters": {
            "value": "{{ $event.detail.value }}",
            "key": "{{ $current.key }}",
            "index": "{{ $current.index }}",
            "current": "{{ $current }}"
          }
        }
      ]
    },
    "comboValue2": {
      "chains": [
        {
          "chainId": "ComboValueChangeChainBusinessUnit",
          "parameters": {
            "value": "{{ $event.detail.value }}",
            "key": "{{ $current.key }}",
            "index": "{{ $current.index }}",
            "current": "{{ $current }}"
          }
        }
      ]
    },
    "inputTextValue": {
      "chains": [
        {
          "chainId": "InputTextValueChangeChainAccNumber",
          "parameters": {
            "value": "{{ $event.detail.value }}",
            "key": "{{ $current.key }}",
            "index": "{{ $current.index }}",
            "current": "{{ $current }}"
          }
        }
      ]
    },
    "ojSelectSingleANCurrentKeyValue": {
      "chains": [
        {
          "chainId": "InputTextValueChangeChainEditAccNumber",
          "parameters": {
            "value": "{{ $event.detail.value }}",
            "key": "{{ $current.key }}",
            "index": "{{ $current.index }}",
            "current": "{{ $current }}"
          }
        }
      ]
    },
    "ojSelectSingleBUCurrentKeyValue": {
      "chains": [
        {
          "chainId": "ComboValueChangeChainEditBusinessUnit",
          "parameters": {
            "value": "{{ $event.detail.value }}",
            "key": "{{ $current.key }}",
            "index": "{{ $current.index }}",
            "current": "{{ $current }}"
          }
        }
      ]
    },
    "ojSelectSinglePTCurrentKeyValue": {
      "chains": [
        {
          "chainId": "ComboValueChangeChainEditPaymentType",
          "parameters": {
            "value": "{{ $event.detail.value }}",
            "key": "{{ $current.key }}",
            "index": "{{ $current.index }}",
            "current": "{{ $current }}"
          }
        }
      ]
    },
    "submitRowAction": {
      "chains": [
        {
          "chainId": "SubmitRowActionChain",
          "parameters": {
            "key": "{{ $current.key }}",
            "index": "{{ $current.index }}",
            "current": "{{ $current }}"
          }
        }
      ]
    },
    "cancelRowAction": {
      "chains": [
        {
          "chainId": "CancelRowActionChain",
          "parameters": {
            "key": "{{ $current.key }}",
            "index": "{{ $current.index }}",
            "current": "{{ $current }}"
          }
        }
      ]
    },
    "deleteRowButtonCurrentRowIdOjAction": {
      "chains": [
        {
          "chainId": "DeleteRow",
          "parameters": {
            "index": "{{ $current.index }}",
            "current": "{{ $current }}",
            "key": "{{ $current.key }}",
            "row": "{{ $current.row }}"
          }
        }
      ]
    },
    "ojTable18296469261OjBeforeRowEdit": {
      "chains": [
        {
          "chainId": "TableBeforeRowEditChain",
          "parameters": {
            "rowKey": "{{$event.detail.rowContext.status.rowKey}}",
            "rowData": "{{$event.detail.rowContext.componentElement.getDataForVisibleRow($event.detail.rowContext.status.rowIndex).data}}",
            "event": "{{ $event }}"
          }
        }
      ]
    },
    "ojTable18296469261OjBeforeRowEditEnd": {
      "preventDefault": "{{ $page.variables.disableRowEditExit || !$page.functions.isFormValid($event.detail, $event, 'editRow') }}",
      "chains": [
        {
          "chainId": "TableBeforeRowEditEndChain",
          "parameters": {
            "rowKey": "{{$event.detail.rowContext.status.rowKey}}",
            "rowData": "{{$page.variables.currentRowBuffer}}",
            "event": "{{ $event }}",
            "originalRowData": "{{ $event.detail.rowContext.componentElement.getDataForVisibleRow($event.detail.rowContext.status.rowIndex).data }}"
          }
        }
      ]
    },
    "vbEnter": {
      "chains": [
        {
          "parameters": {},
          "chainId": "vbEnterActionChain"
        }
      ]
    }

  },
  "imports": {
    "components": {
      "oj-combobox-one": {
        "path": "ojs/ojselectcombobox"
      },
      "oj-input-date": {
        "path": "ojs/ojdatetimepicker"
      },
      "oj-input-number": {
        "path": "ojs/ojinputnumber"
      },
      "oj-label": {
        "path": "ojs/ojlabel"
      },
      "oj-option": {
        "path": "ojs/ojoption"
      },
      "oj-select-single": {
        "path": "ojs/ojselectsingle"
      },
      "oj-table": {
        "path": "ojs/ojtable"
      },
      "oj-input-text": {
        "path": "ojs/ojinputtext"
      },
      "oj-button": {
        "path": "ojs/ojbutton"
      },
      "oj-toolbar": {
        "path": "ojs/ojtoolbar"
      }

    },
    "modules": {
      "ojValidationBase": {
        "path": "ojs/ojvalidation-base"
      },
      "ojValidationNumber": {
        "path": "ojs/ojvalidation-number"
      }
    }
  },
  "routerFlow": ""
}