{
  "title": "",
  "description": "",
  "variables": {
    "ADPSearchTable": {
      "type": "vb/ArrayDataProvider2",
      "defaultValue": {
        "itemType": "get_hbg_ar_payments_header_type"
      }
    },
    "BatchIDSearchVar": {
      "type": "number",
      "defaultValue": null
    },
    "enableEditButton": {
      "type": "boolean",
      "defaultValue": false
    }

  },
  "metadata": {},
  "types": {
    "@decorators.create_hbg_ar_payments_lines_type": {
      "endpoint": "postPaymentExtensionHbg_ar_payments_lines",
      "service": "devOrds",
      "path": "request"
    },
    "create_hbg_ar_payments_lines_type": {
      "P_ACCOUNT_NAME": "string",
      "P_ACCOUNT_NUMBER": "string",
      "P_AMOUNT": "number",
      "P_BATCH_ID": "number",
      "P_BUSINESS_UNIT": "string",
      "P_CREATE_STATUS": "string",
      "P_CREATED_BY": "string",
      "P_CREATION_DATE": "string",
      "P_CURRENCY": "string",
      "P_GL_ACCOUNT": "string",
      "P_LAST_UPDATE_DATE": "string",
      "P_LAST_UPDATED_BY": "string",
      "P_LINE_ID": "number",
      "P_LINE_KEY": "number",
      "P_PAYMENT_DATE": "string",
      "P_PAYMENT_METHOD": "string",
      "P_PAYMENT_TYPE": "string",
      "P_RECEIPT_NUMBER": "string",
      "P_RETURN_STATUS": "string"

    },
    "get_hbg_ar_payments_header_type": {
      "batch_id": "number",
      "created_by": "string",
      "creation_date": "string",
      "last_update_date": "string",
      "last_updated_by": "string",
      "status": "string"
    }
  },
  "eventListeners": {
    "buttonAction": {
      "chains": [
        {
          "chainId": "ButtonActionChainSearchBatch"
        }
      ]
    },
    "buttonAction2": {
      "chains": [
        {
          "chainId": "ButtonActionChainEditBatch"
        }
      ]
    },
    "buttonAction3": {
      "chains": [
        {
          "chainId": "ButtonActionChainCreateNewPayment"
        }
      ]
    },
    "tableFirstSelectedRow": {
      "chains": [
        {
          "chainId": "TableFirstSelectedRowChangeChain",
          "parameters": {
            "rowKey": "{{$event.detail.value.key}}",
            "rowData": "{{$event.detail.value.data}}"
          }
        }
      ]
    },
    "toggleDrawer": {
      "chains": [
        {
          "chainId": "application:toggleDrawerHandler"
        }
      ]
    }

  },
  "imports": {
    "components": {
      "oj-button": {
        "path": "ojs/ojbutton"
      },
      "oj-input-search": {
        "path": "ojs/ojinputsearch"
      },
      "oj-input-text": {
        "path": "ojs/ojinputtext"
      },
      "oj-radioset": {
        "path": "ojs/ojradioset"
      },
      "oj-select-many": {
        "path": "ojs/ojselectcombobox"
      },
      "oj-table": {
        "path": "ojs/ojtable"
      }

    },
    "modules": {
      "ojValidationDateTime": {
        "path": "ojs/ojvalidation-datetime"
      },
      "ojValidationNumber": {
        "path": "ojs/ojvalidation-number"
      }
    }
  }
}