{
    "items": [
        {
            "account_number": "14222411-NEIMAN MARCUS GROUP L",
            "cust_account_id": 100000230814714,
            "account_name": "NEIMAN MARCUS GROUP LLC"
        }
    ],
    "hasMore": false,
    "limit": 25,
    "offset": 0,
    "count": 1,
    "links": [
        {
            "rel": "self",
            "href": "https://10.2.0.169:8081/ords/hbg_integration/Common/getAccountNameByNumber?p_account_number=14222411-NEIMAN+MARCUS+GROUP+L"
        },
        {
            "rel": "describedby",
            "href": "https://10.2.0.169:8081/ords/hbg_integration/metadata-catalog/Common/item"
        },
        {
            "rel": "first",
            "href": "https://10.2.0.169:8081/ords/hbg_integration/Common/getAccountNameByNumber?p_account_number=14222411-NEIMAN+MARCUS+GROUP+L"
        }
    ]
}