{
  "description": "",
  "root": "callRestGetFamilyCodeSubFormat2",
  "actions": {

    "fireNotification": {
      "module": "vb/action/builtin/fireNotificationEventAction",
      "parameters": {
        "target": "leaf",
        "summary": "Failed To Fetch Data",
        "type": "error",
        "displayMode": "transient"
      }
    },
    "callRestGetFamilyCodeSubFormat2": {
      "module": "vb/action/builtin/restAction",
      "parameters": {
        "endpoint": "devOrds/getFamilyCodeSubFormat2",
        "uriParams": {
          "P_SUB_FORMAT_ABBR": "{{ $page.variables.SelectedSubFormatAbbr ? $page.variables.SelectedSubFormatAbbr : \"\" }}",
          "P_SUB_FORMAT_CODE": "{{ $page.variables.SelectedSubFormatCode ? $page.variables.SelectedSubFormatCode : \"\" }}",
          "P_SUB_FORMAT_NAME": "{{ $page.variables.SelectedSubFormatName ? $page.variables.SelectedSubFormatName : \"\" }}"
        }
      },
      "outcomes": {
        "failure": "fireNotification",
        "success": "assignVariablesSubFormatADP"
      }
    },
    "assignVariablesSubFormatADP": {
      "module": "vb/action/builtin/assignVariablesAction",
      "parameters": {
        "$page.variables.SubFormatADP": {
          "source": {
            "data": "{{ $chain.results.callRestGetFamilyCodeSubFormat2.body.items }}"
          },
          "reset": "none",
          "auto": "always",
          "mapping": {
            "$target.data": {
              "source": "$source.data",
              "reset": "empty"
            }
          }
        }
      }
    }
  },
  "variables": {}
}