{
    "items": [
        {
            "sales_force_number": "SFM1",
            "sales_force_name": "SFM1Name",
            "sales_force_id": 20
        },
        {
            "sales_force_number": "SM2",
            "sales_force_name": "SM2",
            "sales_force_id": 21
        },
        {
            "sales_force_number": "SFM1",
            "sales_force_name": "SFM1",
            "sales_force_id": 22
        },
        {
            "sales_force_number": "SFM1",
            "sales_force_name": "SFM1",
            "sales_force_id": 23
        }
    ],
    "hasMore": false,
    "limit": 100,
    "offset": 0,
    "count": 4,
    "links": [
        {
            "rel": "self",
            "href": "https://10.2.0.169:8081/ords/hbg_integration/salesCredit/getallSalesforceNumbers"
        },
        {
            "rel": "describedby",
            "href": "https://10.2.0.169:8081/ords/hbg_integration/metadata-catalog/salesCredit/item"
        },
        {
            "rel": "first",
            "href": "https://10.2.0.169:8081/ords/hbg_integration/salesCredit/getallSalesforceNumbers"
        }
    ]
}