{
  "description": "",
  "root": "ifValue",
  "actions": {
    "ifValue": {
      "module": "vb/action/builtin/ifAction",
      "parameters": {
        "condition": "[[ $variables.value ]]"
      },
      "outcomes": {
        "true": "resetVariablesHeadersCreateObj2",
        "false": "resetVariablesHeadersCreateObj"
      }
    },
    "resetVariablesHeadersCreateObj": {
      "module": "vb/action/builtin/resetVariablesAction",
      "parameters": {
        "variables": [
          "$page.variables.HeadersCreateObj.account_description"
        ]
      }
    },
    "resetVariablesHeadersCreateObj2": {
      "module": "vb/action/builtin/resetVariablesAction",
      "parameters": {
        "variables": [
          "$page.variables.HeadersCreateObj.account_description"
        ]
      },
      "outcomes": {
        "success": "callRestGetGetAccountNameByNumber"
      }
    },
    "callRestGetGetAccountNameByNumber": {
      "module": "vb/action/builtin/restAction",
      "parameters": {
        "endpoint": "ordsHbg_integration/getGetAccountNameByNumber",
        "uriParams": {
          "p_account_number": "{{ $variables.value }}"
        }
      },
      "outcomes": {
        "success": "assignVariablesHeadersCreateObj"
      }
    },
    "assignVariablesHeadersCreateObj": {
      "module": "vb/action/builtin/assignVariablesAction",
      "parameters": {
        "$page.variables.HeadersCreateObj": {
          "source": {
            "account_description": "{{ $chain.results.callRestGetGetAccountNameByNumber.body.items[0].account_name }}",
            "cust_account_id": "{{ $chain.results.callRestGetGetAccountNameByNumber.body.items[0].cust_account_id }}"
          },
          "reset": "none",
          "auto": "always"
        }
      }
    }
  },
  "variables": {
    "value": {
      "required": true,
      "type": "any",
      "input": "fromCaller"
    }
  }
}