{
  "description": "",
  "root": "assignVariablesHeadersCreateObj",
  "actions": {
    "assignVariablesHeadersCreateObj": {
      "module": "vb/action/builtin/assignVariablesAction",
      "parameters": {
        "$page.variables.HeadersCreateObj": {
          "source": "{{ $variables.current.row }}",
          "auto": "always"
        },
        "$page.variables.Headerlabel": {
          "source": "Edit"
        },
        "$page.variables.RowOrg": {
          "source": "{{ $variables.current.row.organization_number }}"
        }
      },
      "outcomes": {
        "success": "callComponentHeaderpopOpen"
      }
    },
    "callComponentHeaderpopOpen": {
      "module": "vb/action/builtin/callComponentMethodAction",
      "parameters": {
        "component": "{{ document.getElementById('headerpop') }}",
        "method": "open"
      }
    }
  },
  "variables": {
    "key": {
      "required": true,
      "type": "any",
      "input": "fromCaller"
    },
    "index": {
      "required": true,
      "type": "number",
      "input": "fromCaller"
    },
    "current": {
      "required": true,
      "type": "any",
      "input": "fromCaller"
    }
  }
}