{
  "description": "",
  "root": "ifValue",
  "actions": {
    "ifValue": {
      "module": "vb/action/builtin/ifAction",
      "parameters": {
        "condition": "[[ $variables.value ]]"
      },
      "outcomes": {
        "true": "if",
        "false": "resetVariablesLinesCreateObj2"
      }
    },
    "resetVariablesLinesCreateObj": {
      "module": "vb/action/builtin/resetVariablesAction",
      "parameters": {
        "variables": [
          "$page.variables.LinesCreateObj.imprint_name"
        ]
      },
      "outcomes": {
        "success": "callRestGetImprintnamebyCode"
      }
    },
    "resetVariablesLinesCreateObj2": {
      "module": "vb/action/builtin/resetVariablesAction",
      "parameters": {
        "variables": [
          "$page.variables.LinesCreateObj.imprint_name"
        ]
      }
    },
    "callRestGetImprintnamebyCode": {
      "module": "vb/action/builtin/restAction",
      "parameters": {
        "endpoint": "ordsHbg_integration/getImprintnamebyCode",
        "uriParams": {
          "P_EXTERNAL_IMP_CODE": "{{ $variables.value }}",
          "P_PUB_ID": "{{ $page.variables.LinesCreateObj.pub_id }}"
        }
      },
      "outcomes": {
        "success": "assignVariablesLinesCreateObj"
      }
    },
    "assignVariablesLinesCreateObj": {
      "module": "vb/action/builtin/assignVariablesAction",
      "parameters": {
        "$page.variables.LinesCreateObj": {
          "source": {
            "imprint_name": "{{ $chain.results.callRestGetImprintnamebyCode.body.items[0].external_imp_name }}"
          },
          "reset": "none",
          "auto": "always"
        }
      }
    },
    "if": {
      "module": "vb/action/builtin/ifAction",
      "parameters": {
        "condition": "[[ $variables.value !== $page.variables.RowImp ]]"
      },
      "outcomes": {
        "true": "resetVariablesLinesCreateObj",
        "false": "callRestGetImprintnamebyCode"
      }
    }
  },
  "variables": {
    "value": {
      "required": true,
      "type": "any",
      "input": "fromCaller"
    }
  }
}