{
  "description": "",
  "root": "resetVariablesLinesCreateObj",
  "actions": {
    "resetVariablesLinesCreateObj": {
      "module": "vb/action/builtin/resetVariablesAction",
      "parameters": {
        "variables": [
          "$page.variables.LinesCreateObj"
        ]
      },
      "outcomes": {
        "success": "callComponentLinespopClose"
      }
    },
    "callComponentLinespopClose": {
      "module": "vb/action/builtin/callComponentMethodAction",
      "parameters": {
        "component": "{{ document.getElementById('linespop') }}",
        "method": "close"
      }
    }
  },
  "variables": {}
}