{
  "description": "",
  "root": "ifCurrentValue",
  "actions": {

    "callRestGetOrganizations": {
      "module": "vb/action/builtin/restAction",
      "parameters": {
        "endpoint": "ordsHbg_integration/getOrganizations",
        "uriParams": {
          "part_number": "{{ $variables.CurrentValue }}"
        }
      },
      "outcomes": {

        "success": "assignVariablesOrganizationArray"
      }
    },
    "assignVariablesOrganizationArray": {
      "module": "vb/action/builtin/assignVariablesAction",
      "parameters": {
        "$page.variables.OrganizationArray": {
          "source": "{{ $chain.results.callRestGetOrganizations.body.items }}"
        }
      }
    },
    "ifCurrentValue": {
      "module": "vb/action/builtin/ifAction",
      "parameters": {
        "condition": "[[ $variables.CurrentValue.length  >= 3 ]]"
      },
      "outcomes": {
        "true": "callRestGetOrganizations"
      }
    }
  },
  "variables": {

    "CurrentValue": {
      "type": "string",
      "description": "",
      "input": "fromCaller"
    }
  }
}