{
  "description": "",
  "root": "ifValue",
  "actions": {
    "ifValue": {
      "module": "vb/action/builtin/ifAction",
      "parameters": {
        "condition": "[[ $variables.value ]]"
      },
      "outcomes": {
        "false": "resetVariablesHeaderlabel",
        "true": "if"
      }
    },
    "resetVariablesHeaderlabel": {
      "module": "vb/action/builtin/resetVariablesAction",
      "parameters": {
        "variables": [
          "$page.variables.LinesCreateObj.publisher_name",
          "$page.variables.LinesCreateObj.imprint",
          "$page.variables.LinesCreateObj.imprint_name"
        ]
      }
    },
    "callRestGetPubName": {
      "module": "vb/action/builtin/restAction",
      "parameters": {
        "endpoint": "ordsHbg_integration/getPubName",
        "uriParams": {
          "P_EXTERNAL_PUB_CODE": "{{ $variables.value }}",
          "P_REPORTING_GROUP_ID": "{{ $page.variables.LinesCreateObj.reporting_grp_id }}"
        }
      },
      "outcomes": {
        "success": "runInParallel"
      }
    },
    "assignVariablesLinesCreateObj": {
      "module": "vb/action/builtin/assignVariablesAction",
      "parameters": {
        "$page.variables.LinesCreateObj": {
          "source": {
            "publisher_name": "{{ $chain.results.callRestGetPubName.body.items[0].external_pub_name }}",
            "pub_id": "{{ $chain.results.callRestGetPubName.body.items[0].pub_id }}"
          },
          "reset": "none",
          "auto": "always"
        }
      }
    },
    "runInParallel": {
      "module": "vb/action/builtin/forkAction",
      "parameters": {
        "actions": {
          "assignVariablesLinesCreateObj": "assignVariablesLinesCreateObj",
          "callRest": "callRestGetImprint"
        }
      }
    },
    "callRestGetImprint": {
      "module": "vb/action/builtin/restAction",
      "parameters": {
        "endpoint": "ordsHbg_integration/getImprint",
        "uriParams": {
          "P_PUB_ID": "{{ $chain.results.callRestGetPubName.body.items[0].pub_id }}"
        }
      },
      "outcomes": {
        "success": "assignVariablesImprintArray"
      }
    },
    "assignVariablesImprintArray": {
      "module": "vb/action/builtin/assignVariablesAction",
      "parameters": {
        "$page.variables.ImprintArray": {
          "source": "{{ $chain.results.callRestGetImprint.body.items }}"
        }
      }
    },
    "if": {
      "module": "vb/action/builtin/ifAction",
      "parameters": {
        "condition": "[[ $variables.value !== $page.variables.RowPub ]]"
      },
      "outcomes": {
        "true": "resetVariablesLinesCreateObj",
        "false": "callRestGetPubName"
      }
    },
    "resetVariablesLinesCreateObj": {
      "module": "vb/action/builtin/resetVariablesAction",
      "parameters": {
        "variables": [
          "$page.variables.LinesCreateObj.publisher_name",
          "$page.variables.LinesCreateObj.imprint",
          "$page.variables.LinesCreateObj.imprint_name",
          "$page.variables.RowPub"
        ]
      },
      "outcomes": {
        "success": "callRestGetPubName"
      }
    }
  },
  "variables": {
    "value": {
      "required": true,
      "type": "any",
      "input": "fromCaller"
    }
  }
}