{
  "description": "",
  "root": "ifValue",
  "actions": {
    "ifValue": {
      "module": "vb/action/builtin/ifAction",
      "parameters": {
        "condition": "[[ $variables.value ]]"
      },
      "outcomes": {
        "false": "resetVariablesHeaderlabel",
        "true": "if"
      }
    },
    "resetVariablesHeaderlabel": {
      "module": "vb/action/builtin/resetVariablesAction",
      "parameters": {
        "variables": [
          "$page.variables.LinesCreateObj.reporting_group_description",
          "$page.variables.LinesCreateObj.publisher",
          "$page.variables.LinesCreateObj.publisher_name",
          "$page.variables.LinesCreateObj.imprint",
          "$page.variables.LinesCreateObj.imprint_name"
        ]
      }
    },
    "callRestGetRepGroupDescbyCode": {
      "module": "vb/action/builtin/restAction",
      "parameters": {
        "endpoint": "ordsHbg_integration/getRepGroupDescbyCode",
        "uriParams": {
          "P_REPORTING_GRP_CODE": "{{ $variables.value }}",
          "P_owner_id": "{{ $page.variables.LinesCreateObj.owner_id }}"
        }
      },
      "outcomes": {
        "success": "runInParallel"
      }
    },
    "assignVariablesLinesCreateObj": {
      "module": "vb/action/builtin/assignVariablesAction",
      "parameters": {
        "$page.variables.LinesCreateObj": {
          "source": {
            "reporting_group_description": "{{ $chain.results.callRestGetRepGroupDescbyCode.body.items[0].reporting_grp_name }}",
            "reporting_grp_id": "{{ $chain.results.callRestGetRepGroupDescbyCode.body.items[0].reporting_group_id }}"
          },
          "reset": "none",
          "auto": "always"
        }
      }
    },
    "runInParallel": {
      "module": "vb/action/builtin/forkAction",
      "parameters": {
        "actions": {
          "assignVariablesLinesCreateObj": "assignVariablesLinesCreateObj",
          "callRest": "callRestGetPubCode"
        }
      }
    },
    "callRestGetPubCode": {
      "module": "vb/action/builtin/restAction",
      "parameters": {
        "endpoint": "ordsHbg_integration/getPubCode",
        "uriParams": {
          "P_REPORTING_GROUP_ID": "{{ $chain.results.callRestGetRepGroupDescbyCode.body.items[0].reporting_group_id }}"
        }
      },
      "outcomes": {
        "success": "assignVariablesPubArray"
      }
    },
    "assignVariablesPubArray": {
      "module": "vb/action/builtin/assignVariablesAction",
      "parameters": {
        "$page.variables.PubArray": {
          "source": "{{ $chain.results.callRestGetPubCode.body.items }}"
        }
      }
    },
    "if": {
      "module": "vb/action/builtin/ifAction",
      "parameters": {
        "condition": "[[ $variables.value !== $page.variables.RowRepGroup ]]"
      },
      "outcomes": {
        "true": "resetVariablesLinesCreateObj",
        "false": "callRestGetRepGroupDescbyCode"
      }
    },
    "resetVariablesLinesCreateObj": {
      "module": "vb/action/builtin/resetVariablesAction",
      "parameters": {
        "variables": [
          "$page.variables.LinesCreateObj.reporting_group_description",
          "$page.variables.LinesCreateObj.publisher",
          "$page.variables.LinesCreateObj.publisher_name",
          "$page.variables.LinesCreateObj.imprint",
          "$page.variables.LinesCreateObj.imprint_name",
          "$page.variables.RowRepGroup"
        ]
      },
      "outcomes": {
        "success": "callRestGetRepGroupDescbyCode"
      }
    }
  },
  "variables": {
    "value": {
      "required": true,
      "type": "any",
      "input": "fromCaller"
    }
  }
}