{
  "description": "",
  "root": "if",
  "actions": {

    "if": {
      "module": "vb/action/builtin/ifAction",
      "parameters": {
        "condition": "[[ $variables.value !== \"\" && $variables.value !== null && typeof $variables.value !== \"undefined\" ]]"
      },
      "outcomes": {
        "true": "callRestGetOrgNameByNumber"
      }
    },
    "callRestGetOrgNameByNumber": {
      "module": "vb/action/builtin/restAction",
      "parameters": {
        "endpoint": "ordsHbg_integration/GetOrgNameByNumber",
        "uriParams": {
          "part_number": "{{ $variables.value }}"
        }
      },
      "outcomes": {
        "success": "assignVariablesSearchPartyId"
      }
    },
    "assignVariablesSearchPartyId": {
      "module": "vb/action/builtin/assignVariablesAction",
      "parameters": {
        "$page.variables.searchPartyId": {
          "source": "{{ $chain.results.callRestGetOrgNameByNumber.body.items[0].party_id }}"
        }
      }
    }
  },
  "variables": {
    "value": {
      "required": true,
      "type": "any",
      "input": "fromCaller"
    }
  }
}