{
  "description": "",
  "root": "resetVariablesCat1CreateObj",
  "actions": {
    "callComponentCreateCategory1Open": {
      "module": "vb/action/builtin/callComponentMethodAction",
      "parameters": {
        "component": "{{ document.getElementById('createCategory1') }}",
        "method": "open"
      }
    },
    "resetVariablesCat1CreateObj": {
      "module": "vb/action/builtin/resetVariablesAction",
      "parameters": {
        "variables": [
          "$page.variables.Cat1CreateObj"
        ]
      },
      "outcomes": {
        "success": "assignVariablesCat1DlgLabel"
      }
    },
    "assignVariablesCat1DlgLabel": {
      "module": "vb/action/builtin/assignVariablesAction",
      "parameters": {
        "$page.variables.Cat1DlgLabel": {
          "source": "Create"
        }
      },
      "outcomes": {
        "success": "callComponentCreateCategory1Open"
      }
    }
  },
  "variables": {}
}