{
  "root": "callComponentCat1codeRefresh",
  "description": "",
  "actions": {
    "callComponentCat1codeRefresh": {
      "module": "vb/action/builtin/callComponentMethodAction",
      "parameters": {
        "component": "{{ document.getElementById('cat1code') }}",
        "method": "refresh"
      },
      "outcomes": {
        "success": "callComponentCat1nameRefresh"
      }
    },
    "callComponentCat1nameRefresh": {
      "module": "vb/action/builtin/callComponentMethodAction",
      "parameters": {
        "component": "{{ document.getElementById('cat1name') }}",
        "method": "refresh"
      },
      "outcomes": {
        "success": "callComponentCat1abbrRefresh"
      }
    },
    "callComponentCat1abbrRefresh": {
      "module": "vb/action/builtin/callComponentMethodAction",
      "parameters": {
        "component": "{{ document.getElementById('cat1abbr') }}",
        "method": "refresh"
      }
    }
  }
}