{
  "description": "",
  "root": "callComponentOjDialog11397824981Close",
  "actions": {
    "callComponentOjDialog11397824981Close": {
      "module": "vb/action/builtin/callComponentMethodAction",
      "parameters": {
        "component": "{{ document.getElementById('oj-dialog-1139782498-1') }}",
        "method": "close"
      },
      "outcomes": {
        "success": "ifCreateTemplateOption"
      }
    },
    "ifCreateTemplateOption": {
      "module": "vb/action/builtin/ifAction",
      "parameters": {
        "condition": "[[ $page.variables.CreateTemplateOption == 'option2' ]]"
      },
      "outcomes": {
        "true": "navigateToMainScheduleTemplate",
        "false": "navigateToMainReleasseTemplate"
      }
    },
    "navigateToMainScheduleTemplate": {
      "module": "vb/action/builtin/navigateAction",
      "parameters": {
        "page": "main-release_template"
      }
    },
    "navigateToMainReleasseTemplate": {
      "module": "vb/action/builtin/navigateAction",
      "parameters": {
        "page": "main-schedule_template"
      }
    }
  },
  "variables": {}
}