{
  "description": "",
  "root": "resetVariablesReportingGrpCreateObj",
  "actions": {
    "resetVariablesReportingGrpCreateObj": {
      "module": "vb/action/builtin/resetVariablesAction",
      "parameters": {
        "variables": [
          "$page.variables.ReportingGrpCreateObj"
        ]
      },
      "outcomes": {
        "success": "callComponentCreateReportingGroupClose"
      }
    },
    "callComponentCreateReportingGroupClose": {
      "module": "vb/action/builtin/callComponentMethodAction",
      "parameters": {
        "component": "{{ document.getElementById('createReportingGroup') }}",
        "method": "close"
      }
    }
  },
  "variables": {}
}