{
  "root": "callRestGetFamilyCodeOwner",
  "description": "",
  "actions": {
    "fireNotification": {
      "module": "vb/action/builtin/fireNotificationEventAction",
      "parameters": {
        "target": "leaf",
        "summary": "Failed to Fetch Owners",
        "type": "error",
        "displayMode": "transient"
      }
    },
    "callRestGetFamilyCodeOwner": {
      "module": "vb/action/builtin/restAction",
      "parameters": {
        "endpoint": "devOrds/getFamilyCodeOwner",
        "uriParams": {
          "P_OWNER_ABBR": "{{ $page.variables.SelectedOwnerAbbr ? $page.variables.SelectedOwnerAbbr : \"\" }}",
          "P_OWNER_CODE": "{{ $page.variables.SelectedOwnerCode ? $page.variables.SelectedOwnerCode : \"\" }}",
          "P_OWNER_NAME": "{{ $page.variables.SelectedOwnerName ? $page.variables.SelectedOwnerName :\"\" }}"
        }
      },
      "outcomes": {
        "failure": "fireNotification",
        "success": "assignVariablesOwnerTableADP"
      }
    },
    "assignVariablesOwnerTableADP": {
      "module": "vb/action/builtin/assignVariablesAction",
      "parameters": {
        "$page.variables.OwnerTableADP": {
          "source": {
            "data": "{{ $chain.results.callRestGetFamilyCodeOwner.body.items }}"
          },
          "reset": "none",
          "auto": "always",
          "mapping": {
            "$target.data": {
              "source": "$source.data",
              "reset": "empty"
            }
          }
        }
      }
    }
  }
}