{
  "description": "",
  "root": "resetVariablesOwnerCreateObj",
  "actions": {
    "callComponentCreateOwnerOpen": {
      "module": "vb/action/builtin/callComponentMethodAction",
      "parameters": {
        "component": "{{ document.getElementById('createOwner') }}",
        "method": "open"
      }
    },
    "resetVariablesOwnerCreateObj": {
      "module": "vb/action/builtin/resetVariablesAction",
      "parameters": {
        "variables": [
          "$page.variables.OwnerCreateObj"
        ]
      },
      "outcomes": {
        "success": "assignVariablesOwnerdlgLabel"
      }
    },
    "assignVariablesOwnerdlgLabel": {
      "module": "vb/action/builtin/assignVariablesAction",
      "parameters": {
        "$page.variables.OwnerdlgLabel": {
          "source": "Create"
        }
      },
      "outcomes": {
        "success": "callComponentCreateOwnerOpen"
      }
    }
  },
  "variables": {}
}