{
  "description": "",
  "root": "assignVariablesSelectedRowOwner",
  "actions": {
    "assignVariablesSelectedRowOwner": {
      "module": "vb/action/builtin/assignVariablesAction",
      "parameters": {
        "$page.variables.selectedRowOwner": {
          "source": "{{ $variables.rowData.owner_id }}"
        },
        "$page.variables.ReportingGrpCreateObj": {
          "source": {
            "owner_id": "{{ $variables.rowData.owner_id }}"
          },
          "reset": "none",
          "auto": "always"
        }
      },
      "outcomes": {
        "success": "callChainFetchReportingGroup"
      }
    },
    "callChainFetchReportingGroup": {
      "module": "vb/action/builtin/callChainAction",
      "parameters": {
        "id": "FetchReportingGroup"
      }
    }
  },
  "variables": {
    "rowKey": {
      "required": true,
      "type": "any",
      "input": "fromCaller"
    },
    "rowData": {
      "required": true,
      "type": "any",
      "input": "fromCaller"
    }
  }
}