{
  "description": "",
  "root": "assignVariablesOwnersRowdata",
  "actions": {
    "assignVariablesOwnersRowdata": {
      "module": "vb/action/builtin/assignVariablesAction",
      "parameters": {
        "$page.variables.OwnersRowdata": {
          "source": {
            "active_ind": "{{ $variables.value[0] === \"Active\" ? \"Active\" : \"Inactive\" }}"
          },
          "reset": "none",
          "auto": "always"
        }
      }
    }
  },
  "variables": {
    "value": {
      "required": true,
      "type": "any[]",
      "input": "fromCaller"
    },
    "key": {
      "required": true,
      "type": "any",
      "input": "fromCaller"
    },
    "index": {
      "required": true,
      "type": "number",
      "input": "fromCaller"
    },
    "current": {
      "required": true,
      "type": "any",
      "input": "fromCaller"
    }
  }
}