{
    "items": [
        {
            "item_number": "9780759542785"
        },
        {
            "item_number": "9780316853538"
        },
        {
            "item_number": "9780316243216"
        },
        {
            "item_number": "9781580178365"
        },
        {
            "item_number": "9781523509461"
        },
        {
            "item_number": "9780761122180"
        },
        {
            "item_number": "9781603426299"
        },
        {
            "item_number": "9780762482825"
        },
        {
            "item_number": "9780316423779-PB2"
        },
        {
            "item_number": "9781541675704-COV1"
        },
        {
            "item_number": "9798885851282"
        },
        {
            "item_number": "9780316263917"
        },
        {
            "item_number": "9781668616383"
        },
        {
            "item_number": "9780446536479"
        },
        {
            "item_number": "9780786747863"
        },
        {
            "item_number": "9780316054072"
        },
        {
            "item_number": "9780316356428"
        },
        {
            "item_number": "9780316560207"
        },
        {
            "item_number": "9780762452873"
        },
        {
            "item_number": "9781455553877"
        },
        {
            "item_number": "9780316358552"
        },
        {
            "item_number": "9780738235356"
        },
        {
            "item_number": "9780881929409"
        },
        {
            "item_number": "9780306828232"
        },
        {
            "item_number": "9780445202160"
        },
        {
            "item_number": "9780316000666"
        },
        {
            "item_number": "9780762410552"
        },
        {
            "item_number": "9780738200996"
        },
        {
            "item_number": "9781455527274"
        },
        {
            "item_number": "9781616204709"
        },
        {
            "item_number": "9780762478897-PB2"
        },
        {
            "item_number": "9780306825095-PAP1"
        },
        {
            "item_number": "9780316448611"
        },
        {
            "item_number": "9780446549127"
        },
        {
            "item_number": "9781638835639"
        },
        {
            "item_number": "9781541601055"
        },
        {
            "item_number": "9781478958697"
        },
        {
            "item_number": "9781478952060"
        },
        {
            "item_number": "9781538720486"
        },
        {
            "item_number": "9781538720448"
        },
        {
            "item_number": "9780446562102"
        },
        {
            "item_number": "9781546001140"
        },
        {
            "item_number": "9781549166389"
        },
        {
            "item_number": "9781549167355"
        },
        {
            "item_number": "9781455577149"
        },
        {
            "item_number": "9780316361620"
        },
        {
            "item_number": "9780316166348"
        },
        {
            "item_number": "9781603425896"
        },
        {
            "item_number": "9780446407557"
        },
        {
            "item_number": "9781561380381"
        },
        {
            "item_number": "9780316148740"
        },
        {
            "item_number": "9781401323516"
        },
        {
            "item_number": "9781599951232"
        },
        {
            "item_number": "9780446573276"
        },
        {
            "item_number": "9781538709894"
        },
        {
            "item_number": "9780762478682-PB1"
        },
        {
            "item_number": "9780762494361-SAF1"
        },
        {
            "item_number": "9781580176927"
        },
        {
            "item_number": "9780316307604"
        },
        {
            "item_number": "9780786735204"
        },
        {
            "item_number": "9780446308021"
        },
        {
            "item_number": "9780813350776"
        },
        {
            "item_number": "9780759513174"
        },
        {
            "item_number": "9781541730090"
        },
        {
            "item_number": "9780813335940"
        },
        {
            "item_number": "9780316320160"
        },
        {
            "item_number": "9780813384269"
        },
        {
            "item_number": "9781555613167"
        },
        {
            "item_number": "9781538708200"
        },
        {
            "item_number": "9781546002208-JKT1"
        },
        {
            "item_number": "9780762474905-PB2"
        },
        {
            "item_number": "9780316537247-PB1"
        },
        {
            "item_number": "9781478960829"
        },
        {
            "item_number": "9780316740500"
        },
        {
            "item_number": "9780446981767"
        },
        {
            "item_number": "9780316230599"
        },
        {
            "item_number": "9781604697735"
        },
        {
            "item_number": "9781565120914"
        },
        {
            "item_number": "9781635862768"
        },
        {
            "item_number": "9781612120584"
        },
        {
            "item_number": "9780761171010"
        },
        {
            "item_number": "9781604698503"
        },
        {
            "item_number": "9781604692846"
        },
        {
            "item_number": "9780761122753"
        },
        {
            "item_number": "9781603428088"
        },
        {
            "item_number": "9780882662312"
        },
        {
            "item_number": "9781580171076"
        },
        {
            "item_number": "9781523503766"
        },
        {
            "item_number": "9781603422796"
        },
        {
            "item_number": "9781612120874"
        },
        {
            "item_number": "9780761141129"
        },
        {
            "item_number": "9781565120600"
        },
        {
            "item_number": "9780894804656"
        },
        {
            "item_number": "9780761182443"
        },
        {
            "item_number": "9781616208592"
        },
        {
            "item_number": "9781616208608"
        },
        {
            "item_number": "9780761153498"
        },
        {
            "item_number": "9781603422789"
        },
        {
            "item_number": "9781565120440"
        },
        {
            "item_number": "9781612121246"
        }
    ],
    "hasMore": true,
    "limit": 100,
    "offset": 0,
    "count": 100,
    "links": [
        {
            "rel": "self",
            "href": "https://10.2.0.169:8081/ords/hbg_integration/salesCredit/getallISBN"
        },
        {
            "rel": "describedby",
            "href": "https://10.2.0.169:8081/ords/hbg_integration/metadata-catalog/salesCredit/item"
        },
        {
            "rel": "first",
            "href": "https://10.2.0.169:8081/ords/hbg_integration/salesCredit/getallISBN"
        },
        {
            "rel": "next",
            "href": "https://10.2.0.169:8081/ords/hbg_integration/salesCredit/getallISBN?offset=100"
        }
    ]
}