{
  "description": "",
  "root": "callRestGetFamilyCodeExternalPublisher",
  "actions": {
    "fireNotification": {
      "module": "vb/action/builtin/fireNotificationEventAction",
      "parameters": {
        "target": "leaf",
        "summary": "[[ $chain.results.callRestGetFamilyCodeExternalPublisher.message.summary ]]",
        "type": "error",
        "displayMode": "persist"
      }
    },
    "callRestGetFamilyCodeExternalPublisher": {
      "module": "vb/action/builtin/restAction",
      "parameters": {
        "endpoint": "devOrds/getFamilyCodeExternalPublisher",
        "uriParams": {
          "P_EXTERNAL_PUB_ABBR": "{{ $page.variables.selectedpubAbbr ? $page.variables.selectedpubAbbr : \"\" }}",
          "P_EXTERNAL_PUB_CODE": "{{ $page.variables.selectedpubCode ? $page.variables.selectedpubCode  :\"\" }}",
          "P_EXTERNAL_PUB_NAME": "{{ $page.variables.selectedpubName ? $page.variables.selectedpubName  :\"\" }}"
        }
      },
      "outcomes": {
        "failure": "fireNotification",
        "success": "assignVariablesPubTblADP"
      }
    },
    "assignVariablesPubTblADP": {
      "module": "vb/action/builtin/assignVariablesAction",
      "parameters": {
        "$page.variables.PubTblADP": {
          "source": {
            "data": "{{ $chain.results.callRestGetFamilyCodeExternalPublisher.body.items }}"
          },
          "reset": "none",
          "auto": "always",
          "mapping": {
            "$target.data": {
              "source": "$source.data",
              "reset": "empty"
            }
          }
        }
      }
    }
  },
  "variables": {}
}