{
  "description": "",
  "root": "assignVariablesImprintRowData",
  "actions": {
    "assignVariablesImprintRowData": {
      "module": "vb/action/builtin/assignVariablesAction",
      "parameters": {
        "$page.variables.imprintRowData": {
          "source": {
            "last_updated_by": "{{ $application.user.email }}"
          },
          "reset": "none",
          "auto": "always"
        }
      },
      "outcomes": {
        "success": "callRestPutFamilyCodeExternalImprint"
      }
    },
    "fireNotification": {
      "module": "vb/action/builtin/fireNotificationEventAction",
      "parameters": {
        "target": "leaf",
        "summary": "Failed to Update Imprint",
        "type": "error",
        "displayMode": "transient"
      }
    },
    "callRestPutFamilyCodeExternalImprint": {
      "module": "vb/action/builtin/restAction",
      "parameters": {
        "endpoint": "devOrds/putFamilyCodeExternalImprint",
        "uriParams": {
          "impr_id": "{{ $variables.current.row.impr_id }}"
        },
        "body": "{{ $page.variables.imprintRowData }}"
      },
      "outcomes": {
        "failure": "fireNotification",
        "success": "fireNotification3"
      }
    },
    "fireNotification3": {
      "module": "vb/action/builtin/fireNotificationEventAction",
      "parameters": {
        "target": "leaf",
        "summary": "Imprint Updated Successfully",
        "displayMode": "transient",
        "type": "confirmation"
      },
      "outcomes": {
        "success": "callChainFetchImprintAction"
      }
    },
    "callChainFetchImprintAction": {
      "module": "vb/action/builtin/callChainAction",
      "parameters": {
        "id": "FetchImprintAction"
      },
      "outcomes": {
        "success": "callChainRefreshImprintLOVAction"
      }
    },
    "callChainRefreshImprintLOVAction": {
      "module": "vb/action/builtin/callChainAction",
      "parameters": {
        "id": "RefreshImprintLOVAction"
      }
    }
  },
  "variables": {
    "key": {
      "required": true,
      "type": "any",
      "input": "fromCaller"
    },
    "index": {
      "required": true,
      "type": "number",
      "input": "fromCaller"
    },
    "current": {
      "required": true,
      "type": "any",
      "input": "fromCaller"
    }
  }
}