{
    "items": [
        {
            "inv_id": 1,
            "inventory_type": "test",
            "inventory_type_preference": "test",
            "owner": null,
            "owner_description": null,
            "reporting_group": null,
            "reporting_group_description": null,
            "category_1": null,
            "category_1_description": null,
            "category_2": null,
            "category_2_description": null,
            "format": null,
            "format_description": null,
            "sub_format": null,
            "sub_format_description": null,
            "notes": null,
            "entered_by": null,
            "entered_date": null,
            "updated_by": null,
            "updated_date": null
        }
    ],
    "hasMore": false,
    "limit": 100,
    "offset": 0,
    "count": 1,
    "links": [
        {
            "rel": "self",
            "href": "https://10.2.0.169:8081/ords/hbg_integration/salesCredit/InventoryTypeMapping"
        },
        {
            "rel": "describedby",
            "href": "https://10.2.0.169:8081/ords/hbg_integration/metadata-catalog/salesCredit/item"
        },
        {
            "rel": "first",
            "href": "https://10.2.0.169:8081/ords/hbg_integration/salesCredit/InventoryTypeMapping"
        }
    ]
}