{
  "description": "",
  "root": "resetVariablesCat1CreateObj",
  "actions": {
    "callComponentCreateCategory1Close": {
      "module": "vb/action/builtin/callComponentMethodAction",
      "parameters": {
        "component": "{{ document.getElementById('createCategory1') }}",
        "method": "close"
      }
    },
    "resetVariablesCat1CreateObj": {
      "module": "vb/action/builtin/resetVariablesAction",
      "parameters": {
        "variables": [
          "$page.variables.Cat1CreateObj"
        ]
      },
      "outcomes": {
        "success": "callComponentCreateCategory1Close"
      }
    }
  },
  "variables": {}
}