{
  "description": "",
  "root": "callFunctionValidateGroup",
  "actions": {
    "assignVariablesCat1CreateObj": {
      "module": "vb/action/builtin/assignVariablesAction",
      "parameters": {
        "$page.variables.Cat1CreateObj": {
          "source": {
            "created_by": "{{ $application.user.email }}",
            "last_updated_by": "{{ $application.user.email }}",
            "reporting_group_id": "{{ $page.variables.FlowReportingGroup }}"
          },
          "reset": "none",
          "auto": "always"
        }
      },
      "outcomes": {
        "success": "callRestPostFamilyCodeCategory1"
      }
    },
    "callFunctionValidateGroup": {
      "module": "vb/action/builtin/callModuleFunctionAction",
      "parameters": {
        "module": "[[ $application.functions ]]",
        "functionName": "validateGroup",
        "params": [
          "createCategory1val"
        ]
      },
      "outcomes": {
        "success": "if"
      }
    },
    "if": {
      "module": "vb/action/builtin/ifAction",
      "parameters": {
        "condition": "[[ $chain.results.callFunctionValidateGroup === 'valid' ]]"
      },
      "outcomes": {
        "true": "ifCat1DlgLabel"
      }
    },
    "fireNotification": {
      "module": "vb/action/builtin/fireNotificationEventAction",
      "parameters": {
        "target": "leaf",
        "summary": "[[ $chain.results.callRestPostFamilyCodeCategory1.message.summary ]]",
        "type": "error",
        "displayMode": "persist"
      }
    },
    "callRestPostFamilyCodeCategory1": {
      "module": "vb/action/builtin/restAction",
      "parameters": {
        "endpoint": "devOrds/postFamilyCodeCategory1",
        "body": "{{ $page.variables.Cat1CreateObj }}"
      },
      "outcomes": {
        "failure": "fireNotification",
        "success": "if3"
      }
    },
    "fireNotification3": {
      "module": "vb/action/builtin/fireNotificationEventAction",
      "parameters": {
        "target": "leaf",
        "summary": "Category 1 Created Successfully",
        "displayMode": "transient",
        "type": "confirmation"
      },
      "outcomes": {
        "success": "callComponentCreateCategory1Close2"
      }
    },
    "if3": {
      "module": "vb/action/builtin/ifAction",
      "parameters": {
        "condition": "[[ $chain.results.callRestPostFamilyCodeCategory1.body.p_return_status === \"SUCCESS\" ]]"
      },
      "outcomes": {
        "true": "fireNotification3",
        "false": "fireNotification4"
      }
    },
    "fireNotification4": {
      "module": "vb/action/builtin/fireNotificationEventAction",
      "parameters": {
        "target": "leaf",
        "summary": "[[ $chain.results.callRestPostFamilyCodeCategory1.body.p_return_status ]]",
        "displayMode": "transient"
      },
      "outcomes": {
        "success": "callChainFetchCat1Action"
      }
    },
    "callChainFetchCat1Action": {
      "module": "vb/action/builtin/callChainAction",
      "parameters": {
        "id": "FetchCat1Action"
      },
      "outcomes": {
        "success": "resetVariablesCat1CreateObj"
      }
    },
    "callComponentCreateCategory1Close": {
      "module": "vb/action/builtin/callComponentMethodAction",
      "parameters": {
        "component": "{{ document.getElementById('createCategory1') }}",
        "method": "close"
      },
      "outcomes": {
      }
    },
    "fireNotification2": {
      "module": "vb/action/builtin/fireNotificationEventAction",
      "parameters": {
        "target": "leaf",
        "summary": "[[ $chain.results.callRestPutFamilyCodeCategory1.message.summary ]]",
        "type": "error",
        "displayMode": "persist"
      }
    },
    "assignVariablesCat1CreateObj3": {
      "module": "vb/action/builtin/assignVariablesAction",
      "parameters": {
        "$page.variables.Cat1CreateObj": {
          "source": {
            "last_updated_by": "{{ $application.user.email }}"
          },
          "reset": "none",
          "auto": "always"
        }
      },
      "outcomes": {
        "success": "callRestPutFamilyCodeCategory1"
      }
    },
    "callRestPutFamilyCodeCategory1": {
      "module": "vb/action/builtin/restAction",
      "parameters": {
        "endpoint": "devOrds/putFamilyCodeCategory1",
        "uriParams": {
          "category1_id": "{{ $page.variables.Cat1CreateObj.category1_id }}"
        },
        "body": "{{ $page.variables.Cat1CreateObj }}"
      },
      "outcomes": {
        "failure": "fireNotification2",
        "success": "if4"
      }
    },
    "if4": {
      "module": "vb/action/builtin/ifAction",
      "parameters": {
        "condition": "[[ $chain.results.callRestPutFamilyCodeCategory1.body.p_return_status === \"SUCCESS\" ]]"
      },
      "outcomes": {
        "true": "fireNotification6",
        "false": "fireNotification7"
      }
    },
    "fireNotification6": {
      "module": "vb/action/builtin/fireNotificationEventAction",
      "parameters": {
        "target": "leaf",
        "summary": "Category1 Updated Successfully",
        "displayMode": "transient",
        "type": "confirmation"
      },
      "outcomes": {
        "success": "callComponentCreateCategory1Close3"
      }
    },
    "fireNotification7": {
      "module": "vb/action/builtin/fireNotificationEventAction",
      "parameters": {
        "target": "leaf",
        "summary": "[[ $chain.results.callRestPutFamilyCodeCategory1.body.p_return_status ]]",
        "displayMode": "transient"
      },
      "outcomes": {
        "success": "callChainFetchCat1Action"
      }
    },
    "resetVariablesCat1CreateObj": {
      "module": "vb/action/builtin/resetVariablesAction",
      "parameters": {
        "variables": [
          "$page.variables.Cat1CreateObj"
        ]
      },
      "outcomes": {
        "success": "callComponentCreateCategory1Close"
      }
    },
    "callComponentCreateCategory1Close2": {
      "module": "vb/action/builtin/callComponentMethodAction",
      "parameters": {
        "component": "{{ document.getElementById('createCategory1') }}",
        "method": "close"
      },
      "outcomes": {
        "success": "callChainFetchCat1Action"
      }
    },
    "callComponentCreateCategory1Close3": {
      "module": "vb/action/builtin/callComponentMethodAction",
      "parameters": {
        "component": "{{ document.getElementById('createCategory1') }}",
        "method": "close"
      },
      "outcomes": {
        "success": "callChainFetchCat1Action"
      }
    },
    "ifCat1DlgLabel": {
      "module": "vb/action/builtin/ifAction",
      "parameters": {
        "condition": "[[ $page.variables.Cat1DlgLabel ===\"Create\" ]]"
      },
      "outcomes": {
        "true": "assignVariablesCat1CreateObj",
        "false": "assignVariablesCat1CreateObj3"
      }
    }
  },
  "variables": {}
}