{
  "description": "",
  "root": "runInParallel",
  "actions": {
    "fireNotification": {
      "module": "vb/action/builtin/fireNotificationEventAction",
      "parameters": {
        "target": "leaf",
        "summary": "Failed to Fetch Category 1 Data",
        "type": "error",
        "displayMode": "transient"
      }
    },
    "callRestGetFamilyCodeCategory1": {
      "module": "vb/action/builtin/restAction",
      "parameters": {
        "endpoint": "devOrds/getFamilyCodeCategory1",
        "uriParams": {
          "REPORTING_GROUP_ID": "{{ $page.variables.FlowReportingGroup }}"
        }
      },
      "outcomes": {
        "failure": "fireNotification",
        "success": "assignVariablesCat1ADP"
      }
    },
    "assignVariablesCat1ADP": {
      "module": "vb/action/builtin/assignVariablesAction",
      "parameters": {
        "$page.variables.Cat1ADP": {
          "source": {
            "data": "{{ $chain.results.callRestGetFamilyCodeCategory1.body.items }}"
          },
          "reset": "none",
          "auto": "always",
          "mapping": {
            "$target.data": {
              "source": "$source.data",
              "reset": "empty"
            }
          }
        }
      }
    },
    "assignVariablesCat1CreateObj": {
      "module": "vb/action/builtin/assignVariablesAction",
      "parameters": {
        "$page.variables.Cat1CreateObj": {
          "source": {
            "reporting_group_id": "{{ $page.variables.FlowReportingGroup }}"
          },
          "reset": "none",
          "auto": "always"
        }
      },
      "outcomes": {
        "success": "callRestGetFamilyCodeCategory1"
      }
    },
    "runInParallel": {
      "module": "vb/action/builtin/forkAction",
      "parameters": {
        "actions": {
          "assignVariablesCat1CreateObj": "assignVariablesCat1CreateObj",
          "callChain": "callChainFetchLovsAction"
        }
      }
    },
    "callChainFetchLovsAction": {
      "module": "vb/action/builtin/callChainAction",
      "parameters": {
        "id": "FetchLovsAction"
      }
    }
  },
  "variables": {}
}