{
  "root": "callComponentCat2abbRefresh",
  "description": "",
  "actions": {
    "callComponentCat2abbRefresh": {
      "module": "vb/action/builtin/callComponentMethodAction",
      "parameters": {
        "component": "{{ document.getElementById('cat2abb') }}",
        "method": "refresh"
      },
      "outcomes": {
        "success": "callComponentCat2codeRefresh"
      }
    },
    "callComponentCat2codeRefresh": {
      "module": "vb/action/builtin/callComponentMethodAction",
      "parameters": {
        "component": "{{ document.getElementById('cat2code') }}",
        "method": "refresh"
      },
      "outcomes": {
        "success": "callComponentCat2nameRefresh"
      }
    },
    "callComponentCat2nameRefresh": {
      "module": "vb/action/builtin/callComponentMethodAction",
      "parameters": {
        "component": "{{ document.getElementById('cat2name') }}",
        "method": "refresh"
      }
    }
  }
}