{
  "description": "",
  "root": "assignVariablesCat2RowData",
  "actions": {
    "fireNotification": {
      "module": "vb/action/builtin/fireNotificationEventAction",
      "parameters": {
        "target": "leaf",
        "summary": "failed to Update Category2",
        "type": "error",
        "displayMode": "transient"
      }
    },
    "callRestPutFamilyCodeCategory2": {
      "module": "vb/action/builtin/restAction",
      "parameters": {
        "endpoint": "devOrds/putFamilyCodeCategory2",
        "uriParams": {
          "category2_id": "{{ $variables.current.row.category2_id }}"
        },
        "body": "{{ $page.variables.Cat2RowData }}"
      },
      "outcomes": {
        "failure": "fireNotification",
        "success": "fireNotification3"
      }
    },
    "fireNotification3": {
      "module": "vb/action/builtin/fireNotificationEventAction",
      "parameters": {
        "target": "leaf",
        "summary": "Category2 updated Successfully",
        "displayMode": "transient",
        "type": "confirmation"
      },
      "outcomes": {
        "success": "callChainFetchCat2Action"
      }
    },
    "assignVariablesCat2RowData": {
      "module": "vb/action/builtin/assignVariablesAction",
      "parameters": {
        "$page.variables.Cat2RowData": {
          "source": {
            "last_updated_by": "{{ $application.user.email }}"
          },
          "reset": "none",
          "auto": "always"
        }
      },
      "outcomes": {
        "success": "callRestPutFamilyCodeCategory2"
      }
    },
    "callChainFetchCat2Action": {
      "module": "vb/action/builtin/callChainAction",
      "parameters": {
        "id": "FetchCat2Action"
      },
      "outcomes": {
        "success": "callChainRefreshcat2Action"
      }
    },
    "callChainRefreshcat2Action": {
      "module": "vb/action/builtin/callChainAction",
      "parameters": {
        "id": "Refreshcat2Action"
      }
    }
  },
  "variables": {
    "key": {
      "required": true,
      "type": "any",
      "input": "fromCaller"
    },
    "index": {
      "required": true,
      "type": "number",
      "input": "fromCaller"
    },
    "current": {
      "required": true,
      "type": "any",
      "input": "fromCaller"
    }
  }
}