{
    "fields": [
        {
            "type": "number",
            "name": "id",
            "key": true,
            "oid": "c365e5fb-df6b-4dbb-9211-36e9960c2119",
            "required": true,
            "unique": true,
            "displayLabel": "Id"
        },
        {
            "type": "datetime",
            "name": "creationDate",
            "oid": "6956e6c4-1d59-4752-bb69-0008eb04402f",
            "displayLabel": "Created",
            "historyType": "timeCreated"
        },
        {
            "type": "datetime",
            "name": "lastUpdateDate",
            "oid": "2d5553b0-131e-4b96-b583-e2fd53a6ce42",
            "displayLabel": "Last Updated",
            "historyType": "timeUpdated"
        },
        {
            "type": "string",
            "name": "createdBy",
            "oid": "fa63b142-d29f-43e9-81f9-e40bdc680d8c",
            "displayLabel": "Created By",
            "historyType": "createdBy"
        },
        {
            "type": "string",
            "name": "lastUpdatedBy",
            "oid": "3f82eda7-2df1-4bbc-80ae-741b63be9195",
            "displayLabel": "Last Updated By",
            "historyType": "updatedBy"
        },
{
            "type": "number",
            "name": "abcsChangeNumber",
            "oid": "72ce7cb7-5100-4e0a-bf4c-67fd4577d555",
            "displayLabel": "Version Number",
            "historyType": "versionNumber"
        },
        {
            "type": "string",
            "name": "name",
            "oid": "2d291c28-eb07-4c36-a4a1-aeacce2a66fd",
            "displayLabel": "Name"
        }        ,
        {
            "type": "string",
            "name": "email",
            "oid": "c970c18d-1c42-4602-b6e8-73b4d256e4df",
            "displayLabel": "email"
        }
    ],
    "name": "Emp",
    "oid": "3ced4e44-c5c7-4a5e-a547-79a98ee4b9b0",
    "displayLabel": "Emp"
}