{
  "description": "",
  "root": "assignVariablesDialogText",
  "actions": {

    "callComponentOjDialogPopupOpen": {
      "module": "vb/action/builtin/callComponentMethodAction",
      "parameters": {
        "component": "{{ document.getElementById('oj-dialog-popup') }}",
        "method": "open"
      },
      "outcomes": {
        "success": "callRestPutDistributionTitleRightsDistirbutionRules"
      }
    },
    "fireNotification": {
      "module": "vb/action/builtin/fireNotificationEventAction",
      "parameters": {
        "target": "leaf",
        "summary": "[[ $chain.results.callRestPutDistributionTitleRightsDistirbutionRules.message.summary ]]",
        "type": "error",
        "displayMode": "persist"
      },
      "outcomes": {
        "success": "callComponentOjDialogPopupClose"
      }
    },
    "callRestPutDistributionTitleRightsDistirbutionRules": {
      "module": "vb/action/builtin/restAction",
      "parameters": {
        "endpoint": "ordsHbg_integration/putDistributionTitleRightsDistirbutionRules",
        "body": "{{ $page.variables.EditDistributionRulesObj }}"
      },
      "outcomes": {
        "failure": "fireNotification",
        "success": "callChainSearchButtonAction"
      }
    },
    "callComponentOjDialogPopupClose": {
      "module": "vb/action/builtin/callComponentMethodAction",
      "parameters": {
        "component": "{{ document.getElementById('oj-dialog-popup') }}",
        "method": "close"
      }
    },
    "callChainSearchButtonAction": {
      "module": "vb/action/builtin/callChainAction",
      "parameters": {
        "id": "SearchButtonAction"
      },
      "outcomes": {
        "success": "callComponentOjDialogPopupClose2"
      }
    },
    "callComponentOjDialogPopupClose2": {
      "module": "vb/action/builtin/callComponentMethodAction",
      "parameters": {
        "component": "{{ document.getElementById('oj-dialog-popup') }}",
        "method": "close"
      }
    },
    "assignVariablesDialogText": {
      "module": "vb/action/builtin/assignVariablesAction",
      "parameters": {
        "$page.variables.dialogText": {
          "source": "Saving..."
        },
        "$page.variables.EditDistributionRulesObj": {
          "source": {
            "last_updated_by": "{{ $application.user.username }}",
            "end_date": "{{ $page.variables.EditDistributionRulesObj.end_date == null || $page.variables.EditDistributionRulesObj.end_date == '' || $page.variables.EditDistributionRulesObj.end_date == 'undefined' ? '' :$page.variables.EditDistributionRulesObj.end_date.substr(0,10) }}"
          },
          "reset": "none",
          "auto": "always"
        }
      },
      "outcomes": {
        "success": "callComponentOjDialogPopupOpen"
      }
    }
  },
  "variables": {
    "key": {
      "required": true,
      "type": "any",
      "input": "fromCaller"
    },
    "index": {
      "required": true,
      "type": "number",
      "input": "fromCaller"
    },
    "current": {
      "required": true,
      "type": "any",
      "input": "fromCaller"
    }
  }
}