{
    "items": [
        {
            "hold_code": "HBG_PREPAID",
            "hold_name": "Prepaid",
            "hold_description": "Prepaid Hold",
            "hold_code_id": 300000053565933,
            "effective_start_date": "2022-11-01T00:00:00Z",
            "effective_end_date": null
        },
        {
            "hold_code": "HBG_AMT_EXCEEDS",
            "hold_name": "Amount Exceeds",
            "hold_description": "Amount Exceeds Hold",
            "hold_code_id": 300000053632908,
            "effective_start_date": "2022-10-25T00:00:00Z",
            "effective_end_date": null
        },
        {
            "hold_code": "HBG_GIFT_REVIEW",
            "hold_name": "Gift Review",
            "hold_description": "Gift Review Hold",
            "hold_code_id": 300000053632909,
            "effective_start_date": "2022-10-25T00:00:00Z",
            "effective_end_date": null
        },
        {
            "hold_code": "HBG_Hot _Title",
            "hold_name": "Hot Title",
            "hold_description": "Hot Title Hold",
            "hold_code_id": 300000048000180,
            "effective_start_date": "2022-09-23T00:00:00Z",
            "effective_end_date": null
        },
        {
            "hold_code": "HBG_CUST_SVC_HOLD",
            "hold_name": "HBG Customer Service Hold",
            "hold_description": "HBG Customer Service Hold",
            "hold_code_id": 300000039787856,
            "effective_start_date": "2022-08-17T00:00:00Z",
            "effective_end_date": null
        },
        {
            "hold_code": "HBG_NO_RESERVE",
            "hold_name": "HBG No Reserve",
            "hold_description": "Schedule, but don't reserve",
            "hold_code_id": 300000035020211,
            "effective_start_date": "2022-07-08T00:00:00Z",
            "effective_end_date": null
        },
        {
            "hold_code": "HBG_DISTRIBUTION_RIGHTS",
            "hold_name": "Distribution Rights",
            "hold_description": "Distribution Rights Hold",
            "hold_code_id": 300000051463642,
            "effective_start_date": "2022-09-30T00:00:00Z",
            "effective_end_date": null
        },
        {
            "hold_code": "HBG_BILLING_HOLD",
            "hold_name": "HBG Billing Hold",
            "hold_description": null,
            "hold_code_id": 300000028215459,
            "effective_start_date": "2022-01-12T00:00:00Z",
            "effective_end_date": null
        },
        {
            "hold_code": "MANUAL_SO_HOLD",
            "hold_name": "HBG Manual Hold",
            "hold_description": "Manual Hold Applied by Users",
            "hold_code_id": 300000027796547,
            "effective_start_date": "2021-12-10T00:00:00Z",
            "effective_end_date": null
        },
        {
            "hold_code": "HOLD_FOR_CHANGE_REQUEST",
            "hold_name": "Hold For Change Request",
            "hold_description": "System defined hold code used in change management process",
            "hold_code_id": 300000000279090,
            "effective_start_date": "2009-04-01T00:00:00Z",
            "effective_end_date": null
        },
        {
            "hold_code": "DOO_CREDIT_CHECK",
            "hold_name": "Credit Check Hold",
            "hold_description": "The application applied a hold on the order or order line because the credit check failed.",
            "hold_code_id": 300000000279088,
            "effective_start_date": "2015-09-30T00:00:00Z",
            "effective_end_date": null
        }
    ],
    "hasMore": false,
    "limit": 10000,
    "offset": 0,
    "count": 11,
    "links": [
        {
            "rel": "self",
            "href": "https://10.2.0.169:8081/ords/hbg_integration/AutomaticHolds/getHoldNamesInfo"
        },
        {
            "rel": "describedby",
            "href": "https://10.2.0.169:8081/ords/hbg_integration/metadata-catalog/AutomaticHolds/item"
        },
        {
            "rel": "first",
            "href": "https://10.2.0.169:8081/ords/hbg_integration/AutomaticHolds/getHoldNamesInfo?limit=10000"
        }
    ]
}