{
  "description": "",
  "root": "ifCurrentChar",
  "actions": {
    "ifCurrentChar": {
      "module": "vb/action/builtin/ifAction",
      "parameters": {
        "condition": "[[ $variables.CurrentChar.length >=3 ]]"
      },
      "outcomes": {
        "true": "callRestGetSalesCreditGetOrganizationName"
      }
    },
    "fireNotification": {
      "module": "vb/action/builtin/fireNotificationEventAction",
      "parameters": {
        "target": "leaf",
        "summary": "[[ $chain.results.callRestGetSalesCreditGetOrganizationName.message.summary ]]",
        "type": "error",
        "displayMode": "persist"
      }
    },
    "callRestGetSalesCreditGetOrganizationName": {
      "module": "vb/action/builtin/restAction",
      "parameters": {
        "endpoint": "devOrds/getSalesCreditGetOrganizationName",
        "uriParams": {
          "part_number": "{{ $variables.CurrentChar }}"
        }
      },
      "outcomes": {
        "failure": "fireNotification",
        "success": "assignVariables"
      }
    },
    "assignVariables": {
      "module": "vb/action/builtin/assignVariablesAction",
      "parameters": {}
    }
  },
  "variables": {
    "CurrentChar": {
      "type": "string",
      "input": "fromCaller"
    }
  }
}