{
  "description": "",
  "root": "callRestGetAssignAccountType",
  "actions": {
    "fireNotification": {
      "module": "vb/action/builtin/fireNotificationEventAction",
      "parameters": {
        "target": "leaf",
        "summary": "[[ $chain.results.callRestGetAssignAccountType.message.summary ]]",
        "type": "error",
        "displayMode": "persist"
      }
    },
    "callRestGetAssignAccountType": {
      "module": "vb/action/builtin/restAction",
      "parameters": {
        "endpoint": "devOrds/getAssignAccountType",
        "uriParams": {
          "sales_force_number": "{{ $page.variables.SelectedSFnumber }}"
        }
      },
      "outcomes": {
        "failure": "fireNotification",
        "success": "assignVariablesAccountTypeTblADP"
      }
    },
    "assignVariablesAccountTypeTblADP": {
      "module": "vb/action/builtin/assignVariablesAction",
      "parameters": {
        "$page.variables.AccountTypeTblADP": {
          "source": {
            "data": "{{ $chain.results.callRestGetAssignAccountType.body.items }}"
          },
          "reset": "none",
          "auto": "always"
        }
      }
    }
  },
  "variables": {}
}