{
  "root": "callComponentRowsalesRefresh",
  "description": "",
  "actions": {
    "callComponentRowsalesRefresh": {
      "module": "vb/action/builtin/callComponentMethodAction",
      "parameters": {
        "component": "{{ document.getElementById('rowsales') }}",
        "method": "refresh"
      },
      "outcomes": {
        "success": "callComponentRowsalesRefresh2"
      }
    },
    "callComponentRowsalesRefresh2": {
      "module": "vb/action/builtin/callComponentMethodAction",
      "parameters": {
        "component": "{{ document.getElementById('rowsales') }}",
        "method": "refresh"
      },
      "outcomes": {
        "success": "callComponentRowterrRefresh"
      }
    },
    "callComponentRowterrRefresh": {
      "module": "vb/action/builtin/callComponentMethodAction",
      "parameters": {
        "component": "{{ document.getElementById('rowterr') }}",
        "method": "refresh"
      },
      "outcomes": {
        "success": "callComponentRowsalesrepRefresh"
      }
    },
    "callComponentRowsalesrepRefresh": {
      "module": "vb/action/builtin/callComponentMethodAction",
      "parameters": {
        "component": "{{ document.getElementById('rowsalesrep') }}",
        "method": "refresh"
      }
    }
  }
}