{
  "description": "",
  "root": "if",
  "actions": {

    "callRestGetSalesCreditGetOrgNamebyOrgNum": {
      "module": "vb/action/builtin/restAction",
      "parameters": {
        "endpoint": "devOrds/getSalesCreditGetOrgNamebyOrgNum",
        "uriParams": {
          "party_number": "{{ $variables.value }}"
        }
      },
      "outcomes": {
        "success": "assignVariablesSalesAssignCreatObj"
      }
    },
    "assignVariablesSalesAssignCreatObj": {
      "module": "vb/action/builtin/assignVariablesAction",
      "parameters": {
        "$page.variables.SalesAssignRow": {
          "source": {
            "organization_name": "{{ $chain.results.callRestGetSalesCreditGetOrgNamebyOrgNum.body.items[0].party_name }}",
            "party_id": "{{ $chain.results.callRestGetSalesCreditGetOrgNamebyOrgNum.body.items[0].party_id }}"
           
          },
          "reset": "none",
          "auto": "always"
        }
      },
      "outcomes": {
        "success": "resetVariablesRowOrganization"
    }
    },
    "if": {
      "module": "vb/action/builtin/ifAction",
     "parameters": {
        "condition": "[[ $variables.value != $page.variables.RowOrganization && ($variables.value !== \"\" && $variables.value !== null && typeof $variables.value !== \"undefined\") ]]"
      },
      "outcomes": {
        "true": "resetVariablesSalesAssignRow"
      }
    },
    "resetVariablesRowOrganization": {
      "module": "vb/action/builtin/resetVariablesAction",
      "parameters": {
        "variables": [
          "$page.variables.RowOrganization"
        ]
      }
    },
    "resetVariablesSalesAssignRow": {
      "module": "vb/action/builtin/resetVariablesAction",
      "parameters": {
        "variables": [
          "$page.variables.SalesAssignRow.account_name",
          "$page.variables.SalesAssignRow.customer_account_number",
          "$page.variables.SalesAssignRow.bill_to_",
          "$page.variables.SalesAssignRow.bill_to_country"
        ]
      },
      "outcomes": {
        "success": "callRestGetSalesCreditGetOrgNamebyOrgNum"
      }
    }
  },
  "variables": {
    "value": {
      "required": true,
      "type": "any",
      "input": "fromCaller"
    }
  }
}