{
  "description": "",
  "root": "ifValue",
  "actions": {
    "if": {
      "module": "vb/action/builtin/ifAction",
      "parameters": {
        "condition": "[[ $variables.value !== $page.variables.RowSalesRep ]]"
      },
      "outcomes": {
        "true": "resetVariablesRowSalesRep"
      }
    },
    "callRestGetSalesCreditGetSalesRepName": {
      "module": "vb/action/builtin/restAction",
      "parameters": {
        "endpoint": "devOrds/getSalesCreditGetSalesRepName",
        "uriParams": {
          "SALES_REP_NUMBER": "{{ $variables.value }}",
          "SALES_FORCE_ID": "{{ $page.variables.salesAssignCreatObj.sales_force_id }}",
          "SF_DIV_ID": "{{ $page.variables.salesAssignCreatObj.SF_DIV_ID }}",
          "SF_TERRITORY_ID": "{{ $page.variables.salesAssignCreatObj.SF_TERRITORY_ID }}"
        }
      },
      "outcomes": {
        "success": "assignVariablesSalesAssignRow"
      }
    },
    "assignVariablesSalesAssignRow": {
      "module": "vb/action/builtin/assignVariablesAction",
      "parameters": {
        "$page.variables.salesAssignCreatObj": {
          "source": {
            "sales_rep_name": "{{ $chain.results.callRestGetSalesCreditGetSalesRepName.body.items[0].sales_rep_name }}"
          },
          "reset": "none",
          "auto": "always"
        }
      },
      "outcomes": {
        "success": "if"
      }
    },
    "resetVariablesRowSalesRep": {
      "module": "vb/action/builtin/resetVariablesAction",
      "parameters": {
        "variables": [
          "$page.variables.RowSalesRep"
        ]
      }
    },
    "resetVariablesSalesAssignCreatObj": {
      "module": "vb/action/builtin/resetVariablesAction",
      "parameters": {
        "variables": [
          "$page.variables.salesAssignCreatObj.sales_rep_name"
        ]
      }
    },
    "ifValue": {
      "module": "vb/action/builtin/ifAction",
      "parameters": {
        "condition": "[[ $variables.value ]]"
      },
      "outcomes": {
        "true": "callRestGetSalesCreditGetSalesRepName",
        "false": "resetVariablesSalesAssignCreatObj"
      }
    }
  },
  "variables": {
    "value": {
      "required": true,
      "type": "any",
      "input": "fromCaller"
    },
    "key": {
      "required": true,
      "type": "any",
      "input": "fromCaller"
    },
    "index": {
      "required": true,
      "type": "number",
      "input": "fromCaller"
    },
    "current": {
      "required": true,
      "type": "any",
      "input": "fromCaller"
    }
  }
}