{
  "description": "",
  "root": "assignVariablesSalesAssignRow",
  "actions": {
    "assignVariablesSalesAssignRow": {
      "module": "vb/action/builtin/assignVariablesAction",
      "parameters": {
        "$page.variables.SalesAssignRow": {
          "source": "{{ $variables.rowData }}",
          "auto": "always"
        },
        "$page.variables.RowOwner": {
          "source": "{{ $variables.rowData.owner }}"
        },
        "$page.variables.RowReportingGroup": {
          "source": "{{ $variables.rowData.reporting_group }}"
        },
        "$page.variables.RowCategory1": {
          "source": "{{ $variables.rowData.category_1 }}"
        },
        "$page.variables.RowCategory2": {
          "source": "{{ $variables.rowData.category_2 }}"
        },
        "$page.variables.RowOrganization": {
          "source": "{{ $variables.rowData.customer_org_number }}"
        },
        "$page.variables.RowAccount": {
          "source": "{{ $variables.rowData.customer_account_number }}"
        },
        "$page.variables.RowSalesForce": {
          "source": "{{ $variables.rowData.sales_force }}"
        },
        "$page.variables.RowDivision": {
          "source": "{{ $variables.rowData.division }}"
        },
        "$page.variables.Rowterritory": {
          "source": "{{ $variables.rowData.territory }}"
        },
        "$page.variables.RowSalesRep": {
          "source": "{{ $variables.rowData.sales_rep }}"
        }
      }
    }
  },
  "variables": {
    "rowKey": {
      "required": true,
      "type": "any",
      "input": "fromCaller"
    },
    "rowIndex": {
      "required": true,
      "type": "number",
      "input": "fromCaller"
    },
    "rowData": {
      "required": true,
      "type": "any",
      "input": "fromCaller"
    }
  }
}