{
  "description": "",
  "routerFlow": "main",
  "variables": {
    "avatarInfo": {
      "type": "object",
      "defaultValue": {
        "initials": "RG",
        "title": "Example Avatar",
        "items": [
          {
            "name": "Sign Out",
            "action": "signout",
            "iconClass": "oj-ux-ico-logout"
          }
        ]
      }
    },
    "messagesADP": {
      "type": "vb/ArrayDataProvider2",
      "defaultValue": {
        "keyAttributes": "id",
        "itemType": "page:messageType"
      }
    },
    "toggle": {
      "type": "boolean"
    }
  },
  "metadata": {},
  "types": {
    "messageType": {
      "id": "string",
      "severity": "string",
      "category": "string",
      "summary": "string",
      "detail": "string",
      "timestamp": "string",
      "autoTimeout": "number"
    }
  },
  "eventListeners": {
    "buttonAction": {
      "chains": [
        {
          "chainId": "ToggleBtnAction"
        }
      ]
    },
    "navigationListSelection": {
      "chains": [
        {
          "chainId": "NavigationAction",
          "parameters": {
            "selection": "{{ $event.detail.value }}"
          }
        }
      ]
    },
    "treeNavigationSelection": {
      "chains": [
        {
          "chainId": "NavigateToPagesAction",
          "parameters": {
            "selection": "{{ $event.detail.value }}"
          }
        }
      ]
    },
    "vbNotification": {
      "chains": [
        {
          "chainId": "showNotification",
          "parameters": {
            "eventPayload": "{{ { id: $event.key, summary: $event.summary, detail: $event.message, severity: $event.type, autoTimeout: $event.displayMode === 'transient' ? 0 : -1 } }}"
          }
        }
      ]
    },
    "onMessageClose": {
      "chains": [
        {
          "chainId": "closeNotificationHandler",
          "parameters": {
            "eventMessage": "{{ $event.detail.message }}"
          }
        }
      ]
    }

  },
  "imports": {
    "components": {
      "oj-button": {
        "path": "ojs/ojbutton"
      },
      "oj-conveyor-belt": {
        "path": "ojs/ojconveyorbelt"
      },
      "oj-drawer-layout": {
        "path": "ojs/ojdrawerlayout"
      },
      "oj-messages": {
        "path": "ojs/ojmessages"
      },
      "oj-navigation-list": {
        "path": "ojs/ojnavigationlist"
      }

    },
    "css": [
      "/resources/css/shell.css"
    ]
  },
  "translations": {}
}