{
    "items": [
        {
            "value_set_name": "HBG_BISAC_CATEGORIES",
            "flex_value": "ANT000000",
            "description": "ANTIQUES & COLLECTIBLES / General"
        },
        {
            "value_set_name": "HBG_BISAC_CATEGORIES",
            "flex_value": "ANT001000",
            "description": "ANTIQUES & COLLECTIBLES / Americana"
        },
        {
            "value_set_name": "HBG_BISAC_CATEGORIES",
            "flex_value": "ANT002000",
            "description": "ANTIQUES & COLLECTIBLES / Art"
        },
        {
            "value_set_name": "HBG_BISAC_CATEGORIES",
            "flex_value": "ANT003000",
            "description": "ANTIQUES & COLLECTIBLES / Autographs"
        },
        {
            "value_set_name": "HBG_BISAC_CATEGORIES",
            "flex_value": "ANT004000",
            "description": "ANTIQUES & COLLECTIBLES / BASKETS - USE ANT000000"
        },
        {
            "value_set_name": "HBG_BISAC_CATEGORIES",
            "flex_value": "ANT005000",
            "description": "ANTIQUES & COLLECTIBLES / Books"
        },
        {
            "value_set_name": "HBG_BISAC_CATEGORIES",
            "flex_value": "ANT006000",
            "description": "ANTIQUES & COLLECTIBLES / Bottles"
        },
        {
            "value_set_name": "HBG_BISAC_CATEGORIES",
            "flex_value": "ANT007000",
            "description": "ANTIQUES & COLLECTIBLES / Buttons & Pins"
        },
        {
            "value_set_name": "HBG_BISAC_CATEGORIES",
            "flex_value": "ANT008000",
            "description": "ANTIQUES & COLLECTIBLES / Care & Restoration"
        },
        {
            "value_set_name": "HBG_BISAC_CATEGORIES",
            "flex_value": "ANT009000",
            "description": "ANTIQUES & COLLECTIBLES / Transportation"
        }
    ],
    "hasMore": false,
    "limit": 25,
    "offset": 0,
    "count": 10,
    "links": [
        {
            "rel": "self",
            "href": "https://10.2.0.169:8081/ords/hbg_integration/Common/getBisac?flex_value=ANT00"
        },
        {
            "rel": "describedby",
            "href": "https://10.2.0.169:8081/ords/hbg_integration/metadata-catalog/Common/item"
        },
        {
            "rel": "first",
            "href": "https://10.2.0.169:8081/ords/hbg_integration/Common/getBisac?flex_value=ANT00"
        }
    ]
}