{
    "items": [
        {
            "item_number": "9780000000880"
        },
        {
            "item_number": "9780000000880"
        },
        {
            "item_number": "9780000000880"
        },
        {
            "item_number": "9780000000880"
        },
        {
            "item_number": "9780000000880"
        },
        {
            "item_number": "9780000001122"
        },
        {
            "item_number": "9780000001122"
        },
        {
            "item_number": "9780000001122"
        },
        {
            "item_number": "9780000001122"
        },
        {
            "item_number": "9780000001122"
        },
        {
            "item_number": "9780000002938"
        },
        {
            "item_number": "9780000002938"
        },
        {
            "item_number": "9780000002938"
        },
        {
            "item_number": "9780000002938"
        },
        {
            "item_number": "9780000002938"
        },
        {
            "item_number": "9780000009999"
        },
        {
            "item_number": "9780000009999"
        },
        {
            "item_number": "9780000009999"
        },
        {
            "item_number": "9780000009999"
        },
        {
            "item_number": "9780000009999"
        },
        {
            "item_number": "9780000116208"
        },
        {
            "item_number": "9780000116208"
        },
        {
            "item_number": "9780000116208"
        },
        {
            "item_number": "9780000169563"
        },
        {
            "item_number": "9780000169563"
        }
    ],
    "hasMore": true,
    "limit": 25,
    "offset": 0,
    "count": 25,
    "links": [
        {
            "rel": "self",
            "href": "https://10.2.0.169:8081/ords/hbg_integration/CustomeOrders/getItems?p_item_num=9780"
        },
        {
            "rel": "describedby",
            "href": "https://10.2.0.169:8081/ords/hbg_integration/metadata-catalog/CustomeOrders/item"
        },
        {
            "rel": "first",
            "href": "https://10.2.0.169:8081/ords/hbg_integration/CustomeOrders/getItems?p_item_num=9780"
        },
        {
            "rel": "next",
            "href": "https://10.2.0.169:8081/ords/hbg_integration/CustomeOrders/getItems?p_item_num=9780&offset=25"
        }
    ]
}