{
  "description": "",
  "root": "if",
  "actions": {
    "callComponentAddCountriesOpen": {
      "module": "vb/action/builtin/callComponentMethodAction",
      "parameters": {
        "component": "{{ document.getElementById('AddCountries') }}",
        "method": "open"
      }
    },
    "resetVariablesEditCountryGroupObj": {
      "module": "vb/action/builtin/resetVariablesAction",
      "parameters": {
        "variables": [
          "$page.variables.EditCountryGroupObj"
        ]
      },
      "outcomes": {
        "success": "callRestGetDistributionTitleRightsGetCountryGroupDetails"
      }
    },
    "fireNotification": {
      "module": "vb/action/builtin/fireNotificationEventAction",
      "parameters": {
        "target": "leaf",
        "summary": "[[ $chain.results.callRestGetDistributionTitleRightsGetCountryGroupDetails.message.summary ]]",
        "type": "error",
        "displayMode": "persist"
      }
    },
    "callRestGetDistributionTitleRightsGetCountryGroupDetails": {
      "module": "vb/action/builtin/restAction",
      "parameters": {
        "endpoint": "ordsHbg_integration/getDistributionTitleRightsGetCountryGroupDetails",
        "uriParams": {
          "P_COUNTRY_GROUP_ID": "{{ $page.variables.p_country_group }}"
        }
      },
      "outcomes": {
        "failure": "fireNotification",
        "success": "assignVariablesEditCountryGroupObj"
      }
    },
    "assignVariablesEditCountryGroupObj": {
      "module": "vb/action/builtin/assignVariablesAction",
      "parameters": {
        "$page.variables.EditCountryGroupObj": {
          "source": {
            "comments": "{{ $chain.results.callRestGetDistributionTitleRightsGetCountryGroupDetails.body.items[0].comments }}",
            "country_group_code": "{{ $chain.results.callRestGetDistributionTitleRightsGetCountryGroupDetails.body.items[0].country_group_code }}",
            "country_group_id": "{{ $chain.results.callRestGetDistributionTitleRightsGetCountryGroupDetails.body.items[0].country_group_id }}",
            "country_group_name": "{{ $chain.results.callRestGetDistributionTitleRightsGetCountryGroupDetails.body.items[0].country_group_name }}",
            "created_by": "{{ $chain.results.callRestGetDistributionTitleRightsGetCountryGroupDetails.body.items[0].created_by }}",
            "creation_date": "{{ $chain.results.callRestGetDistributionTitleRightsGetCountryGroupDetails.body.items[0].creation_date }}",
            "enabled_flag": "{{ $chain.results.callRestGetDistributionTitleRightsGetCountryGroupDetails.body.items[0].enabled_flag }}",
            "last_update_date": "{{ $chain.results.callRestGetDistributionTitleRightsGetCountryGroupDetails.body.items[0].last_update_date }}",
            "last_updated_by": "{{ $chain.results.callRestGetDistributionTitleRightsGetCountryGroupDetails.body.items[0].last_updated_by }}"
          },
          "reset": "none",
          "auto": "always"
        }
      },
      "outcomes": {
        "success": "callComponentAddCountriesOpen"
      }
    },
    "if": {
      "module": "vb/action/builtin/ifAction",
      "parameters": {
        "condition": "[[ $page.variables.p_country_group == 'undefined' || $page.variables.p_country_group == null ]]"
      },
      "outcomes": {
        "false": "resetVariablesEditCountryGroupObj",
        "true": "fireNotification2"
      }
    },
    "fireNotification2": {
      "module": "vb/action/builtin/fireNotificationEventAction",
      "parameters": {
        "target": "leaf",
        "message": "Cannot Add Country Unless Country group is selected",
        "summary": "Information Message",
        "displayMode": "transient",
        "type": "info"
      }
    }
  },
  "variables": {}
}