{
  "description": "",
  "root": "resetVariablesCreateCountryGroupObj",
  "actions": {
    "resetVariablesCreateCountryGroupObj": {
      "module": "vb/action/builtin/resetVariablesAction",
      "parameters": {
        "variables": [
          "$page.variables.createCountryGroupObj"
        ]
      },
      "outcomes": {
        "success": "callComponentCreateGroupOpen"
      }
    },
    "callComponentCreateGroupOpen": {
      "module": "vb/action/builtin/callComponentMethodAction",
      "parameters": {
        "component": "{{ document.getElementById('createGroup') }}",
        "method": "open"
      },
      "outcomes": {
        "success": "assignVariables"
      }
    },
    "assignVariables": {
      "module": "vb/action/builtin/assignVariablesAction",
      "parameters": {
        "$page.variables.createCountryGroupObj": {
          "source": {
            "enabled_flag": "Y"
          },
          "reset": "none",
          "auto": "always"
        }
      }
    }
  },
  "variables": {}
}