{
    "openapi": "3.0.0",
    "info": {
        "version": "v01",
        "title": "HBG_RECEIPT_BATCH_SUBMIT",
        "x-vb": {
            "serviceType": "ics"
        }
    },
    "servers": [
        {
            "url": "vb-catalog://backends/ics/ic/api/integration/v1/flows/rest"
        }
    ],
    "paths": {
        "/HBG_RECEIPT_BATCH_SUBMIT/1.0/": {
            "post": {
                "tags": [
                    "hbg.paas1/HBG_RECEIPT_BATCH_SUBMIT|01.00.0000",
                    "hbg.paas1"
                ],
                "operationId": "postHBG_RECEIPT_BATCH_SUBMIT1_0",
                "parameters": [
                    {
                        "name": "BatchId",
                        "in": "query",
                        "required": false,
                        "schema": {
                            "type": "string"
                        }
                    }
                ],
                "responses": {
                    "204": {
                        "description": "No content defined for this response"
                    }
                },
                "security": [
                    {
                        "oauth2Authentication": []
                    },
                    {
                        "basicAuthentication": []
                    }
                ]
            }
        }
    }
}