{
  "title": "",
  "description": "",
  "variables": {
    "getTitleRightDetailsADP": {
      "type": "vb/ArrayDataProvider2",
      "defaultValue": {
        "itemType": "flow:getTitleRightDetailsInfo",
        "keyAttributes": "title_right_detail_id"
      }
    },
    "getTitleRightDetailsObj": {
      "type": "flow:getTitleRightDetailsInfo"
    },
    "p_country_code": {
      "type": "string",
      "defaultValue": ""
    },
    "p_country_name": {
      "type": "string",
      "defaultValue": ""
    },
    "p_item_number": {
      "type": "string",
      "defaultValue": ""
    }

  },
  "metadata": {},
  "types": {},
  "eventListeners": {
    "buttonAction": {
      "chains": [
        {
          "chainId": "SearchButtonAction"
        }
      ]
    },
    "buttonAction2": {
      "chains": [
        {
          "chainId": "ResetAllFilters"
        }
      ]
    },
    "buttonAction3": {
      "chains": [
        {
          "chainId": "CountryReset"
        }
      ]
    },
    "inputTextValue": {
      "chains": [
        {
          "chainId": "getTitlerightHeaderInformation",
          "parameters": {
            "value": "{{ $event.detail.value }}"
          }
        }
      ]
    },
    "toggleDrawer": {
      "chains": [
        {
          "chainId": "application:toggleDrawerHandler"
        }
      ]
    }

  },
  "imports": {
    "components": {
      "oj-button": {
        "path": "ojs/ojbutton"
      },
      "oj-input-text": {
        "path": "ojs/ojinputtext"
      },
      "oj-select-single": {
        "path": "ojs/ojselectsingle"
      },
      "oj-table": {
        "path": "ojs/ojtable"
      }

    }
  }
}