{
    "items": [
        {
            "account_number": "TST_01_11901641-ALTERNATE WORL",
            "account_name": "ALTERNATE WORLDS"
        },
        {
            "account_number": "TST_01_12914986-YOGAACCESSORIE",
            "account_name": "YOGAACCESSORIES LLC"
        },
        {
            "account_number": "24",
            "account_name": null
        },
        {
            "account_number": "26",
            "account_name": null
        },
        {
            "account_number": "161616-CST ACCT CONTACT.COM",
            "account_name": "CST ACCT CONTACT.COM"
        },
        {
            "account_number": "30",
            "account_name": null
        },
        {
            "account_number": "12224132-BARNES & NOBLE INC",
            "account_name": "BARNES & NOBLE INC"
        },
        {
            "account_number": "TST_01_10400459-PAPERHAUS",
            "account_name": "PAPERHAUS"
        },
        {
            "account_number": "TST_01_19607067-THE MAIN INGRE",
            "account_name": "THE MAIN INGREDIENT"
        },
        {
            "account_number": "TST_01_12206963-WHITE PINE MAR",
            "account_name": "WHITE PINE MARKET"
        },
        {
            "account_number": "TST_01_13503439-BOB DYLAN CENT",
            "account_name": "BOB DYLAN CENTER"
        },
        {
            "account_number": "TST_01_15122520-IVY KIDS",
            "account_name": "IVY KIDS"
        },
        {
            "account_number": "TST_01_14220420-KATHLEEN KENT",
            "account_name": "KATHLEEN KENT"
        },
        {
            "account_number": "TST_01_14220552-LAURA U",
            "account_name": "LAURA U"
        },
        {
            "account_number": "TST_01_15122233-JEFFREY MAYER",
            "account_name": "JEFFREY MAYER"
        },
        {
            "account_number": "TST_01_19925066-Szanforlin Ltd",
            "account_name": "Szanforlin Ltda Epp"
        },
        {
            "account_number": "TST_01_11212252-NATIONAL SPEAK",
            "account_name": "NATIONAL SPEAKERS BUREAU"
        },
        {
            "account_number": "TST_01_19603877-GOOD NEIGHBOUR",
            "account_name": "GOOD NEIGHBOUR"
        },
        {
            "account_number": "TST_01_19604147-LE PARCHEMIN",
            "account_name": "LE PARCHEMIN"
        },
        {
            "account_number": "TST_01_15121833-PENTAGRAM",
            "account_name": "PENTAGRAM"
        },
        {
            "account_number": "TST_01_19604892-MINT HEALTH & ",
            "account_name": "MINT HEALTH & DRUGS"
        },
        {
            "account_number": "TST_01_12112368-SHOP FRAICHE",
            "account_name": "SHOP FRAICHE"
        },
        {
            "account_number": "TST_01_10206184-IN THE PINK",
            "account_name": "IN THE PINK"
        },
        {
            "account_number": "TST_01_10918390-GREAT AMERICAN",
            "account_name": "GREAT AMERICAN NATURAL"
        },
        {
            "account_number": "TST_01_15115934-HOMBOM TOYS",
            "account_name": "HOMBOM TOYS"
        }
    ],
    "hasMore": true,
    "limit": 25,
    "offset": 0,
    "count": 25,
    "links": [
        {
            "rel": "self",
            "href": "https://10.2.0.169:8081/ords/hbg_integration/PaymentExtension/hbg_cust_info"
        },
        {
            "rel": "describedby",
            "href": "https://10.2.0.169:8081/ords/hbg_integration/metadata-catalog/PaymentExtension/item"
        },
        {
            "rel": "first",
            "href": "https://10.2.0.169:8081/ords/hbg_integration/PaymentExtension/hbg_cust_info"
        },
        {
            "rel": "next",
            "href": "https://10.2.0.169:8081/ords/hbg_integration/PaymentExtension/hbg_cust_info?offset=25"
        }
    ]
}