{
  "description": "",
  "root": "callFunctionValidateGroup",
  "actions": {
    "callFunctionValidateGroup": {
      "module": "vb/action/builtin/callModuleFunctionAction",
      "parameters": {
        "module": "[[ $application.functions ]]",
        "functionName": "validateGroup",
        "params": [
          "createSubFormatval"
        ]
      },
      "outcomes": {
        "success": "if"
      }
    },
    "if": {
      "module": "vb/action/builtin/ifAction",
      "parameters": {
        "condition": "[[ $chain.results.callFunctionValidateGroup === 'valid' ]]"
      },
      "outcomes": {
        "true": "ifSubFormatDlgLabel"
      }
    },
    "assignVariablesCreateSubFormatObj": {
      "module": "vb/action/builtin/assignVariablesAction",
      "parameters": {
        "$page.variables.CreateSubFormatObj": {
          "source": {
            "created_by": "{{ $application.user.email }}",
            "last_updated_by": "{{ $application.user.email }}"
          },
          "reset": "none",
          "auto": "always"
        }
      },
      "outcomes": {
        "success": "callRestPostFamilyCodeSubFormat"
      }
    },
    "fireNotification": {
      "module": "vb/action/builtin/fireNotificationEventAction",
      "parameters": {
        "target": "leaf",
        "summary": "[[ $chain.results.callRestPostFamilyCodeSubFormat.body.p_return_status ]]"
      }
    },
    "callRestPostFamilyCodeSubFormat": {
      "module": "vb/action/builtin/restAction",
      "parameters": {
        "endpoint": "devOrds/postFamilyCodeSubFormat",
        "body": "{{ $page.variables.CreateSubFormatObj }}"
      },
      "outcomes": {
        "failure": "fireNotification3",
        "success": "if3"
      }
    },
    "fireNotification4": {
      "module": "vb/action/builtin/fireNotificationEventAction",
      "parameters": {
        "target": "leaf",
        "summary": "Sub Format Data Successfully Created",
        "displayMode": "transient",
        "type": "confirmation"
      },
      "outcomes": {
        "success": "callChainFetchSubFormatAction"
      }
    },
    "callChainFetchSubFormatAction": {
      "module": "vb/action/builtin/callChainAction",
      "parameters": {
        "id": "FetchSubFormatAction"
      },
      "outcomes": {
        "success": "callComponentCreateSubFormatClose"
      }
    },
    "callComponentCreateSubFormatClose": {
      "module": "vb/action/builtin/callComponentMethodAction",
      "parameters": {
        "component": "{{ document.getElementById('createSubFormat') }}",
        "method": "close"
      },
      "outcomes": {
        "success": "resetVariablesCreateSubFormatObj"
      }
    },
    "ifSubFormatDlgLabel": {
      "module": "vb/action/builtin/ifAction",
      "parameters": {
        "condition": "[[ $page.variables.SubFormatDlgLabel === \"Create\" ]]"
      },
      "outcomes": {
        "true": "assignVariablesCreateSubFormatObj",
        "false": "assignVariablesCreateSubFormatObj3"
      }
    },
    "if3": {
      "module": "vb/action/builtin/ifAction",
      "parameters": {
        "condition": "[[ $chain.results.callRestPostFamilyCodeSubFormat.body.p_return_status === \"SUCCESS\" ]]"
      },
      "outcomes": {
        "true": "fireNotification4",
        "false": "fireNotification"
      }
    },
    "fireNotification3": {
      "module": "vb/action/builtin/fireNotificationEventAction",
      "parameters": {
        "target": "leaf",
        "summary": "Failed to Create Sub Format",
        "type": "error",
        "displayMode": "transient"
      }
    },
    "resetVariablesCreateSubFormatObj": {
      "module": "vb/action/builtin/resetVariablesAction",
      "parameters": {
        "variables": [
          "$page.variables.CreateSubFormatObj"
        ]
      }
    },
    "assignVariablesCreateSubFormatObj3": {
      "module": "vb/action/builtin/assignVariablesAction",
      "parameters": {
        "$page.variables.CreateSubFormatObj": {
          "source": {
            "last_updated_by": "{{ $application.user.email }}"
          },
          "reset": "none",
          "auto": "always"
        }
      },
      "outcomes": {
        "success": "callRestPutFamilyCodeSubFormat"
      }
    },
    "callRestPutFamilyCodeSubFormat": {
      "module": "vb/action/builtin/restAction",
      "parameters": {
        "endpoint": "devOrds/putFamilyCodeSubFormat",
        "uriParams": {
          "sub_format_id": "{{ $page.variables.CreateSubFormatObj.sub_format_id }}"
        },
        "body": "{{ $page.variables.CreateSubFormatObj }}"
      },
      "outcomes": {
        "failure": "fireNotification7",
        "success": "if4"
      }
    },
    "if4": {
      "module": "vb/action/builtin/ifAction",
      "parameters": {
        "condition": "[[ $chain.results.callRestPutFamilyCodeSubFormat.body.p_return_status === \"SUCCESS\" ]]"
      },
      "outcomes": {
        "false": "fireNotification6",
        "true": "fireNotification5"
      }
    },
    "fireNotification6": {
      "module": "vb/action/builtin/fireNotificationEventAction",
      "parameters": {
        "target": "leaf",
        "summary": "[[ $chain.results.callRestPutFamilyCodeSubFormat.body.p_return_status ]]",
        "displayMode": "transient"
      }
    },
    "fireNotification5": {
      "module": "vb/action/builtin/fireNotificationEventAction",
      "parameters": {
        "target": "leaf",
        "summary": "Sub Format updated Successfully",
        "displayMode": "transient",
        "type": "confirmation"
      },
      "outcomes": {
        "success": "callChainFetchSubFormatAction2"
      }
    },
    "callComponentCreateSubFormatClose2": {
      "module": "vb/action/builtin/callComponentMethodAction",
      "parameters": {
        "component": "{{ document.getElementById('createSubFormat') }}",
        "method": "close"
      },
      "outcomes": {
        "success": "resetVariablesCreateSubFormatObj2"
      }
    },
    "callChainFetchSubFormatAction2": {
      "module": "vb/action/builtin/callChainAction",
      "parameters": {
        "id": "FetchSubFormatAction"
      },
      "outcomes": {
        "success": "callComponentCreateSubFormatClose2"
      }
    },
    "resetVariablesCreateSubFormatObj2": {
      "module": "vb/action/builtin/resetVariablesAction",
      "parameters": {
        "variables": [
          "$page.variables.CreateSubFormatObj"
        ]
      }
    },
    "fireNotification7": {
      "module": "vb/action/builtin/fireNotificationEventAction",
      "parameters": {
        "target": "leaf",
        "summary": "Failed to Update Sub Format",
        "type": "error",
        "displayMode": "persist"
      }
    }
  },
  "variables": {}
}