{
  "description": "",
  "root": "assignVariablesSubFormatRowData",
  "actions": {
    "assignVariablesSubFormatRowData": {
      "module": "vb/action/builtin/assignVariablesAction",
      "parameters": {
        "$page.variables.SubFormatRowData": {
          "source": {
            "created_by": "$application.user.email",
            "last_updated_by": "$application.user.email"
          },
          "reset": "none",
          "auto": "always"
        }
      },
      "outcomes": {
        "success": "callRestPutFamilyCodeSubFormat"
      }
    },
    "fireNotification": {
      "module": "vb/action/builtin/fireNotificationEventAction",
      "parameters": {
        "target": "leaf",
        "summary": "Failed To Update Data",
        "type": "error",
        "displayMode": "transient"
      }
    },
    "callRestPutFamilyCodeSubFormat": {
      "module": "vb/action/builtin/restAction",
      "parameters": {
        "endpoint": "devOrds/putFamilyCodeSubFormat",
        "uriParams": {
          "sub_format_id": "{{ $variables.current.row.sub_format_id }}"
        },
        "body": "{{ $page.variables.SubFormatRowData }}"
      },
      "outcomes": {
        "failure": "fireNotification",
        "success": "fireNotification3"
      }
    },
    "fireNotification3": {
      "module": "vb/action/builtin/fireNotificationEventAction",
      "parameters": {
        "target": "leaf",
        "summary": "Sub Format Data Successfully Updated",
        "displayMode": "transient",
        "type": "confirmation"
      },
      "outcomes": {
        "success": "callChainRefreshLOVAction"
      }
    },
    "callChainRefreshLOVAction": {
      "module": "vb/action/builtin/callChainAction",
      "parameters": {
        "id": "RefreshLOVAction"
      },
      "outcomes": {
        "success": "callChainFetchSubFormatAction"
      }
    },
    "callChainFetchSubFormatAction": {
      "module": "vb/action/builtin/callChainAction",
      "parameters": {
        "id": "FetchSubFormatAction"
      }
    }
  },
  "variables": {
    "key": {
      "required": true,
      "type": "any",
      "input": "fromCaller"
    },
    "index": {
      "required": true,
      "type": "number",
      "input": "fromCaller"
    },
    "current": {
      "required": true,
      "type": "any",
      "input": "fromCaller"
    }
  }
}