{
  "description": "",
  "root": "callChainCreateReservationLine",
  "actions": {

    "resetVariablesCreateReservationLineObj": {
      "module": "vb/action/builtin/resetVariablesAction",
      "parameters": {
        "variables": [
          "$page.variables.CreateReservationLineObj"
        ]
      },
      "outcomes": {
      }
    },
    "callChainCreateReservationLine": {
      "module": "vb/action/builtin/callChainAction",
      "parameters": {
        "id": "CreateReservationLine"
      },
      "outcomes": {
        "success": "callComponentCreatelinesOpen"
      }
    },
    "callComponentCreatelinesOpen": {
      "module": "vb/action/builtin/callComponentMethodAction",
      "parameters": {
        "component": "{{ document.getElementById('createlines') }}",
        "method": "open"
      },
      "outcomes": {
        "success": "resetVariablesCreateReservationLineObj"
      }
    }
  },
  "variables": {}
}