{
  "description": "",
  "root": "callRestGetReservationsUIReservationHeaderCheck2",
  "actions": {
    "assignVariablesCreateReservationObj": {
      "module": "vb/action/builtin/assignVariablesAction",
      "parameters": {
        "$page.variables.CreateReservationObj": {
          "source": "{{ $chain.results.callRestGetReservationsUIReservationHeader.body.items[0] }}",
          "auto": "always"
        }
      }
    },
    "fireNotification": {
      "module": "vb/action/builtin/fireNotificationEventAction",
      "parameters": {
        "target": "leaf",
        "summary": "Info",
        "message": "Reservation Submitted Successfully",
        "type": "confirmation",
        "displayMode": "transient"
      },
      "outcomes": {
        "success": "callRestGetReservationsUIReservationHeader"
      }
    },
    "if": {
      "module": "vb/action/builtin/ifAction",
      "parameters": {
        "condition": "[[ $chain.results.callRestGetReservationsUIReservationHeaderCheck2.body.count > 0 ]]"
      },
      "outcomes": {
        "true": "callRestPostXXHBGLOADRESERVATIO1TriggerReservationLoad",
        "false": "fireNotification7"
      }
    },
    "fireNotification2": {
      "module": "vb/action/builtin/fireNotificationEventAction",
      "parameters": {
        "target": "leaf",
        "summary": "[[ $chain.results.callRestGetReservationsUIReservationHeader.message.summary ]]",
        "type": "error",
        "displayMode": "persist"
      }
    },
    "callRestGetReservationsUIReservationHeader": {
      "module": "vb/action/builtin/restAction",
      "parameters": {
        "endpoint": "devOrds/getReservationsUIReservationHeader",
        "uriParams": {
          "p_pre_reservation_number": "{{ $page.variables.CreateReservationObj.pre_reservation_number }}"
        }
      },
      "outcomes": {
        "failure": "fireNotification2",
        "success": "resetVariablesCreateReservationObj"
      }
    },
    "fireNotification5": {
      "module": "vb/action/builtin/fireNotificationEventAction",
      "parameters": {
        "target": "leaf",
        "summary": "[[ $chain.results.callRestPostXXHBGLOADRESERVATIO1TriggerReservationLoad.message.summary ]]",
        "type": "error",
        "displayMode": "transient"
      }
    },
    "callRestPostXXHBGLOADRESERVATIO1TriggerReservationLoad": {
      "module": "vb/action/builtin/restAction",
      "parameters": {
        "endpoint": "ics/postXXHBG_LOAD_RESERVATIO1_0TriggerReservationLoad",
        "uriParams": {
          "PreReservationNumber": "{{ $page.variables.CreateReservationObj.pre_reservation_number }}",
          "TransactionType": "Create"
        }
      },
      "outcomes": {
        "failure": "fireNotification5",
        "success": "fireNotification"
      }
    },
    "fireNotification6": {
      "module": "vb/action/builtin/fireNotificationEventAction",
      "parameters": {
        "target": "leaf",
        "summary": "[[ $chain.results.callRestGetReservationsUIReservationHeaderCheck2.message.summary ]]",
        "type": "error",
        "displayMode": "persist"
      }
    },
    "callRestGetReservationsUIReservationHeaderCheck2": {
      "module": "vb/action/builtin/restAction",
      "parameters": {
        "endpoint": "devOrds/getReservationsUIReservationHeaderCheck2",
        "uriParams": {
          "p_reservation_number": "{{ $page.variables.CreateReservationObj.pre_reservation_number }}"
        }
      },
      "outcomes": {
        "failure": "fireNotification6",
        "success": "if"
      }
    },
    "fireNotification7": {
      "module": "vb/action/builtin/fireNotificationEventAction",
      "parameters": {
        "target": "leaf",
        "summary": "Info",
        "message": "All the lines in this reservations are already submitted",
        "displayMode": "transient",
        "type": "info"
      }
    },
    "resetVariablesCreateReservationObj": {
      "module": "vb/action/builtin/resetVariablesAction",
      "parameters": {
        "variables": [
          "$page.variables.CreateReservationObj"
        ]
      },
      "outcomes": {
        "success": "assignVariablesCreateReservationObj"
      }
    }
  },
  "variables": {}
}