{
  "description": "",
  "root": "assignVariablesCreateReservationObj",
  "actions": {
    "assignVariablesCreateReservationObj": {
      "module": "vb/action/builtin/assignVariablesAction",
      "parameters": {
        "$page.variables.CreateReservationObj": {
          "source": {
            "auto_clear_on_expiry_date": "{{ $variables.value[0] === \"Y\" ? \"Y\" : \"N\" }}"
          },
          "reset": "none",
          "auto": "always"
        }
      }
    }
  },
  "variables": {
    "value": {
      "required": true,
      "type": "any[]",
      "input": "fromCaller"
    }
  }
}