{
    "items": [
        {
            "value_set_name": "HBG_Owner",
            "flex_value": "AB",
            "description": "Abrams Books",
            "enabled_flag": "Y",
            "start_date_active": null,
            "end_date_active": null,
            "created_by": "thastings@pelotongroup.com",
            "creation_date": "2022-11-21T21:20:11Z",
            "last_updated_by": "thastings@pelotongroup.com",
            "last_update_date": "2022-11-21T21:20:24Z",
            "oic_run_id": 12010810,
            "status": "N",
            "status_message": null
        }
    ],
    "hasMore": false,
    "limit": 25,
    "offset": 0,
    "count": 1,
    "links": [
        {
            "rel": "self",
            "href": "https://10.2.0.169:8081/ords/hbg_integration/DistributionTitleRights/getValueSetsDetails?P_FLEX_VALUE=AB&P_VALUE_SET_NAME=HBG_Owner"
        },
        {
            "rel": "describedby",
            "href": "https://10.2.0.169:8081/ords/hbg_integration/metadata-catalog/DistributionTitleRights/item"
        },
        {
            "rel": "first",
            "href": "https://10.2.0.169:8081/ords/hbg_integration/DistributionTitleRights/getValueSetsDetails?P_FLEX_VALUE=AB&P_VALUE_SET_NAME=HBG_Owner"
        }
    ]
}