{
  "description": "",
  "root": "fireDataProviderEventGetHoldRulesADP",
  "actions": {
    "fireDataProviderEventGetHoldRulesADP": {
      "module": "vb/action/builtin/fireDataProviderEventAction",
      "parameters": {
        "target": "[[ $page.variables.getHoldRulesADP ]]",
        "update": {
          "keys": "{{ $chain.variables.rowKey }}",
          "indexes": [
            "{{ $chain.variables.rowIndex }}"
          ],
          "data": "{{ $page.variables.EditHoldRulesInfoObj }}"
        }
      }
    }
  },
  "variables": {
    "cancelEdit": {
      "required": true,
      "type": "any",
      "input": "fromCaller"
    },
    "rowKey": {
      "required": true,
      "type": "any",
      "input": "fromCaller"
    },
    "rowIndex": {
      "required": true,
      "type": "number",
      "input": "fromCaller"
    },
    "rowData": {
      "required": true,
      "type": "any",
      "input": "fromCaller"
    }
  }
}