{
  "description": "",
  "root": "callComponentClientinfoClose",
  "actions": {
    "callComponentClientinfoClose": {
      "module": "vb/action/builtin/callComponentMethodAction",
      "parameters": {
        "component": "{{ document.getElementById('clientinfo') }}",
        "method": "close"
      },
      "outcomes": {
        "success": "resetVariablesClientCreateObj"
      }
    },
    "resetVariablesClientCreateObj": {
      "module": "vb/action/builtin/resetVariablesAction",
      "parameters": {
        "variables": [
          "$page.variables.ClientCreateObj"
        ]
      },
      "outcomes": {}
    }
  },
  "variables": {}
}