{
  "description": "",
  "root": "callFunctionValidateGroup",
  "actions": {
    "callFunctionValidateGroup": {
      "module": "vb/action/builtin/callModuleFunctionAction",
      "parameters": {
        "module": "[[ $application.functions ]]",
        "functionName": "validateGroup",
        "params": [
          "inventoryValidation"
        ]
      },
      "outcomes": {
        "success": "if"
      }
    },
    "if": {
      "module": "vb/action/builtin/ifAction",
      "parameters": {
        "condition": "[[ $chain.results.callFunctionValidateGroup === 'valid' ]]"
      },
      "outcomes": {
        "true": "ifInvmappingDlglabel"
      }
    },
    "ifInvmappingDlglabel": {
      "module": "vb/action/builtin/ifAction",
      "parameters": {
        "condition": "[[ $page.variables.invmappingDlglabel === \"Create\" ]]"
      },
      "outcomes": {
        "true": "assignVariablesInventorySearchObj",
        "false": "assignVariablesInventorySearchObj2"
      }
    },
    "assignVariablesInventorySearchObj": {
      "module": "vb/action/builtin/assignVariablesAction",
      "parameters": {
        "$page.variables.inventorySearchObj": {
          "source": {
            "updated_by": "{{ $application.user.email }}",
            "entered_by": "{{ $application.user.email }}"
          },
          "reset": "none",
          "auto": "always"
        }
      },
      "outcomes": {
        "success": "callChainFetchInventoryTblAction"
      }
    },
    "assignVariablesInventorySearchObj2": {
      "module": "vb/action/builtin/assignVariablesAction",
      "parameters": {
        "$page.variables.inventorySearchObj": {
          "source": {
            "updated_by": "{{ $application.user.email }}"
          },
          "auto": "always"
        }
      },
      "outcomes": {
        "success": "callChainFetchInventoryTblAction2"
      }
    },
    "callChainFetchInventoryTblAction": {
      "module": "vb/action/builtin/callChainAction",
      "parameters": {
        "id": "FetchInventoryTblAction"
      },
      "outcomes": {
        "success": "callChainCloseInventoryTypeDlgAction"
      }
    },
    "callChainFetchInventoryTblAction2": {
      "module": "vb/action/builtin/callChainAction",
      "parameters": {
        "id": "FetchInventoryTblAction"
      },
      "outcomes": {
        "success": "callChainCloseInventoryTypeDlgAction2"
      }
    },
    "callChainCloseInventoryTypeDlgAction": {
      "module": "vb/action/builtin/callChainAction",
      "parameters": {
        "id": "CloseInventoryTypeDlgAction"
      }
    },
    "callChainCloseInventoryTypeDlgAction2": {
      "module": "vb/action/builtin/callChainAction",
      "parameters": {
        "id": "CloseInventoryTypeDlgAction"
      }
    }
  },
  "variables": {}
}