{
  "description": "",
  "root": "resetVariablesSearchObj",
  "actions": {
    "assignVariablesSelectedParent": {
      "module": "vb/action/builtin/assignVariablesAction",
      "parameters": {
        "$page.variables.SelectedParent": {
          "source": "Org"
        }
      },
      "outcomes": {
        "success": "callRestGetAccountTypeTabledata4"
      }
    },
    "ifCurrentId": {
      "module": "vb/action/builtin/ifAction",
      "parameters": {
        "condition": "[[ $variables.CurrentValue === \"Org\" ]]"
      },
      "outcomes": {
        "true": "assignVariablesSelectedParent",
        "false": "ifCurrentId3"
      }
    },
    "ifCurrentId3": {
      "module": "vb/action/builtin/ifAction",
      "parameters": {
        "condition": "[[ $variables.CurrentValue === \"Accounts\" ]]"
      },
      "outcomes": {
        "true": "assignVariablesSelectedParent2",
        "false": "ifCurrentValue"
      }
    },
    "callChainFetchSitesNavdata": {
      "module": "vb/action/builtin/callChainAction",
      "parameters": {
        "id": "FetchSitesNavdata"
      }
    },
    "ifCurrentValue": {
      "module": "vb/action/builtin/ifAction",
      "parameters": {
        "condition": "[[ $variables.CurrentValue === \"Sites\" ]]"
      },
      "outcomes": {
        "true": "assignVariablesSelectedParent3"
      }
    },
    "assignVariablesSelectedParent3": {
      "module": "vb/action/builtin/assignVariablesAction",
      "parameters": {
        "$page.variables.SelectedParent": {
          "source": "Sites"
        },
        "$page.variables.SelectedNavData": {
          "source": "{{ $variables.SelectedNav }}"
        }
      },
      "outcomes": {
        "success": "callRestGetAccountTypeTabledata2"
      }
    },
    "runInParallel": {
      "module": "vb/action/builtin/forkAction",
      "parameters": {
        "actions": {
          "callChainFetchSitesNavdata": "callChainFetchSitesNavdata",
          "callRestGetAccountNameByNumber": "callRestGetAccountNameByNumber",
          "callRest": "callRestGetAccountTypeTabledata"
        }
      }
    },
    "callRestGetAccountNameByNumber": {
      "module": "vb/action/builtin/restAction",
      "parameters": {
        "endpoint": "devOrds/GetAccountNameByNumber",
        "uriParams": {
          "p_account_number": "{{ $variables.SelectedNav }}"
        }
      },
      "outcomes": {
        "success": "assignVariablesSelectedNavCustAccId"
      }
    },
    "assignVariablesSelectedNavCustAccId": {
      "module": "vb/action/builtin/assignVariablesAction",
      "parameters": {
        "$page.variables.SelectedNavCustAccId": {
          "source": "{{ $chain.results.callRestGetAccountNameByNumber.body.items[0].cust_account_id }}"
        }
      },
      "outcomes": {
        "success": "callChainFetchClientinfoTbl"
      }
    },
    "callChainFetchClientinfoTbl": {
      "module": "vb/action/builtin/callChainAction",
      "parameters": {
        "id": "FetchClientinfoTbl"
      }
    },
    "assignVariablesSelectedParent2": {
      "module": "vb/action/builtin/assignVariablesAction",
      "parameters": {
        "$page.variables.SelectedParent": {
          "source": "Accounts"
        }
      },
      "outcomes": {
        "success": "runInParallel"
      }
    },
    "assignVariablesSelectedNavData": {
      "module": "vb/action/builtin/assignVariablesAction",
      "parameters": {
        "$page.variables.SelectedNavData": {
          "source": "{{ $variables.SelectedNav }}"
        }
      },
      "outcomes": {
        "success": "ifCurrentId"
      }
    },
    "callRestGetAccountTypeTabledata": {
      "module": "vb/action/builtin/restAction",
      "parameters": {
        "endpoint": "devOrds/getAccountTypeTabledata",
        "uriParams": {
          "ACCOUNT_NUMBER": "{{ $variables.SelectedNav }}",
          "USECODE": "BILL_TO"
        }
      },
      "outcomes": {
        "failure": "fireNotification3",
        "success": "assignVariablesSearchObj4"

      }
    },
    "assignVariablesSearchObj": {
      "module": "vb/action/builtin/assignVariablesAction",
      "parameters": {
        "$page.variables.searchObj": {
          "source": "{{ $chain.results.callRestGetAccountTypeTabledata4.body.items[0] }}",
          "auto": "always"
        }
      }
    },
    "callRestGetAccountTypeTabledata2": {
      "module": "vb/action/builtin/restAction",
      "parameters": {
        "endpoint": "devOrds/getAccountTypeTabledata",
        "uriParams": {
          "SITE_NUMBER": "{{ $variables.SelectedNav }}"
        }
      },
      "outcomes": {
        "failure": "fireNotification4",
        "success": "assignVariablesSearchObj2"

      }
    },
    "assignVariablesSearchObj2": {
      "module": "vb/action/builtin/assignVariablesAction",
      "parameters": {
        "$page.variables.searchObj": {
          "source": "{{ $chain.results.callRestGetAccountTypeTabledata2.body.items[0] }}",
          "auto": "always"
        }
      }
    },
    "resetVariablesSearchObj": {
      "module": "vb/action/builtin/resetVariablesAction",
      "parameters": {
        "variables": [
          "$page.variables.searchObj"
        ]
      },
      "outcomes": {
        "success": "assignVariablesSelectedNavData"
      }
    },
    "fireNotification": {
      "module": "vb/action/builtin/fireNotificationEventAction",
      "parameters": {
        "target": "leaf",
        "summary": "failed to Fetch Details",
        "type": "error",
        "displayMode": "transient"
      }
    },
    "callRestGetAccountTypeTabledata4": {
      "module": "vb/action/builtin/restAction",
      "parameters": {
        "endpoint": "devOrds/getAccountTypeTabledata",
        "uriParams": {
          "REGISTRY_ID": "{{ $variables.SelectedNav }}"
        }
      },
      "outcomes": {
        "failure": "fireNotification",
        "success": "assignVariablesSearchObj"
      }
    },
    "fireNotification3": {
      "module": "vb/action/builtin/fireNotificationEventAction",
      "parameters": {
        "target": "leaf",
        "summary": "Failed to Fetch Details",
        "type": "error",
        "displayMode": "transient"
      }
    },
    "assignVariablesSearchObj4": {
      "module": "vb/action/builtin/assignVariablesAction",
      "parameters": {
        "$page.variables.searchObj": {
          "source": "{{ $chain.results.callRestGetAccountTypeTabledata.body.items[0] }}",
          "auto": "always"
        }
      }
    },
    "fireNotification4": {
      "module": "vb/action/builtin/fireNotificationEventAction",
      "parameters": {
        "target": "leaf",
        "summary": "Failed to Fetch Details",
        "type": "error",
        "displayMode": "transient"
      }
    }
  },
  "variables": {
    "CurrentValue": {
      "type": "string",
      "input": "fromCaller"
    },
    "SelectedNav": {
      "type": "string",
      "input": "fromCaller"
    }
  }
}