{
    "items": [
        {
            "organization_code": "HBG",
            "subinventory_code": "FG",
            "lot_number": "24.99|26.99|22.99|NNN",
            "quantity": 70000,
            "item_status": "Active"
        },
        {
            "organization_code": "HBG",
            "subinventory_code": "FG",
            "lot_number": "8",
            "quantity": 6240,
            "item_status": "Active"
        }
    ],
    "hasMore": false,
    "limit": 25,
    "offset": 0,
    "count": 2,
    "links": [
        {
            "rel": "self",
            "href": "https://10.2.0.169:8081/ords/hbg_integration/ReservationsUI/getLotDetailsbyItemCode?item_code=9780316347006"
        },
        {
            "rel": "describedby",
            "href": "https://10.2.0.169:8081/ords/hbg_integration/metadata-catalog/ReservationsUI/item"
        },
        {
            "rel": "first",
            "href": "https://10.2.0.169:8081/ords/hbg_integration/ReservationsUI/getLotDetailsbyItemCode?item_code=9780316347006"
        }
    ]
}