{
    "items": [
        {
            "trxtype": "ADJ",
            "trxcodes": "37, 44"
        },
        {
            "trxtype": "ADV",
            "trxcodes": "01V, 17, 21, 21A, 22, 22M, 24, 24A, 24B, 24C, 24D, 24K, 24M, 24O, 24P, 24Q, 24S, 24V, 26, 41, 41M, 41Q, 42, 43"
        },
        {
            "trxtype": "CC",
            "trxcodes": "18, 40"
        },
        {
            "trxtype": "CH",
            "trxcodes": "02, 03, 04, 07, 10, 11, 11P, 12, 13, 15, 16, 19, 20, 25B"
        },
        {
            "trxtype": "CR",
            "trxcodes": "04A, 50, 50A, 50B, 50C, 51"
        },
        {
            "trxtype": "CSH",
            "trxcodes": "32, 32A, 32B, 32C, 33, 34, 35"
        },
        {
            "trxtype": "GL",
            "trxcodes": "27, 28, 30, 56, 60"
        },
        {
            "trxtype": "INV",
            "trxcodes": "01, 01A, 01AS, 01C, 01CS, 01D, 01DS, 01K, 01KS, 01M, 01MS, 01P, 01R, 01RS, 01S"
        },
        {
            "trxtype": "RET",
            "trxcodes": "02B, 05, 05A, 05B, 14, 14A, 14R, 29, 29M, 31, 31M, 36"
        },
        {
            "trxtype": "RST",
            "trxcodes": "25, 54"
        },
        {
            "trxtype": "SAD",
            "trxcodes": "04B, 06, 23, 36A, 55, 55A, 55M, 55R"
        },
        {
            "trxtype": null,
            "trxcodes": null
        }
    ],
    "hasMore": false,
    "limit": 0,
    "offset": 0,
    "count": 12,
    "links": [
        {
            "rel": "self",
            "href": "https://10.2.0.169:8081/ords/hbg_integration/arCustMaintenance/getTransactionType"
        },
        {
            "rel": "describedby",
            "href": "https://10.2.0.169:8081/ords/hbg_integration/metadata-catalog/arCustMaintenance/item"
        }
    ]
}