{
  "description": "",
  "root": "if",
  "actions": {
    "assignVariablesSalesAssignRow": {
      "module": "vb/action/builtin/assignVariablesAction",
      "parameters": {
        "$page.variables.SalesAssignRow": {
          "source": {
            "reporting_group_description": "{{ $variables.data.meaning }}"
          },
          "reset": "none",
          "auto": "always"
        }
      },
      "outcomes": {
        "success": "resetVariablesRowReportingGroup"
      }
    },
    "resetVariablesSalesAssignRow": {
      "module": "vb/action/builtin/resetVariablesAction",
      "parameters": {
        "variables": [
          "$page.variables.SalesAssignRow.reporting_group_description",
          "$page.variables.SalesAssignRow.category_1"          ,
          "$page.variables.SalesAssignRow.category_1_description"          ,
          "$page.variables.SalesAssignRow.category_2"          ,
          "$page.variables.SalesAssignRow.category_2_description"
        ]
      },
      "outcomes": {
        "success": "assignVariablesSalesAssignRow"
      }
    },
    "if": {
      "module": "vb/action/builtin/ifAction",
      "parameters": {
        "condition": "[[ $variables.data.description !== $page.variables.RowReportingGroup && ($variables.data.description !== \"\" && $variables.data.description !== null && typeof $variables.data.description !== \"undefined\") ]]"
      },
      "outcomes": {
        "true": "resetVariablesSalesAssignRow"
      }
    },
    "resetVariablesRowReportingGroup": {
      "module": "vb/action/builtin/resetVariablesAction",
      "parameters": {
        "variables": [
          "$page.variables.RowReportingGroup"
        ]
      }
    }
  },
  "variables": {
    "key": {
      "required": true,
      "type": "any",
      "input": "fromCaller"
    },
    "data": {
      "required": true,
      "type": "any",
      "input": "fromCaller"
    },
    "metadata": {
      "required": true,
      "type": "any",
      "input": "fromCaller"
    },
    "index": {
      "required": true,
      "type": "number",
      "input": "fromCaller"
    },
    "current": {
      "required": true,
      "type": "any",
      "input": "fromCaller"
    }
  }
}