{
  "description": "",
  "root": "ifCurrentValue",
  "actions": {
    "ifCurrentValue": {
      "module": "vb/action/builtin/ifAction",
      "parameters": {
        "condition": "[[ $variables.CurrentValue.length >= 3 ]]"
      },
      "outcomes": {
        "true": "callRestGetCommonGetBisac"
      }
    },
    "fireNotification": {
      "module": "vb/action/builtin/fireNotificationEventAction",
      "parameters": {
        "target": "leaf",
        "summary": "Failed to fetch BISAC",
        "type": "error",
        "displayMode": "persist"
      }
    },
    "callRestGetCommonGetBisac": {
      "module": "vb/action/builtin/restAction",
      "parameters": {
        "endpoint": "devOrds/getCommonGetBisac",
        "uriParams": {
          "flex_value": "{{ $variables.CurrentValue }}"
        }
      },
      "outcomes": {
        "failure": "fireNotification",
        "success": "assignVariablesBisacArray"
      }
    },
    "assignVariablesBisacArray": {
      "module": "vb/action/builtin/assignVariablesAction",
      "parameters": {
        "$page.variables.BisacArray": {
          "source": "{{ $chain.results.callRestGetCommonGetBisac.body.items }}"
        }
      }
    }
  },
  "variables": {
    "CurrentValue": {
      "type": "string",
      "description": "",
      "input": "fromCaller"
    }
  }
}