{
  "description": "",
  "root": "ifValue",
  "actions": {
    "callRestGetLookupValueDetails": {
      "module": "vb/action/builtin/restAction",
      "parameters": {
        "endpoint": "devOrds/GetLookupValueDetails",
        "uriParams": {
          "P_LOOKUP_CODE": "{{ $page.variables.salesAssignCreatObj.owner + $page.variables.salesAssignCreatObj.reporting_group + $page.variables.salesAssignCreatObj.category_1 + $variables.value }}",
          "P_LOOKUP_TYPE": "HBG_CATEGORY_2"
        }
      },
      "outcomes": {
        "success": "assignVariablesSalesAssignCreatObj"
      }
    },
    "assignVariablesSalesAssignCreatObj": {
      "module": "vb/action/builtin/assignVariablesAction",
      "parameters": {
        "$page.variables.salesAssignCreatObj": {
          "source": {
            "category_2_description": "{{ $chain.results.callRestGetLookupValueDetails.body.items[0].meaning }}"
          },
          "reset": "none",
          "auto": "always"
        }
      }
    },
    "ifValue": {
      "module": "vb/action/builtin/ifAction",
      "parameters": {
        "condition": "[[ $variables.value ]]"
      },
      "outcomes": {
        "true": "callRestGetLookupValueDetails",
        "false": "resetVariablesSalesAssignCreatObj"
      }
    },
    "resetVariablesSalesAssignCreatObj": {
      "module": "vb/action/builtin/resetVariablesAction",
      "parameters": {
        "variables": [
          "$page.variables.salesAssignCreatObj.category_2_description"
        ]
      }
    }
  },
  "variables": {
    "value": {
      "required": true,
      "type": "any",
      "input": "fromCaller"
    }
  }
}