{
  "description": "",
  "root": "fireNotificationData",
  "actions": {
    "assignVariablesSalesAssignRow": {
      "module": "vb/action/builtin/assignVariablesAction",
      "parameters": {
        "$page.variables.SalesAssignRow": {
          "source": {
            "SF_TERRITORY_ID": "{{ $variables.data.sf_territory_id }}",
            "territory_name": "{{ $variables.data.territory_name }}"
          },
          "reset": "none",
          "auto": "always"
        }
      },
      "outcomes": {
        "success": "resetVariablesRowterritory"
      }
    },
    "resetVariablesSalesAssignRow": {
      "module": "vb/action/builtin/resetVariablesAction",
      "parameters": {
        "variables": [
          "$page.variables.SalesAssignRow.territory_name",
          "$page.variables.SalesAssignRow.sales_rep"          ,
          "$page.variables.SalesAssignRow.sales_rep_name"
        ]
      },
      "outcomes": {
        "success": "assignVariablesSalesAssignRow"
      }
    },
    "if": {
      "module": "vb/action/builtin/ifAction",
      "parameters": {
        "condition": "[[ $variables.data.territory_number !== $page.variables.Rowterritory && ($variables.data.territory_number !== \"\" && $variables.data.territory_number !== null && typeof $variables.data.territory_number !== \"undefined\") ]]"
      },
      "outcomes": {
        "true": "resetVariablesSalesAssignRow",
        "false": "resetVariablesRowterritory"
      }
    },
    "resetVariablesRowterritory": {
      "module": "vb/action/builtin/resetVariablesAction",
      "parameters": {
        "variables": [
          "$page.variables.Rowterritory"
        ]
      }
    },
    "fireNotificationData": {
      "module": "vb/action/builtin/fireNotificationEventAction",
      "parameters": {
        "target": "leaf",
        "summary": "[[ $variables.data ]]"
      },
      "outcomes": {
        "success": "if"
      }
    }
  },
  "variables": {
    "key": {
      "required": true,
      "type": "any",
      "input": "fromCaller"
    },
    "data": {
      "required": true,
      "type": "any",
      "input": "fromCaller"
    },
    "metadata": {
      "required": true,
      "type": "any",
      "input": "fromCaller"
    },
    "index": {
      "required": true,
      "type": "number",
      "input": "fromCaller"
    },
    "current": {
      "required": true,
      "type": "any",
      "input": "fromCaller"
    }
  }
}