{
  "description": "",
  "root": "resetVariablesSalesAssignCreatObj",
  "actions": {
    "assignVariablesSalesAssignCreatObj": {
      "module": "vb/action/builtin/assignVariablesAction",
      "parameters": {
        "$page.variables.SalesAssignRow": {
          "source": {
            "account_name": "{{ $variables.data.account_name }}",
            "cust_accnt_id": "{{ $variables.data.cust_account_id }}"
          },
          "reset": "none",
          "auto": "always"
        }
      },
      "outcomes": {
        "success": "runInParallel"
      }
    },
    "resetVariablesSalesAssignCreatObj": {
      "module": "vb/action/builtin/resetVariablesAction",
      "parameters": {
        "variables": [
          "$page.variables.SalesAssignRow.account_name",
          "$page.variables.SalesAssignRow.ship_to_country",
          "$page.variables.SalesAssignRow.ship_to_name",
          "$page.variables.SalesAssignRow.ship_to_number",
          "$page.variables.SalesAssignRow.ship_to_state",
          "$page.variables.SalesAssignRow.bill_to_",
          "$page.variables.SalesAssignRow.bill_to_country",
          "$page.variables.SalesAssignRow.state_province",
          "$page.variables.SalesAssignRow.final_destination_country"
        ]
      },
      "outcomes": {
        "success": "assignVariablesSalesAssignCreatObj"
      }
    },
    "runInParallel": {
      "module": "vb/action/builtin/forkAction",
      "parameters": {
        "actions": {
          "callRest": "callRestGetSalesCreditGetBillandShipInfo",
          "callRest2": "callRestGetSalesCreditGetBillandShipInfo2"
        }
      }
    },
    "callRestGetSalesCreditGetBillandShipInfo": {
      "module": "vb/action/builtin/restAction",
      "parameters": {
        "endpoint": "devOrds/getSalesCreditGetBillandShipInfo",
        "uriParams": {
          "USECODE": "SHIP_TO",
          "CUST_ACCOUNT_ID": "{{ $page.variables.SalesAssignRow.cust_accnt_id }}"
        }
      },
      "outcomes": {

        "success": "assignVariablesSalesAssignCreatObj3"
      }
    },
    "callRestGetSalesCreditGetBillandShipInfo2": {
      "module": "vb/action/builtin/restAction",
      "parameters": {
        "endpoint": "devOrds/getSalesCreditGetBillandShipInfo",
        "uriParams": {
          "CUST_ACCOUNT_ID": "{{ $page.variables.SalesAssignRow.cust_accnt_id }}",
          "USECODE": "BILL_TO"
        }
      },
      "outcomes": {

        "success": "assignVariablesSalesAssignRow"
      }
    },
    "assignVariablesSalesAssignCreatObj3": {
      "module": "vb/action/builtin/assignVariablesAction",
      "parameters": {
        "$page.variables.SalesAssignRow": {
          "source": {
            "ship_to_state": "{{ $chain.results.callRestGetSalesCreditGetBillandShipInfo.body.items[0].state }}",
            "ship_to_name": "{{ $chain.results.callRestGetSalesCreditGetBillandShipInfo.body.items[0].ship_to_name }}",
            "ship_to_number": "{{ $chain.results.callRestGetSalesCreditGetBillandShipInfo.body.items[0].ship_to_number }}",
            "state_province": "{{ $chain.results.callRestGetSalesCreditGetBillandShipInfo.body.items[0].province }}",
            "ship_to_country": "{{ $chain.results.callRestGetSalesCreditGetBillandShipInfo.body.items[0].country }}"
          },
          "reset": "none",
          "auto": "always"
        }
      }
    },
    "assignVariablesSalesAssignRow": {
      "module": "vb/action/builtin/assignVariablesAction",
      "parameters": {
        "$page.variables.SalesAssignRow": {
          "source": {
            "bill_to_country": "{{ $chain.results.callRestGetSalesCreditGetBillandShipInfo2.body.items[0].country }}",
            "state_province": "{{ $chain.results.callRestGetSalesCreditGetBillandShipInfo2.body.items[0].state }}",
            "final_destination_country": "{{ $chain.results.callRestGetSalesCreditGetBillandShipInfo2.body.items[0].country }}"
          },
          "reset": "none",
          "auto": "always"
        }
      }
    }
  },
  "variables": {
    "key": {
      "required": true,
      "type": "any",
      "input": "fromCaller"
    },
    "data": {
      "required": true,
      "type": "any",
      "input": "fromCaller"
    },
    "metadata": {
      "required": true,
      "type": "any",
      "input": "fromCaller"
    }
  }
}