{
    "items": [
        {
            "party_id": 100000224222569,
            "party_name": "AMAZON",
            "party_number": "90001403"
        },
        {
            "party_id": 300000034442128,
            "party_name": "AMAZON",
            "party_number": "309711"
        }
    ],
    "hasMore": false,
    "limit": 25,
    "offset": 0,
    "count": 2,
    "links": [
        {
            "rel": "self",
            "href": "https://10.2.0.169:8081/ords/hbg_integration/Common/getOrganizationIdbyName?part_name=AMAZON"
        },
        {
            "rel": "describedby",
            "href": "https://10.2.0.169:8081/ords/hbg_integration/metadata-catalog/Common/item"
        },
        {
            "rel": "first",
            "href": "https://10.2.0.169:8081/ords/hbg_integration/Common/getOrganizationIdbyName?part_name=AMAZON"
        }
    ]
}