{
    "items": [
        {
            "external_imp_code": "imp",
            "external_imp_name": "imp",
            "external_imp_abbr": "imp"
        }
    ],
    "hasMore": false,
    "limit": 25,
    "offset": 0,
    "count": 1,
    "links": [
        {
            "rel": "self",
            "href": "https://10.2.0.169:8081/ords/hbg_integration/familyCode/ImprintLOV?REPORTING_GROUP_ID=4047351806"
        },
        {
            "rel": "describedby",
            "href": "https://10.2.0.169:8081/ords/hbg_integration/metadata-catalog/familyCode/item"
        },
        {
            "rel": "first",
            "href": "https://10.2.0.169:8081/ords/hbg_integration/familyCode/ImprintLOV?REPORTING_GROUP_ID=4047351806"
        }
    ]
}