{
    "items": [
        {
            "lookup_code": "DOO_ANALYTIC_CHART_REASON",
            "meaning": "Released from business analytic chart"
        },
        {
            "lookup_code": "HBG_AUTO_RELEASE",
            "meaning": "HBG Automatic Release"
        },
        {
            "lookup_code": "HBG_MANUAL_RELEASE",
            "meaning": "HBG Manual Release"
        },
        {
            "lookup_code": "ORA_CREDIT_CHK_FAIL_RESOLVED",
            "meaning": "Credit check failure resolved"
        },
        {
            "lookup_code": "ORA_CREDIT_CHK_REV_PASS",
            "meaning": "Credit check passed on Revision"
        },
        {
            "lookup_code": "ORA_CREDIT_REV_APPROVED_AUTH",
            "meaning": "Credit review approved with authorization"
        },
        {
            "lookup_code": "ORA_OVERRIDE_CREDIT_CHK_HOLD",
            "meaning": "Override the credit check hold"
        }
    ],
    "hasMore": false,
    "limit": 25,
    "offset": 0,
    "count": 7,
    "links": [
        {
            "rel": "self",
            "href": "https://10.2.0.169:8081/ords/hbg_integration/SoMasterUpdate/getReleasecodes"
        },
        {
            "rel": "describedby",
            "href": "https://10.2.0.169:8081/ords/hbg_integration/metadata-catalog/SoMasterUpdate/item"
        },
        {
            "rel": "first",
            "href": "https://10.2.0.169:8081/ords/hbg_integration/SoMasterUpdate/getReleasecodes"
        }
    ]
}