{
    "items": [
        {
            "template_id": 1,
            "template_name": "MR-HEADER1",
            "template_description": "MR-HEADER1",
            "cust_account_id": null,
            "owner_code": null,
            "account_number": null,
            "account_description": null,
            "owner_name": null,
            "start_date": null,
            "end_date": null,
            "entered_date": null,
            "updated_date": null,
            "entered_by": null,
            "updated_by": null
        }
    ],
    "hasMore": false,
    "limit": 1000,
    "offset": 0,
    "count": 1,
    "links": [
        {
            "rel": "self",
            "href": "https://10.2.0.169:8081/ords/hbg_integration/CustomeOrders/getTemplateHeaders"
        },
        {
            "rel": "describedby",
            "href": "https://10.2.0.169:8081/ords/hbg_integration/metadata-catalog/CustomeOrders/item"
        },
        {
            "rel": "first",
            "href": "https://10.2.0.169:8081/ords/hbg_integration/CustomeOrders/getTemplateHeaders"
        }
    ]
}