{
    "items": [
        {
            "format_id": 1,
            "format_code": "Test",
            "format_name": "Test",
            "format_abbr": null,
            "ebook_ind": null,
            "nonpub_item_ind": null,
            "audio_ind": null,
            "inc_sale_ind": null,
            "cal_ind": null,
            "commodity_code": null,
            "require_sub_fmt_ind": null,
            "status": null,
            "creation_date": null,
            "created_by": null,
            "last_updated_date": null,
            "last_updated_by": null
        }
    ],
    "hasMore": false,
    "limit": 25,
    "offset": 0,
    "count": 1,
    "links": [
        {
            "rel": "self",
            "href": "https://10.2.0.169:8081/ords/hbg_integration/familyCode/FamilyCodeFormat"
        },
        {
            "rel": "edit",
            "href": "https://10.2.0.169:8081/ords/hbg_integration/familyCode/FamilyCodeFormat"
        },
        {
            "rel": "describedby",
            "href": "https://10.2.0.169:8081/ords/hbg_integration/metadata-catalog/familyCode/item"
        },
        {
            "rel": "first",
            "href": "https://10.2.0.169:8081/ords/hbg_integration/familyCode/FamilyCodeFormat"
        }
    ]
}