{
    "items": [
        {
            "organization_number": 96419253,
            "account_type": "02",
            "description": "AGENCY ACCOUNTS (ABRAMS)",
            "bill_to_country": null,
            "bill_to_state": null,
            "ship_to_country": null,
            "ship_to_state": null,
            "final_destination_country": null,
            "sales_force": "88",
            "sales_force_name": "Taylor",
            "division": "21",
            "division_name": "Taylor 21",
            "territory": "01",
            "territory_name": "Taylor 01",
            "sales_rep": "01",
            "sales_rep_name": "Taylor 0101",
            "distribution_channel": "Taylor88",
            "notes": null,
            "entered_by": "freis@pelotongroup.com",
            "entered_date": "2023-03-06T14:33:50Z",
            "updated_by": "freis@pelotongroup.com",
            "updated_date": "2023-03-06T14:33:50Z",
            "start_date": "2023-03-06",
            "end_date": null,
            "status": "Active",
            "df_distribution_id": 321,
            "account_number": null,
            "account_name": null
        },
        {
            "organization_number": 9001,
            "account_type": "02",
            "description": "AGENCY ACCOUNTS (ABRAMS)",
            "bill_to_country": "United Arab Emirates",
            "bill_to_state": "AR",
            "ship_to_country": "United Arab Emirates",
            "ship_to_state": "AR",
            "final_destination_country": "Antigua and Barbuda",
            "sales_force": "MR-14",
            "sales_force_name": "MR-14",
            "division": "MR-14",
            "division_name": "MR-14",
            "territory": "MR-14",
            "territory_name": "MR-14",
            "sales_rep": "MR-14",
            "sales_rep_name": "MR-14",
            "distribution_channel": "MR-14",
            "notes": "MR-142",
            "entered_by": "freis@pelotongroup.com",
            "entered_date": "2023-03-02T10:45:50Z",
            "updated_by": "freis@pelotongroup.com",
            "updated_date": "2023-03-02T10:45:50Z",
            "start_date": "2023-03-02",
            "end_date": "2023-03-28",
            "status": "Inactive",
            "df_distribution_id": 301,
            "account_number": null,
            "account_name": null
        },
        {
            "organization_number": 90000470,
            "account_type": "05",
            "description": "SS FREE FRT NONRET WHOLESALER",
            "bill_to_country": "United States",
            "bill_to_state": "TX",
            "ship_to_country": null,
            "ship_to_state": null,
            "final_destination_country": null,
            "sales_force": "TTEST1",
            "sales_force_name": "TTEST1",
            "division": "21",
            "division_name": "ID ACCOUNT REPS",
            "territory": "01",
            "territory_name": "NORTHWEST",
            "sales_rep": "03",
            "sales_rep_name": "TOM WALSER",
            "distribution_channel": "TTEST1",
            "notes": null,
            "entered_by": "thastings@pelotongroup.com",
            "entered_date": "2023-02-28T16:27:22Z",
            "updated_by": "thastings@pelotongroup.com",
            "updated_date": "2023-02-28T16:27:22Z",
            "start_date": "2023-02-28",
            "end_date": null,
            "status": "Active",
            "df_distribution_id": 281,
            "account_number": null,
            "account_name": null
        },
        {
            "organization_number": 90000424,
            "account_type": "03",
            "description": "SS FREE FRT RET WHOLESALER(JOBBER)(3A)",
            "bill_to_country": "United States",
            "bill_to_state": "TX",
            "ship_to_country": "United States",
            "ship_to_state": "TX",
            "final_destination_country": null,
            "sales_force": "01",
            "sales_force_name": "HBG ID/WHL SALES",
            "division": "0",
            "division_name": "ID ACCOUNT REPS",
            "territory": "01",
            "territory_name": "NORTHWEST",
            "sales_rep": "01",
            "sales_rep_name": "BOB LEVINE",
            "distribution_channel": "TAYLORTEST5",
            "notes": null,
            "entered_by": "thastings@pelotongroup.com",
            "entered_date": "2023-02-27T18:18:39Z",
            "updated_by": "thastings@pelotongroup.com",
            "updated_date": "2023-02-27T18:18:39Z",
            "start_date": "2023-02-27",
            "end_date": null,
            "status": "Active",
            "df_distribution_id": 261,
            "account_number": null,
            "account_name": null
        },
        {
            "organization_number": 90001403,
            "account_type": "02",
            "description": "AGENCY ACCOUNTS (ABRAMS)",
            "bill_to_country": "Andorra",
            "bill_to_state": "AL",
            "ship_to_country": "United Arab Emirates",
            "ship_to_state": "AL",
            "final_destination_country": null,
            "sales_force": "MR01",
            "sales_force_name": "MR01",
            "division": "MR01-DIV",
            "division_name": "MR01-DIV",
            "territory": "MR01-TER02",
            "territory_name": "MR01-TER02",
            "sales_rep": "01",
            "sales_rep_name": "TEST",
            "distribution_channel": "MR-DIST1",
            "notes": "zasdfghnjm,",
            "entered_by": "freis@pelotongroup.com",
            "entered_date": "2023-02-27T09:31:13Z",
            "updated_by": "freis@pelotongroup.com",
            "updated_date": "2023-02-27T09:31:13Z",
            "start_date": "2023-02-24",
            "end_date": "2023-02-28",
            "status": "Inactive",
            "df_distribution_id": 241,
            "account_number": null,
            "account_name": null
        },
        {
            "organization_number": 90000424,
            "account_type": "02",
            "description": "AGENCY ACCOUNTS (ABRAMS)",
            "bill_to_country": null,
            "bill_to_state": null,
            "ship_to_country": null,
            "ship_to_state": null,
            "final_destination_country": "US",
            "sales_force": "MR01",
            "sales_force_name": "MR01",
            "division": "MR01-DIV",
            "division_name": "MR01-DIV",
            "territory": "MR01-TER02",
            "territory_name": "MR01-TER02",
            "sales_rep": "MR01-REP02",
            "sales_rep_name": "MR01-REP02",
            "distribution_channel": "TAYTEST",
            "notes": null,
            "entered_by": "thastings@pelotongroup.com",
            "entered_date": "0021-02-20T00:00:00Z",
            "updated_by": "thastings@pelotongroup.com",
            "updated_date": "2023-02-22T18:31:56Z",
            "start_date": "0019-02-23",
            "end_date": null,
            "status": "Active",
            "df_distribution_id": 221,
            "account_number": null,
            "account_name": null
        },
        {
            "organization_number": 90001403,
            "account_type": "02",
            "description": "AGENCY ACCOUNTS (ABRAMS)",
            "bill_to_country": "Serbia",
            "bill_to_state": "WA",
            "ship_to_country": "Serbia",
            "ship_to_state": "WA",
            "final_destination_country": "Serbia",
            "sales_force": "MR-SF1",
            "sales_force_name": "MR-SF1",
            "division": "MR-DIV1",
            "division_name": "MR-DIV1",
            "territory": "MR-TER1",
            "territory_name": "MR-TER1",
            "sales_rep": "MR-SR1",
            "sales_rep_name": "MR-SR1",
            "distribution_channel": "MR-DIST1",
            "notes": "MR-DEF DIST 1",
            "entered_by": "freis@pelotongroup.com",
            "entered_date": "0020-02-21T00:00:00Z",
            "updated_by": "freis@pelotongroup.com",
            "updated_date": "2023-02-20T12:44:46Z",
            "start_date": "2023-02-22",
            "end_date": "2023-02-25",
            "status": "Inactive",
            "df_distribution_id": 203,
            "account_number": null,
            "account_name": null
        }
    ],
    "hasMore": false,
    "limit": 100,
    "offset": 0,
    "count": 7,
    "links": [
        {
            "rel": "self",
            "href": "https://10.2.0.169:8081/ords/hbg_integration/salesCredit/DefaultDistributionChannel"
        },
        {
            "rel": "edit",
            "href": "https://10.2.0.169:8081/ords/hbg_integration/salesCredit/DefaultDistributionChannel"
        },
        {
            "rel": "describedby",
            "href": "https://10.2.0.169:8081/ords/hbg_integration/metadata-catalog/salesCredit/item"
        },
        {
            "rel": "first",
            "href": "https://10.2.0.169:8081/ords/hbg_integration/salesCredit/DefaultDistributionChannel"
        }
    ]
}