{
    "items": [
        {
            "description": "ANTIQUES & COLLECTIBLES / Autographs"
        }
    ],
    "hasMore": false,
    "limit": 25,
    "offset": 0,
    "count": 1,
    "links": [
        {
            "rel": "self",
            "href": "https://10.2.0.169:8081/ords/hbg_integration/Common/getBisacDescription?FLEX_VALUE=ANT003000"
        },
        {
            "rel": "describedby",
            "href": "https://10.2.0.169:8081/ords/hbg_integration/metadata-catalog/Common/item"
        },
        {
            "rel": "first",
            "href": "https://10.2.0.169:8081/ords/hbg_integration/Common/getBisacDescription?FLEX_VALUE=ANT003000"
        }
    ]
}