{
  "description": "",
  "root": "assignVariablesRowCat2Id",
  "actions": {
    "assignVariablesRowCat2Id": {
      "module": "vb/action/builtin/assignVariablesAction",
      "parameters": {
        "$page.variables.rowCat2Id": {
          "source": "{{ $variables.rowData.category2_id }}"
        }
      }
    }
  },
  "variables": {
    "rowKey": {
      "required": true,
      "type": "any",
      "input": "fromCaller"
    },
    "rowData": {
      "required": true,
      "type": "any",
      "input": "fromCaller"
    }
  }
}