{
  "description": "",
  "root": "resetVariablesCat2CreateObj",
  "actions": {
    "resetVariablesCat2CreateObj": {
      "module": "vb/action/builtin/resetVariablesAction",
      "parameters": {
        "variables": [
          "$page.variables.Cat2CreateObj"
        ]
      },
      "outcomes": {
        "success": "assignVariablesCat2DlgLabel"
      }
    },
    "callComponentCreateCategory2Open": {
      "module": "vb/action/builtin/callComponentMethodAction",
      "parameters": {
        "component": "{{ document.getElementById('createCategory2') }}",
        "method": "open"
      }
    },
    "assignVariablesCat2DlgLabel": {
      "module": "vb/action/builtin/assignVariablesAction",
      "parameters": {
        "$page.variables.Cat2DlgLabel": {
          "source": "Create"
        }
      },
      "outcomes": {
        "success": "callComponentCreateCategory2Open"
      }
    }
  },
  "variables": {}
}