{
  "id": "titlerights",
  "description": "Flow main",
  "defaultPage": "titlerights-start",
  "services": {},
  "types": {
    "@decorators.getCountriesList": {
      "endpoint": "getDistributionTitleRightsGetCountriesList",
      "service": "ordsHbg_integration",
      "path": "response"
    },
    "@decorators.getTitleRightDetailsInfo": {
      "endpoint": "getDistributionTitleRightsGetTitleRightDetailsInfo2",
      "service": "ordsHbg_integration",
      "path": "response"
    },
    "@decorators.getTitleRightsHeaderInfo": {
      "endpoint": "getDistributionTitleRightsGetTitleRightHeaderInfo",
      "service": "ordsHbg_integration",
      "path": "response"
    },
    "getCountriesList": {
      "concat_country_code": "string",
      
          "country_code": "string",
          "country_id": "number",
          "country_name": "string"
      
    },
    "getTitleRightDetailsInfo": {
      
          "country_code": "string",
          "country_name": "string",
          "item_number": "string",
          "title_right_category": "string",
          "title_right_detail_id": "number",
          "title_right_id": "number"
     
    },
    "getTitleRightsHeaderInfo": {
  
          "category_1": "string",
          "category_1_description": "string",
          "category_2": "string",
          "category_2_description": "string",
          "format": "string",
          "format_description": "string",
          "inventory_item_id": "number",
          "item_number": "string",
          "owner": "string",
          "owner_description": "string",
          "reporting_group": "string",
          "reporting_group_description": "string",
          "short_author": "string",
          "short_title": "string",
          "subformat": "string",
          "subformat_description": "string",
          "title_right_id": "number"
  
    }

  },
  "variables": {
    "getCountriesListADP": {
      "type": "vb/ArrayDataProvider2",
      "defaultValue": {
        "itemType": "getCountriesList",
        "keyAttributes": "country_code"
      }
    },
    "getCountriesNameADP": {
      "type": "vb/ArrayDataProvider2",
      "defaultValue": {
        "itemType": "getCountriesList",
        "keyAttributes": "country_name"
      }
    },
    "getTitleRightHeaderinfoObj": {
      "type": "getTitleRightsHeaderInfo"
    }

  },
  "eventListeners": {
    "vbEnter": {
      "chains": [
        {
          "parameters": {},
          "chainId": "getAllLOVs"
        }
      ]
    }
  }
}