{
    "items": [
        {
            "party_id": 300000006710528,
            "party_number": "1035"
        },
        {
            "party_id": 300000006710536,
            "party_number": "1036"
        },
        {
            "party_id": 300000006710543,
            "party_number": "1037"
        },
        {
            "party_id": 300000006710550,
            "party_number": "1038"
        },
        {
            "party_id": 300000006710557,
            "party_number": "1039"
        },
        {
            "party_id": 300000006710564,
            "party_number": "1040"
        },
        {
            "party_id": 300000006710571,
            "party_number": "1041"
        },
        {
            "party_id": 300000006710578,
            "party_number": "1042"
        },
        {
            "party_id": 300000006710585,
            "party_number": "1043"
        },
        {
            "party_id": 300000006710593,
            "party_number": "1044"
        },
        {
            "party_id": 300000006710600,
            "party_number": "1045"
        },
        {
            "party_id": 300000006710607,
            "party_number": "1046"
        },
        {
            "party_id": 300000006710615,
            "party_number": "1047"
        },
        {
            "party_id": 300000006710622,
            "party_number": "1048"
        },
        {
            "party_id": 300000006710630,
            "party_number": "1049"
        },
        {
            "party_id": 300000006710638,
            "party_number": "1050"
        },
        {
            "party_id": 300000006710645,
            "party_number": "1051"
        },
        {
            "party_id": 300000006710652,
            "party_number": "1052"
        },
        {
            "party_id": 300000006710660,
            "party_number": "1053"
        },
        {
            "party_id": 300000006710667,
            "party_number": "1054"
        },
        {
            "party_id": 300000006710674,
            "party_number": "1055"
        },
        {
            "party_id": 300000006710681,
            "party_number": "1056"
        },
        {
            "party_id": 300000006710688,
            "party_number": "1057"
        },
        {
            "party_id": 300000006710695,
            "party_number": "1058"
        },
        {
            "party_id": 300000006710702,
            "party_number": "1059"
        },
        {
            "party_id": 300000006710709,
            "party_number": "1060"
        },
        {
            "party_id": 300000006710716,
            "party_number": "1061"
        },
        {
            "party_id": 300000006710723,
            "party_number": "1062"
        },
        {
            "party_id": 300000006710730,
            "party_number": "1063"
        },
        {
            "party_id": 300000006710737,
            "party_number": "1064"
        },
        {
            "party_id": 300000006710744,
            "party_number": "1065"
        },
        {
            "party_id": 300000006710752,
            "party_number": "1066"
        },
        {
            "party_id": 300000006710759,
            "party_number": "1067"
        },
        {
            "party_id": 300000006710766,
            "party_number": "1068"
        },
        {
            "party_id": 300000006710773,
            "party_number": "1069"
        },
        {
            "party_id": 300000006710780,
            "party_number": "1070"
        },
        {
            "party_id": 300000006710787,
            "party_number": "1071"
        },
        {
            "party_id": 300000006710794,
            "party_number": "1072"
        },
        {
            "party_id": 100000223719120,
            "party_number": "987659"
        },
        {
            "party_id": 100000224222569,
            "party_number": "90001403"
        },
        {
            "party_id": 100000224222570,
            "party_number": "3177381863"
        },
        {
            "party_id": 100000224222571,
            "party_number": "3177381865"
        },
        {
            "party_id": 100000224222572,
            "party_number": "3400516924"
        },
        {
            "party_id": 100000224222573,
            "party_number": "3177381864"
        },
        {
            "party_id": 100000224222574,
            "party_number": "3459872174"
        },
        {
            "party_id": 100000224222575,
            "party_number": "3164958102"
        },
        {
            "party_id": 100000224222576,
            "party_number": "3164958177"
        },
        {
            "party_id": 300000001918045,
            "party_number": "1"
        },
        {
            "party_id": 300000001918048,
            "party_number": "2"
        },
        {
            "party_id": 300000001918053,
            "party_number": "3"
        },
        {
            "party_id": 300000001918056,
            "party_number": "4"
        },
        {
            "party_id": 300000001918061,
            "party_number": "5"
        },
        {
            "party_id": 300000001918064,
            "party_number": "6"
        },
        {
            "party_id": 300000001918069,
            "party_number": "7"
        },
        {
            "party_id": 300000001918072,
            "party_number": "8"
        },
        {
            "party_id": 300000001918077,
            "party_number": "9"
        },
        {
            "party_id": 300000001918080,
            "party_number": "10"
        },
        {
            "party_id": 300000005969143,
            "party_number": "12"
        },
        {
            "party_id": 300000005969515,
            "party_number": "13"
        },
        {
            "party_id": 300000006031131,
            "party_number": "1001"
        },
        {
            "party_id": 300000006033298,
            "party_number": "1004"
        },
        {
            "party_id": 300000006706613,
            "party_number": "9952"
        },
        {
            "party_id": 300000006706619,
            "party_number": "9954"
        },
        {
            "party_id": 300000006706625,
            "party_number": "9955"
        },
        {
            "party_id": 300000006706634,
            "party_number": "9956"
        },
        {
            "party_id": 300000006706640,
            "party_number": "9957"
        },
        {
            "party_id": 300000006706646,
            "party_number": "9958"
        },
        {
            "party_id": 300000006706652,
            "party_number": "9960"
        },
        {
            "party_id": 300000006706658,
            "party_number": "9964"
        },
        {
            "party_id": 300000006706664,
            "party_number": "9965"
        },
        {
            "party_id": 300000006706670,
            "party_number": "9966"
        },
        {
            "party_id": 300000006706676,
            "party_number": "9967"
        },
        {
            "party_id": 300000006706682,
            "party_number": "9972"
        },
        {
            "party_id": 300000006706688,
            "party_number": "9973"
        },
        {
            "party_id": 300000006706694,
            "party_number": "9974"
        },
        {
            "party_id": 300000006710384,
            "party_number": "1015"
        },
        {
            "party_id": 300000006710391,
            "party_number": "1016"
        },
        {
            "party_id": 300000006710398,
            "party_number": "1017"
        },
        {
            "party_id": 300000006710405,
            "party_number": "1018"
        },
        {
            "party_id": 300000006710413,
            "party_number": "1019"
        },
        {
            "party_id": 300000006710420,
            "party_number": "1020"
        },
        {
            "party_id": 300000006710427,
            "party_number": "1021"
        },
        {
            "party_id": 300000006710434,
            "party_number": "1022"
        },
        {
            "party_id": 300000006710442,
            "party_number": "1023"
        },
        {
            "party_id": 300000006710450,
            "party_number": "1024"
        },
        {
            "party_id": 300000006710457,
            "party_number": "1025"
        },
        {
            "party_id": 300000006710465,
            "party_number": "1026"
        },
        {
            "party_id": 300000006710472,
            "party_number": "1027"
        },
        {
            "party_id": 300000006710479,
            "party_number": "1028"
        },
        {
            "party_id": 300000006710486,
            "party_number": "1029"
        },
        {
            "party_id": 300000006710493,
            "party_number": "1030"
        },
        {
            "party_id": 300000006710500,
            "party_number": "1031"
        },
        {
            "party_id": 300000006710507,
            "party_number": "1032"
        },
        {
            "party_id": 300000006710514,
            "party_number": "1033"
        },
        {
            "party_id": 300000006710521,
            "party_number": "1034"
        },
        {
            "party_id": 300000006915581,
            "party_number": "1183"
        },
        {
            "party_id": 300000006915588,
            "party_number": "1184"
        },
        {
            "party_id": 300000006915595,
            "party_number": "1185"
        },
        {
            "party_id": 300000006915602,
            "party_number": "1186"
        },
        {
            "party_id": 300000006915609,
            "party_number": "1187"
        }
    ],
    "hasMore": true,
    "limit": 100,
    "offset": 0,
    "count": 100,
    "links": [
        {
            "rel": "self",
            "href": "https://10.2.0.169:8081/ords/hbg_integration/salesCredit/getOwners"
        },
        {
            "rel": "describedby",
            "href": "https://10.2.0.169:8081/ords/hbg_integration/metadata-catalog/salesCredit/item"
        },
        {
            "rel": "first",
            "href": "https://10.2.0.169:8081/ords/hbg_integration/salesCredit/getOwners"
        },
        {
            "rel": "next",
            "href": "https://10.2.0.169:8081/ords/hbg_integration/salesCredit/getOwners?offset=100"
        }
    ]
}