{
    "openapi": "3.0.0",
    "info": {
        "version": "v01",
        "title": "HBG_ARTRX_MAINT_COLLAP_TRXS",
        "x-vb": {
            "serviceType": "ics"
        }
    },
    "servers": [
        {
            "url": "vb-catalog://backends/ics/ic/api/integration/v1/flows/rest"
        }
    ],
    "paths": {
        "/HBG_ARTRX_MAINT_COLLAP_TRXS/1.0/artrx/maint/collapsetrxs": {
            "post": {
                "tags": [
                    "Default Package/HBG_ARTRX_MAINT_COLLAP_TRXS|01.00.0000",
                    "Default Package"
                ],
                "operationId": "postHBG_ARTRX_MAINT_COLLAP_TRXS1_0ArtrxMaintCollapsetrxs",
                "parameters": [],
                "requestBody": {
                    "content": {
                        "application/json": {
                            "schema": {
                                "$ref": "#/components/schemas/PostHBG_ARTRX_MAINT_COLLAP_TRXS1_0ArtrxMaintCollapsetrxsRequest"
                            },
                            "examples": {
                                "vb": {
                                    "summary": "Example stored by VB User",
                                    "externalValue": "./examples/postHBG_ARTRX_MAINT_COLLAP_TRXS1_0ArtrxMaintCollapsetrxs/request_application_json_vb.json"
                                }
                            }
                        }
                    },
                    "required": false
                },
                "responses": {
                    "500": {
                        "description": "Faults",
                        "content": {
                            "application/json": {
                                "schema": {
                                    "$ref": "#/components/schemas/APIInvocationError"
                                }
                            }
                        }
                    },
                    "default": {
                        "description": "A sample description of the Response",
                        "content": {
                            "application/json": {
                                "schema": {
                                    "$ref": "#/components/schemas/response-wrapper"
                                }
                            }
                        }
                    }
                },
                "security": [
                    {
                        "oauth2Authentication": []
                    },
                    {
                        "basicAuthentication": []
                    }
                ]
            }
        }
    },
    "components": {
        "schemas": {
            "request-wrapper": {
                "type": "object",
                "required": [
                    "sessionId",
                    "submitted_by",
                    "transaction_run_id"
                ],
                "properties": {
                    "sessionId": {
                        "type": "string"
                    },
                    "submitted_by": {
                        "type": "string"
                    },
                    "transaction_run_id": {
                        "type": "string"
                    }
                }
            },
            "APIInvocationError": {
                "type": "object",
                "required": [
                    "detail",
                    "errorCode",
                    "errorDetails",
                    "title",
                    "type"
                ],
                "properties": {
                    "type": {
                        "type": "string"
                    },
                    "title": {
                        "type": "string"
                    },
                    "detail": {
                        "type": "string"
                    },
                    "errorCode": {
                        "type": "string"
                    },
                    "errorDetails": {
                        "type": "array",
                        "items": {
                            "type": "object",
                            "properties": {
                                "type": {
                                    "type": "string"
                                },
                                "instance": {
                                    "type": "string"
                                },
                                "title": {
                                    "type": "string"
                                },
                                "errorPath": {
                                    "type": "string"
                                },
                                "errorCode": {
                                    "type": "string"
                                }
                            },
                            "required": [
                                "errorCode",
                                "errorPath",
                                "instance",
                                "title",
                                "type"
                            ]
                        },
                        "minItems": 1
                    }
                }
            },
            "response-wrapper": {
                "type": "object",
                "required": [
                    "status"
                ],
                "properties": {
                    "status": {
                        "type": "string"
                    },
                    "successRecords": {
                        "type": "string"
                    },
                    "failedRecords": {
                        "type": "string"
                    }
                }
            },
            "PostHBG_ARTRX_MAINT_COLLAP_TRXS1_0ArtrxMaintCollapsetrxsRequest": {
                "type": "object",
                "properties": {
                    "sessionId": {
                        "type": "string"
                    },
                    "submitted_by": {
                        "type": "string"
                    },
                    "transaction_run_id": {
                        "type": "string"
                    }
                }
            }
        }
    }
}