{
  "description": "",
  "root": "ifValue",
  "actions": {
    "ifValue": {
      "module": "vb/action/builtin/ifAction",
      "parameters": {
        "condition": "[[ $variables.value ]]"
      },
      "outcomes": {
        "true": "callRestGetSalesCreditGetAllAccounts2"
      }
    },
    "callRestGetSalesCreditGetAllAccounts2": {
      "module": "vb/action/builtin/restAction",
      "parameters": {
        "endpoint": "devOrds/getSalesCreditGetAllAccounts2",
        "uriParams": {
          "p_acct_number": "{{ $variables.value }}",
          "party_id": "{{ $page.variables.searchObj.p_organization_id ? $page.variables.searchObj.p_organization_id : \"\" }}"
        }
      },
      "outcomes": {
        "success": "assignVariablesSearchObj"
      }
    },
    "assignVariablesSearchObj": {
      "module": "vb/action/builtin/assignVariablesAction",
      "parameters": {
        "$page.variables.searchObj": {
          "source": {
            "p_cust_account_id": "{{ $chain.results.callRestGetSalesCreditGetAllAccounts2.body.items[0].cust_account_id }}"
          },
          "reset": "none",
          "auto": "always"
        }
      }
    }
  },
  "variables": {
    "value": {
      "required": true,
      "type": "any",
      "input": "fromCaller"
    }
  }
}