{
  "description": "",
  "root": "ifCurrentValue",
  "actions": {
    "ifCurrentValue": {
      "module": "vb/action/builtin/ifAction",
      "parameters": {
        "condition": "[[ $variables.CurrentValue.length >= 3 ]]"
      },
      "outcomes": {
        "true": "callRestStoreNumberLov"
      }
    },
    "callRestStoreNumberLov": {
      "module": "vb/action/builtin/restAction",
      "parameters": {
        "endpoint": "devOrds/StoreNumberLov",
        "uriParams": {
          "p_party_site_name": "{{ $variables.CurrentValue }}"
        }
      },
      "outcomes": {
        "success": "assignVariablesStoreNumberArray"
      }
    },
    "assignVariablesStoreNumberArray": {
      "module": "vb/action/builtin/assignVariablesAction",
      "parameters": {
        "$page.variables.StoreNumberArray": {
          "source": "{{ $chain.results.callRestStoreNumberLov.body.items }}"
        }
      }
    }
  },
  "variables": {
    "CurrentValue": {
      "type": "string",
      "description": "",
      "input": "fromCaller"
    }
  }
}