{
  "description": "",
  "root": "ifCurrentValue",
  "actions": {
    "ifCurrentValue": {
      "module": "vb/action/builtin/ifAction",
      "parameters": {
        "condition": "[[ $variables.CurrentValue ]]"
      },
      "outcomes": {
        "true": "callRestGetOwners"
      }
    },
    "callRestGetOwners": {
      "module": "vb/action/builtin/restAction",
      "parameters": {
        "endpoint": "devOrds/getOwners",
        "uriParams": {
          "owner_code": "{{ $variables.CurrentValue }}"
        }
      },
      "outcomes": {

        "success": "assignVariablesOwnerArray"
      }
    },
    "assignVariablesOwnerArray": {
      "module": "vb/action/builtin/assignVariablesAction",
      "parameters": {
        "$page.variables.OwnerArray": {
          "source": "{{ $chain.results.callRestGetOwners.body.items }}"
        }
      }
    }
  },
  "variables": {
    "CurrentValue": {
      "type": "string",
      "description": "",
      "input": "fromCaller"
    }
  }
}