{
  "description": "",
  "root": "resetVariablesSearchObj",
  "actions": {
    "resetVariablesSearchObj": {
      "module": "vb/action/builtin/resetVariablesAction",
      "parameters": {
        "variables": [
          "$page.variables.searchObj",
          "$page.variables.AccountNumberArray"
        ]
      },
      "outcomes": {
        "success": "callChainFetchMultiselectLOVS"
      }
    },
    "callChainFetchMultiselectLOVS": {
      "module": "vb/action/builtin/callChainAction",
      "parameters": {
        "id": "FetchMultiselectLOVS"
      }
    }
  },
  "variables": {}
}