{
    "items": [
        {
            "country_id": 300000000273646,
            "country_code": "AD",
            "country_name": "Andorra"
        },
        {
            "country_id": 300000000273649,
            "country_code": "AE",
            "country_name": "United Arab Emirates"
        },
        {
            "country_id": 300000000273652,
            "country_code": "AF",
            "country_name": "Afghanistan"
        },
        {
            "country_id": 300000000273655,
            "country_code": "AG",
            "country_name": "Antigua and Barbuda"
        },
        {
            "country_id": 300000000273658,
            "country_code": "AI",
            "country_name": "Anguilla"
        },
        {
            "country_id": 300000000273661,
            "country_code": "AL",
            "country_name": "Albania"
        },
        {
            "country_id": 300000000273664,
            "country_code": "AM",
            "country_name": "Armenia"
        },
        {
            "country_id": 300000000273667,
            "country_code": "AN",
            "country_name": "Netherlands Antilles"
        },
        {
            "country_id": 300000000273670,
            "country_code": "AO",
            "country_name": "Angola"
        },
        {
            "country_id": 300000000273673,
            "country_code": "AQ",
            "country_name": "Antarctica"
        },
        {
            "country_id": 300000000273676,
            "country_code": "AR",
            "country_name": "Argentina"
        },
        {
            "country_id": 300000000273679,
            "country_code": "AS",
            "country_name": "American Samoa"
        },
        {
            "country_id": 300000000273682,
            "country_code": "AT",
            "country_name": "Austria"
        },
        {
            "country_id": 300000000273685,
            "country_code": "AU",
            "country_name": "Australia"
        },
        {
            "country_id": 300000000273688,
            "country_code": "AW",
            "country_name": "Aruba"
        },
        {
            "country_id": 300000000273691,
            "country_code": "AX",
            "country_name": "Aland Islands"
        },
        {
            "country_id": 300000000273694,
            "country_code": "AZ",
            "country_name": "Azerbaijan"
        },
        {
            "country_id": 300000000273697,
            "country_code": "BA",
            "country_name": "Bosnia and Herzegovina"
        },
        {
            "country_id": 300000000273700,
            "country_code": "BB",
            "country_name": "Barbados"
        },
        {
            "country_id": 300000000273703,
            "country_code": "BD",
            "country_name": "Bangladesh"
        },
        {
            "country_id": 300000000273706,
            "country_code": "BE",
            "country_name": "Belgium"
        },
        {
            "country_id": 300000000273709,
            "country_code": "BF",
            "country_name": "Burkina Faso"
        },
        {
            "country_id": 300000000273712,
            "country_code": "BG",
            "country_name": "Bulgaria"
        },
        {
            "country_id": 300000000273715,
            "country_code": "BH",
            "country_name": "Bahrain"
        },
        {
            "country_id": 300000000273718,
            "country_code": "BI",
            "country_name": "Burundi"
        },
        {
            "country_id": 300000000273721,
            "country_code": "BJ",
            "country_name": "Benin"
        },
        {
            "country_id": 300000000273724,
            "country_code": "BL",
            "country_name": "Saint Barthelemy"
        },
        {
            "country_id": 300000000273727,
            "country_code": "BM",
            "country_name": "Bermuda"
        },
        {
            "country_id": 300000000273730,
            "country_code": "BN",
            "country_name": "Brunei Darussalam"
        },
        {
            "country_id": 300000000273733,
            "country_code": "BO",
            "country_name": "Bolivia"
        },
        {
            "country_id": 100000134355350,
            "country_code": "BQ",
            "country_name": "Caribbean Netherlands"
        },
        {
            "country_id": 300000000273736,
            "country_code": "BR",
            "country_name": "Brazil"
        },
        {
            "country_id": 300000000273739,
            "country_code": "BS",
            "country_name": "Bahamas"
        },
        {
            "country_id": 300000000273742,
            "country_code": "BT",
            "country_name": "Bhutan"
        },
        {
            "country_id": 300000000273745,
            "country_code": "BV",
            "country_name": "Bouvet Island"
        },
        {
            "country_id": 300000000273748,
            "country_code": "BW",
            "country_name": "Botswana"
        },
        {
            "country_id": 300000000273751,
            "country_code": "BY",
            "country_name": "Belarus"
        },
        {
            "country_id": 300000000273754,
            "country_code": "BZ",
            "country_name": "Belize"
        },
        {
            "country_id": 300000000273757,
            "country_code": "CA",
            "country_name": "Canada"
        },
        {
            "country_id": 300000000273760,
            "country_code": "CC",
            "country_name": "Cocos (Keeling) Islands"
        },
        {
            "country_id": 300000000273763,
            "country_code": "CD",
            "country_name": "Congo, The Democratic Republic of the"
        },
        {
            "country_id": 300000000273766,
            "country_code": "CF",
            "country_name": "Central African Republic"
        },
        {
            "country_id": 300000000273769,
            "country_code": "CG",
            "country_name": "Congo"
        },
        {
            "country_id": 300000000273772,
            "country_code": "CH",
            "country_name": "Switzerland"
        },
        {
            "country_id": 300000000273775,
            "country_code": "CI",
            "country_name": "Cote d'Ivoire"
        },
        {
            "country_id": 300000000273778,
            "country_code": "CK",
            "country_name": "Cook Islands"
        },
        {
            "country_id": 300000000273781,
            "country_code": "CL",
            "country_name": "Chile"
        },
        {
            "country_id": 300000000273784,
            "country_code": "CM",
            "country_name": "Cameroon"
        },
        {
            "country_id": 300000000273787,
            "country_code": "CN",
            "country_name": "China"
        },
        {
            "country_id": 300000000273790,
            "country_code": "CO",
            "country_name": "Colombia"
        },
        {
            "country_id": 300000000273793,
            "country_code": "CR",
            "country_name": "Costa Rica"
        },
        {
            "country_id": 300000000273796,
            "country_code": "CU",
            "country_name": "Cuba"
        },
        {
            "country_id": 300000000273799,
            "country_code": "CV",
            "country_name": "Cabo Verde"
        },
        {
            "country_id": 100000134355560,
            "country_code": "CW",
            "country_name": "Curacao"
        },
        {
            "country_id": 300000000273802,
            "country_code": "CX",
            "country_name": "Christmas Island"
        },
        {
            "country_id": 300000000273805,
            "country_code": "CY",
            "country_name": "Cyprus"
        },
        {
            "country_id": 300000000273808,
            "country_code": "CZ",
            "country_name": "Czech Republic"
        },
        {
            "country_id": 300000000273811,
            "country_code": "DE",
            "country_name": "Germany"
        },
        {
            "country_id": 300000000273814,
            "country_code": "DJ",
            "country_name": "Djibouti"
        },
        {
            "country_id": 300000000273817,
            "country_code": "DK",
            "country_name": "Denmark"
        },
        {
            "country_id": 300000000273820,
            "country_code": "DM",
            "country_name": "Dominica"
        },
        {
            "country_id": 300000000273823,
            "country_code": "DO",
            "country_name": "Dominican Republic"
        },
        {
            "country_id": 300000000273826,
            "country_code": "DZ",
            "country_name": "Algeria"
        },
        {
            "country_id": 300000000273829,
            "country_code": "EC",
            "country_name": "Ecuador"
        },
        {
            "country_id": 300000000273832,
            "country_code": "EE",
            "country_name": "Estonia"
        },
        {
            "country_id": 300000000273835,
            "country_code": "EG",
            "country_name": "Egypt"
        },
        {
            "country_id": 300000000273838,
            "country_code": "EH",
            "country_name": "Western Sahara"
        },
        {
            "country_id": 300000000273841,
            "country_code": "ER",
            "country_name": "Eritrea"
        },
        {
            "country_id": 300000000273844,
            "country_code": "ES",
            "country_name": "Spain"
        },
        {
            "country_id": 300000000273847,
            "country_code": "ET",
            "country_name": "Ethiopia"
        },
        {
            "country_id": 300000000273850,
            "country_code": "FI",
            "country_name": "Finland"
        },
        {
            "country_id": 300000000273853,
            "country_code": "FJ",
            "country_name": "Fiji"
        },
        {
            "country_id": 300000000273856,
            "country_code": "FK",
            "country_name": "Falkland Islands (Malvinas)"
        },
        {
            "country_id": 300000000273859,
            "country_code": "FM",
            "country_name": "Micronesia, Federated States of"
        },
        {
            "country_id": 300000000273862,
            "country_code": "FO",
            "country_name": "Faroe Islands"
        },
        {
            "country_id": 300000000273865,
            "country_code": "FR",
            "country_name": "France"
        },
        {
            "country_id": 300000000273868,
            "country_code": "GA",
            "country_name": "Gabon"
        },
        {
            "country_id": 300000000273871,
            "country_code": "GB",
            "country_name": "United Kingdom"
        },
        {
            "country_id": 300000000273874,
            "country_code": "GD",
            "country_name": "Grenada"
        },
        {
            "country_id": 300000000273877,
            "country_code": "GE",
            "country_name": "Georgia"
        },
        {
            "country_id": 300000000273880,
            "country_code": "GF",
            "country_name": "French Guiana"
        },
        {
            "country_id": 300000000273883,
            "country_code": "GG",
            "country_name": "Guernsey"
        },
        {
            "country_id": 300000000273886,
            "country_code": "GH",
            "country_name": "Ghana"
        },
        {
            "country_id": 300000000273889,
            "country_code": "GI",
            "country_name": "Gibraltar"
        },
        {
            "country_id": 300000000273892,
            "country_code": "GL",
            "country_name": "Greenland"
        },
        {
            "country_id": 300000000273895,
            "country_code": "GM",
            "country_name": "Gambia"
        },
        {
            "country_id": 300000000273898,
            "country_code": "GN",
            "country_name": "Guinea"
        },
        {
            "country_id": 300000000273901,
            "country_code": "GP",
            "country_name": "Guadeloupe"
        },
        {
            "country_id": 300000000273904,
            "country_code": "GQ",
            "country_name": "Equatorial Guinea"
        },
        {
            "country_id": 300000000273907,
            "country_code": "GR",
            "country_name": "Greece"
        },
        {
            "country_id": 300000000273910,
            "country_code": "GS",
            "country_name": "South Georgia and the South Sandwich Islands"
        },
        {
            "country_id": 300000000273913,
            "country_code": "GT",
            "country_name": "Guatemala"
        },
        {
            "country_id": 300000000273916,
            "country_code": "GU",
            "country_name": "Guam"
        },
        {
            "country_id": 300000000273919,
            "country_code": "GW",
            "country_name": "Guinea-Bissau"
        },
        {
            "country_id": 300000000273922,
            "country_code": "GY",
            "country_name": "Guyana"
        },
        {
            "country_id": 300000000273925,
            "country_code": "HK",
            "country_name": "Hong Kong"
        },
        {
            "country_id": 300000000273928,
            "country_code": "HM",
            "country_name": "Heard Island and McDonald Islands"
        },
        {
            "country_id": 300000000273931,
            "country_code": "HN",
            "country_name": "Honduras"
        },
        {
            "country_id": 300000000273934,
            "country_code": "HR",
            "country_name": "Croatia"
        },
        {
            "country_id": 300000000273937,
            "country_code": "HT",
            "country_name": "Haiti"
        },
        {
            "country_id": 300000000273940,
            "country_code": "HU",
            "country_name": "Hungary"
        },
        {
            "country_id": 300000000273943,
            "country_code": "ID",
            "country_name": "Indonesia"
        },
        {
            "country_id": 300000000273946,
            "country_code": "IE",
            "country_name": "Ireland"
        },
        {
            "country_id": 300000000273949,
            "country_code": "IL",
            "country_name": "Israel"
        },
        {
            "country_id": 300000000273952,
            "country_code": "IM",
            "country_name": "Isle of Man"
        },
        {
            "country_id": 300000000273955,
            "country_code": "IN",
            "country_name": "India"
        },
        {
            "country_id": 300000000273958,
            "country_code": "IO",
            "country_name": "British Indian Ocean Territory"
        },
        {
            "country_id": 300000000273961,
            "country_code": "IQ",
            "country_name": "Iraq"
        },
        {
            "country_id": 300000000273964,
            "country_code": "IR",
            "country_name": "Iran, Islamic Republic of"
        },
        {
            "country_id": 300000000273967,
            "country_code": "IS",
            "country_name": "Iceland"
        },
        {
            "country_id": 300000000273970,
            "country_code": "IT",
            "country_name": "Italy"
        },
        {
            "country_id": 300000000273973,
            "country_code": "JE",
            "country_name": "Jersey"
        },
        {
            "country_id": 300000000273976,
            "country_code": "JM",
            "country_name": "Jamaica"
        },
        {
            "country_id": 300000000273979,
            "country_code": "JO",
            "country_name": "Jordan"
        },
        {
            "country_id": 300000000273982,
            "country_code": "JP",
            "country_name": "Japan"
        },
        {
            "country_id": 300000000273985,
            "country_code": "KE",
            "country_name": "Kenya"
        },
        {
            "country_id": 300000000273988,
            "country_code": "KG",
            "country_name": "Kyrgyzstan"
        },
        {
            "country_id": 300000000273991,
            "country_code": "KH",
            "country_name": "Cambodia"
        },
        {
            "country_id": 300000000273994,
            "country_code": "KI",
            "country_name": "Kiribati"
        },
        {
            "country_id": 300000000273997,
            "country_code": "KM",
            "country_name": "Comoros"
        },
        {
            "country_id": 300000000274000,
            "country_code": "KN",
            "country_name": "Saint Kitts and Nevis"
        },
        {
            "country_id": 300000000275003,
            "country_code": "KP",
            "country_name": "Korea, Democratic People's Republic of"
        },
        {
            "country_id": 300000000275006,
            "country_code": "KR",
            "country_name": "Korea, Republic of"
        },
        {
            "country_id": 300000000275009,
            "country_code": "KW",
            "country_name": "Kuwait"
        },
        {
            "country_id": 300000000275012,
            "country_code": "KY",
            "country_name": "Cayman Islands"
        },
        {
            "country_id": 300000000275015,
            "country_code": "KZ",
            "country_name": "Kazakhstan"
        },
        {
            "country_id": 300000000275018,
            "country_code": "LA",
            "country_name": "Lao People's Democratic Republic"
        },
        {
            "country_id": 300000000275021,
            "country_code": "LB",
            "country_name": "Lebanon"
        },
        {
            "country_id": 300000000275024,
            "country_code": "LC",
            "country_name": "Saint Lucia"
        },
        {
            "country_id": 300000000275027,
            "country_code": "LI",
            "country_name": "Liechtenstein"
        },
        {
            "country_id": 300000000275030,
            "country_code": "LK",
            "country_name": "Sri Lanka"
        },
        {
            "country_id": 300000000275033,
            "country_code": "LR",
            "country_name": "Liberia"
        },
        {
            "country_id": 300000000275036,
            "country_code": "LS",
            "country_name": "Lesotho"
        },
        {
            "country_id": 300000000275039,
            "country_code": "LT",
            "country_name": "Lithuania"
        },
        {
            "country_id": 300000000275042,
            "country_code": "LU",
            "country_name": "Luxembourg"
        },
        {
            "country_id": 300000000275045,
            "country_code": "LV",
            "country_name": "Latvia"
        },
        {
            "country_id": 300000000275048,
            "country_code": "LY",
            "country_name": "Libya"
        },
        {
            "country_id": 300000000275051,
            "country_code": "MA",
            "country_name": "Morocco"
        },
        {
            "country_id": 300000000275054,
            "country_code": "MC",
            "country_name": "Monaco"
        },
        {
            "country_id": 300000000275057,
            "country_code": "MD",
            "country_name": "Moldova"
        },
        {
            "country_id": 300000000275060,
            "country_code": "ME",
            "country_name": "Montenegro"
        },
        {
            "country_id": 300000000275063,
            "country_code": "MF",
            "country_name": "Saint Martin (French part)"
        },
        {
            "country_id": 300000000275066,
            "country_code": "MG",
            "country_name": "Madagascar"
        },
        {
            "country_id": 300000000275069,
            "country_code": "MH",
            "country_name": "Marshall Islands"
        },
        {
            "country_id": 300000000275072,
            "country_code": "MK",
            "country_name": "North Macedonia"
        },
        {
            "country_id": 300000000275075,
            "country_code": "ML",
            "country_name": "Mali"
        },
        {
            "country_id": 300000000275078,
            "country_code": "MM",
            "country_name": "Myanmar"
        },
        {
            "country_id": 300000000275081,
            "country_code": "MN",
            "country_name": "Mongolia"
        },
        {
            "country_id": 300000000275084,
            "country_code": "MO",
            "country_name": "Macao"
        },
        {
            "country_id": 300000000275087,
            "country_code": "MP",
            "country_name": "Northern Mariana Islands"
        },
        {
            "country_id": 300000000275090,
            "country_code": "MQ",
            "country_name": "Martinique"
        },
        {
            "country_id": 300000000275093,
            "country_code": "MR",
            "country_name": "Mauritania"
        },
        {
            "country_id": 300000000275096,
            "country_code": "MS",
            "country_name": "Montserrat"
        },
        {
            "country_id": 300000000275099,
            "country_code": "MT",
            "country_name": "Malta"
        },
        {
            "country_id": 300000000275102,
            "country_code": "MU",
            "country_name": "Mauritius"
        },
        {
            "country_id": 300000000275105,
            "country_code": "MV",
            "country_name": "Maldives"
        },
        {
            "country_id": 300000000275108,
            "country_code": "MW",
            "country_name": "Malawi"
        },
        {
            "country_id": 300000000275111,
            "country_code": "MX",
            "country_name": "Mexico"
        },
        {
            "country_id": 300000000275114,
            "country_code": "MY",
            "country_name": "Malaysia"
        },
        {
            "country_id": 300000000275117,
            "country_code": "MZ",
            "country_name": "Mozambique"
        },
        {
            "country_id": 300000000275120,
            "country_code": "NA",
            "country_name": "Namibia"
        },
        {
            "country_id": 300000000275123,
            "country_code": "NC",
            "country_name": "New Caledonia"
        },
        {
            "country_id": 300000000275126,
            "country_code": "NE",
            "country_name": "Niger"
        },
        {
            "country_id": 300000000275129,
            "country_code": "NF",
            "country_name": "Norfolk Island"
        },
        {
            "country_id": 300000000275132,
            "country_code": "NG",
            "country_name": "Nigeria"
        },
        {
            "country_id": 300000000275135,
            "country_code": "NI",
            "country_name": "Nicaragua"
        },
        {
            "country_id": 300000000275138,
            "country_code": "NL",
            "country_name": "Netherlands"
        },
        {
            "country_id": 300000000275141,
            "country_code": "NO",
            "country_name": "Norway"
        },
        {
            "country_id": 300000000275144,
            "country_code": "NP",
            "country_name": "Nepal"
        },
        {
            "country_id": 300000000275147,
            "country_code": "NR",
            "country_name": "Nauru"
        },
        {
            "country_id": 300000000275150,
            "country_code": "NU",
            "country_name": "Niue"
        },
        {
            "country_id": 300000000275153,
            "country_code": "NZ",
            "country_name": "New Zealand"
        },
        {
            "country_id": 300000000275156,
            "country_code": "OM",
            "country_name": "Oman"
        },
        {
            "country_id": 300000000275159,
            "country_code": "PA",
            "country_name": "Panama"
        },
        {
            "country_id": 300000000275162,
            "country_code": "PE",
            "country_name": "Peru"
        },
        {
            "country_id": 300000000275165,
            "country_code": "PF",
            "country_name": "French Polynesia"
        },
        {
            "country_id": 300000000275168,
            "country_code": "PG",
            "country_name": "Papua New Guinea"
        },
        {
            "country_id": 300000000275171,
            "country_code": "PH",
            "country_name": "Philippines"
        },
        {
            "country_id": 300000000275174,
            "country_code": "PK",
            "country_name": "Pakistan"
        },
        {
            "country_id": 300000000275177,
            "country_code": "PL",
            "country_name": "Poland"
        },
        {
            "country_id": 300000000275180,
            "country_code": "PM",
            "country_name": "Saint Pierre and Miquelon"
        },
        {
            "country_id": 300000000275183,
            "country_code": "PN",
            "country_name": "Pitcairn"
        },
        {
            "country_id": 300000000275186,
            "country_code": "PR",
            "country_name": "Puerto Rico"
        },
        {
            "country_id": 300000000275189,
            "country_code": "PS",
            "country_name": "Palestine, State of"
        },
        {
            "country_id": 300000000275192,
            "country_code": "PT",
            "country_name": "Portugal"
        },
        {
            "country_id": 300000000275195,
            "country_code": "PW",
            "country_name": "Palau"
        },
        {
            "country_id": 300000000275198,
            "country_code": "PY",
            "country_name": "Paraguay"
        },
        {
            "country_id": 300000000275201,
            "country_code": "QA",
            "country_name": "Qatar"
        },
        {
            "country_id": 300000000275204,
            "country_code": "RE",
            "country_name": "Reunion"
        },
        {
            "country_id": 300000000275207,
            "country_code": "RO",
            "country_name": "Romania"
        },
        {
            "country_id": 300000000275210,
            "country_code": "RS",
            "country_name": "Serbia"
        },
        {
            "country_id": 300000000275213,
            "country_code": "RU",
            "country_name": "Russian Federation"
        },
        {
            "country_id": 300000000275216,
            "country_code": "RW",
            "country_name": "Rwanda"
        },
        {
            "country_id": 300000000275219,
            "country_code": "SA",
            "country_name": "Saudi Arabia"
        },
        {
            "country_id": 300000000275222,
            "country_code": "SB",
            "country_name": "Solomon Islands"
        },
        {
            "country_id": 300000000275225,
            "country_code": "SC",
            "country_name": "Seychelles"
        },
        {
            "country_id": 300000000275228,
            "country_code": "SD",
            "country_name": "Sudan"
        },
        {
            "country_id": 300000000275231,
            "country_code": "SE",
            "country_name": "Sweden"
        },
        {
            "country_id": 300000000275234,
            "country_code": "SG",
            "country_name": "Singapore"
        },
        {
            "country_id": 300000000275237,
            "country_code": "SH",
            "country_name": "Saint Helena, Ascension and Tristan da Cunha"
        },
        {
            "country_id": 300000000275240,
            "country_code": "SI",
            "country_name": "Slovenia"
        },
        {
            "country_id": 300000000275243,
            "country_code": "SJ",
            "country_name": "Svalbard and Jan Mayen"
        },
        {
            "country_id": 300000000275246,
            "country_code": "SK",
            "country_name": "Slovakia"
        },
        {
            "country_id": 300000000275249,
            "country_code": "SL",
            "country_name": "Sierra Leone"
        },
        {
            "country_id": 300000000275252,
            "country_code": "SM",
            "country_name": "San Marino"
        },
        {
            "country_id": 300000000275255,
            "country_code": "SN",
            "country_name": "Senegal"
        },
        {
            "country_id": 300000000275258,
            "country_code": "SO",
            "country_name": "Somalia"
        },
        {
            "country_id": 300000000275261,
            "country_code": "SR",
            "country_name": "Suriname"
        },
        {
            "country_id": 300000000275264,
            "country_code": "ST",
            "country_name": "Sao Tome and Principe"
        },
        {
            "country_id": 300000000275267,
            "country_code": "SV",
            "country_name": "El Salvador"
        },
        {
            "country_id": 100000134355742,
            "country_code": "SX",
            "country_name": "Sint Maarten"
        },
        {
            "country_id": 300000000275270,
            "country_code": "SY",
            "country_name": "Syrian Arab Republic"
        },
        {
            "country_id": 300000000275273,
            "country_code": "SZ",
            "country_name": "Eswatini"
        },
        {
            "country_id": 300000000275276,
            "country_code": "TC",
            "country_name": "Turks and Caicos Islands"
        },
        {
            "country_id": 300000000275279,
            "country_code": "TD",
            "country_name": "Chad"
        },
        {
            "country_id": 300000000275282,
            "country_code": "TF",
            "country_name": "French Southern Territories"
        },
        {
            "country_id": 300000000275285,
            "country_code": "TG",
            "country_name": "Togo"
        },
        {
            "country_id": 300000000275288,
            "country_code": "TH",
            "country_name": "Thailand"
        },
        {
            "country_id": 300000000275291,
            "country_code": "TJ",
            "country_name": "Tajikistan"
        },
        {
            "country_id": 300000000275294,
            "country_code": "TK",
            "country_name": "Tokelau"
        },
        {
            "country_id": 300000000275297,
            "country_code": "TL",
            "country_name": "Timor-Leste"
        },
        {
            "country_id": 300000000275300,
            "country_code": "TM",
            "country_name": "Turkmenistan"
        },
        {
            "country_id": 300000000275303,
            "country_code": "TN",
            "country_name": "Tunisia"
        },
        {
            "country_id": 300000000275306,
            "country_code": "TO",
            "country_name": "Tonga"
        },
        {
            "country_id": 300000000275309,
            "country_code": "TR",
            "country_name": "Turkey"
        },
        {
            "country_id": 300000000275312,
            "country_code": "TT",
            "country_name": "Trinidad and Tobago"
        },
        {
            "country_id": 300000000275315,
            "country_code": "TV",
            "country_name": "Tuvalu"
        },
        {
            "country_id": 300000000275318,
            "country_code": "TW",
            "country_name": "Taiwan"
        },
        {
            "country_id": 300000000275321,
            "country_code": "TZ",
            "country_name": "Tanzania, United Republic of"
        },
        {
            "country_id": 300000000275324,
            "country_code": "UA",
            "country_name": "Ukraine"
        },
        {
            "country_id": 300000000275327,
            "country_code": "UG",
            "country_name": "Uganda"
        },
        {
            "country_id": 300000000275330,
            "country_code": "UM",
            "country_name": "United States Minor Outlying Islands"
        },
        {
            "country_id": 300000000275333,
            "country_code": "US",
            "country_name": "United States"
        },
        {
            "country_id": 300000001923001,
            "country_code": "US",
            "country_name": "United States"
        },
        {
            "country_id": 300000001923002,
            "country_code": "US",
            "country_name": "United States"
        },
        {
            "country_id": 300000001923003,
            "country_code": "US",
            "country_name": "United States"
        },
        {
            "country_id": 300000001923004,
            "country_code": "US",
            "country_name": "United States"
        },
        {
            "country_id": 300000001923005,
            "country_code": "US",
            "country_name": "United States"
        },
        {
            "country_id": 300000001923006,
            "country_code": "US",
            "country_name": "United States"
        },
        {
            "country_id": 300000001923007,
            "country_code": "US",
            "country_name": "United States"
        },
        {
            "country_id": 300000001923008,
            "country_code": "US",
            "country_name": "United States"
        },
        {
            "country_id": 300000001923009,
            "country_code": "US",
            "country_name": "United States"
        },
        {
            "country_id": 300000001923010,
            "country_code": "US",
            "country_name": "United States"
        },
        {
            "country_id": 300000001923011,
            "country_code": "US",
            "country_name": "United States"
        },
        {
            "country_id": 300000001923012,
            "country_code": "US",
            "country_name": "United States"
        },
        {
            "country_id": 300000001923013,
            "country_code": "US",
            "country_name": "United States"
        },
        {
            "country_id": 300000001923014,
            "country_code": "US",
            "country_name": "United States"
        },
        {
            "country_id": 300000001923015,
            "country_code": "US",
            "country_name": "United States"
        },
        {
            "country_id": 300000001923016,
            "country_code": "US",
            "country_name": "United States"
        },
        {
            "country_id": 300000001923017,
            "country_code": "US",
            "country_name": "United States"
        },
        {
            "country_id": 300000001923018,
            "country_code": "US",
            "country_name": "United States"
        },
        {
            "country_id": 300000001923019,
            "country_code": "US",
            "country_name": "United States"
        },
        {
            "country_id": 300000001923020,
            "country_code": "US",
            "country_name": "United States"
        },
        {
            "country_id": 300000001923021,
            "country_code": "US",
            "country_name": "United States"
        },
        {
            "country_id": 300000001923022,
            "country_code": "US",
            "country_name": "United States"
        },
        {
            "country_id": 300000001923023,
            "country_code": "US",
            "country_name": "United States"
        },
        {
            "country_id": 300000001923024,
            "country_code": "US",
            "country_name": "United States"
        },
        {
            "country_id": 300000001923025,
            "country_code": "US",
            "country_name": "United States"
        },
        {
            "country_id": 300000001923026,
            "country_code": "US",
            "country_name": "United States"
        },
        {
            "country_id": 300000001923027,
            "country_code": "US",
            "country_name": "United States"
        },
        {
            "country_id": 300000001923028,
            "country_code": "US",
            "country_name": "United States"
        },
        {
            "country_id": 300000001923029,
            "country_code": "US",
            "country_name": "United States"
        },
        {
            "country_id": 300000001923030,
            "country_code": "US",
            "country_name": "United States"
        },
        {
            "country_id": 300000001923031,
            "country_code": "US",
            "country_name": "United States"
        },
        {
            "country_id": 300000001923032,
            "country_code": "US",
            "country_name": "United States"
        },
        {
            "country_id": 300000001923033,
            "country_code": "US",
            "country_name": "United States"
        },
        {
            "country_id": 300000001923034,
            "country_code": "US",
            "country_name": "United States"
        },
        {
            "country_id": 300000001923035,
            "country_code": "US",
            "country_name": "United States"
        },
        {
            "country_id": 300000001923036,
            "country_code": "US",
            "country_name": "United States"
        },
        {
            "country_id": 300000001923037,
            "country_code": "US",
            "country_name": "United States"
        },
        {
            "country_id": 300000001923038,
            "country_code": "US",
            "country_name": "United States"
        },
        {
            "country_id": 300000001923039,
            "country_code": "US",
            "country_name": "United States"
        },
        {
            "country_id": 300000001923040,
            "country_code": "US",
            "country_name": "United States"
        },
        {
            "country_id": 300000001923041,
            "country_code": "US",
            "country_name": "United States"
        },
        {
            "country_id": 300000001923042,
            "country_code": "US",
            "country_name": "United States"
        },
        {
            "country_id": 300000001923043,
            "country_code": "US",
            "country_name": "United States"
        },
        {
            "country_id": 300000001923044,
            "country_code": "US",
            "country_name": "United States"
        },
        {
            "country_id": 300000001923045,
            "country_code": "US",
            "country_name": "United States"
        },
        {
            "country_id": 300000001923046,
            "country_code": "US",
            "country_name": "United States"
        },
        {
            "country_id": 300000001923047,
            "country_code": "US",
            "country_name": "United States"
        },
        {
            "country_id": 300000001923048,
            "country_code": "US",
            "country_name": "United States"
        },
        {
            "country_id": 300000001923049,
            "country_code": "US",
            "country_name": "United States"
        },
        {
            "country_id": 300000001923050,
            "country_code": "US",
            "country_name": "United States"
        },
        {
            "country_id": 300000001923051,
            "country_code": "US",
            "country_name": "United States"
        },
        {
            "country_id": 300000001923052,
            "country_code": "US",
            "country_name": "United States"
        },
        {
            "country_id": 300000001923053,
            "country_code": "US",
            "country_name": "United States"
        },
        {
            "country_id": 300000001923054,
            "country_code": "US",
            "country_name": "United States"
        },
        {
            "country_id": 300000001923055,
            "country_code": "US",
            "country_name": "United States"
        },
        {
            "country_id": 300000001923056,
            "country_code": "US",
            "country_name": "United States"
        },
        {
            "country_id": 300000001923057,
            "country_code": "US",
            "country_name": "United States"
        },
        {
            "country_id": 300000001923058,
            "country_code": "US",
            "country_name": "United States"
        },
        {
            "country_id": 300000001923059,
            "country_code": "US",
            "country_name": "United States"
        },
        {
            "country_id": 300000000275336,
            "country_code": "UY",
            "country_name": "Uruguay"
        },
        {
            "country_id": 300000000275339,
            "country_code": "UZ",
            "country_name": "Uzbekistan"
        },
        {
            "country_id": 300000000275342,
            "country_code": "VA",
            "country_name": "Holy See (Vatican City State)"
        },
        {
            "country_id": 300000000275345,
            "country_code": "VC",
            "country_name": "Saint Vincent and the Grenadines"
        },
        {
            "country_id": 300000000275348,
            "country_code": "VE",
            "country_name": "Venezuela"
        },
        {
            "country_id": 300000000275351,
            "country_code": "VG",
            "country_name": "Virgin Islands, British"
        },
        {
            "country_id": 300000000275354,
            "country_code": "VI",
            "country_name": "Virgin Islands, U.S."
        },
        {
            "country_id": 300000000275357,
            "country_code": "VN",
            "country_name": "Viet Nam"
        },
        {
            "country_id": 300000000275360,
            "country_code": "VU",
            "country_name": "Vanuatu"
        },
        {
            "country_id": 300000000275363,
            "country_code": "WF",
            "country_name": "Wallis and Futuna"
        },
        {
            "country_id": 300000000275366,
            "country_code": "WS",
            "country_name": "Samoa"
        },
        {
            "country_id": 300000000275369,
            "country_code": "XK",
            "country_name": "Kosovo"
        },
        {
            "country_id": 300000000275372,
            "country_code": "YE",
            "country_name": "Yemen"
        },
        {
            "country_id": 300000000275375,
            "country_code": "YT",
            "country_name": "Mayotte"
        },
        {
            "country_id": 300000000275378,
            "country_code": "ZA",
            "country_name": "South Africa"
        },
        {
            "country_id": 300000000275381,
            "country_code": "ZM",
            "country_name": "Zambia"
        },
        {
            "country_id": 300000000275384,
            "country_code": "ZW",
            "country_name": "Zimbabwe"
        }
    ],
    "hasMore": false,
    "limit": 10000,
    "offset": 0,
    "count": 309,
    "links": [
        {
            "rel": "self",
            "href": "https://10.2.0.169:8081/ords/hbg_integration/DistributionTitleRights/getCountriesList"
        },
        {
            "rel": "describedby",
            "href": "https://10.2.0.169:8081/ords/hbg_integration/metadata-catalog/DistributionTitleRights/item"
        },
        {
            "rel": "first",
            "href": "https://10.2.0.169:8081/ords/hbg_integration/DistributionTitleRights/getCountriesList?limit=10000"
        }
    ]
}