{
    "items": [
        {
            "sf_div_id": 71,
            "division_name": "ID ACCOUNT REPS"
        }
    ],
    "hasMore": false,
    "limit": 100,
    "offset": 0,
    "count": 1,
    "links": [
        {
            "rel": "self",
            "href": "https://10.2.0.169:8081/ords/hbg_integration/salesCredit/getDivisionNamebyNumber?DIVISION_NUMBER=21"
        },
        {
            "rel": "describedby",
            "href": "https://10.2.0.169:8081/ords/hbg_integration/metadata-catalog/salesCredit/item"
        },
        {
            "rel": "first",
            "href": "https://10.2.0.169:8081/ords/hbg_integration/salesCredit/getDivisionNamebyNumber?DIVISION_NUMBER=21"
        }
    ]
}