{
  "description": "",
  "root": "ifValue",
  "actions": {
    "ifValue": {
      "module": "vb/action/builtin/ifAction",
      "parameters": {
        "condition": "[[ $variables.value ]]"
      },
      "outcomes": {
        "true": "if",
        "false": "resetVariablesCustAccountCreateObj3"
      }
    },
    "resetVariablesCustAccountCreateObj": {
      "module": "vb/action/builtin/resetVariablesAction",
      "parameters": {
        "variables": [
          "$page.variables.CustAccountCreateObj.account_name",
          "$page.variables.SetRowAccount",
          "$page.variables.CustAccountCreateObj.site_name"          ,
          "$page.variables.CustAccountCreateObj.site_number"
        ]
      },
      "outcomes": {
        "success": "callRestGetAccountNameByNumber"
      }
    },
    "callRestGetAccountNameByNumber": {
      "module": "vb/action/builtin/restAction",
      "parameters": {
        "endpoint": "devOrds/GetAccountNameByNumber",
        "uriParams": {
          "p_account_number": "{{ $variables.value }}"
        }
      },
      "outcomes": {
        "success": "assignVariablesCustAccountCreateObj"
      }
    },
    "assignVariablesCustAccountCreateObj": {
      "module": "vb/action/builtin/assignVariablesAction",
      "parameters": {
        "$page.variables.CustAccountCreateObj": {
          "source": {
            "account_name": "{{ $chain.results.callRestGetAccountNameByNumber.body.items[0].account_name }}",
            "cust_accnt_id": "{{ $chain.results.callRestGetAccountNameByNumber.body.items[0].cust_account_id }}"
          },
          "reset": "none",
          "auto": "always"
        },
        "$page.variables.CustAccntID": {
          "source": "{{ $chain.results.callRestGetAccountNameByNumber.body.items[0].cust_account_id }}"
        }
      }
    },
    "if": {
      "module": "vb/action/builtin/ifAction",
      "parameters": {
        "condition": "[[ $variables.value !== $page.variables.SetRowAccount ]]"
      },
      "outcomes": {
        "true": "resetVariablesCustAccountCreateObj",
        "false": "callRestGetAccountNameByNumber"
      }
    },
    "resetVariablesCustAccountCreateObj3": {
      "module": "vb/action/builtin/resetVariablesAction",
      "parameters": {
        "variables": [
          "$page.variables.CustAccountCreateObj.account_name",
          "$page.variables.CustAccountCreateObj.site_name",
          "$page.variables.CustAccountCreateObj.site_number"
        ]
      }
    }
  },
  "variables": {
    "value": {
      "required": true,
      "type": "any",
      "input": "fromCaller"
    }
  }
}