{
  "description": "",
  "root": "ifValue",
  "actions": {
    "ifValue": {
      "module": "vb/action/builtin/ifAction",
      "parameters": {
        "condition": "[[ !$variables.value ]]"
      },
      "outcomes": {
        "true": "resetVariablesCustAccountCreateObj2",
        "false": "if"
      }
    },
    "callRestGetOrganizationNameByNumber": {
      "module": "vb/action/builtin/restAction",
      "parameters": {
        "endpoint": "devOrds/GetOrganizationNameByNumber",
        "uriParams": {
          "party_number": "{{ $variables.value }}"
        }
      },
      "outcomes": {
        "success": "assignVariablesCustAccountCreateObj"
      }
    },
    "assignVariablesCustAccountCreateObj": {
      "module": "vb/action/builtin/assignVariablesAction",
      "parameters": {
        "$page.variables.CustAccountCreateObj": {
          "source": {
            "customer_name": "{{ $chain.results.callRestGetOrganizationNameByNumber.body.items[0].party_name }}",
            "party_id": "{{ $chain.results.callRestGetOrganizationNameByNumber.body.items[0].party_id }}"
          },
          "reset": "none",
          "auto": "always"
        }
      }
    },
    "if": {
      "module": "vb/action/builtin/ifAction",
      "parameters": {
        "condition": "[[ $variables.value !=  $page.variables.RowRegisterId ]]"
      },
      "outcomes": {
        "true": "resetVariablesCustAccountCreateObj",
        "false": "callRestGetOrganizationNameByNumber"
      }
    },
    "resetVariablesCustAccountCreateObj": {
      "module": "vb/action/builtin/resetVariablesAction",
      "parameters": {
        "variables": [
          "$page.variables.CustAccountCreateObj.account_name",
          "$page.variables.CustAccountCreateObj.account_number",
          "$page.variables.CustAccountCreateObj.site_number",
          "$page.variables.CustAccountCreateObj.site_name",
          "$page.variables.RowData.registry_id",
          "$page.variables.CustAccountCreateObj.customer_name"
        ]
      },
      "outcomes": {
        "success": "callRestGetOrganizationNameByNumber"
      }
    },
    "resetVariablesCustAccountCreateObj2": {
      "module": "vb/action/builtin/resetVariablesAction",
      "parameters": {
        "variables": [
          "$page.variables.CustAccountCreateObj.account_number",
          "$page.variables.CustAccountCreateObj.site_number",
          "$page.variables.CustAccountCreateObj.site_name",
          "$page.variables.CustAccountCreateObj.customer_name"
        ]
      }
    }
  },
  "variables": {
    "value": {
      "required": true,
      "type": "any",
      "input": "fromCaller"
    }
  }
}