{
  "description": "",
  "root": "resetVariablesSearchAccountNumber",
  "actions": {
    "resetVariablesSearchAccountNumber": {
      "module": "vb/action/builtin/resetVariablesAction",
      "parameters": {
        "variables": [
          "$page.variables.SearchAccountNumber",
          "$page.variables.searchOrgName",
          "$page.variables.AccountNumberArray"          ,
          "$page.variables.OrganizationArray",
          "$page.variables.SearchObj",
          "$page.variables.selectedPartyId"          ,
          "$page.variables.CustTblADP.data"
        ]
      },
      "outcomes": {
        "success": "assignVariablesCustTblADP"
      }
    },
    "assignVariablesCustTblADP": {
      "module": "vb/action/builtin/assignVariablesAction",
      "parameters": {
        "$page.variables.CustTblADP": {
          "source": {
            "data": "{{ [] }}"
          },
          "reset": "none",
          "auto": "always"
        }
      }
    }
  },
  "variables": {}
}