{
  "description": "",
  "root": "ifCurrentValue",
  "actions": {
    "ifCurrentValue": {
      "module": "vb/action/builtin/ifAction",
      "parameters": {
        "condition": "[[ $variables.CurrentValue.length >= 2 ]]"
      },
      "outcomes": {
        "true": "callRestGetSiteNamesByAccNumber"
      }
    },
    "callRestGetSiteNamesByAccNumber": {
      "module": "vb/action/builtin/restAction",
      "parameters": {
        "endpoint": "devOrds/GetSiteNamesByAccNumber",
        "uriParams": {
          "P_ACCOUNT_NUMBER": "{{ $page.variables.SearchAccountNumber ? $page.variables.SearchAccountNumber : \"\" }}",
          "p_site_name": "{{ $variables.CurrentValue }}",
          "p_site_number": "{{ $page.variables.SearchObj.siteNumber ? $page.variables.SearchObj.siteNumber : \"\" }}"
        }
      },
      "outcomes": {
        "success": "assignVariablesSiteNumberArray"
      }
    },
    "assignVariablesSiteNumberArray": {
      "module": "vb/action/builtin/assignVariablesAction",
      "parameters": {
        "$page.variables.SiteNameArray": {
          "source": "{{ $chain.results.callRestGetSiteNamesByAccNumber.body.items }}"
        }
      }
    }
  },
  "variables": {
    "CurrentValue": {
      "type": "string",
      "input": "fromCaller"
    }
  }
}