{
  "description": "",
  "root": "if",
  "actions": {
    "fireNotification": {
      "module": "vb/action/builtin/fireNotificationEventAction",
      "parameters": {
        "target": "leaf",
        "summary": "[[ $chain.results.callRestGetAccountTypeTabledata.message.summary ]]",
        "type": "error",
        "displayMode": "persist"
      }
    },
    "callRestGetAccountTypeTabledata": {
      "module": "vb/action/builtin/restAction",
      "parameters": {
        "endpoint": "devOrds/getAccountTypeTabledata",
        "uriParams": {
          "ACCOUNT_NUMBER": "{{ $page.variables.SearchAccountNumber ? $page.variables.SearchAccountNumber : \"\" }}",
          "CUSTOMER_NAME": "{{ $page.variables.searchOrgName ? $page.variables.searchOrgName : \"\" }}",
          "CITY": "{{ $page.variables.SearchObj.City ? $page.variables.SearchObj.City : \"\" }}",
          "COUNTRY": "{{ $page.variables.SearchObj.Country ? $page.variables.SearchObj.Country : \"\" }}",
          "POSTAL_CODE": "{{ $page.variables.SearchObj.postalCode ? $page.variables.SearchObj.postalCode : \"\" }}",
          "SITE_NUMBER": "{{ $page.variables.SearchObj.siteNumber ? $page.variables.SearchObj.siteNumber : \"\" }}",
          "SITE_NAME": "{{ $page.variables.SearchObj.SiteName ? $page.variables.SearchObj.SiteName :\"\" }}",
          "STATE": "{{ $page.variables.SearchObj.State ? $page.variables.SearchObj.State : \"\" }}",
          "SAN": "{{ $page.variables.SearchObj.San ? $page.variables.SearchObj.San : \"\" }}",
          "REGISTRY_ID": "{{ $page.variables.SearchObj.RegisterId ? $page.variables.SearchObj.RegisterId : \"\" }}",
          "LOOKUP": "{{ $page.variables.SearchObj.Lookup ? $page.variables.SearchObj.Lookup : \"\" }}",
          "ACCOUNT_NAME": "{{ $page.variables.SearchObj.AccountName ? $page.variables.SearchObj.AccountName : \"\" }}",
          "ADDRESS1": "{{ $page.variables.SearchObj.Address1 ? $page.variables.SearchObj.Address1 : \"\" }}",
          "ADDRESS2": "{{ $page.variables.SearchObj.Address2 ? $page.variables.SearchObj.Address2 : \"\" }}",
          "ADDRESS3": "{{ $page.variables.SearchObj.Address3 ? $page.variables.SearchObj.Address3 : \"\" }}",
          "ADDRESS4": "{{ $page.variables.SearchObj.Address4 ? $page.variables.SearchObj.Address4 : \"\" }}"
        }
      },
      "outcomes": {
        "failure": "fireNotification",
        "success": "assignVariablesCustTblADP"
      }
    },
    "assignVariablesCustTblADP": {
      "module": "vb/action/builtin/assignVariablesAction",
      "parameters": {
        "$page.variables.CustTblADP": {
          "source": {
            "data": "{{ $chain.results.callRestGetAccountTypeTabledata.body.items }}"
          },
          "reset": "none",
          "auto": "always",
          "mapping": {
            "$target.data": {
              "source": "$source.data",
              "reset": "empty"
            }
          }
        }
      }
    },
    "if": {
      "module": "vb/action/builtin/ifAction",
      "parameters": {
        "condition": "[[ $page.variables.SearchAccountNumber || $page.variables.searchOrgName || $page.variables.SearchObj.RegisterId || $page.variables.SearchObj.AccountName || $page.variables.SearchObj.siteNumber || $page.variables.SearchObj.SiteName || $page.variables.SearchObj.Address1 || $page.variables.SearchObj.Address2 ||  $page.variables.SearchObj.Address3 || $page.variables.SearchObj.Address4 || $page.variables.SearchObj.Country || $page.variables.SearchObj.City || $page.variables.SearchObj.State || $page.variables.SearchObj.postalCode ]]"
      },
      "outcomes": {
        "true": "callRestGetAccountTypeTabledata",
        "false": "fireNotification3"
      }
    },
    "fireNotification3": {
      "module": "vb/action/builtin/fireNotificationEventAction",
      "parameters": {
        "target": "leaf",
        "summary": "Please Select atleast one field to fetch data",
        "displayMode": "transient",
        "type": "info"
      }
    }
  },
  "variables": {}
}