{
  "description": "",
  "root": "ifValue",
  "actions": {
    "ifValue": {
      "module": "vb/action/builtin/ifAction",
      "parameters": {
        "condition": "[[ $variables.value ]]"
      },
      "outcomes": {
        "true": "callRestGetSiteNameByNumber"
      }
    },
    "callRestGetSiteNameByNumber": {
      "module": "vb/action/builtin/restAction",
      "parameters": {
        "endpoint": "devOrds/GetSiteNameByNumber",
        "uriParams": {
          "p_site_number": "{{ $variables.value }}"
        }
      },
      "outcomes": {
        "success": "assignVariablesCustAccountCreateObj"
      }
    },
    "assignVariablesCustAccountCreateObj": {
      "module": "vb/action/builtin/assignVariablesAction",
      "parameters": {
        "$page.variables.CustAccountCreateObj": {
          "source": {
            "site_name": "{{ $chain.results.callRestGetSiteNameByNumber.body.items[0].party_site_name }}"
          },
          "reset": "none",
          "auto": "always"
        }
      }
    }
  },
  "variables": {
    "value": {
      "required": true,
      "type": "any",
      "input": "fromCaller"
    }
  }
}