{
  "description": "",
  "root": "callRestGetReservationsUIReservationHeader",
  "actions": {
    "navigateToMainCreatereservation": {
      "module": "vb/action/builtin/navigateAction",
      "parameters": {
        "page": "main-createreservation",
        "params": {
          "CreateReservationLineObj": "{{ $variables.current.row }}",
          "CreateReservationObj": "{{ $variables.current.row }}",
          "CreateResHeaderStatus": "Edit Reservation",
          "PageHeading": "Edit Pre-Reservation",
          "CreateResDetailButton": "Save",
          "CreateResDetailButton2": "Save & Add",
          "Flow_Auto_Clear": "{{ $page.variables.ReservationHeader.auto_clear_on_expiry_date }}"
        }
      }
    },
    "fireNotification": {
      "module": "vb/action/builtin/fireNotificationEventAction",
      "parameters": {
        "target": "leaf",
        "summary": "[[ $chain.results.callRestGetReservationsUIReservationHeader.message.summary ]]",
        "type": "error",
        "displayMode": "persist"
      }
    },
    "callRestGetReservationsUIReservationHeader": {
      "module": "vb/action/builtin/restAction",
      "parameters": {
        "endpoint": "devOrds/getReservationsUIReservationHeader",
        "uriParams": {
          "p_pre_reservation_number": "{{ $variables.current.row.pre_reservation_number }}"
        }
      },
      "outcomes": {
        "failure": "fireNotification",
        "success": "assignVariablesReservationHeader"
      }
    },
    "assignVariablesReservationHeader": {
      "module": "vb/action/builtin/assignVariablesAction",
      "parameters": {
        "$page.variables.ReservationHeader": {
          "source": "{{ $chain.results.callRestGetReservationsUIReservationHeader.body.items[0] }}",
          "auto": "always"
        }
      },
      "outcomes": {
        "success": "navigateToMainCreatereservation"
      }
    }
  },
  "variables": {
    "key": {
      "required": true,
      "type": "any",
      "input": "fromCaller"
    },
    "index": {
      "required": true,
      "type": "number",
      "input": "fromCaller"
    },
    "current": {
      "required": true,
      "type": "any",
      "input": "fromCaller"
    }
  }
}