{
  "root": "resetVariablesReservationHeaderADP",
  "description": "",
  "actions": {
    "fireNotification": {
      "module": "vb/action/builtin/fireNotificationEventAction",
      "parameters": {
        "target": "leaf",
        "summary": "[[ $chain.results.callRestGetReservationsUIReservationHeader.message.summary ]]",
        "type": "error",
        "displayMode": "transient"
      }
    },
    "callRestGetReservationsUIReservationHeader": {
      "module": "vb/action/builtin/restAction",
      "parameters": {
        "endpoint": "devOrds/getReservationsUIReservationHeader",
        "uriParams": {
          "p_approver": "{{ $page.variables.ReservationHeader.approver ? $page.variables.ReservationHeader.approver : \"\" }}",
          "p_comments": "{{ $page.variables.ReservationHeader.comments ? $page.variables.ReservationHeader.comments : \"\" }}",
          "p_expiration_date": "{{ $page.variables.ReservationHeader.expiration_date ? $page.variables.ReservationHeader.expiration_date : \"\" }}",
          "p_inventory_organization": "{{ $page.variables.ReservationHeader.inventory_organization ?$page.variables.ReservationHeader.inventory_organization : \"\" }}",
          "p_pre_reservation_number": "{{ $page.variables.ReservationHeader.pre_reservation_number ? $page.variables.ReservationHeader.pre_reservation_number : \"\" }}",
          "p_print_number": "{{ $page.variables.ReservationHeader.print_number ? $page.variables.ReservationHeader.print_number : \"\" }}",
          "p_reason_code": "{{ $page.variables.ReservationHeader.reason_code ? $page.variables.ReservationHeader.reason_code : \"\" }}",
          "p_requester": "{{ $page.variables.ReservationHeader.requester ? $page.variables.ReservationHeader.requester : \"\" }}",
          "p_reservation_type": "{{ $page.variables.ReservationHeader.reservation_type ? $page.variables.ReservationHeader.reservation_type : \"\" }}",
          "p_status": "{{ $page.variables.ReservationHeader.status ? $page.variables.ReservationHeader.status :\"\" }}",
          "p_item_code": "{{ $page.variables.ReservationHeader.item_code ? $page.variables.ReservationHeader.item_code : \"\" }}"
        }
      },
      "outcomes": {
        "failure": "fireNotification",
        "success": "assignVariablesReservationHeaderADP"
      }
    },
    "resetVariablesReservationHeaderADP": {
      "module": "vb/action/builtin/resetVariablesAction",
      "parameters": {
        "variables": [
          "$page.variables.ReservationHeaderADP.data"
        ]
      },
      "outcomes": {
        "success": "if2"
      }
    },
    "assignVariablesReservationHeaderADP": {
      "module": "vb/action/builtin/assignVariablesAction",
      "parameters": {
        "$page.variables.ReservationHeaderADP": {
          "source": {
            "data": "{{ $chain.results.callRestGetReservationsUIReservationHeader.body.items }}"
          },
          "reset": "none",
          "auto": "always",
          "mapping": {
            "$target.data": {
              "source": "$source.data",
              "reset": "toDefault"
            }
          }
        }
      },
      "outcomes": {
        "success": "if"
      }
    },
    "fireNotification2": {
      "module": "vb/action/builtin/fireNotificationEventAction",
      "parameters": {
        "target": "leaf",
        "summary": "[[ $chain.results.callRestGetReservationsUIGetReserHeaderbyCriteriaID.message.summary ]]",
        "type": "error",
        "displayMode": "persist"
      }
    },
    "assignVariablesReservationHeaderADP2": {
      "module": "vb/action/builtin/assignVariablesAction",
      "parameters": {
        "$page.variables.ReservationHeaderADP": {
          "source": {
            "data": "{{ $chain.results.callRestGetReservationsUIGetReserHeaderbyCriteriaID.body.items }}"
          },
          "reset": "none",
          "auto": "always"
        }
      },
      "outcomes": {
        "success": "if3"
      }
    },
    "resetVariablesReservationHeader": {
      "module": "vb/action/builtin/resetVariablesAction",
      "parameters": {
        "variables": [
          "$page.variables.ReservationHeader.expiration_date",
          "$page.variables.ReservationHeader.inventory_organization",
          "$page.variables.ReservationHeader.comments",
          "$page.variables.ReservationHeader.approver",
          "$page.variables.ReservationHeader.item_code",
          "$page.variables.ReservationHeader.pre_reservation_number",
          "$page.variables.ReservationHeader.print_number",
          "$page.variables.ReservationHeader.reason_code",
          "$page.variables.ReservationHeader.requester",
          "$page.variables.ReservationHeader.reservation_type",
          "$page.variables.ReservationHeader.status"
        ]
      },
      "outcomes": {
        "success": "callRestGetReservationsUIGetReserHeaderbyCriteriaID"
      }
    },
    "if": {
      "module": "vb/action/builtin/ifAction",
      "parameters": {
        "condition": "[[ $chain.results.callRestGetReservationsUIReservationHeader.body.count < 1 ]]"
      },
      "outcomes": {
        "true": "fireNotification4",
        "false": "if4"
      }
    },
    "fireNotification4": {
      "module": "vb/action/builtin/fireNotificationEventAction",
      "parameters": {
        "target": "leaf",
        "summary": "Info",
        "message": "No data found with the given criteria",
        "displayMode": "transient",
        "type": "info"
      }
    },
    "if3": {
      "module": "vb/action/builtin/ifAction",
      "parameters": {
        "condition": "[[ $chain.results.callRestGetReservationsUIGetReserHeaderbyCriteriaID.body.count < 1 ]]"
      },
      "outcomes": {
        "true": "fireNotification5",
        "false": "if7"
      }
    },
    "fireNotification5": {
      "module": "vb/action/builtin/fireNotificationEventAction",
      "parameters": {
        "target": "leaf",
        "summary": "Info",
        "message": "No data found with the given criteria UID",
        "displayMode": "transient",
        "type": "info"
      }
    },
    "if2": {
      "module": "vb/action/builtin/ifAction",
      "parameters": {
        "condition": "[[ $page.variables.ReservationHeader.criteria_uid === \"\" || $page.variables.ReservationHeader.criteria_uid === undefined ]]"
      },
      "outcomes": {
        "true": "if5",
        "false": "resetVariablesReservationHeader"
      }
    },
    "if5": {
      "module": "vb/action/builtin/ifAction",
      "parameters": {
        "condition": "[[ $page.variables.ReservationHeader.item_code === \"\" || $page.variables.ReservationHeader.item_code === undefined ]]"
      },
      "outcomes": {
        "true": "callRestGetReservationsUIReservationHeader",
        "false": "callRestGetReservationsUIGetReserHeaderbyItemCode"
      }
    },
    "fireNotification3": {
      "module": "vb/action/builtin/fireNotificationEventAction",
      "parameters": {
        "target": "leaf",
        "summary": "[[ $chain.results.callRestGetReservationsUIGetReserHeaderbyItemCode.message.summary ]]",
        "type": "error",
        "displayMode": "persist"
      }
    },
    "callRestGetReservationsUIGetReserHeaderbyItemCode": {
      "module": "vb/action/builtin/restAction",
      "parameters": {
        "endpoint": "devOrds/getReservationsUIGetReserHeaderbyItemCode",
        "uriParams": {
          "p_approver": "{{ $page.variables.ReservationHeader.approver ? $page.variables.ReservationHeader.approver : \"\" }}",
          "p_comments": "{{ $page.variables.ReservationHeader.comments ? $page.variables.ReservationHeader.comments : \"\" }}",
          "p_expiration_date": "{{ $page.variables.ReservationHeader.expiration_date ? $page.variables.ReservationHeader.expiration_date : \"\" }}",
          "p_inventory_organization": "{{ $page.variables.ReservationHeader.inventory_organization ? $page.variables.ReservationHeader.inventory_organization : \"\" }}",
          "p_item_code": "{{ $page.variables.ReservationHeader.item_code ? $page.variables.ReservationHeader.item_code : \"\" }}",
          "p_pre_reservation_number": "{{ $page.variables.ReservationHeader.pre_reservation_number ? $page.variables.ReservationHeader.pre_reservation_number : \"\" }}",
          "p_print_number": "{{ $page.variables.ReservationHeader.print_number ? $page.variables.ReservationHeader.print_number : \"\" }}",
          "p_reason_code": "{{ $page.variables.ReservationHeader.reason_code ? $page.variables.ReservationHeader.reason_code : \"\" }}",
          "p_requester": "{{ $page.variables.ReservationHeader.requester ? $page.variables.ReservationHeader.requester : \"\" }}",
          "p_reservation_type": "{{ $page.variables.ReservationHeader.reservation_type ? $page.variables.ReservationHeader.reservation_type : \"\" }}",
          "p_status": "{{ $page.variables.ReservationHeader.status ? $page.variables.ReservationHeader.status : \"\" }}"
        }
      },
      "outcomes": {
        "failure": "fireNotification3",
        "success": "assignVariablesReservationHeaderADP3"
      }
    },
    "assignVariablesReservationHeaderADP3": {
      "module": "vb/action/builtin/assignVariablesAction",
      "parameters": {
        "$page.variables.ReservationHeaderADP": {
          "source": {
            "data": "{{ $chain.results.callRestGetReservationsUIGetReserHeaderbyItemCode.body.items }}"
          },
          "reset": "none",
          "auto": "always"
        }
      },
      "outcomes": {
        "success": "if6"
      }
    },
    "if6": {
      "module": "vb/action/builtin/ifAction",
      "parameters": {
        "condition": "[[ $chain.results.callRestGetReservationsUIGetReserHeaderbyItemCode.body.count < 1 ]]"
      },
      "outcomes": {
        "true": "fireNotification7",
        "false": "if8"
      }
    },
    "fireNotification7": {
      "module": "vb/action/builtin/fireNotificationEventAction",
      "parameters": {
        "target": "leaf",
        "summary": "Info",
        "message": "No data found with the given criteria Item",
        "displayMode": "transient",
        "type": "info"
      }
    },
    "navigateToMainCreatereservation": {
      "module": "vb/action/builtin/navigateAction",
      "parameters": {
        "page": "main-createreservation",
        "params": {

          "CreateResDetailButton": "Save",
          "CreateResDetailButton2": "Save & Add",
          "PageHeading": "Edit Reservation",
          "CreateReservationObj": "{{ $page.variables.ReservationHeader }}",
          "Flow_Auto_Clear": "{{ $page.variables.ReservationHeader.auto_clear_on_expiry_date }}"
        }
      }
    },
    "if4": {
      "module": "vb/action/builtin/ifAction",
      "parameters": {
        "condition": "[[ $chain.results.callRestGetReservationsUIReservationHeader.body.count == 1 ]]"
      },
      "outcomes": {
        "true": "callRestGetReservationsUIReservationHeader2"
      }
    },
    "fireNotification6": {
      "module": "vb/action/builtin/fireNotificationEventAction",
      "parameters": {
        "target": "leaf",
        "summary": "[[ $chain.results.callRestGetReservationsUIReservationHeader2.message.summary ]]",
        "type": "error",
        "displayMode": "transient"
      }
    },
    "callRestGetReservationsUIReservationHeader2": {
      "module": "vb/action/builtin/restAction",
      "parameters": {
        "endpoint": "devOrds/getReservationsUIReservationHeader",
        "uriParams": {
          "p_pre_reservation_number": "{{ $page.variables.ReservationHeader.pre_reservation_number }}"
        }
      },
      "outcomes": {
        "failure": "fireNotification6",
        "success": "assignVariablesReservationHeader"
      }
    },
    "assignVariablesReservationHeader": {
      "module": "vb/action/builtin/assignVariablesAction",
      "parameters": {
        "$page.variables.ReservationHeader": {
          "source": "{{ $chain.results.callRestGetReservationsUIReservationHeader2.body.items[0] }}",
          "auto": "always"
        }
      },
      "outcomes": {
        "success": "navigateToMainCreatereservation"
      }
    },
    "if8": {
      "module": "vb/action/builtin/ifAction",
      "parameters": {
        "condition": "[[ $chain.results.callRestGetReservationsUIGetReserHeaderbyItemCode.body.count == 1 ]]"
      },
      "outcomes": {
        "true": "callRestGetReservationsUIGetReserHeaderbyItemCode2"
      }
    },
    "fireNotification8": {
      "module": "vb/action/builtin/fireNotificationEventAction",
      "parameters": {
        "target": "leaf",
        "summary": "[[ $chain.results.callRestGetReservationsUIGetReserHeaderbyItemCode2.message.summary ]]",
        "type": "error",
        "displayMode": "persist"
      }
    },
    "callRestGetReservationsUIGetReserHeaderbyItemCode2": {
      "module": "vb/action/builtin/restAction",
      "parameters": {
        "endpoint": "devOrds/getReservationsUIGetReserHeaderbyItemCode",
        "uriParams": {
          "p_item_code": "{{ $page.variables.ReservationHeader.item_code }}"
        }
      },
      "outcomes": {
        "failure": "fireNotification8",
        "success": "assignVariablesReservationHeader2"
      }
    },
    "assignVariablesReservationHeader2": {
      "module": "vb/action/builtin/assignVariablesAction",
      "parameters": {
        "$page.variables.ReservationHeader": {
          "source": "{{ $chain.results.callRestGetReservationsUIGetReserHeaderbyItemCode2.body.items[0] }}",
          "auto": "always"
        }
      },
      "outcomes": {
        "success": "navigateToMainCreatereservation2"
      }
    },
    "navigateToMainCreatereservation2": {
      "module": "vb/action/builtin/navigateAction",
      "parameters": {
        "page": "main-createreservation",
        "params": {
          "CreateResDetailButton": "Save",
          "CreateResDetailButton2": "Save & Add",
          "PageHeading": "Edit Reservation",
          "CreateReservationObj": "{{ $page.variables.ReservationHeader }}",
          "Flow_Auto_Clear": "{{ $page.variables.ReservationHeader.auto_clear_on_expiry_date }}"
        }
      }
    },
    "if7": {
      "module": "vb/action/builtin/ifAction",
      "parameters": {
        "condition": "[[ $chain.results.callRestGetReservationsUIGetReserHeaderbyCriteriaID.body.count == 1 ]]"
      },
      "outcomes": {
        "true": "callRestGetReservationsUIGetReserHeaderbyCriteriaID2"
      }
    },
    "fireNotification9": {
      "module": "vb/action/builtin/fireNotificationEventAction",
      "parameters": {
        "target": "leaf",
        "summary": "[[ $chain.results.callRestGetReservationsUIGetReserHeaderbyCriteriaID2.message.summary ]]",
        "type": "error",
        "displayMode": "transient"
      }
    },
    "callRestGetReservationsUIGetReserHeaderbyCriteriaID2": {
      "module": "vb/action/builtin/restAction",
      "parameters": {
        "endpoint": "devOrds/getReservationsUIGetReserHeaderbyCriteriaID",
        "uriParams": {
          "p_criteria_uid": "{{ $page.variables.ReservationHeader.criteria_uid }}"
        }
      },
      "outcomes": {
        "failure": "fireNotification9",
        "success": "assignVariablesReservationHeader3"
      }
    },
    "callRestGetReservationsUIGetReserHeaderbyCriteriaID": {
      "module": "vb/action/builtin/restAction",
      "parameters": {
        "endpoint": "devOrds/getReservationsUIGetReserHeaderbyCriteriaID",
        "uriParams": {
          "p_criteria_uid": "{{ $page.variables.ReservationHeader.criteria_uid }}"
        }
      },
      "outcomes": {
        "failure": "fireNotification2",
        "success": "assignVariablesReservationHeaderADP2"
      }
    },
    "assignVariablesReservationHeader3": {
      "module": "vb/action/builtin/assignVariablesAction",
      "parameters": {
        "$page.variables.ReservationHeader": {
          "source": "{{ $chain.results.callRestGetReservationsUIGetReserHeaderbyCriteriaID2.body.items[0] }}",
          "auto": "always"
        }
      },
      "outcomes": {
        "success": "navigateToMainCreatereservation3"
      }
    },
    "navigateToMainCreatereservation3": {
      "module": "vb/action/builtin/navigateAction",
      "parameters": {
        "page": "main-createreservation",
        "params": {
          "CreateResDetailButton": "Save",
          "CreateResDetailButton2": "Save & Add",
          "CreateReservationObj": "{{ $page.variables.ReservationHeader }}",
          "PageHeading": "Edit Reservation",
          "Flow_Auto_Clear": "{{ $page.variables.ReservationHeader.auto_clear_on_expiry_date }}"
        }
      }
    }
  }
}