{
    "items": [
        {
            "impr_id": 81,
            "external_imp_code": "MR_IMP_1_Code",
            "external_imp_name": "MR_IMP_1_Name",
            "external_imp_abbr": "MR_IMP_1_Abb"
        }
    ],
    "hasMore": false,
    "limit": 10000,
    "offset": 0,
    "count": 1,
    "links": [
        {
            "rel": "self",
            "href": "https://10.2.0.169:8081/ords/hbg_integration/familyCode/getimpId?REPORTING_GROUP_ID=4"
        },
        {
            "rel": "describedby",
            "href": "https://10.2.0.169:8081/ords/hbg_integration/metadata-catalog/familyCode/item"
        },
        {
            "rel": "first",
            "href": "https://10.2.0.169:8081/ords/hbg_integration/familyCode/getimpId?REPORTING_GROUP_ID=4"
        }
    ]
}