{
  "title": "",
  "description": "",
  "variables": {
    "AccountNumber": {
      "type": "AccountNumberType[]"
    },
    "category1Array": {
      "type": "cat1Type[]"
    },
    "Headerlabel": {
      "type": "string"
    },
    "HeadersCreateObj": {
      "type": "HeadersTblType",
      "defaultValue": {
        "start_date": "[[ $functions.getsysdate() ]]"
      }
    },
    "HeadersLOV": {
      "type": "HeadersTblType[]"
    },
    "HeadersTblADP": {
      "type": "vb/ArrayDataProvider2",
      "defaultValue": {
        "itemType": "HeadersTblType",
        "keyAttributes": "template_id"
      }
    },
    "LinesCreateObj": {
      "type": "LinesTblType"
    },
    "LinesLabel": {
      "type": "string"
    },
    "LinesTblADP": {
      "type": "vb/ArrayDataProvider2",
      "defaultValue": {
        "itemType": "LinesTblType",
        "keyAttributes": "line_id"
      }
    },
    "OwnerArray": {
      "type": "OwnerCodeType[]"
    },
    "RowTemplateId": {
      "type": "number"
    },
    "SearchHeaderDesc": {
      "type": "string"
    },
    "SearchHeaderName": {
      "type": "string"
    }

  },
  "metadata": {},
  "types": {
    "@decorators.AccountNumberType": {
      "endpoint": "getGetAccountNumber",
      "service": "ordsHbg_integration",
      "path": "response-_-items[0]"
    },
    "@decorators.cat1Type": {
      "endpoint": "getcat1LOV",
      "service": "ordsHbg_integration",
      "path": "response-_-items[0]"
    },
    "@decorators.HeadersTblType": {
      "endpoint": "getGetTemplateHeaders",
      "service": "ordsHbg_integration",
      "path": "response-_-items[0]"
    },
    "@decorators.LinesTblType": {
      "endpoint": "gettemplateLines",
      "service": "ordsHbg_integration",
      "path": "response-_-items[0]"
    },
    "@decorators.OwnerCodeType": {
      "endpoint": "getGetOwnerCode",
      "service": "ordsHbg_integration",
      "path": "response-_-items[0]"
    },
    "AccountNumberType": {
      "account_number": "string"
    },
    "cat1Type": {
      "category1_code": "string"
    },
    "HeadersTblType": {
      "account_description": "any",
      "account_number": "any",
      "cust_account_id": "any",
      "end_date": "any",
      "entered_by": "any",
      "entered_date": "any",
      "owner_code": "any",
      "owner_name": "any",
      "start_date": "any",
      "template_description": "string",
      "template_id": "number",
      "template_name": "string",
      "updated_by": "any",
      "updated_date": "any"
    },
    "LinesTblType": {
      "category_code": "string",
      "category_name": "string",
      "entered_by": "any",
      "entered_date": "any",
      "instructions_text": "string",
      "line_id": "number",
      "sequence": "number",
      "template_id": "number",
      "updated_by": "any",
      "updated_date": "any"
    },
    "OwnerCodeType": {
      "owner_code": "string"
    }

  },
  "eventListeners": {
    "buttonAction": {
      "chains": [
        {
          "chainId": "HeaderAddBtnAction"
        }
      ]
    },
    "buttonAction2": {
      "chains": [
        {
          "chainId": "CloseHeadersDlgAction"
        }
      ]
    },
    "buttonAction3": {
      "chains": [
        {
          "chainId": "CreateHeadersAction"
        }
      ]
    },
    "buttonAction4": {
      "chains": [
        {
          "chainId": "linesAddBtnAction"
        }
      ]
    },
    "buttonAction5": {
      "chains": [
        {
          "chainId": "LinesDlgCLoseAction"
        }
      ]
    },
    "buttonAction6": {
      "chains": [
        {
          "chainId": "CreateLinesAction"
        }
      ]
    },
    "buttonAction7": {
      "chains": [
        {
          "chainId": "SearchBtnAction"
        }
      ]
    },
    "buttonAction8": {
      "chains": [
        {
          "chainId": "ResetBtnAction"
        }
      ]
    },
    "comboKeyup": {
      "chains": [
        {
          "chainId": "AccountNumberKeyupAction",
          "parameters": {
            "CurrentValue": "[[ $event.srcElement.value ]]"
          }
        }
      ]
    },
    "comboValue": {
      "chains": [
        {
          "chainId": "ComboValueChangeChain",
          "parameters": {
            "value": "{{ $event.detail.value }}"
          }
        }
      ]
    },
    "comboValue2": {
      "chains": [
        {
          "chainId": "AccountNumberValueChange",
          "parameters": {
            "value": "{{ $event.detail.value }}"
          }
        }
      ]
    },
    "comboValue3": {
      "chains": [
        {
          "chainId": "categoryvalChange",
          "parameters": {
            "value": "{{ $event.detail.value }}"
          }
        }
      ]
    },
    "iconClick": {
      "chains": [
        {
          "chainId": "EditHeadersDlgopen",
          "parameters": {
            "key": "{{ $current.key }}",
            "index": "{{ $current.index }}",
            "current": "{{ $current }}"
          }
        }
      ]
    },
    "iconClick2": {
      "chains": [
        {
          "chainId": "EditLinesDlgOpenAction",
          "parameters": {
            "key": "{{ $current.key }}",
            "index": "{{ $current.index }}",
            "current": "{{ $current }}"
          }
        }
      ]
    },
    "tableFirstSelectedRow": {
      "chains": [
        {
          "chainId": "HeadersTblRowSelection",
          "parameters": {
            "rowKey": "{{$event.detail.value.key}}",
            "rowData": "{{$event.detail.value.data}}"
          }
        }
      ]
    },
    "toggleDrawer": {
      "chains": [
        {
          "chainId": "application:toggleDrawerHandler"
        }
      ]
    },
    "vbEnter": {
      "chains": [
{
          "parameters": {},
          "chainId": "FetchHeaders"
        },
        {
          "parameters": {},
          "chainId": "FetchLOVs"
        }
      ]
    }

  },
  "imports": {
    "components": {
      "oj-button": {
        "path": "ojs/ojbutton"
      },
      "oj-combobox-one": {
        "path": "ojs/ojselectcombobox"
      },
      "oj-dialog": {
        "path": "ojs/ojdialog"
      },
      "oj-form-layout": {
        "path": "ojs/ojformlayout"
      },
      "oj-input-date": {
        "path": "ojs/ojdatetimepicker"
      },
      "oj-input-number": {
        "path": "ojs/ojinputnumber"
      },
      "oj-input-text": {
        "path": "ojs/ojinputtext"
      },
      "oj-label": {
        "path": "ojs/ojlabel"
      },
      "oj-option": {
        "path": "ojs/ojoption"
      },
      "oj-sample-export-data": {
        "path": "oj-sample/export-data/loader"
      },
      "oj-table": {
        "path": "ojs/ojtable"
      },
      "oj-validation-group": {
        "path": "ojs/ojvalidationgroup"
      }

    },
    "modules": {
      "ojValidationDateTime": {
        "path": "ojs/ojvalidation-datetime"
      }
    }
  }
}