{
    "items": [
        {
            "sales_rep_number": "SR1",
            "sales_rep_name": "SR1Name",
            "sf_sales_rep_id": 9
        }
    ],
    "hasMore": false,
    "limit": 100,
    "offset": 0,
    "count": 1,
    "links": [
        {
            "rel": "self",
            "href": "https://10.2.0.169:8081/ords/hbg_integration/salesCredit/SalesRepTableCol?SF_TERRITORY_ID=16"
        },
        {
            "rel": "describedby",
            "href": "https://10.2.0.169:8081/ords/hbg_integration/metadata-catalog/salesCredit/item"
        },
        {
            "rel": "first",
            "href": "https://10.2.0.169:8081/ords/hbg_integration/salesCredit/SalesRepTableCol?SF_TERRITORY_ID=16"
        }
    ]
}