{
  "description": "",
  "root": "resetVariablesCreateDistributionRulesObj",
  "actions": {
    "resetVariablesCreateDistributionRulesObj": {
      "module": "vb/action/builtin/resetVariablesAction",
      "parameters": {
        "variables": [
          "$flow.variables.CreateDistributionRulesObj.category_1",
          "$flow.variables.CreateDistributionRulesObj.category_1_description",
          "$flow.variables.CreateDistributionRulesObj.category_2",
          "$flow.variables.CreateDistributionRulesObj.category_2_description",
          "$flow.variables.getCategory1ADP",
          "$flow.variables.CreateDistributionRulesObj.reporting_group_description"
        ]
      },
      "outcomes": {
        "success": "if"
      }
    },
    "if": {
      "module": "vb/action/builtin/ifAction",
      "parameters": {
        "condition": "[[ $flow.variables.CreateDistributionRulesObj.reporting_group == null || $flow.variables.CreateDistributionRulesObj.reporting_group == 'undefined' ]]"
      },
      "outcomes": {
        "false": "runInParallel"
      }
    },
    "runInParallel": {
      "module": "vb/action/builtin/forkAction",
      "parameters": {
        "actions": {
          "callRest": "getCategory1LOV",
          "callRestGetDistributionTitleRightsGetLookupValuesDetails": "getReportingGroupDescription"
        }
      }
    },
    "fireNotification": {
      "module": "vb/action/builtin/fireNotificationEventAction",
      "parameters": {
        "target": "leaf",
        "summary": "[[ $chain.results.getReportingGroupDescription.message.summary ]]",
        "type": "error",
        "displayMode": "persist"
      }
    },
    "assignVariablesCreateDistributionRulesObj": {
      "module": "vb/action/builtin/assignVariablesAction",
      "parameters": {
        "$flow.variables.CreateDistributionRulesObj": {
          "source": {
            "reporting_group_description": "{{ $chain.results.getReportingGroupDescription.body.items[0].meaning }}"
          },
          "reset": "none",
          "auto": "always"
        }
      }
    },
    "fireNotification2": {
      "module": "vb/action/builtin/fireNotificationEventAction",
      "parameters": {
        "target": "leaf",
        "summary": "[[ $chain.results.getCategory1LOV.message.summary ]]",
        "type": "error",
        "displayMode": "persist"
      }
    },
    "getReportingGroupDescription": {
      "module": "vb/action/builtin/restAction",
      "parameters": {
        "endpoint": "ordsHbg_integration/getDistributionTitleRightsGetLookupValuesDetails",
        "uriParams": {
          "P_LOOKUP_CODE": "{{ $flow.variables.CreateDistributionRulesObj.reporting_group }}",
          "P_LOOKUP_TYPE": "HBG_REPORTING_GROUP"
        }
      },
      "outcomes": {
        "failure": "fireNotification",
        "success": "assignVariablesCreateDistributionRulesObj"
      }
    },
    "forEach": {
      "module": "vb/action/builtin/forEachAction",
      "parameters": {
        "items": "{{ $chain.results.getCategory1LOV.body.items }}",
        "actionId": "assignVariablesGetCategory1Obj"
      },
      "outcomes": {
        "success": "fireDataProviderEventGetCategory1ADP2"
      }
    },
    "getCategory1LOV": {
      "module": "vb/action/builtin/restAction",
      "parameters": {
        "endpoint": "ordsHbg_integration/getDistributionTitleRightsGetLookupValuesInfo",
        "uriParams": {
          "P_LOOKUP_TYPE": "HBG_CATEGORY_1",
          "P_TAG": "{{ $flow.variables.CreateDistributionRulesObj.reporting_group }}"
        }
      },
      "outcomes": {
        "failure": "fireNotification2",
        "success": "forEach"
      }
    },
    "fireDataProviderEventGetCategory1ADP": {
      "module": "vb/action/builtin/fireDataProviderEventAction",
      "parameters": {
        "target": "[[ $flow.variables.getCategory1ADP ]]",
        "add": {
          "data": "{{ $flow.variables.getCategory1Obj }}"
        }
      }
    },
    "fireDataProviderEventGetCategory1ADP2": {
      "module": "vb/action/builtin/fireDataProviderEventAction",
      "parameters": {
        "target": "[[ $flow.variables.getCategory1ADP ]]",
        "refresh": null
      }
    },
    "assignVariablesGetCategory1Obj": {
      "module": "vb/action/builtin/assignVariablesAction",
      "parameters": {
        "$flow.variables.getCategory1Obj": {
          "source": {
            "created_by": "{{ $chain.results.getCategory1LOV.body.items[$current.index].created_by }}",
            "creation_date": "{{ $chain.results.getCategory1LOV.body.items[$current.index].creation_date }}",
            "description": "{{ $chain.results.getCategory1LOV.body.items[$current.index].description }}",
            "display_sequence": "{{ $chain.results.getCategory1LOV.body.items[$current.index].display_sequence }}",
            "enabled_flag": "{{ $chain.results.getCategory1LOV.body.items[$current.index].enabled_flag }}",
            "last_update_date": "{{ $chain.results.getCategory1LOV.body.items[$current.index].last_update_date }}",
            "last_updated_by": "{{ $chain.results.getCategory1LOV.body.items[$current.index].last_updated_by }}",
            "lookup_code": "{{ $chain.results.getCategory1LOV.body.items[$current.index].lookup_code }}",
            "lookup_type": "{{ $chain.results.getCategory1LOV.body.items[$current.index].lookup_type }}",
            "meaning": "{{ $chain.results.getCategory1LOV.body.items[$current.index].meaning }}",
            "oic_run_id": "{{ $chain.results.getCategory1LOV.body.items[$current.index].oic_run_id }}",
            "status": "{{ $chain.results.getCategory1LOV.body.items[$current.index].status }}",
            "status_message": "{{ $chain.results.getCategory1LOV.body.items[$current.index].status_message }}",
            "tag": "{{ $chain.results.getCategory1LOV.body.items[$current.index].tag }}"
          },
          "reset": "none",
          "auto": "always"
        }
      },
      "outcomes": {
        "success": "fireDataProviderEventGetCategory1ADP"
      }
    }
  },
  "variables": {}
}