{
    "items": [
        {
            "country_group_id": 1001,
            "country_group_code": "WWD",
            "country_group_name": "World Wide",
            "comments": null,
            "enabled_flag": "Y",
            "created_by": null,
            "creation_date": null,
            "last_updated_by": null,
            "last_update_date": null
        }
    ],
    "hasMore": false,
    "limit": 10000,
    "offset": 0,
    "count": 1,
    "links": [
        {
            "rel": "self",
            "href": "https://10.2.0.169:8081/ords/hbg_integration/DistributionTitleRights/getCountryGroupList"
        },
        {
            "rel": "describedby",
            "href": "https://10.2.0.169:8081/ords/hbg_integration/metadata-catalog/DistributionTitleRights/item"
        },
        {
            "rel": "first",
            "href": "https://10.2.0.169:8081/ords/hbg_integration/DistributionTitleRights/getCountryGroupList?limit=10000"
        }
    ]
}