{
    "items": [
        {
            "sf_sales_rep_id": 100001,
            "sales_rep_number": 100001,
            "sales_rep_name": "John",
            "external_sales_rep_identifier": 12345,
            "address": "Street 2",
            "city": "Los Angles",
            "state": "Los Angles",
            "postal_code": "10001",
            "country": "USA",
            "phone_number": "100-566-488",
            "email": "test@peloton.com",
            "company": "Xyz Inc",
            "company_description": "Xyz Inc",
            "external_checkbox": "Yes",
            "wholesale_commision": 100,
            "retail_commision": 100,
            "edelweiss": "yes",
            "notes": "test",
            "entered_by": "user",
            "entered_date": "2022-11-24T00:00:00Z",
            "updated_by": "user",
            "updated_date": "2022-11-24T00:00:00Z",
            "start_date": "2022-11-24T00:00:00Z",
            "end_date": "2022-11-30T00:00:00Z",
            "status": "Active",
            "sf_territory_id": 11111
        },
        {
            "sf_sales_rep_id": 100002,
            "sales_rep_number": 100002,
            "sales_rep_name": "William",
            "external_sales_rep_identifier": 12346,
            "address": "Street 2",
            "city": "Los Angles",
            "state": "Los Angles",
            "postal_code": "10001",
            "country": "USA",
            "phone_number": "100-566-488",
            "email": "test@peloton.com",
            "company": "Xyz Inc",
            "company_description": "Xyz Inc",
            "external_checkbox": "Yes",
            "wholesale_commision": 100,
            "retail_commision": 100,
            "edelweiss": "yes",
            "notes": "test",
            "entered_by": "user",
            "entered_date": "2022-11-24T00:00:00Z",
            "updated_by": "user",
            "updated_date": "2022-11-24T00:00:00Z",
            "start_date": "2022-11-24T00:00:00Z",
            "end_date": "2022-11-30T00:00:00Z",
            "status": "Active",
            "sf_territory_id": 11111
        },
        {
            "sf_sales_rep_id": 100003,
            "sales_rep_number": 100003,
            "sales_rep_name": "David",
            "external_sales_rep_identifier": 12347,
            "address": "Street 2",
            "city": "Los Angles",
            "state": "Los Angles",
            "postal_code": "10001",
            "country": "USA",
            "phone_number": "100-566-488",
            "email": "test@peloton.com",
            "company": "Xyz Inc",
            "company_description": "Xyz Inc",
            "external_checkbox": "Yes",
            "wholesale_commision": 100,
            "retail_commision": 100,
            "edelweiss": "yes",
            "notes": "test",
            "entered_by": "user",
            "entered_date": "2022-11-24T00:00:00Z",
            "updated_by": "user",
            "updated_date": "2022-11-24T00:00:00Z",
            "start_date": "2022-11-24T00:00:00Z",
            "end_date": "2022-11-30T00:00:00Z",
            "status": "Active",
            "sf_territory_id": 11111
        },
        {
            "sf_sales_rep_id": 100004,
            "sales_rep_number": 100004,
            "sales_rep_name": "Bob",
            "external_sales_rep_identifier": 12348,
            "address": "Street 2",
            "city": "Los Angles",
            "state": "Los Angles",
            "postal_code": "10001",
            "country": "USA",
            "phone_number": "100-566-488",
            "email": "test@peloton.com",
            "company": "Xyz Inc",
            "company_description": "Xyz Inc",
            "external_checkbox": "Yes",
            "wholesale_commision": 100,
            "retail_commision": 100,
            "edelweiss": "yes",
            "notes": "test",
            "entered_by": "user",
            "entered_date": "2022-11-24T00:00:00Z",
            "updated_by": "user",
            "updated_date": "2022-11-24T00:00:00Z",
            "start_date": "2022-11-24T00:00:00Z",
            "end_date": "2022-11-30T00:00:00Z",
            "status": "Active",
            "sf_territory_id": 11111
        },
        {
            "sf_sales_rep_id": 100005,
            "sales_rep_number": 100005,
            "sales_rep_name": "Tom",
            "external_sales_rep_identifier": 12349,
            "address": "Street 2",
            "city": "Los Angles",
            "state": "Los Angles",
            "postal_code": "10001",
            "country": "USA",
            "phone_number": "100-566-488",
            "email": "test@peloton.com",
            "company": "Xyz Inc",
            "company_description": "Xyz Inc",
            "external_checkbox": "Yes",
            "wholesale_commision": 100,
            "retail_commision": 100,
            "edelweiss": "yes",
            "notes": "test",
            "entered_by": "user",
            "entered_date": "2022-11-24T00:00:00Z",
            "updated_by": "user",
            "updated_date": "2022-11-24T00:00:00Z",
            "start_date": "2022-11-24T00:00:00Z",
            "end_date": "2022-11-30T00:00:00Z",
            "status": "Active",
            "sf_territory_id": 11111
        },
        {
            "sf_sales_rep_id": 100006,
            "sales_rep_number": 100006,
            "sales_rep_name": "Cade",
            "external_sales_rep_identifier": 12350,
            "address": "Street 2",
            "city": "Los Angles",
            "state": "Los Angles",
            "postal_code": "10001",
            "country": "USA",
            "phone_number": "100-566-488",
            "email": "test@peloton.com",
            "company": "Xyz Inc",
            "company_description": "Xyz Inc",
            "external_checkbox": "Yes",
            "wholesale_commision": 100,
            "retail_commision": 100,
            "edelweiss": "yes",
            "notes": "test",
            "entered_by": "user",
            "entered_date": "2022-11-24T00:00:00Z",
            "updated_by": "user",
            "updated_date": "2022-11-24T00:00:00Z",
            "start_date": "2022-11-24T00:00:00Z",
            "end_date": "2022-11-30T00:00:00Z",
            "status": "Active",
            "sf_territory_id": 11111
        },
        {
            "sf_sales_rep_id": 100007,
            "sales_rep_number": 100007,
            "sales_rep_name": "Cam",
            "external_sales_rep_identifier": 12351,
            "address": "Street 2",
            "city": "Los Angles",
            "state": "Los Angles",
            "postal_code": "10001",
            "country": "USA",
            "phone_number": "100-566-488",
            "email": "test@peloton.com",
            "company": "Xyz Inc",
            "company_description": "Xyz Inc",
            "external_checkbox": "Yes",
            "wholesale_commision": 100,
            "retail_commision": 100,
            "edelweiss": "yes",
            "notes": "test",
            "entered_by": "user",
            "entered_date": "2022-11-24T00:00:00Z",
            "updated_by": "user",
            "updated_date": "2022-11-24T00:00:00Z",
            "start_date": "2022-11-24T00:00:00Z",
            "end_date": "2022-11-30T00:00:00Z",
            "status": "Active",
            "sf_territory_id": 11111
        },
        {
            "sf_sales_rep_id": 100008,
            "sales_rep_number": 100008,
            "sales_rep_name": "Janet",
            "external_sales_rep_identifier": 12352,
            "address": "Street 2",
            "city": "Los Angles",
            "state": "Los Angles",
            "postal_code": "10001",
            "country": "USA",
            "phone_number": "100-566-488",
            "email": "test@peloton.com",
            "company": "Xyz Inc",
            "company_description": "Xyz Inc",
            "external_checkbox": "Yes",
            "wholesale_commision": 100,
            "retail_commision": 100,
            "edelweiss": "yes",
            "notes": "test",
            "entered_by": "user",
            "entered_date": "2022-11-24T00:00:00Z",
            "updated_by": "user",
            "updated_date": "2022-11-24T00:00:00Z",
            "start_date": "2022-11-24T00:00:00Z",
            "end_date": "2022-11-30T00:00:00Z",
            "status": "Active",
            "sf_territory_id": 11111
        }
    ],
    "hasMore": false,
    "limit": 100,
    "offset": 0,
    "count": 8,
    "links": [
        {
            "rel": "self",
            "href": "https://10.2.0.169:8081/ords/hbg_integration/salesCredit/salesRep?SF_TERRITORY_ID=11111"
        },
        {
            "rel": "describedby",
            "href": "https://10.2.0.169:8081/ords/hbg_integration/metadata-catalog/salesCredit/item"
        },
        {
            "rel": "first",
            "href": "https://10.2.0.169:8081/ords/hbg_integration/salesCredit/salesRep?SF_TERRITORY_ID=11111"
        }
    ]
}