{
    "items": [
        {
            "client_info_id": 81,
            "cust_owner": "AB",
            "owner_description": "Abrams Books",
            "account_type": "02",
            "account_type_description": "AGENCY ACCOUNTS (ABRAMS)",
            "discount": null,
            "lookup1": null,
            "lookup2": null,
            "lookup3": null,
            "customer_since": null,
            "last_activity": null,
            "created_by": "freis@pelotongroup.com",
            "last_updated_by": "freis@pelotongroup.com",
            "creation_date": "2023-01-20T07:28:46Z",
            "last_update_date": "2023-01-20T07:28:46Z",
            "default_account_type": "02",
            "default_account_type_owners": null,
            "operation_account_type": "02",
            "reporting_group": "AB58",
            "reporting_group_description": "Harry N. Abrams",
            "category1": "AB5801",
            "category1_description": "General Trade_AB5801",
            "category2": "AB580101",
            "category2_description": "General / Other_AB580101",
            "cust_format": "Mass Market",
            "format_description": "Mass Market",
            "sub_format": "Mini Books CL",
            "sub_format_description": "Mini Books CL",
            "customer_account": "987659 - Customer FBDI 1",
            "cust_account_id": null
        }
    ],
    "hasMore": false,
    "limit": 100,
    "offset": 0,
    "count": 1,
    "links": [
        {
            "rel": "self",
            "href": "https://10.2.0.169:8081/ords/hbg_integration/salesCredit/getClientinfo?CUSTOMER_ACCOUNT=987659+-+Customer+FBDI+1"
        },
        {
            "rel": "edit",
            "href": "https://10.2.0.169:8081/ords/hbg_integration/salesCredit/getClientinfo?CUSTOMER_ACCOUNT=987659+-+Customer+FBDI+1"
        },
        {
            "rel": "describedby",
            "href": "https://10.2.0.169:8081/ords/hbg_integration/metadata-catalog/salesCredit/item"
        },
        {
            "rel": "first",
            "href": "https://10.2.0.169:8081/ords/hbg_integration/salesCredit/getClientinfo?CUSTOMER_ACCOUNT=987659+-+Customer+FBDI+1"
        }
    ]
}