{
    "items": [
        {
            "sf_assign_id": 12345,
            "owner": "12345",
            "owner_description": "Test_Owner_Description",
            "reporting_group": 12345,
            "reporting_group_description": "Test_Reporting_Group",
            "category_1": 12345,
            "category_1_description": "Test_Category1",
            "category_2": 12345,
            "category_2_description": "Test_Category2",
            "format": 12345,
            "format_description": "Test_Format_Description",
            "sub_format": 12345,
            "sub_format_description": "Test_Sub_Format",
            "bisac": 12345,
            "bisac_description": "TestBISAC",
            "customer_org_number": 12345,
            "organization_name": "ABC Inc",
            "customer_account_number": 12345,
            "account_name": "Test_Acct_Name",
            "account_type": "AB",
            "bill_to_": "ABC Inc",
            "state_province": "NJ",
            "bill_to_country": "US",
            "alt_sales_country": "US",
            "ship_to_number": 12345,
            "ship_to_name": "ABC Inc",
            "ship_to_state": "NJ",
            "ship_to_country": "US",
            "final_destination_country": "US",
            "sales_force": 12345,
            "sales_force_name": "Test_SF_Name",
            "division": 12345,
            "division_name": "Test_Division",
            "territory": 12345,
            "territory_name": "Test_Territory",
            "sales_rep": 12345,
            "sales_rep_name": "Test_Sale_Rep",
            "override": "Y",
            "account_override_start_date": "2022-11-28T13:42:46Z",
            "account_override_end_date": "2022-11-30T13:42:52Z",
            "notes": "Test Notes",
            "entered_by": "User",
            "entered_date": "2022-11-28T13:43:07Z",
            "updated_by": "User",
            "updated_date": "2022-11-28T13:43:15Z",
            "start_date": "2022-11-28T13:43:20Z",
            "end_date": "2022-11-30T13:43:25Z",
            "status": "Active",
            "sales_force_id": 12345
        }
    ],
    "hasMore": false,
    "limit": 100,
    "offset": 0,
    "count": 1,
    "links": [
        {
            "rel": "self",
            "href": "https://10.2.0.169:8081/ords/hbg_integration/salesCredit/SFAssign?SALES_FORCE=12345"
        },
        {
            "rel": "edit",
            "href": "https://10.2.0.169:8081/ords/hbg_integration/salesCredit/SFAssign?SALES_FORCE=12345"
        },
        {
            "rel": "describedby",
            "href": "https://10.2.0.169:8081/ords/hbg_integration/metadata-catalog/salesCredit/item"
        },
        {
            "rel": "first",
            "href": "https://10.2.0.169:8081/ords/hbg_integration/salesCredit/SFAssign?SALES_FORCE=12345"
        }
    ]
}