{
    "items": [
        {
            "item_number": "9780824919351",
            "isbn_on_book": null,
            "pub_status": "IP",
            "short_title": "Frosty Snowman",
            "short_author": "Jack Rollins",
            "owner": "HB",
            "owner_description": "Hachette Books",
            "reporting_group": "01",
            "reporting_group_description": "HBG Books, Inc.",
            "category_1": "07",
            "category_1_description": "Worthy_HB0107",
            "category_2": "01",
            "category_2_description": "WorthyKids_HB010701"
        }
    ],
    "hasMore": false,
    "limit": 25,
    "offset": 0,
    "count": 1,
    "links": [
        {
            "rel": "self",
            "href": "https://10.2.0.169:8081/ords/hbg_integration/ReservationsUI/ReservationLineAttributes?p_item_number=9780824919351"
        },
        {
            "rel": "describedby",
            "href": "https://10.2.0.169:8081/ords/hbg_integration/metadata-catalog/ReservationsUI/item"
        },
        {
            "rel": "first",
            "href": "https://10.2.0.169:8081/ords/hbg_integration/ReservationsUI/ReservationLineAttributes?p_item_number=9780824919351"
        }
    ]
}