{
    "items": [
        {
            "sf_mapping_id": 10001,
            "isbn": "12345",
            "sales_force": 12345,
            "sales_force_name": "Test_SF_Name",
            "owner": "Test_Owner",
            "owner_description": "Test_Owner_Description",
            "reporting_group": 12345,
            "reporting_group_description": "Test_Reportting_Grp",
            "category_1": 12345,
            "category_1_description": "Test_Category1",
            "category_2": 12345,
            "category_2_description": "Test_Category2",
            "format": 12345,
            "format_description": "Test_Format",
            "sub_format": 12345,
            "sub_format_description": "Test_Sub_Format",
            "bisac": 12345,
            "bisac_description": "Test_BISAC",
            "account_type": "AB",
            "account_type_description": "Test_Account_TYpe",
            "priority": 1,
            "notes": "Test_Notes",
            "entered_by": "User",
            "entered_date": "2022-11-28T13:07:40Z",
            "updated_by": "User",
            "updated_date": "2022-11-28T13:07:52Z",
            "start_date": "2022-11-28T13:08:01Z",
            "end_date": "2022-11-30T13:08:05Z",
            "status": "Active",
            "sales_force_id": 12345,
            "sf_acct_type_id": 12345
        }
    ],
    "hasMore": false,
    "limit": 100,
    "offset": 0,
    "count": 1,
    "links": [
        {
            "rel": "self",
            "href": "https://10.2.0.169:8081/ords/hbg_integration/salesCredit/SFMapping?ISBN=12345"
        },
        {
            "rel": "edit",
            "href": "https://10.2.0.169:8081/ords/hbg_integration/salesCredit/SFMapping?ISBN=12345"
        },
        {
            "rel": "describedby",
            "href": "https://10.2.0.169:8081/ords/hbg_integration/metadata-catalog/salesCredit/item"
        },
        {
            "rel": "first",
            "href": "https://10.2.0.169:8081/ords/hbg_integration/salesCredit/SFMapping?ISBN=12345"
        }
    ]
}