{
    "items": [
        {
            "category1_id": 4085189275,
            "category1_code": "06",
            "category1_name": "Brooklands Books Ltd.",
            "category1_abbr": "Brooklands Bks",
            "returnable_grace_days": null,
            "active_ind": "Y",
            "creation_date": null,
            "created_by": null,
            "last_updated_date": null,
            "last_updated_by": null,
            "reporting_group_id": 4055410720,
            "pub_id": 4451474302,
            "company_code": "80",
            "osd_ind": "N",
            "partial_ship_ind": "Y",
            "partial_ship_threshold": 0,
            "start_date": null,
            "end_date": null,
            "status": null
        },
        {
            "category1_id": 4085189457,
            "category1_code": "07",
            "category1_name": "California Bill's Auto Handbook",
            "category1_abbr": "CA Bill's Auto",
            "returnable_grace_days": null,
            "active_ind": "N",
            "creation_date": null,
            "created_by": null,
            "last_updated_date": null,
            "last_updated_by": null,
            "reporting_group_id": 4055410720,
            "pub_id": 4451474359,
            "company_code": "80",
            "osd_ind": "N",
            "partial_ship_ind": "Y",
            "partial_ship_threshold": 0,
            "start_date": null,
            "end_date": null,
            "status": null
        },
        {
            "category1_id": 4085189643,
            "category1_code": "08",
            "category1_name": "Casemate Publishers",
            "category1_abbr": "Casemate Pub",
            "returnable_grace_days": null,
            "active_ind": "Y",
            "creation_date": null,
            "created_by": null,
            "last_updated_date": null,
            "last_updated_by": null,
            "reporting_group_id": 4055410720,
            "pub_id": 4451474375,
            "company_code": "80",
            "osd_ind": "N",
            "partial_ship_ind": "Y",
            "partial_ship_threshold": 0,
            "start_date": null,
            "end_date": null,
            "status": null
        },
        {
            "category1_id": 4085189703,
            "category1_code": "09",
            "category1_name": "Clear Hot Media",
            "category1_abbr": "CHM",
            "returnable_grace_days": null,
            "active_ind": "Y",
            "creation_date": null,
            "created_by": null,
            "last_updated_date": null,
            "last_updated_by": null,
            "reporting_group_id": 4055410720,
            "pub_id": 4451474394,
            "company_code": "80",
            "osd_ind": "N",
            "partial_ship_ind": "Y",
            "partial_ship_threshold": 0,
            "start_date": null,
            "end_date": null,
            "status": null
        },
        {
            "category1_id": 4085189750,
            "category1_code": "10",
            "category1_name": "Coterie Press Ltd.",
            "category1_abbr": "Coterie Press",
            "returnable_grace_days": null,
            "active_ind": "Y",
            "creation_date": null,
            "created_by": null,
            "last_updated_date": null,
            "last_updated_by": null,
            "reporting_group_id": 4055410720,
            "pub_id": 4451474511,
            "company_code": "80",
            "osd_ind": "N",
            "partial_ship_ind": "Y",
            "partial_ship_threshold": 0,
            "start_date": null,
            "end_date": null,
            "status": null
        },
        {
            "category1_id": 4085189962,
            "category1_code": "11",
            "category1_name": "Dalton Watson",
            "category1_abbr": "Dalton Watson",
            "returnable_grace_days": null,
            "active_ind": "Y",
            "creation_date": null,
            "created_by": null,
            "last_updated_date": null,
            "last_updated_by": null,
            "reporting_group_id": 4055410720,
            "pub_id": 4451474526,
            "company_code": "80",
            "osd_ind": "N",
            "partial_ship_ind": "Y",
            "partial_ship_threshold": 0,
            "start_date": null,
            "end_date": null,
            "status": null
        },
        {
            "category1_id": 4085189970,
            "category1_code": "12",
            "category1_name": "DB Publishing",
            "category1_abbr": "DB Pub",
            "returnable_grace_days": null,
            "active_ind": "Y",
            "creation_date": null,
            "created_by": null,
            "last_updated_date": null,
            "last_updated_by": null,
            "reporting_group_id": 4055410720,
            "pub_id": 4451474574,
            "company_code": "80",
            "osd_ind": "N",
            "partial_ship_ind": "Y",
            "partial_ship_threshold": 0,
            "start_date": null,
            "end_date": null,
            "status": null
        },
        {
            "category1_id": 4085190012,
            "category1_code": "13",
            "category1_name": "Duke Video",
            "category1_abbr": "Duke Video",
            "returnable_grace_days": null,
            "active_ind": "Y",
            "creation_date": null,
            "created_by": null,
            "last_updated_date": null,
            "last_updated_by": null,
            "reporting_group_id": 4055410720,
            "pub_id": 4451476228,
            "company_code": "80",
            "osd_ind": "N",
            "partial_ship_ind": "Y",
            "partial_ship_threshold": 0,
            "start_date": null,
            "end_date": null,
            "status": null
        },
        {
            "category1_id": 4085190024,
            "category1_code": "14",
            "category1_name": "Eagle Editions Ltd",
            "category1_abbr": "Eagle Editions",
            "returnable_grace_days": null,
            "active_ind": "Y",
            "creation_date": null,
            "created_by": null,
            "last_updated_date": null,
            "last_updated_by": null,
            "reporting_group_id": 4055410720,
            "pub_id": 4451476972,
            "company_code": "80",
            "osd_ind": "N",
            "partial_ship_ind": "Y",
            "partial_ship_threshold": 0,
            "start_date": null,
            "end_date": null,
            "status": null
        },
        {
            "category1_id": 4085190029,
            "category1_code": "15",
            "category1_name": "Evans Mitchell Books",
            "category1_abbr": "Evans Mitchell",
            "returnable_grace_days": null,
            "active_ind": "Y",
            "creation_date": null,
            "created_by": null,
            "last_updated_date": null,
            "last_updated_by": null,
            "reporting_group_id": 4055410720,
            "pub_id": 4451477817,
            "company_code": "80",
            "osd_ind": "N",
            "partial_ship_ind": "Y",
            "partial_ship_threshold": 0,
            "start_date": null,
            "end_date": null,
            "status": null
        },
        {
            "category1_id": 4085190031,
            "category1_code": "16",
            "category1_name": "F & W Publications",
            "category1_abbr": "F&W Pub",
            "returnable_grace_days": null,
            "active_ind": "Y",
            "creation_date": null,
            "created_by": null,
            "last_updated_date": null,
            "last_updated_by": null,
            "reporting_group_id": 4055410720,
            "pub_id": 4451477913,
            "company_code": "80",
            "osd_ind": "N",
            "partial_ship_ind": "Y",
            "partial_ship_threshold": 0,
            "start_date": null,
            "end_date": null,
            "status": null
        },
        {
            "category1_id": 4085190093,
            "category1_code": "17",
            "category1_name": "Frances Lincoln Inactive",
            "category1_abbr": "Frances Lincoln",
            "returnable_grace_days": null,
            "active_ind": "N",
            "creation_date": null,
            "created_by": null,
            "last_updated_date": null,
            "last_updated_by": null,
            "reporting_group_id": 4055410720,
            "pub_id": 4451477933,
            "company_code": "80",
            "osd_ind": "N",
            "partial_ship_ind": "Y",
            "partial_ship_threshold": 0,
            "start_date": null,
            "end_date": null,
            "status": null
        },
        {
            "category1_id": 4085190103,
            "category1_code": "18",
            "category1_name": "Franklin Green",
            "category1_abbr": "Franklin Green",
            "returnable_grace_days": null,
            "active_ind": "Y",
            "creation_date": null,
            "created_by": null,
            "last_updated_date": null,
            "last_updated_by": null,
            "reporting_group_id": 4055410720,
            "pub_id": 4451477955,
            "company_code": "80",
            "osd_ind": "N",
            "partial_ship_ind": "Y",
            "partial_ship_threshold": 0,
            "start_date": null,
            "end_date": null,
            "status": null
        },
        {
            "category1_id": 4085190377,
            "category1_code": "19",
            "category1_name": "G2 Entertainment",
            "category1_abbr": "G2 Entertainmnt",
            "returnable_grace_days": null,
            "active_ind": "N",
            "creation_date": null,
            "created_by": null,
            "last_updated_date": null,
            "last_updated_by": null,
            "reporting_group_id": 4055410720,
            "pub_id": 4451478023,
            "company_code": "80",
            "osd_ind": "N",
            "partial_ship_ind": "Y",
            "partial_ship_threshold": 0,
            "start_date": null,
            "end_date": null,
            "status": null
        },
        {
            "category1_id": 4085190502,
            "category1_code": "20",
            "category1_name": "Giorgio Nada Legacy",
            "category1_abbr": "Giorgio Nada",
            "returnable_grace_days": null,
            "active_ind": "Y",
            "creation_date": null,
            "created_by": null,
            "last_updated_date": null,
            "last_updated_by": null,
            "reporting_group_id": 4055410720,
            "pub_id": 4451478097,
            "company_code": "80",
            "osd_ind": "N",
            "partial_ship_ind": "Y",
            "partial_ship_threshold": 0,
            "start_date": null,
            "end_date": null,
            "status": null
        },
        {
            "category1_id": 4085190534,
            "category1_code": "21",
            "category1_name": "Good Life Press",
            "category1_abbr": "GLP",
            "returnable_grace_days": null,
            "active_ind": "N",
            "creation_date": null,
            "created_by": null,
            "last_updated_date": null,
            "last_updated_by": null,
            "reporting_group_id": 4055410720,
            "pub_id": 4451478116,
            "company_code": "80",
            "osd_ind": "N",
            "partial_ship_ind": "Y",
            "partial_ship_threshold": 0,
            "start_date": null,
            "end_date": null,
            "status": null
        },
        {
            "category1_id": 4085190547,
            "category1_code": "22",
            "category1_name": "Graffiti Publications",
            "category1_abbr": "Graffiti Pub",
            "returnable_grace_days": null,
            "active_ind": "N",
            "creation_date": null,
            "created_by": null,
            "last_updated_date": null,
            "last_updated_by": null,
            "reporting_group_id": 4055410720,
            "pub_id": 4451478195,
            "company_code": "80",
            "osd_ind": "N",
            "partial_ship_ind": "Y",
            "partial_ship_threshold": 0,
            "start_date": null,
            "end_date": null,
            "status": null
        },
        {
            "category1_id": 4085190550,
            "category1_code": "23",
            "category1_name": "Grub Street",
            "category1_abbr": "Grub Street",
            "returnable_grace_days": null,
            "active_ind": "Y",
            "creation_date": null,
            "created_by": null,
            "last_updated_date": null,
            "last_updated_by": null,
            "reporting_group_id": 4055410720,
            "pub_id": 4451478252,
            "company_code": "80",
            "osd_ind": "N",
            "partial_ship_ind": "Y",
            "partial_ship_threshold": 0,
            "start_date": null,
            "end_date": null,
            "status": null
        },
        {
            "category1_id": 4085190591,
            "category1_code": "24",
            "category1_name": "Haynes Publishing UK",
            "category1_abbr": "Haynes Pub UK",
            "returnable_grace_days": null,
            "active_ind": "Y",
            "creation_date": null,
            "created_by": null,
            "last_updated_date": null,
            "last_updated_by": null,
            "reporting_group_id": 4055410720,
            "pub_id": 4451478296,
            "company_code": "80",
            "osd_ind": "N",
            "partial_ship_ind": "Y",
            "partial_ship_threshold": 0,
            "start_date": null,
            "end_date": null,
            "status": null
        },
        {
            "category1_id": 4085197310,
            "category1_code": "25",
            "category1_name": "Heimburger House Publishing Co.",
            "category1_abbr": "HHPC",
            "returnable_grace_days": null,
            "active_ind": "N",
            "creation_date": null,
            "created_by": null,
            "last_updated_date": null,
            "last_updated_by": null,
            "reporting_group_id": 4055410720,
            "pub_id": 4451478365,
            "company_code": "80",
            "osd_ind": "N",
            "partial_ship_ind": "Y",
            "partial_ship_threshold": 0,
            "start_date": null,
            "end_date": null,
            "status": null
        },
        {
            "category1_id": 4085197324,
            "category1_code": "26",
            "category1_name": "Helion & Company",
            "category1_abbr": "Helion & Co",
            "returnable_grace_days": null,
            "active_ind": "Y",
            "creation_date": null,
            "created_by": null,
            "last_updated_date": null,
            "last_updated_by": null,
            "reporting_group_id": 4055410720,
            "pub_id": 4451478395,
            "company_code": "80",
            "osd_ind": "N",
            "partial_ship_ind": "Y",
            "partial_ship_threshold": 0,
            "start_date": null,
            "end_date": null,
            "status": null
        },
        {
            "category1_id": 4085197347,
            "category1_code": "27",
            "category1_name": "Herridge & Sons Ltd.",
            "category1_abbr": "Herridge & Sons",
            "returnable_grace_days": null,
            "active_ind": "Y",
            "creation_date": null,
            "created_by": null,
            "last_updated_date": null,
            "last_updated_by": null,
            "reporting_group_id": 4055410720,
            "pub_id": 4451478502,
            "company_code": "80",
            "osd_ind": "N",
            "partial_ship_ind": "Y",
            "partial_ship_threshold": 0,
            "start_date": null,
            "end_date": null,
            "status": null
        },
        {
            "category1_id": 4085197365,
            "category1_code": "28",
            "category1_name": "Histoire & Collections",
            "category1_abbr": "Histoire & Coll",
            "returnable_grace_days": null,
            "active_ind": "Y",
            "creation_date": null,
            "created_by": null,
            "last_updated_date": null,
            "last_updated_by": null,
            "reporting_group_id": 4055410720,
            "pub_id": 4451478544,
            "company_code": "80",
            "osd_ind": "N",
            "partial_ship_ind": "Y",
            "partial_ship_threshold": 0,
            "start_date": null,
            "end_date": null,
            "status": null
        },
        {
            "category1_id": 4085197620,
            "category1_code": "29",
            "category1_name": "Historical Arches Press",
            "category1_abbr": "HAP",
            "returnable_grace_days": null,
            "active_ind": "Y",
            "creation_date": null,
            "created_by": null,
            "last_updated_date": null,
            "last_updated_by": null,
            "reporting_group_id": 4055410720,
            "pub_id": 4451478889,
            "company_code": "80",
            "osd_ind": "N",
            "partial_ship_ind": "Y",
            "partial_ship_threshold": 0,
            "start_date": null,
            "end_date": null,
            "status": null
        },
        {
            "category1_id": 4085197890,
            "category1_code": "30",
            "category1_name": "Icon Publishing Ltd.",
            "category1_abbr": "Icon Pub Ltd",
            "returnable_grace_days": null,
            "active_ind": "Y",
            "creation_date": null,
            "created_by": null,
            "last_updated_date": null,
            "last_updated_by": null,
            "reporting_group_id": 4055410720,
            "pub_id": 4451479184,
            "company_code": "80",
            "osd_ind": "N",
            "partial_ship_ind": "Y",
            "partial_ship_threshold": 0,
            "start_date": null,
            "end_date": null,
            "status": null
        }
    ],
    "hasMore": true,
    "limit": 25,
    "offset": 0,
    "count": 25,
    "links": [
        {
            "rel": "self",
            "href": "https://10.2.0.169:8081/ords/hbg_integration/familyCode/FamilyCodeCategory1?REPORTING_GROUP_ID=4055410720"
        },
        {
            "rel": "edit",
            "href": "https://10.2.0.169:8081/ords/hbg_integration/familyCode/FamilyCodeCategory1?REPORTING_GROUP_ID=4055410720"
        },
        {
            "rel": "describedby",
            "href": "https://10.2.0.169:8081/ords/hbg_integration/metadata-catalog/familyCode/item"
        },
        {
            "rel": "first",
            "href": "https://10.2.0.169:8081/ords/hbg_integration/familyCode/FamilyCodeCategory1?REPORTING_GROUP_ID=4055410720"
        },
        {
            "rel": "next",
            "href": "https://10.2.0.169:8081/ords/hbg_integration/familyCode/FamilyCodeCategory1?REPORTING_GROUP_ID=4055410720&offset=25"
        }
    ]
}