{
    "items": [
        {
            "reporting_group_id": 14809446365,
            "flex_value": "07-Workman Publishing Group",
            "reporting_grp_code": "Workman Publishing Group"
        },
        {
            "reporting_group_id": 6940601246,
            "flex_value": "05-Perseus Books",
            "reporting_grp_code": "Perseus Books"
        },
        {
            "reporting_group_id": 3163548172,
            "flex_value": "11-Little, Brown & Company, Pub",
            "reporting_grp_code": "Little, Brown & Company, Pub"
        },
        {
            "reporting_group_id": 3163548129,
            "flex_value": "01-HBG Books, Inc.",
            "reporting_grp_code": "HBG Books, Inc."
        }
    ],
    "hasMore": false,
    "limit": 25,
    "offset": 0,
    "count": 4,
    "links": [
        {
            "rel": "self",
            "href": "https://10.2.0.169:8081/ords/hbg_integration/Common/getReportingGroup?P_REPORTING_CODE=01&P_OWNER_ID=3163541040"
        },
        {
            "rel": "describedby",
            "href": "https://10.2.0.169:8081/ords/hbg_integration/metadata-catalog/Common/item"
        },
        {
            "rel": "first",
            "href": "https://10.2.0.169:8081/ords/hbg_integration/Common/getReportingGroup?P_REPORTING_CODE=01&P_OWNER_ID=3163541040"
        }
    ]
}