{
  "description": "",
  "root": "ifValue",
  "actions": {
    "ifValue": {
      "module": "vb/action/builtin/ifAction",
      "parameters": {
        "condition": "[[ $variables.value ]]"
      },
      "outcomes": {
        "true": "if",
        "false": "resetVariablesCustAccountCreateObj3"
      }
    },
    "resetVariablesCustAccountCreateObj": {
      "module": "vb/action/builtin/resetVariablesAction",
      "parameters": {
        "variables": [
          "$page.variables.CustAccountCreateObj.account_number",
          "$page.variables.CustAccountCreateObj.account_name",
          "$page.variables.RowOrg",
          "$page.variables.AccountNumberArray"
        ]
      },
      "outcomes": {
        "success": "callRestGetOrganizationIdbyName"
      }
    },
    "assignVariablesCustAccountCreateObj": {
      "module": "vb/action/builtin/assignVariablesAction",
      "parameters": {
        "$page.variables.CustAccountCreateObj": {
          "source": {
            "party_id": "{{ $chain.results.callRestGetOrganizationIdbyName.body.items[0].party_id }}"
          },
          "reset": "none",
          "auto": "always"
        }
      }
    },
    "resetVariablesCustAccountCreateObj3": {
      "module": "vb/action/builtin/resetVariablesAction",
      "parameters": {
        "variables": [
          "$page.variables.CustAccountCreateObj.account_number",
          "$page.variables.CustAccountCreateObj.account_name",
          "$page.variables.AccountNumberArray"
        ]
      }
    },
    "callRestGetOrganizationIdbyName": {
      "module": "vb/action/builtin/restAction",
      "parameters": {
        "endpoint": "devOrds/GetOrganizationIdbyName",
        "uriParams": {
          "part_name": "{{ $variables.value }}"
        }
      },
      "outcomes": {
        "success": "assignVariablesCustAccountCreateObj"
      }
    },
    "if": {
      "module": "vb/action/builtin/ifAction",
      "parameters": {
        "condition": "[[ $variables.value !== $page.variables.RowOrg ]]"
      },
      "outcomes": {
        "true": "resetVariablesCustAccountCreateObj",
        "false": "callRestGetOrganizationIdbyName"
      }
    }
  },
  "variables": {
    "value": {
      "required": true,
      "type": "any",
      "input": "fromCaller"
    }
  }
}