{
  "description": "",
  "root": "if",
  "actions": {
    "if": {
      "module": "vb/action/builtin/ifAction",
      "parameters": {
        "condition": "[[ $variables.value && !$page.variables.SearchObj.SiteName ]]"
      },
      "outcomes": {
        "true": "callRestGetSiteNamesByAccNumber"
      }
    },
    "callRestGetSiteNamesByAccNumber": {
      "module": "vb/action/builtin/restAction",
      "parameters": {
        "endpoint": "devOrds/GetSiteNamesByAccNumber",
        "uriParams": {
          "p_site_name": "{{ $variables.value }}",
          "p_site_number": "{{ \"\" }}",
          "P_ACCOUNT_NUMBER": "{{ $page.variables.SearchAccountNumber ? $page.variables.SearchAccountNumber : \"\" }}"
        }
      },
      "outcomes": {
        "success": "assignVariablesSearchObj"
      }
    },
    "assignVariablesSearchObj": {
      "module": "vb/action/builtin/assignVariablesAction",
      "parameters": {
        "$page.variables.SearchObj": {
          "source": {
            "siteNumber": "{{ $chain.results.callRestGetSiteNamesByAccNumber.body.items[0].party_site_number }}"
          },
          "reset": "none",
          "auto": "always"
        }
      }
    }
  },
  "variables": {
    "value": {
      "required": true,
      "type": "any",
      "input": "fromCaller"
    }
  }
}