{
  "root": "resetVariablesGetDistributionRightsADP",
  "description": "",
  "actions": {
    "fireNotification": {
      "module": "vb/action/builtin/fireNotificationEventAction",
      "parameters": {
        "target": "leaf",
        "summary": "[[ $chain.results.callRestGetDistributionTitleRightsDistirbutionRules.message.summary ]]",
        "type": "error",
        "displayMode": "persist"
      }
    },
    "callRestGetDistributionTitleRightsDistirbutionRules": {
      "module": "vb/action/builtin/restAction",
      "parameters": {
        "endpoint": "ordsHbg_integration/getDistributionTitleRightsDistirbutionRules",
        "uriParams": {
          "P_SHOW_ONLY_ACTIVE": "{{ $page.variables.p_show_only_active }}",
          "P_ACCOUNT_NUMBER": "{{ $page.variables.searchDistributionRuleObj.account_number }}",
          "P_ACCOUNT_TYPE": "{{ $page.variables.searchDistributionRuleObj.account_type }}",
          "P_CATEGORY1": "{{ $page.variables.searchDistributionRuleObj.category_1 }}",
          "P_CATEGORY2": "{{ $page.variables.searchDistributionRuleObj.category_2 }}",
          "P_COUNTRY_CODE": "{{ $page.variables.searchDistributionRuleObj.country_code }}",
          "P_COUNTRY_GROUP": "{{ $page.variables.searchDistributionRuleObj.country_group }}",
          "P_DEFAULT_ACCT_TYPE": "{{ $page.variables.searchDistributionRuleObj.default_account_type }}",
          "P_DISTRIBUTION_RIGHT_ID": "{{ $page.variables.searchDistributionRuleObj.distribution_right_id }}",
          "P_EDITION": "{{ $page.variables.searchDistributionRuleObj.edition }}",
          "P_FORMAT": "{{ $page.variables.searchDistributionRuleObj.format }}",
          "P_FROM_PUBDATE": "{{ $page.variables.searchDistributionRuleObj.from_pub_date }}",
          "P_GROUP_RULE": "{{ $page.variables.searchDistributionRuleObj.group_rule }}",
          "P_ITEM_NUMBER": "{{ $page.variables.searchDistributionRuleObj.item_number }}",
          "P_OUTCOME": "{{ $page.variables.searchDistributionRuleObj.outcome }}",
          "P_OWNER": "{{ $page.variables.searchDistributionRuleObj.owner }}",
          "P_REPORTING_GROUP": "{{ $page.variables.searchDistributionRuleObj.reporting_group }}",
          "P_SUBFORMAT": "{{ $page.variables.searchDistributionRuleObj.subformat }}",
          "P_TO_PUB_DATE": "{{ $page.variables.searchDistributionRuleObj.to_pub_date }}"
        }
      },
      "outcomes": {
        "failure": "fireNotification",
        "success": "assignVariablesGetDistributionRightsADP"
      }
    },
    "resetVariablesGetDistributionRightsADP": {
      "module": "vb/action/builtin/resetVariablesAction",
      "parameters": {
        "variables": [
          "$flow.variables.getDistributionRightsADP.data",
          "$page.variables.searchDistributionRuleObj"
        ]
      },
      "outcomes": {
        "success": "callRestGetDistributionTitleRightsDistirbutionRules"
      }
    },
    "assignVariablesGetDistributionRightsADP": {
      "module": "vb/action/builtin/assignVariablesAction",
      "parameters": {
        "$flow.variables.getDistributionRightsADP": {
          "source": {
            "data": "{{ $chain.results.callRestGetDistributionTitleRightsDistirbutionRules.body.items }}"
          },
          "reset": "none",
          "auto": "always",
          "mapping": {
            "$target.data": {
              "source": "$source.data",
              "reset": "empty"
            }
          }
        }
      }
    }
  }
}