{
    "items": [
        {
            "sales_force_name": "SAT_SF",
            "sales_force_id": 1000
        }
    ],
    "hasMore": false,
    "limit": 100,
    "offset": 0,
    "count": 1,
    "links": [
        {
            "rel": "self",
            "href": "https://10.2.0.169:8081/ords/hbg_integration/salesCredit/getsalesNamebySalesForce?SALES_FORCE_NUMBER=121"
        },
        {
            "rel": "describedby",
            "href": "https://10.2.0.169:8081/ords/hbg_integration/metadata-catalog/salesCredit/item"
        },
        {
            "rel": "first",
            "href": "https://10.2.0.169:8081/ords/hbg_integration/salesCredit/getsalesNamebySalesForce?SALES_FORCE_NUMBER=121"
        }
    ]
}