{
    "items": [
        {
            "value_set_name": "HBG_Owner",
            "flex_value": "HB",
            "description": "Hachette Books",
            "enabled_flag": "Y",
            "start_date_active": null,
            "end_date_active": null,
            "created_by": "jwalch@pelotongroup.com",
            "creation_date": "2021-11-05T18:07:15Z",
            "last_updated_by": "jwalch@pelotongroup.com",
            "last_update_date": "2021-11-05T18:07:58Z",
            "oic_run_id": 9600420,
            "status": "N",
            "status_message": null
        }
    ],
    "hasMore": false,
    "limit": 25,
    "offset": 0,
    "count": 1,
    "links": [
        {
            "rel": "self",
            "href": "https://10.2.0.169:8081/ords/hbg_integration/AutomaticHolds/getOwnerDetails?P_OWNER=HB"
        },
        {
            "rel": "describedby",
            "href": "https://10.2.0.169:8081/ords/hbg_integration/metadata-catalog/AutomaticHolds/item"
        },
        {
            "rel": "first",
            "href": "https://10.2.0.169:8081/ords/hbg_integration/AutomaticHolds/getOwnerDetails?P_OWNER=HB"
        }
    ]
}