{
    "items": [
        {
            "owner_code": "MR-OWN1"
        },
        {
            "owner_code": "QS"
        },
        {
            "owner_code": "GA"
        },
        {
            "owner_code": "PD"
        },
        {
            "owner_code": "PK"
        },
        {
            "owner_code": "MS"
        },
        {
            "owner_code": "LP"
        },
        {
            "owner_code": "HL"
        },
        {
            "owner_code": "KP"
        },
        {
            "owner_code": "JB"
        },
        {
            "owner_code": "SP"
        },
        {
            "owner_code": "DU"
        },
        {
            "owner_code": "ER"
        },
        {
            "owner_code": "FM"
        },
        {
            "owner_code": "TE"
        },
        {
            "owner_code": "NC"
        },
        {
            "owner_code": "CA"
        },
        {
            "owner_code": "AB"
        },
        {
            "owner_code": "AN"
        },
        {
            "owner_code": "AP"
        },
        {
            "owner_code": "AR"
        },
        {
            "owner_code": "CB"
        },
        {
            "owner_code": "DC"
        },
        {
            "owner_code": "DP"
        },
        {
            "owner_code": "FP"
        },
        {
            "owner_code": "GM"
        },
        {
            "owner_code": "GR"
        },
        {
            "owner_code": "HB"
        },
        {
            "owner_code": "HP"
        },
        {
            "owner_code": "HU"
        },
        {
            "owner_code": "HY"
        },
        {
            "owner_code": "IK"
        },
        {
            "owner_code": "KB"
        },
        {
            "owner_code": "MP"
        },
        {
            "owner_code": "MW"
        },
        {
            "owner_code": "OB"
        },
        {
            "owner_code": "PI"
        },
        {
            "owner_code": "PN"
        },
        {
            "owner_code": "PP"
        },
        {
            "owner_code": "SB"
        },
        {
            "owner_code": "SC"
        },
        {
            "owner_code": "SL"
        },
        {
            "owner_code": "TH"
        },
        {
            "owner_code": "TL"
        },
        {
            "owner_code": "TW"
        },
        {
            "owner_code": "WC"
        },
        {
            "owner_code": "XX"
        },
        {
            "owner_code": "UA"
        },
        {
            "owner_code": "BB"
        },
        {
            "owner_code": "RT"
        },
        {
            "owner_code": "HM"
        },
        {
            "owner_code": "YP"
        }
    ],
    "hasMore": false,
    "limit": 10000,
    "offset": 0,
    "count": 52,
    "links": [
        {
            "rel": "self",
            "href": "https://10.2.0.169:8081/ords/hbg_integration/CustomeOrders/getOwnerCode"
        },
        {
            "rel": "describedby",
            "href": "https://10.2.0.169:8081/ords/hbg_integration/metadata-catalog/CustomeOrders/item"
        },
        {
            "rel": "first",
            "href": "https://10.2.0.169:8081/ords/hbg_integration/CustomeOrders/getOwnerCode"
        }
    ]
}