{
		
"inventory_type               "   : "" ,
"inventory_type_preference    "   : "" ,
"owner                        "   : "" ,
"owner_description            "   : "" ,
"reporting_group              "   : "" ,
"reporting_group_DESCRIPTION  "   : "" ,
"category_1                   "   : "" ,
"category_1_DESCRIPTION       "   : "" ,
"category_2                   "   : "" ,
"category_2_DESCRIPTION       "   : "" ,
"format                       "   : "" ,
"format_description           "   : "" ,
"sub_format                   "   : "" ,
"sub_format_DESCRIPTION       "   : "" ,
"party_number                 "   : "" ,
"cust_account_id              "   : "" ,
"notes                        "   : "" ,
"entered_by                   "   : "" ,
"updated_by                   "   : "" 
}              	
