{
    "items": [
        {
            "sub_format_id": 1,
            "sub_format_code": "test",
            "sub_format_name": "test",
            "sub_format_abbr": null,
            "commodity_code": null,
            "status": null,
            "default_rpt_ind": null,
            "created_date": null,
            "created_by": null,
            "last_updated_date": null,
            "last_updated_by": null
        }
    ],
    "hasMore": false,
    "limit": 25,
    "offset": 0,
    "count": 1,
    "links": [
        {
            "rel": "self",
            "href": "https://10.2.0.169:8081/ords/hbg_integration/familyCode/FamilyCodeSubFormat"
        },
        {
            "rel": "edit",
            "href": "https://10.2.0.169:8081/ords/hbg_integration/familyCode/FamilyCodeSubFormat"
        },
        {
            "rel": "describedby",
            "href": "https://10.2.0.169:8081/ords/hbg_integration/metadata-catalog/familyCode/item"
        },
        {
            "rel": "first",
            "href": "https://10.2.0.169:8081/ords/hbg_integration/familyCode/FamilyCodeSubFormat"
        }
    ]
}