{
    "items": [
        {
            "account_number": "14605017-AMAZON.COM",
            "cust_account_id": 100000224224483,
            "account_name": "AMAZON.COM"
        },
        {
            "account_number": "TST_01_14605017-AMAZON.COM",
            "cust_account_id": 100000235764855,
            "account_name": "AMAZON.COM"
        },
        {
            "account_number": "TST_03_14605017-AMAZON.COM",
            "cust_account_id": 100000249929137,
            "account_name": "AMAZON.COM"
        },
        {
            "account_number": "TST_05_14605017-AMAZON.COM",
            "cust_account_id": 100000268952131,
            "account_name": "AMAZON.COM"
        }
    ],
    "hasMore": false,
    "limit": 25,
    "offset": 0,
    "count": 4,
    "links": [
        {
            "rel": "self",
            "href": "https://10.2.0.169:8081/ords/hbg_integration/Common/getAccountNumByName?p_account_name=AMAZON.COM"
        },
        {
            "rel": "describedby",
            "href": "https://10.2.0.169:8081/ords/hbg_integration/metadata-catalog/Common/item"
        },
        {
            "rel": "first",
            "href": "https://10.2.0.169:8081/ords/hbg_integration/Common/getAccountNumByName?p_account_name=AMAZON.COM"
        }
    ]
}