{
  "root": "resetVariablesOwnerLov",
  "description": "",
  "actions": {
    "callRestGetOwnerlov": {
      "module": "vb/action/builtin/restAction",
      "parameters": {
        "endpoint": "devOrds/getOwnerlov"
      },
      "outcomes": {
        "success": "assignVariablesOwnerLov"
      }
    },
    "assignVariablesOwnerLov": {
      "module": "vb/action/builtin/assignVariablesAction",
      "parameters": {
        "$page.variables.OwnerLov": {
          "source": "{{ $chain.results.callRestGetOwnerlov.body.items }}"
        }
      }
    },
    "resetVariablesOwnerLov": {
      "module": "vb/action/builtin/resetVariablesAction",
      "parameters": {
        "variables": [
          "$page.variables.OwnerLov"
        ]
      },
      "outcomes": {
        "success": "callRestGetOwnerlov"
      }
    }
  }
}