{
  "description": "",
  "root": "resetVariablesOwnerCreateObj",
  "actions": {
    "callComponentCreateOwnerClose": {
      "module": "vb/action/builtin/callComponentMethodAction",
      "parameters": {
        "component": "{{ document.getElementById('createOwner') }}",
        "method": "close"
      }
    },
    "resetVariablesOwnerCreateObj": {
      "module": "vb/action/builtin/resetVariablesAction",
      "parameters": {
        "variables": [
          "$page.variables.OwnerCreateObj"
        ]
      },
      "outcomes": {
        "success": "callComponentCreateOwnerClose"
      }
    }
  },
  "variables": {}
}