{
  "description": "",
  "root": "assignVariablesReportingRowData",
  "actions": {
    "assignVariablesReportingRowData": {
      "module": "vb/action/builtin/assignVariablesAction",
      "parameters": {
        "$page.variables.ReportingRowData": {
          "source": {
            "active_ind": "{{ $page.variables.ReportingRowData.active_ind_dummy[0] }}",
            "last_updated_by": "{{ $application.user.email }}"
          },
          "reset": "none",
          "auto": "always"
        }
      },
      "outcomes": {
        "success": "callRestPutFamilyCodeReportingGroup"
      }
    },
    "fireNotification": {
      "module": "vb/action/builtin/fireNotificationEventAction",
      "parameters": {
        "target": "leaf",
        "summary": "Failed to Update Data",
        "type": "error",
        "displayMode": "transient"
      }
    },
    "callRestPutFamilyCodeReportingGroup": {
      "module": "vb/action/builtin/restAction",
      "parameters": {
        "endpoint": "devOrds/putFamilyCodeReportingGroup",
        "headers": {
          "p_reporting_grp_id": "{{ $variables.current.row.p_reporting_grp_id }}"
        },
        "body": "{{ $page.variables.ReportingRowData }}"
      },
      "outcomes": {
        "failure": "fireNotification",
        "success": "fireNotification3"
      }
    },
    "fireNotification3": {
      "module": "vb/action/builtin/fireNotificationEventAction",
      "parameters": {
        "target": "leaf",
        "summary": "Reporting Table Updated Successfully",
        "displayMode": "transient",
        "type": "confirmation"
      },
      "outcomes": {
        "success": "callChainFetchReportingGroup"
      }
    },
    "callChainFetchReportingGroup": {
      "module": "vb/action/builtin/callChainAction",
      "parameters": {
        "id": "FetchReportingGroup"
      }
    }
  },
  "variables": {
    "key": {
      "required": true,
      "type": "any",
      "input": "fromCaller"
    },
    "index": {
      "required": true,
      "type": "number",
      "input": "fromCaller"
    },
    "current": {
      "required": true,
      "type": "any",
      "input": "fromCaller"
    }
  }
}