{
    "items": [
        {
            "cust_account_id": 100000235766890,
            "account_number": "TST_01_11306463-LIBBY'S",
            "account_name": "LIBBY'S"
        }
    ],
    "hasMore": false,
    "limit": 100,
    "offset": 0,
    "count": 1,
    "links": [
        {
            "rel": "self",
            "href": "https://10.2.0.169:8081/ords/hbg_integration/salesCredit/getAllAccounts?party_id=100000234582012"
        },
        {
            "rel": "describedby",
            "href": "https://10.2.0.169:8081/ords/hbg_integration/metadata-catalog/salesCredit/item"
        },
        {
            "rel": "first",
            "href": "https://10.2.0.169:8081/ords/hbg_integration/salesCredit/getAllAccounts?party_id=100000234582012"
        }
    ]
}