{
  "description": "",
  "root": "ifCurrentValue",
  "actions": {
    "ifCurrentValue": {
      "module": "vb/action/builtin/ifAction",
      "parameters": {
        "condition": "[[ $variables.CurrentValue >= 1 ]]"
      },
      "outcomes": {
        "true": "callRestGetGetAccountNumber"
      }
    },
    "callRestGetGetAccountNumber": {
      "module": "vb/action/builtin/restAction",
      "parameters": {
        "endpoint": "ordsHbg_integration/getGetAccountNumber",
        "uriParams": {
          "party_id": "{{ $page.variables.HeadersCreateObj.organization_id ? $page.variables.HeadersCreateObj.organization_id : \"\" }}",
          "p_acct_number": "{{ $variables.CurrentValue }}"
        }
      },
      "outcomes": {
        "success": "assignVariablesAccountNumberArray"
      }
    },
    "assignVariablesAccountNumberArray": {
      "module": "vb/action/builtin/assignVariablesAction",
      "parameters": {
        "$page.variables.AccountNumberArray": {
          "source": "{{ $chain.results.callRestGetGetAccountNumber.body.items }}"
        }
      }
    }
  },
  "variables": {
    "CurrentValue": {
      "type": "string",
      "input": "fromCaller"
    }
  }
}