{
  "description": "",
  "root": "resetVariablesActionLinesCreateObj",
  "actions": {
    "resetVariablesActionLinesCreateObj": {
      "module": "vb/action/builtin/resetVariablesAction",
      "parameters": {
        "variables": [
          "$page.variables.ActionLinesCreateObj"
        ]
      },
      "outcomes": {
        "success": "callComponentActionpopupClose"
      }
    },
    "callComponentActionpopupClose": {
      "module": "vb/action/builtin/callComponentMethodAction",
      "parameters": {
        "component": "{{ document.getElementById('actionpopup') }}",
        "method": "close"
      }
    }
  },
  "variables": {}
}