{
  "description": "",
  "root": "callFunctionValidateGroup",
  "actions": {
    "callFunctionValidateGroup": {
      "module": "vb/action/builtin/callModuleFunctionAction",
      "parameters": {
        "module": "[[ $application.functions ]]",
        "functionName": "validateGroup",
        "params": [
          "actionvalidation"
        ]
      },
      "outcomes": {
        "success": "if"
      }
    },
    "if": {
      "module": "vb/action/builtin/ifAction",
      "parameters": {
        "condition": "[[ $chain.results.callFunctionValidateGroup === 'valid' ]]"
      },
      "outcomes": {
        "true": "runInParallel"
      }
    },
    "runInParallel": {
      "module": "vb/action/builtin/forkAction",
      "parameters": {
        "actions": {
          "if2": "ifActionLinesCreateObj",
          "if3": "ifActionLinesCreateObj2"
        }
      },
      "outcomes": {
        "join": "ifActionDlgLabel"
      }
    },
    "ifActionLinesCreateObj": {
      "module": "vb/action/builtin/ifAction",
      "parameters": {
        "condition": "[[ $page.variables.ActionLinesCreateObj.start_date ]]"
      },
      "outcomes": {
        "true": "callFunctionDateformatter"
      }
    },
    "ifActionLinesCreateObj2": {
      "module": "vb/action/builtin/ifAction",
      "parameters": {
        "condition": "[[ $page.variables.ActionLinesCreateObj.end_date ]]"
      },
      "outcomes": {
        "true": "callFunctionDateformatter2"
      }
    },
    "callFunctionDateformatter": {
      "module": "vb/action/builtin/callModuleFunctionAction",
      "parameters": {
        "module": "[[ $functions ]]",
        "functionName": "dateformatter",
        "params": [
          "{{ $page.variables.ActionLinesCreateObj.start_date }}"
        ]
      },
      "outcomes": {
        "success": "assignVariablesActionLinesCreateObj"
      }
    },
    "callFunctionDateformatter2": {
      "module": "vb/action/builtin/callModuleFunctionAction",
      "parameters": {
        "module": "[[ $functions ]]",
        "functionName": "dateformatter",
        "params": [
          "{{ $page.variables.ActionLinesCreateObj.end_date }}"
        ]
      },
      "outcomes": {
        "success": "assignVariablesActionLinesCreateObj2"
      }
    },
    "assignVariablesActionLinesCreateObj": {
      "module": "vb/action/builtin/assignVariablesAction",
      "parameters": {
        "$page.variables.ActionLinesCreateObj": {
          "source": {
            "start_date": "{{ $chain.results.callFunctionDateformatter }}"
          },
          "reset": "none",
          "auto": "always"
        }
      }
    },
    "assignVariablesActionLinesCreateObj2": {
      "module": "vb/action/builtin/assignVariablesAction",
      "parameters": {
        "$page.variables.ActionLinesCreateObj": {
          "source": {
            "end_date": "{{ $chain.results.callFunctionDateformatter2 }}"
          },
          "reset": "none",
          "auto": "always"
        }
      }
    },
    "ifActionDlgLabel": {
      "module": "vb/action/builtin/ifAction",
      "parameters": {
        "condition": "[[ $page.variables.ActionDlgLabel === \"Create\" ]]"
      },
      "outcomes": {
        "true": "assignVariablesActionLinesCreateObj5",
        "false": "assignVariablesActionLinesCreateObj4"
      }
    },
    "assignVariablesActionLinesCreateObj4": {
      "module": "vb/action/builtin/assignVariablesAction",
      "parameters": {
        "$page.variables.ActionLinesCreateObj": {
          "source": {
            "updated_by": "{{ $application.user.email }}"
          },
          "reset": "none",
          "auto": "always"
        }
      },
      "outcomes": {
        "success": "callRestPutCoLinesActions"
      }
    },
    "assignVariablesActionLinesCreateObj5": {
      "module": "vb/action/builtin/assignVariablesAction",
      "parameters": {
        "$page.variables.ActionLinesCreateObj": {
          "source": {
            "updated_by": "{{ $application.user.email }}",
            "entered_by": "{{ $application.user.email }}",
            "rule_line_id": "{{ $page.variables.RuleLineId }}"
          },
          "reset": "none",
          "auto": "always"
        }
      },
      "outcomes": {
        "success": "callRestPostCoLinesActions"
      }
    },
    "resetVariablesActionLinesCreateObj": {
      "module": "vb/action/builtin/resetVariablesAction",
      "parameters": {
        "variables": [
          "$page.variables.ActionLinesCreateObj"
        ]
      }
    },
    "resetVariablesActionLinesCreateObj2": {
      "module": "vb/action/builtin/resetVariablesAction",
      "parameters": {
        "variables": [
          "$page.variables.ActionLinesCreateObj"
        ]
      }
    },
    "callComponentActionpopupClose": {
      "module": "vb/action/builtin/callComponentMethodAction",
      "parameters": {
        "component": "{{ document.getElementById('actionpopup') }}",
        "method": "close"
      },
      "outcomes": {
        "success": "resetVariablesActionLinesCreateObj"
      }
    },
    "callComponentActionpopupClose2": {
      "module": "vb/action/builtin/callComponentMethodAction",
      "parameters": {
        "component": "{{ document.getElementById('actionpopup') }}",
        "method": "close"
      },
      "outcomes": {
        "success": "resetVariablesActionLinesCreateObj2"
      }
    },
    "callChainFetchLineAction": {
      "module": "vb/action/builtin/callChainAction",
      "parameters": {
        "id": "FetchLineAction"
      },
      "outcomes": {
        "success": "callComponentActionpopupClose"
      }
    },
    "callChainFetchLineAction2": {
      "module": "vb/action/builtin/callChainAction",
      "parameters": {
        "id": "FetchLineAction"
      },
      "outcomes": {
        "success": "callComponentActionpopupClose2"
      }
    },
    "fireNotification": {
      "module": "vb/action/builtin/fireNotificationEventAction",
      "parameters": {
        "target": "leaf",
        "summary": "Failed to Create Line Actions",
        "type": "error",
        "displayMode": "transient"
      }
    },
    "callRestPostCoLinesActions": {
      "module": "vb/action/builtin/restAction",
      "parameters": {
        "endpoint": "ordsHbg_integration/postCoLinesActions",
        "body": "{{ $page.variables.ActionLinesCreateObj }}"
      },
      "outcomes": {
        "failure": "fireNotification",
        "success": "if2"
      }
    },
    "if2": {
      "module": "vb/action/builtin/ifAction",
      "parameters": {
        "condition": "[[ $chain.results.callRestPostCoLinesActions.body.p_return_status === \"SUCCESS\" ]]"
      },
      "outcomes": {
        "true": "fireNotification4",
        "false": "fireNotification3"
      }
    },
    "fireNotification3": {
      "module": "vb/action/builtin/fireNotificationEventAction",
      "parameters": {
        "target": "leaf",
        "summary": "[[ $chain.results.callRestPostCoLinesActions.body.p_return_status ]]",
        "displayMode": "transient",
        "type": "error"
      }
    },
    "fireNotification4": {
      "module": "vb/action/builtin/fireNotificationEventAction",
      "parameters": {
        "target": "leaf",
        "summary": "Lines Action Created Successfully",
        "displayMode": "transient",
        "type": "confirmation"
      },
      "outcomes": {
        "success": "callChainFetchLineAction"
      }
    },
    "callRestPutCoLinesActions": {
      "module": "vb/action/builtin/restAction",
      "parameters": {
        "endpoint": "ordsHbg_integration/putCoLinesActions",
        "body": "{{ $page.variables.ActionLinesCreateObj }}"
      },
      "outcomes": {
        "failure": "fireNotification5",
        "success": "if4"
      }
    },
    "if4": {
      "module": "vb/action/builtin/ifAction",
      "parameters": {
        "condition": "[[ $chain.results.callRestPutCoLinesActions.body.p_return_status === \"SUCCESS\" ]]"
      },
      "outcomes": {
        "true": "fireNotification6",
        "false": "fireNotification7"
      }
    },
    "fireNotification6": {
      "module": "vb/action/builtin/fireNotificationEventAction",
      "parameters": {
        "target": "leaf",
        "summary": "Line Action updated Successfully",
        "displayMode": "transient",
        "type": "confirmation"
      },
      "outcomes": {
        "success": "callChainFetchLineAction2"
      }
    },
    "fireNotification5": {
      "module": "vb/action/builtin/fireNotificationEventAction",
      "parameters": {
        "target": "leaf",
        "summary": "Failed to update Line Action",
        "type": "error",
        "displayMode": "transient"
      }
    },
    "fireNotification7": {
      "module": "vb/action/builtin/fireNotificationEventAction",
      "parameters": {
        "target": "leaf",
        "summary": "[[ $chain.results.callRestPutCoLinesActions.body.p_return_status ]]",
        "displayMode": "transient"
      }
    }
  },
  "variables": {}
}