{
  "description": "",
  "root": "callFunctionValidateGroup",
  "actions": {
    "callFunctionValidateGroup": {
      "module": "vb/action/builtin/callModuleFunctionAction",
      "parameters": {
        "module": "[[ $application.functions ]]",
        "functionName": "validateGroup",
        "params": [
          "linevalidation"
        ]
      },
      "outcomes": {
        "success": "if"
      }
    },
    "if": {
      "module": "vb/action/builtin/ifAction",
      "parameters": {
        "condition": "[[ $chain.results.callFunctionValidateGroup === 'valid' ]]"
      },
      "outcomes": {
        "true": "ifLinesLabel"
      }
    },
    "ifLinesLabel": {
      "module": "vb/action/builtin/ifAction",
      "parameters": {
        "condition": "[[ $page.variables.LinesLabel === \"Create\" ]]"
      },
      "outcomes": {
        "true": "assignVariablesLinesCreateObj",
        "false": "assignVariablesLinesCreateObj2"
      }
    },
    "assignVariablesLinesCreateObj": {
      "module": "vb/action/builtin/assignVariablesAction",
      "parameters": {
        "$page.variables.LinesCreateObj": {
          "source": {
            "updated_by": "{{ $application.user.email }}",
            "entered_by": "{{ $application.user.email }}",
            "rule_id": "{{ $page.variables.RowRulesId }}"
          },
          "reset": "none",
          "auto": "always"
        }
      },
      "outcomes": {
        "success": "callRestPostRulesLines"
      }
    },
    "assignVariablesLinesCreateObj2": {
      "module": "vb/action/builtin/assignVariablesAction",
      "parameters": {
        "$page.variables.LinesCreateObj": {
          "source": {
            "updated_by": "{{ $application.user.email }}"
          },
          "reset": "none",
          "auto": "always"
        }
      },
      "outcomes": {
        "success": "callRestPutRulesLines"
      }
    },
    "fireNotification": {
      "module": "vb/action/builtin/fireNotificationEventAction",
      "parameters": {
        "target": "leaf",
        "summary": "Failed to Create Rules Line",
        "type": "error",
        "displayMode": "persist"
      }
    },
    "callRestPostRulesLines": {
      "module": "vb/action/builtin/restAction",
      "parameters": {
        "endpoint": "ordsHbg_integration/postRulesLines",
        "body": "{{ $page.variables.LinesCreateObj }}"
      },
      "outcomes": {
        "failure": "fireNotification",
        "success": "if3"
      }
    },
    "if3": {
      "module": "vb/action/builtin/ifAction",
      "parameters": {
        "condition": "[[ $chain.results.callRestPostRulesLines.body.p_return_status === \"SUCCESS\" ]]"
      },
      "outcomes": {
        "false": "fireNotification3",
        "true": "fireNotification4"
      }
    },
    "fireNotification3": {
      "module": "vb/action/builtin/fireNotificationEventAction",
      "parameters": {
        "target": "leaf",
        "summary": "[[ $chain.results.callRestPostRulesLines.body.p_return_status ]]",
        "displayMode": "transient"
      }
    },
    "fireNotification4": {
      "module": "vb/action/builtin/fireNotificationEventAction",
      "parameters": {
        "target": "leaf",
        "summary": "Rules Line Created Successfully",
        "displayMode": "transient",
        "type": "confirmation"
      },
      "outcomes": {
        "success": "callChainFetchRuleLines"
      }
    },
    "callChainFetchRuleLines": {
      "module": "vb/action/builtin/callChainAction",
      "parameters": {
        "id": "FetchRuleLines"
      },
      "outcomes": {
        "success": "callComponentLinespopClose"
      }
    },
    "callComponentLinespopClose": {
      "module": "vb/action/builtin/callComponentMethodAction",
      "parameters": {
        "component": "{{ document.getElementById('linespop') }}",
        "method": "close"
      },
      "outcomes": {
        "success": "resetVariablesLinesCreateObj"
      }
    },
    "resetVariablesLinesCreateObj": {
      "module": "vb/action/builtin/resetVariablesAction",
      "parameters": {
        "variables": [
          "$page.variables.LinesCreateObj"
        ]
      }
    },
    "callRestPutRulesLines": {
      "module": "vb/action/builtin/restAction",
      "parameters": {
        "endpoint": "ordsHbg_integration/putRulesLines",
        "body": "{{ $page.variables.LinesCreateObj }}"
      },
      "outcomes": {
        "failure": "fireNotification5",
        "success": "if4"
      }
    },
    "fireNotification5": {
      "module": "vb/action/builtin/fireNotificationEventAction",
      "parameters": {
        "target": "leaf",
        "summary": "Failed to update Rules Line",
        "type": "error",
        "displayMode": "transient"
      }
    },
    "if4": {
      "module": "vb/action/builtin/ifAction",
      "parameters": {
        "condition": "[[ $chain.results.callRestPutRulesLines.body.p_return_status === \"SUCCESS\" ]]"
      },
      "outcomes": {
        "false": "fireNotification6",
        "true": "fireNotification7"
      }
    },
    "fireNotification6": {
      "module": "vb/action/builtin/fireNotificationEventAction",
      "parameters": {
        "target": "leaf",
        "summary": "[[ $chain.results.callRestPutRulesLines.body.p_return_status ]]",
        "displayMode": "transient"
      }
    },
    "fireNotification7": {
      "module": "vb/action/builtin/fireNotificationEventAction",
      "parameters": {
        "target": "leaf",
        "summary": "Rules Line Updated Successfully",
        "displayMode": "transient",
        "type": "confirmation"
      },
      "outcomes": {
        "success": "callChainFetchRuleLines2"
      }
    },
    "callChainFetchRuleLines2": {
      "module": "vb/action/builtin/callChainAction",
      "parameters": {
        "id": "FetchRuleLines"
      },
      "outcomes": {
        "success": "callComponentLinespopClose2"
      }
    },
    "callComponentLinespopClose2": {
      "module": "vb/action/builtin/callComponentMethodAction",
      "parameters": {
        "component": "{{ document.getElementById('linespop') }}",
        "method": "close"
      },
      "outcomes": {
        "success": "resetVariablesLinesCreateObj2"
      }
    },
    "resetVariablesLinesCreateObj2": {
      "module": "vb/action/builtin/resetVariablesAction",
      "parameters": {
        "variables": [
          "$page.variables.LinesCreateObj"
        ]
      }
    }
  },
  "variables": {}
}