{
  "root": "resetVariablesHeadersTblADP",
  "description": "",
  "variables": {},
  "actions": {
    "fireNotification": {
      "module": "vb/action/builtin/fireNotificationEventAction",
      "parameters": {
        "target": "leaf",
        "summary": "failed to fetch Headers",
        "type": "error",
        "displayMode": "transient"
      }
    },
    "callRestGetRuleHeaders": {
      "module": "vb/action/builtin/restAction",
      "parameters": {
        "endpoint": "ordsHbg_integration/getRuleHeaders",
        "uriParams": {
          "CUST_ACCOUNT_ID": "{{ $page.variables.SearchAccountId ? $page.variables.SearchAccountId : \"\" }}",
          "ORGANIZATION_ID": "{{ $page.variables.SearchOrgId ? $page.variables.SearchOrgId : \"\" }}"
        }
      },
      "outcomes": {
        "failure": "fireNotification",
        "success": "assignVariablesHeadersTblADP"
      }
    },
    "assignVariablesHeadersTblADP": {
      "module": "vb/action/builtin/assignVariablesAction",
      "parameters": {
        "$page.variables.HeadersTblADP": {
          "source": {
            "data": "{{ $chain.results.callRestGetRuleHeaders.body.items }}"
          },
          "reset": "none",
          "auto": "always",
          "mapping": {
            "$target.data": {
              "source": "$source.data",
              "reset": "empty"
            }
          }
        }
      }
    },
    "resetVariablesHeadersTblADP": {
      "module": "vb/action/builtin/resetVariablesAction",
      "parameters": {
        "variables": [
          "$page.variables.HeadersTblADP.data"
        ]
      },
      "outcomes": {
        "success": "callRestGetRuleHeaders"
      }
    }
  }
}