{
  "description": "",
  "root": "ifValue",
  "actions": {
    "ifValue": {
      "module": "vb/action/builtin/ifAction",
      "parameters": {
        "condition": "[[ $variables.value ]]"
      },
      "outcomes": {
        "true": "resetVariablesLinesCreateObj",
        "false": "resetVariablesLinesCreateObj2"
      }
    },
    "resetVariablesLinesCreateObj": {
      "module": "vb/action/builtin/resetVariablesAction",
      "parameters": {
        "variables": [
          "$page.variables.LinesCreateObj.ship_to_name"
        ]
      },
      "outcomes": {
        "success": "callRestGetShipToNumber"
      }
    },
    "resetVariablesLinesCreateObj2": {
      "module": "vb/action/builtin/resetVariablesAction",
      "parameters": {
        "variables": [
          "$page.variables.LinesCreateObj.ship_to_name"
        ]
      }
    },
    "callRestGetShipToNumber": {
      "module": "vb/action/builtin/restAction",
      "parameters": {
        "endpoint": "ordsHbg_integration/getShipToNumber",
        "uriParams": {
          "PARTY_SITE_NUMBER": "{{ $variables.value }}"
        }
      },
      "outcomes": {
        "success": "assignVariablesLinesCreateObj"
      }
    },
    "assignVariablesLinesCreateObj": {
      "module": "vb/action/builtin/assignVariablesAction",
      "parameters": {
        "$page.variables.LinesCreateObj": {
          "source": {
            "ship_to_name": "{{ $chain.results.callRestGetShipToNumber.body.items[0].ship_to_name }}"
          },
          "reset": "none",
          "auto": "always"
        }
      }
    }
  },
  "variables": {
    "value": {
      "required": true,
      "type": "any",
      "input": "fromCaller"
    }
  }
}