{
  "description": "",
  "root": "assignVariablesSelectedListAccount",
  "actions": {
    "assignVariablesSelectedListAccount": {
      "module": "vb/action/builtin/assignVariablesAction",
      "parameters": {
        "$page.variables.selectedListAccount": {
          "source": "{{ $variables.current.data.account_number }}"
        }
      }
    }
  },
  "variables": {
    "key": {
      "required": true,
      "type": "any",
      "input": "fromCaller"
    },
    "index": {
      "required": true,
      "type": "number",
      "input": "fromCaller"
    },
    "current": {
      "required": true,
      "type": "any",
      "input": "fromCaller"
    }
  }
}