{
  "root": "callRestGetAccountNumber",
  "description": "",
  "variables": {},
  "actions": {
    "callRestGetAccountNumber": {
      "module": "vb/action/builtin/restAction",
      "parameters": {
        "endpoint": "devOrds/GetAccountNumber",
        "uriParams": {
          "party_id": "{{ $page.variables.party_id }}"
        }
      },
      "outcomes": {
        "success": "callFunctionTreedatagenerator"
      }
    },
    "callFunctionTreedatagenerator": {
      "module": "vb/action/builtin/callModuleFunctionAction",
      "parameters": {
        "module": "[[ $functions ]]",
        "functionName": "Treedatagenerator",
        "params": [
          "{{ $chain.results.callRestGetAccountNumber.body.items }}",
          "{{ $page.variables.organization }}"
        ],
        "returnType": "object[]"
      },
      "outcomes": {
        "success": "assignVariablesTreeArray"
      }
    },
    "assignVariablesTreeArray": {
      "module": "vb/action/builtin/assignVariablesAction",
      "parameters": {
        "$page.variables.TreeArray": {
          "source": "{{ $chain.results.callFunctionTreedatagenerator }}"
        }
      }
    }
  }
}