{
  "p_organization_id" : 2342343,
  "p_invetory_item_id" : 2342343,
  "p_cust_account_id" : 2342343,
  "p_ex_cust_account_id" : 2342343,
  "p_line_status" : "OPEN",
  "p_order_status" : "Draft",
  "p_from_ordered_qty" : 234.9,
  "p_to_ordered_qty" : 233,
  "p_po_number" : "YT2324",
  "p_hold_flag" : "Apply",
  "p_apply_reson_code" : "Testdsd",
  "p_apply_reson_comments" : "Testdsd",
  "p_release_reson_code" : "Testdsd",
  "p_release_reson_comments" : "Testdsd",
  "p_new_apply_reson_code" : "Testdsd",
  "p_new_apply_reson_comments" : "Testdsd",
  "p_new_release_reson_code" : "Testdsd",
  "p_new_release_reson_comments" : "Testdsd",
  "p_received_from_date" : "2023-01-30 24:43:32",
  "p_received_to_date" : "2023-01-30 24:43:32"
}