        {
		"dist_mainten_stg_id"          :""
		,"owner                       " : ""
        ,"owner_description           " : ""
        ,"reporting_group             " : ""
        ,"creation_date               " : ""
        ,"created_by                  " : ""
        ,"last_updated_by             " : ""
        ,"last_update_date            " : ""
        ,"start_date                  " : ""
        ,"end_date                    " : ""
        ,"dist_channel_id             " : ""
        ,"reporting_group_description " : ""
		}