{
    "openapi": "3.0.0",
    "info": {
        "version": "v01",
        "title": "XXHBG_LOAD_RESERVATIO",
        "x-vb": {
            "serviceType": "ics"
        }
    },
    "servers": [
        {
            "url": "vb-catalog://backends/ics/ic/api/integration/v1/flows/rest"
        }
    ],
    "paths": {
        "/XXHBG_LOAD_RESERVATIO/1.0/triggerReservationLoad": {
            "post": {
                "tags": [
                    "Default Package/XXHBG_LOAD_RESERVATIO|01.00.0000",
                    "Default Package"
                ],
                "operationId": "postXXHBG_LOAD_RESERVATIO1_0TriggerReservationLoad",
                "parameters": [
                    {
                        "name": "PreReservationNumber",
                        "in": "query",
                        "required": false,
                        "schema": {
                            "type": "string"
                        },
                        "x-vb": {
                            "defaultValue": "1000000000348"
                        }
                    },
                    {
                        "name": "TransactionType",
                        "in": "query",
                        "required": false,
                        "schema": {
                            "type": "string"
                        },
                        "x-vb": {
                            "defaultValue": "Create"
                        }
                    },
                    {
                        "name": "ItemNumber",
                        "in": "query",
                        "required": false,
                        "schema": {
                            "type": "string"
                        }
                    },
{
                        "name": "ReservationID",
                        "in": "query",
                        "required": false,
                        "schema": {
                            "type": "string"
                        }
                    },
                    {
                        "name": "SubInventoryCode",
                        "in": "query",
                        "schema": {
                            "type": "string"
                        }
                    }                    ,
                    {
                        "name": "LotNumber",
                        "in": "query",
                        "schema": {
                            "type": "string"
                        }
                    }                    ,
{
                        "name": "OrganizationCode",
                        "in": "query",
                        "schema": {
                            "type": "string"
                        }
                    },
                    {
                        "name": "ReservationQuantity",
                        "in": "query",
                        "schema": {
                            "type": "number"
                        }
                    }
                ],
                "responses": {
                    "500": {
                        "description": "Faults",
                        "content": {
                            "application/json": {
                                "schema": {
                                    "$ref": "#/components/schemas/APIInvocationError-1"
                                }
                            }
                        }
                    },
                    "default": {
                        "description": "A sample description of the Response",
                        "content": {
                            "application/json": {
                                "schema": {
                                    "$ref": "#/components/schemas/PostXXHBG_LOAD_RESERVATIO1_0TriggerReservationLoadResponse"
                                },
                                "examples": {
                                    "vb": {
                                        "externalValue": "./examples/postXXHBG_LOAD_RESERVATIO1_0TriggerReservationLoad/response_default_application_json_vb.json"
                                    }
                                }
                            }
                        }
                    }
                },
                "security": [
                    {
                        "oauth2Authentication": []
                    },
                    {
                        "basicAuthentication": []
                    }
                ]
            }
        },
        "/XXHBG_RESERVAT_ONHAND_QUANTITY/1.0/getReservationOnhandQuantity": {
            "get": {
                "tags": [
                    "Default Package/XXHBG_RESERVAT_ONHAND_QUANTITY|01.00.0000",
                    "Default Package"
                ],
                "operationId": "getXXHBG_RESERVAT_ONHAND_QUANTITY1_0GetReservationOnhandQuantity",
                "parameters": [
{
                        "name": "ItemNumber",
                        "in": "query",
                        "required": false,
                        "schema": {
                            "type": "string"
                        },
                        "x-vb": {
                            "defaultValue": "9780824919351"
                        }
                    },
                    {
                        "name": "RequestType",
                        "in": "query",
                        "schema": {
                            "type": "string"
                        }
                    }
                ],
                "responses": {
                    "500": {
                        "description": "Faults",
                        "content": {
                            "application/json": {
                                "schema": {
                                    "$ref": "#/components/schemas/APIInvocationError-2"
                                }
                            }
                        }
                    },
                    "default": {
                        "description": "A sample description of the Response",
                        "content": {
                            "application/json": {
                                "schema": {
                                    "$ref": "#/components/schemas/GetXXHBG_RESERVAT_ONHAND_QUANTITY1_0GetReservationOnhandQuantity"
                                },
                                "examples": {
                                    "vb": {
                                        "summary": "Example stored by VB User",
                                        "externalValue": "./examples/getXXHBG_RESERVAT_ONHAND_QUANTITY1_0GetReservationOnhandQuantity/response_default_application_json_vb.json"
                                    }
                                }
                            }
                        }
                    }
                },
                "security": [
                    {
                        "oauth2Authentication": []
                    },
                    {
                        "basicAuthentication": []
                    }
                ]
            }
        }
    },
    "components": {
        "schemas": {
            "request-wrapper": {
                "type": "object",
                "required": [
                    "ItemNumber",
                    "PreReservationNumber",
                    "ReservationID",
                    "TransactionType"
                ],
                "properties": {
                    "ReservationID": {
                        "type": "string"
                    },
                    "PreReservationNumber": {
                        "type": "string"
                    },
                    "ItemNumber": {
                        "type": "string"
                    },
                    "TransactionType": {
                        "type": "string"
                    }
                }
            },
            "APIInvocationError": {
                "type": "object",
                "required": [
                    "detail",
                    "errorCode",
                    "errorDetails",
                    "title",
                    "type"
                ],
                "properties": {
                    "type": {
                        "type": "string"
                    },
                    "title": {
                        "type": "string"
                    },
                    "detail": {
                        "type": "string"
                    },
                    "errorCode": {
                        "type": "string"
                    },
                    "errorDetails": {
                        "type": "array",
                        "items": {
                            "type": "object",
                            "properties": {
                                "type": {
                                    "type": "string"
                                },
                                "instance": {
                                    "type": "string"
                                },
                                "title": {
                                    "type": "string"
                                },
                                "errorPath": {
                                    "type": "string"
                                },
                                "errorCode": {
                                    "type": "string"
                                }
                            },
                            "required": [
                                "errorCode",
                                "errorPath",
                                "instance",
                                "title",
                                "type"
                            ]
                        },
                        "minItems": 1
                    }
                }
            },
            "response-wrapper": {
                "type": "object",
                "required": [
                    "STATUS"
                ],
                "properties": {
                    "STATUS": {
                        "type": "string"
                    }
                }
            },
            "PostXXHBG_LOAD_RESERVATIO1_0TriggerReservationLoadResponse": {
                "type": "object",
                "properties": {
                    "Status": {
                        "type": "string"
                    }
                }
            },
            "APIInvocationError-1": {
                "type": "object",
                "required": [
                    "detail",
                    "errorCode",
                    "errorDetails",
                    "title",
                    "type"
                ],
                "properties": {
                    "type": {
                        "type": "string"
                    },
                    "title": {
                        "type": "string"
                    },
                    "detail": {
                        "type": "string"
                    },
                    "errorCode": {
                        "type": "string"
                    },
                    "errorDetails": {
                        "type": "array",
                        "items": {
                            "type": "object",
                            "properties": {
                                "type": {
                                    "type": "string"
                                },
                                "instance": {
                                    "type": "string"
                                },
                                "title": {
                                    "type": "string"
                                },
                                "errorPath": {
                                    "type": "string"
                                },
                                "errorCode": {
                                    "type": "string"
                                }
                            },
                            "required": [
                                "errorCode",
                                "errorPath",
                                "instance",
                                "title",
                                "type"
                            ]
                        },
                        "minItems": 1
                    }
                }
            },
            "response-wrapper-1": {
                "type": "object",
                "required": [
                    "STATUS"
                ],
                "properties": {
                    "STATUS": {
                        "type": "string"
                    }
                }
            },
            "APIInvocationError-2": {
                "type": "object",
                "required": [
                    "detail",
                    "errorCode",
                    "errorDetails",
                    "title",
                    "type"
                ],
                "properties": {
                    "type": {
                        "type": "string"
                    },
                    "title": {
                        "type": "string"
                    },
                    "detail": {
                        "type": "string"
                    },
                    "errorCode": {
                        "type": "string"
                    },
                    "errorDetails": {
                        "type": "array",
                        "items": {
                            "type": "object",
                            "properties": {
                                "type": {
                                    "type": "string"
                                },
                                "instance": {
                                    "type": "string"
                                },
                                "title": {
                                    "type": "string"
                                },
                                "errorPath": {
                                    "type": "string"
                                },
                                "errorCode": {
                                    "type": "string"
                                }
                            },
                            "required": [
                                "errorCode",
                                "errorPath",
                                "instance",
                                "title",
                                "type"
                            ]
                        },
                        "minItems": 1
                    }
                }
            },
            "response-wrapper-2": {
                "type": "array",
                "items": {
                    "type": "object",
                    "properties": {
                        "INVENTORY_ITEM_ID": {
                            "type": "string"
                        },
                        "ORGANIZATION_ID": {
                            "type": "string"
                        },
                        "ITEM_NUMBER": {
                            "type": "string"
                        },
                        "ORGANIZATION_CODE": {
                            "type": "string"
                        },
                        "PRIMARY_TRANSACTION_QUANTITY": {
                            "type": "number"
                        },
                        "RESERVED_QTY": {
                            "type": "number"
                        },
                        "AVAILABLE_TO_RESERVE": {
                            "type": "number"
                        },
                        "PENDING_TRANSACTION_QTY": {
                            "type": "number"
                        },
                        "LOCATOR_ID": {
                            "type": "string"
                        },
                        "SUBINVENTORY_CODE": {
                            "type": "string"
                        },
                        "LOT_NUMBER": {
                            "type": "string"
                        },
                        "EXPIRATION_DATE": {
                            "type": "string"
                        },
                        "ITEM_PRICE_STATUS": {
                            "type": "string"
                        }
                    },
                    "required": [
                        "AVAILABLE_TO_RESERVE",
                        "EXPIRATION_DATE",
                        "INVENTORY_ITEM_ID",
                        "ITEM_NUMBER",
                        "ITEM_PRICE_STATUS",
                        "LOCATOR_ID",
                        "LOT_NUMBER",
                        "ORGANIZATION_CODE",
                        "ORGANIZATION_ID",
                        "PENDING_TRANSACTION_QTY",
                        "PRIMARY_TRANSACTION_QUANTITY",
                        "RESERVED_QTY",
                        "SUBINVENTORY_CODE"
                    ]
                },
                "minItems": 1
            },
            "GetXXHBG_RESERVAT_ONHAND_QUANTITY1_0GetReservationOnhandQuantity": {
                "type": "array",
                "items": {
                    "type": "object",
                    "properties": {
                        "INVENTORY_ITEM_ID": {
                            "type": "integer"
                        },
                        "ORGANIZATION_ID": {
                            "type": "integer"
                        },
                        "ORGANIZATION_CODE": {
                            "type": "string"
                        },
                        "RESERVED_QTY": {
                            "type": "integer"
                        },
                        "AVAILABLE_TO_RESERVE": {
                            "type": "integer"
                        },
                        "SUBINVENTORY_CODE": {
                            "type": "string"
                        },
                        "LOT_NUMBER": {
                            "type": "string"
                        },
                        "ON_HAND_QUANTITY": {
                            "type": "integer"
                        },
                        "LOT_STATUS": {
                            "type": "string"
                        }
                    }
                }
            }
        }
    }
}