{
    "items": [
        {
            "line_id": 49,
            "batch_id": 62,
            "business_unit": "HBG US BU",
            "payment_type": "Manual",
            "payment_date": "2023-02-20T17:39:26Z",
            "account_number": "1001",
            "account_name": null,
            "receipt_number": "3Test Receipt",
            "amount": 1000,
            "payment_method": "HBG Manual Receipt Method",
            "currency": "USD",
            "gl_account": null,
            "creation_date": "2023-02-20T17:39:26Z",
            "created_by": "OIC INTEGRATION",
            "last_update_date": "2023-02-20T17:39:26Z",
            "last_updated_by": "OIC INTEGRATION",
            "return_status": "PROCESSING",
            "return_message": null
        },
        {
            "line_id": 50,
            "batch_id": 62,
            "business_unit": "HBG US BU",
            "payment_type": "Manual",
            "payment_date": "2023-02-20T17:39:27Z",
            "account_number": "1001",
            "account_name": null,
            "receipt_number": "4Test Receipt",
            "amount": 1000,
            "payment_method": "HBG Manual Receipt Method",
            "currency": "USD",
            "gl_account": null,
            "creation_date": "2023-02-20T17:39:27Z",
            "created_by": "OIC INTEGRATION",
            "last_update_date": "2023-02-20T17:39:27Z",
            "last_updated_by": "OIC INTEGRATION",
            "return_status": "PROCESSING",
            "return_message": null
        },
        {
            "line_id": 51,
            "batch_id": 62,
            "business_unit": "HBG US BU",
            "payment_type": "Manual",
            "payment_date": "2023-02-20T17:39:33Z",
            "account_number": "37",
            "account_name": null,
            "receipt_number": "5Test Receipt",
            "amount": 1000,
            "payment_method": "HBG Manual Receipt Method",
            "currency": "USD",
            "gl_account": null,
            "creation_date": "2023-02-20T17:39:33Z",
            "created_by": "OIC INTEGRATION",
            "last_update_date": "2023-02-20T17:39:33Z",
            "last_updated_by": "OIC INTEGRATION",
            "return_status": "PROCESSING",
            "return_message": null
        },
        {
            "line_id": 52,
            "batch_id": 63,
            "business_unit": "HBG US BU",
            "payment_type": "Manual",
            "payment_date": "2023-02-20T17:59:24Z",
            "account_number": "37",
            "account_name": null,
            "receipt_number": "6Test Receipt",
            "amount": 1000,
            "payment_method": "HBG Manual Receipt Method",
            "currency": "USD",
            "gl_account": null,
            "creation_date": "2023-02-20T17:59:24Z",
            "created_by": "OIC INTEGRATION",
            "last_update_date": "2023-02-20T17:59:24Z",
            "last_updated_by": "OIC INTEGRATION",
            "return_status": "PROCESSED",
            "return_message": "Receipt sucessfully processed"
        },
        {
            "line_id": 53,
            "batch_id": 63,
            "business_unit": "HBG US BU",
            "payment_type": "Manual",
            "payment_date": "2023-02-20T17:59:32Z",
            "account_number": "37",
            "account_name": null,
            "receipt_number": "7Test Receipt",
            "amount": 1000,
            "payment_method": "HBG Manual Receipt Method",
            "currency": "USD",
            "gl_account": null,
            "creation_date": "2023-02-20T17:59:32Z",
            "created_by": "OIC INTEGRATION",
            "last_update_date": "2023-02-20T17:59:32Z",
            "last_updated_by": "OIC INTEGRATION",
            "return_status": "PROCESSED",
            "return_message": "Receipt sucessfully processed"
        },
        {
            "line_id": 54,
            "batch_id": 63,
            "business_unit": "HBG US BU",
            "payment_type": "Manual",
            "payment_date": "2023-02-20T17:59:34Z",
            "account_number": "37",
            "account_name": null,
            "receipt_number": "8Test Receipt",
            "amount": 1000,
            "payment_method": "HBG Manual Receipt Method",
            "currency": "USD",
            "gl_account": null,
            "creation_date": "2023-02-20T17:59:34Z",
            "created_by": "OIC INTEGRATION",
            "last_update_date": "2023-02-20T17:59:34Z",
            "last_updated_by": "OIC INTEGRATION",
            "return_status": "PROCESSED",
            "return_message": "Receipt sucessfully processed"
        },
        {
            "line_id": 55,
            "batch_id": 63,
            "business_unit": "HBG US BU",
            "payment_type": "Manual",
            "payment_date": "2023-02-20T17:59:35Z",
            "account_number": "37",
            "account_name": null,
            "receipt_number": "9Test Receipt",
            "amount": 1000,
            "payment_method": "HBG Manual Receipt Method",
            "currency": "USD",
            "gl_account": null,
            "creation_date": "2023-02-20T17:59:35Z",
            "created_by": "OIC INTEGRATION",
            "last_update_date": "2023-02-20T17:59:35Z",
            "last_updated_by": "OIC INTEGRATION",
            "return_status": "PROCESSED",
            "return_message": "Receipt sucessfully processed"
        }
    ],
    "hasMore": false,
    "limit": 25,
    "offset": 0,
    "count": 7,
    "links": [
        {
            "rel": "self",
            "href": "https://10.2.0.169:8081/ords/hbg_integration/PaymentExtension/PaymentExtension1"
        },
        {
            "rel": "describedby",
            "href": "https://10.2.0.169:8081/ords/hbg_integration/metadata-catalog/PaymentExtension/item"
        },
        {
            "rel": "first",
            "href": "https://10.2.0.169:8081/ords/hbg_integration/PaymentExtension/PaymentExtension1"
        }
    ]
}