{
    "items": [
        {
            "sub_format_name": "MR-SUB1"
        }
    ],
    "hasMore": false,
    "limit": 25,
    "offset": 0,
    "count": 1,
    "links": [
        {
            "rel": "self",
            "href": "https://10.2.0.169:8081/ords/hbg_integration/Common/getSubFormatNameByCode?P_SUB_FORMAT_CODE=MR-SUB1"
        },
        {
            "rel": "describedby",
            "href": "https://10.2.0.169:8081/ords/hbg_integration/metadata-catalog/Common/item"
        },
        {
            "rel": "first",
            "href": "https://10.2.0.169:8081/ords/hbg_integration/Common/getSubFormatNameByCode?P_SUB_FORMAT_CODE=MR-SUB1"
        }
    ]
}