{
  "description": "",
  "root": "switchSelection",
  "actions": {
    "switchSelection": {
      "module": "vb/action/builtin/switchAction",
      "parameters": {
        "caseValue": "[[ $variables.selection ]]",
        "possibleValues": [
          "main",
          "assignAcntType",
          "accountsmapping",
          "child1",
          "child2",
          "distribution",
          "accountassign",
          "assigndistribution"
        ]
      },
      "outcomes": {
        "main": "navigateToMainStart",
        "assignAcntType": "navigateToAssignaccounttype",
        "accountsmapping": "navigateToAccountsMapping",
        "child1": "navigateToDistributionDefaultdistribution",
        "child2": "navigateToDefaultunassignsales",
        "default": "assignVariablesToggle",
        "distribution": "navigateToDistributionStart",
        "accountassign": "navigateToAccountsAssignoverridesalesforce",
        "assigndistribution": "navigateToDistributionAssigndistributionchannel"
      }
    },
    "navigateToMainStart": {
      "module": "vb/action/builtin/navigateAction",
      "parameters": {
        "page": "/shell/main/main-create-batch"
      },
      "outcomes": {
        "success": "assignVariablesToggle"
      }
    },
    "navigateToAssignaccounttype": {
      "module": "vb/action/builtin/navigateAction",
      "parameters": {
        "page": "/shell/accounts/account-assignaccounttype"
      },
      "outcomes": {
        "success": "assignVariablesToggle"
      }
    },
    "navigateToDistributionDefaultdistribution": {
      "module": "vb/action/builtin/navigateAction",
      "parameters": {
        "page": "/shell/distribution/distribution-defaultdistribution"
      },
      "outcomes": {
        "success": "assignVariablesToggle"
      }
    },
    "navigateToDefaultunassignsales": {
      "module": "vb/action/builtin/navigateAction",
      "parameters": {
        "page": "/shell/accounts/account-defaultunassignsales"
      },
      "outcomes": {
        "success": "assignVariablesToggle"
      }
    },
    "assignVariablesToggle": {
      "module": "vb/action/builtin/assignVariablesAction",
      "parameters": {
        "$page.variables.toggle": {
          "source": false
        }
      }
    },
    "navigateToDistributionStart": {
      "module": "vb/action/builtin/navigateAction",
      "parameters": {
        "page": "/shell/distribution/distribution-start"
      },
      "outcomes": {
        "success": "assignVariablesToggle"
      }
    },
    "navigateToAccountsMapping": {
      "module": "vb/action/builtin/navigateAction",
      "parameters": {
        "page": "/shell/accounts/accounts-mapping"
      },
      "outcomes": {
        "success": "assignVariablesToggle"
      }
    },
    "navigateToAccountsAssignoverridesalesforce": {
      "module": "vb/action/builtin/navigateAction",
      "parameters": {
        "page": "/shell/accounts/accounts-assignoverridesalesforce"
      },
      "outcomes": {
        "success": "assignVariablesToggle"
      }
    },
    "navigateToDistributionAssigndistributionchannel": {
      "module": "vb/action/builtin/navigateAction",
      "parameters": {
        "page": "/shell/distribution/distribution-assigndistributionchannel"
      },
      "outcomes": {
        "success": "assignVariablesToggle"
      }
    }
  },
  "variables": {
    "selection": {
      "required": true,
      "type": "any",
      "input": "fromCaller"
    }
  }
}