{
    "items": [
        {
            "item_code": "9780824919351",
            "isbn_on_book": null,
            "short_title": "Frosty Snowman",
            "status": "IP",
            "reservation_type": "Regular",
            "print_number": null,
            "inventory_organization": "HBG",
            "lot_number": "1",
            "subinventory": "FG",
            "requested_quantity": 100,
            "reserved_quantity": 100,
            "released_via_cuid": null,
            "available_reserved": null,
            "ip_only": "No",
            "pre_reserved_balance": 100,
            "usable_balance": 900,
            "end_balance": 1000,
            "created_by": "freis@pelotongroup.com",
            "created_date": "2023-03-07T13:43:54Z",
            "last_updated_by": "freis@pelotongroup.com",
            "last_update_date": "2023-03-07T13:43:54Z",
            "reservation_number": 1000000000409,
            "record_id": 211,
            "po_number": null,
            "wo_number": null,
            "erp_reservation_id": null
        }
    ],
    "hasMore": false,
    "limit": 25,
    "offset": 0,
    "count": 1,
    "links": [
        {
            "rel": "self",
            "href": "https://10.2.0.169:8081/ords/hbg_integration/ReservationsUI/ReservationHeaderCheck?p_reservation_number=1000000000409"
        },
        {
            "rel": "edit",
            "href": "https://10.2.0.169:8081/ords/hbg_integration/ReservationsUI/ReservationHeaderCheck?p_reservation_number=1000000000409"
        },
        {
            "rel": "describedby",
            "href": "https://10.2.0.169:8081/ords/hbg_integration/metadata-catalog/ReservationsUI/item"
        },
        {
            "rel": "first",
            "href": "https://10.2.0.169:8081/ords/hbg_integration/ReservationsUI/ReservationHeaderCheck?p_reservation_number=1000000000409"
        }
    ]
}