{
  "title": "",
  "description": "",
  "variables": {
    "CreateFormatObj": {
      "type": "FormatTblType",
      "defaultValue": {
        "status": "Active"
      }
    },
    "formatAbbrLOV": {
      "type": "vb/ServiceDataProvider",
      "defaultValue": {
        "endpoint": "devOrds/getFamilyCodeFormat2",
        "responseType": "getFormatAbbr",
        "itemsPath": "items",
        "uriParameters": {
          "P_FORMAT_ABBR": "{{ \"\" }}",
          "P_FORMAT_CODE": "{{ \"\" }}",
          "P_FORMAT_NAME": "{{ \"\" }}"
        },
        "keyAttributes": "format_abbr",
        "transformsContext": {
          "vb-textFilterAttributes": [
            "format_abbr"
          ]
        }
      }
    },
    "FormatADP": {
      "type": "vb/ArrayDataProvider2",
      "defaultValue": {
        "itemType": "FormatTblType",
        "keyAttributes": "format_id"
      }
    },
    "formatDlglabel": {
      "type": "string"
    },
    "FormatlovSDP": {
      "type": "vb/ServiceDataProvider",
      "defaultValue": {
        "endpoint": "devOrds/getFamilyCodeFormat2",
        "responseType": "FormatLOVType",
        "itemsPath": "items",
        "uriParameters": {
          "P_FORMAT_ABBR": "{{ \"\" }}",
          "P_FORMAT_CODE": "{{ \"\" }}",
          "P_FORMAT_NAME": "{{ \"\" }}"
        },
        "keyAttributes": "format_code",
        "transformsContext": {
          "vb-textFilterAttributes": [
            "format_code"
          ]
        }
      }
    },
    "FormatNameLOV": {
      "type": "vb/ServiceDataProvider",
      "defaultValue": {
        "endpoint": "devOrds/getFamilyCodeFormat2",
        "responseType": "getFormatNameLOV",
        "itemsPath": "items",
        "uriParameters": {
          "P_FORMAT_ABBR": "{{ \"\" }}",
          "P_FORMAT_CODE": "{{ \"\" }}",
          "P_FORMAT_NAME": "{{ \"\" }}"
        },
        "keyAttributes": "format_name",
        "transformsContext": {
          "vb-textFilterAttributes": [
            "format_name"
          ]
        }
      }
    },
    "FormatRowData": {
      "type": "FormatTblType"
    },
    "selectedFormatAbbr": {
      "type": "string"
    },
    "SelectedFormatCode": {
      "type": "string"
    },
    "selectedFormatName": {
      "type": "string"
    }

  },
  "metadata": {},
  "types": {
    "@decorators.FormatLOVType": {
      "endpoint": "getFamilyCodeFormat2",
      "service": "devOrds",
      "path": "response"
    },
    "@decorators.FormatTblType": {
      "endpoint": "getFamilyCodeFormat2",
      "service": "devOrds",
      "path": "response-_-items[0]"
    },
    "@decorators.getFormatAbbr": {
      "endpoint": "getFamilyCodeFormat2",
      "service": "devOrds",
      "path": "response"
    },
    "@decorators.getFormatNameLOV": {
      "endpoint": "getFamilyCodeFormat2",
      "service": "devOrds",
      "path": "response"
    },
    "FormatLOVType": {
      "items": [
        {
          "format_code": "string"
        }
      ]
    },
    "FormatTblType": {

      "audio_ind": "any",
      "cal_ind": "any",
      "commodity_code": "any",
      "created_by": "any",
      "creation_date": "any",
      "ebook_ind": "any",
      "format_abbr": "any",
      "format_code": "string",
      "format_id": "number",
      "format_name": "string",
      "inc_sale_ind": "any",
      "last_updated_by": "any",
      "last_updated_date": "any",
      "nonpub_item_ind": "any",
      "require_sub_fmt_ind": "any",
      "status": "any",
      "active_dummy": "object[]",
      "active_ind": "string"

    },
    "getFormatAbbr": {
      "items": [
        {
          "format_abbr": "string"
        }
      ]
    },
    "getFormatNameLOV": {
      "items": [
        {
          "format_name": "string"
        }
      ]
    }

  },
  "eventListeners": {
    "addFormatAction": {
      "chains": [
        {
          "chainId": "openFormatDialog"
        }
      ]
    },
    "buttonAction": {
      "chains": [
        {
          "chainId": "CloseFormatDialog"
        }
      ]
    },
    "checkboxSetValue": {
      "chains": [
        {
          "chainId": "FormatCheckboxSetValue",
          "parameters": {
            "value": "{{ $event.detail.value }}"
          }
        }
      ]
    },
    "createDialogFormatAction": {
      "chains": [
        {
          "chainId": "CreateFormatbtnAction"
        }
      ]
    },
    "iconClick": {
      "chains": [
        {
          "chainId": "FormatUpdateAction",
          "parameters": {
            "key": "{{ $current.key }}",
            "index": "{{ $current.index }}",
            "current": "{{ $current }}"
          }
        }
      ]
    },
    "iconClick2": {
      "chains": [
        {
          "chainId": "FormatUpdateAction",
          "parameters": {
            "key": "{{ $current.key }}",
            "index": "{{ $current.index }}",
            "current": "{{ $current }}"
          }
        }
      ]
    },
    "iconClick3": {
      "chains": [
        {
          "chainId": "EditFormatDlgOpen",
          "parameters": {
            "key": "{{ $current.key }}",
            "index": "{{ $current.index }}",
            "current": "{{ $current }}"
          }
        }
      ]
    },
    "resetFormatAction": {
      "chains": [
        {
          "chainId": "ResetFormatAction"
        }
      ]
    },
    "searchFormatAction": {
      "chains": [
        {
          "chainId": "FetchFormatCode"
        }
      ]
    },
    "tableBeforeRowEdit": {
      "chains": [
        {
          "chainId": "FormatTableBeforeRowEditAction",
          "parameters": {
            "rowKey": "{{$event.detail.rowContext.status.rowKey}}",
            "rowIndex": "{{$event.detail.rowContext.status.rowIndex}}",
            "rowData": "{{$event.detail.rowContext.componentElement.getDataForVisibleRow($event.detail.rowContext.status.rowIndex).data}}"
          }
        }
      ]
    },
    "tableBeforeRowEditEnd": {
      "chains": [
        {
          "chainId": "TableBeforeRowEditEndChain",
          "parameters": {
            "cancelEdit": "{{$event.detail.cancelEdit}}",
            "rowKey": "{{$event.detail.rowContext.status.rowKey}}",
            "rowIndex": "{{$event.detail.rowContext.status.rowIndex}}",
            "rowData": "{{$event.detail.rowContext.componentElement.getDataForVisibleRow($event.detail.rowContext.status.rowIndex).data}}"
          }
        }
      ]
    },
    "toggleDrawer": {
      "chains": [
        {
          "chainId": "application:toggleDrawerHandler"
        }
      ]
    },
    "vbEnter": {
      "chains": [
        {
          "parameters": {},
          "chainId": "FetchFormatTblData"
        }
      ]
    }

  },
  "imports": {
    "components": {
      "oj-button": {
        "path": "ojs/ojbutton"
      },
      "oj-checkboxset": {
        "path": "ojs/ojcheckboxset"
      },
      "oj-combobox-one": {
        "path": "ojs/ojselectcombobox"
      },
      "oj-dialog": {
        "path": "ojs/ojdialog"
      },
      "oj-form-layout": {
        "path": "ojs/ojformlayout"
      },
      "oj-input-date": {
        "path": "ojs/ojdatetimepicker"
      },
      "oj-input-number": {
        "path": "ojs/ojinputnumber"
      },
      "oj-input-text": {
        "path": "ojs/ojinputtext"
      },
      "oj-label": {
        "path": "ojs/ojlabel"
      },
      "oj-option": {
        "path": "ojs/ojoption"
      },
      "oj-sample-export-data": {
        "path": "oj-sample/export-data/loader"
      },
      "oj-select-single": {
        "path": "ojs/ojselectsingle"
      },
      "oj-table": {
        "path": "ojs/ojtable"
      },
      "oj-validation-group": {
        "path": "ojs/ojvalidationgroup"
      }

    }
  }
}