{
  "description": "",
  "root": "assignVariablesHeadersCreateObj",
  "actions": {
    "assignVariablesHeadersCreateObj": {
      "module": "vb/action/builtin/assignVariablesAction",
      "parameters": {
        "$page.variables.HeadersCreateObj": {
          "source": {
            "template_name": "{{ $page.variables.HeadersCreateObj.template_name + \"_Copy\" }}",
            "template_description": "{{ $page.variables.HeadersCreateObj.template_description+ \"_Copy\" }}",
            "entered_by": "{{ $application.user.email }}",
            "updated_by": "{{ $application.user.email }}"
          },
          "reset": "none",
          "auto": "always"
        }
      },
      "outcomes": {
        "success": "callRestCreatetempheaders"
      }
    },
    "callRestCreatetempheaders": {
      "module": "vb/action/builtin/restAction",
      "parameters": {
        "endpoint": "ordsHbg_integration/Createtempheaders",
        "body": "{{ $page.variables.HeadersCreateObj }}"
      },
      "outcomes": {
        "success": "if"
      }
    },
    "if": {
      "module": "vb/action/builtin/ifAction",
      "parameters": {
        "condition": "[[ $chain.results.callRestCreatetempheaders.body.p_return_status === \"SUCCESS\" ]]"
      },
      "outcomes": {
        "true": "fireNotification",
        "false": "fireNotification3"
      }
    },
    "fireNotification": {
      "module": "vb/action/builtin/fireNotificationEventAction",
      "parameters": {
        "target": "leaf",
        "summary": "Template Header Copied Successfully",
        "displayMode": "transient",
        "type": "confirmation"
      },
      "outcomes": {
        "success": "callRestGetGetTemplateHeaders"
      }
    },
    "fireNotification3": {
      "module": "vb/action/builtin/fireNotificationEventAction",
      "parameters": {
        "target": "leaf",
        "summary": "[[ $chain.results.callRestCreatetempheaders.body.p_return_status ]]",
        "displayMode": "transient"
      }
    },
    "callRestGettemplateLines": {
      "module": "vb/action/builtin/restAction",
      "parameters": {
        "endpoint": "ordsHbg_integration/gettemplateLines",
        "uriParams": {
          "TEMPLATE_ID": "{{ $page.variables.HeadersCreateObj.template_id }}"
        }
      },
      "outcomes": {
        "success": "assignVariablesHeadersCreateObj3"
      }
    },
    "forEach": {
      "module": "vb/action/builtin/forEachAction",
      "parameters": {
        "items": "{{ $chain.results.callRestGettemplateLines.body.items }}",
        "actionId": "assignVariablesLinesCreateObj"
      },
      "outcomes": {
        "success": "callChainFetchHeaders"
      }
    },
    "if3": {
      "module": "vb/action/builtin/ifAction",
      "parameters": {
        "condition": "[[ $chain.results.callRestGettemplateLines.body.items.length > 0 ]]"
      },
      "outcomes": {
        "true": "forEach",
        "false": "fireNotification4"
      }
    },
    "fireNotification4": {
      "module": "vb/action/builtin/fireNotificationEventAction",
      "parameters": {
        "target": "leaf",
        "summary": "No Lines found to copy",
        "displayMode": "transient"
      },
      "outcomes": {
        "success": "callChainFetchHeaders"
      }
    },
    "callRestPostTempLines": {
      "module": "vb/action/builtin/restAction",
      "parameters": {
        "endpoint": "ordsHbg_integration/postTempLines",
        "body": "{{ $page.variables.LinesCreateObj }}"
      }
    },
    "callChainFetchHeaders": {
      "module": "vb/action/builtin/callChainAction",
      "parameters": {
        "id": "FetchHeaders"
      }
    },
    "callRestGetGetTemplateHeaders": {
      "module": "vb/action/builtin/restAction",
      "parameters": {
        "endpoint": "ordsHbg_integration/getGetTemplateHeaders",
        "uriParams": {
          "P_TEMPLATE_DESCRIPTION": "{{ $page.variables.HeadersCreateObj.template_description }}",
          "P_TEMPLATE_NAME": "{{ $page.variables.HeadersCreateObj.template_name }}"
        }
      },
      "outcomes": {
        "success": "callRestGettemplateLines"
      }
    },
    "assignVariablesLinesCreateObj": {
      "module": "vb/action/builtin/assignVariablesAction",
      "parameters": {
        "$page.variables.LinesCreateObj": {
          "source": {
            "category_code": "{{ $chain.results.callRestGettemplateLines.body.items[$current.index].category_code }}",
            "category_name": "{{ $chain.results.callRestGettemplateLines.body.items[$current.index].category_name }}",
            "instructions_text": "{{ $chain.results.callRestGettemplateLines.body.items[$current.index].instructions_text }}",
            "sequence": "{{ $chain.results.callRestGettemplateLines.body.items[$current.index].sequence }}",
            "template_id": "{{ $chain.results.callRestGetGetTemplateHeaders.body.items[0].template_id }}",
            "updated_by": "{{ $application.user.email }}",
            "entered_by": "{{ $application.user.email }}"
          },
          "reset": "none",
          "auto": "always"
        }
      },
      "outcomes": {
        "success": "callRestPostTempLines"
      }
    },
    "assignVariablesHeadersCreateObj3": {
      "module": "vb/action/builtin/assignVariablesAction",
      "parameters": {
        "$page.variables.HeadersCreateObj": {
          "source": "{{ $chain.results.callRestGetGetTemplateHeaders.body.items[0] }}",
          "auto": "always"
        }
      },
      "outcomes": {
        "success": "if3"
      }
    }
  },
  "variables": {}
}