{
  "description": "",
  "root": "resetVariablesLinesCreateObj",
  "actions": {
    "resetVariablesLinesCreateObj": {
      "module": "vb/action/builtin/resetVariablesAction",
      "parameters": {
        "variables": [
          "$page.variables.LinesCreateObj"
        ]
      },
      "outcomes": {
        "success": "assignVariablesLinesLabel"
      }
    },
    "assignVariablesLinesLabel": {
      "module": "vb/action/builtin/assignVariablesAction",
      "parameters": {
        "$page.variables.LinesLabel": {
          "source": "Create"
        }
      },
      "outcomes": {
        "success": "callComponentLinesDlgOpen"
      }
    },
    "callComponentLinesDlgOpen": {
      "module": "vb/action/builtin/callComponentMethodAction",
      "parameters": {
        "component": "{{ document.getElementById('linesDlg') }}",
        "method": "open"
      }
    }
  },
  "variables": {}
}