{
    "items": [
        {
            "acc_typ_id": 500008,
            "customer_name": "AMAZON",
            "account_number": "14605017-AMAZON.COM",
            "account_name": "AMAZON.COM",
            "cust_accnt_id": 100000224224483,
            "party_id": "100000224222569",
            "default_account_type": "02",
            "account_type_desc": "AGENCY ACCOUNTS (ABRAMS)",
            "entered_by": "freis@pelotongroup.com",
            "entered_date": "2023-03-23T00:00:00Z",
            "updated_by": "freis@pelotongroup.com",
            "updated_date": "2023-03-16T00:00:00Z",
            "registry_id": null,
            "organization_name": null,
            "site_number": null,
            "site_name": null,
            "country": null,
            "address": null,
            "city": null,
            "state": null,
            "postal_code": null,
            "san": null,
            "lookup": null
        }
    ],
    "hasMore": false,
    "limit": 100,
    "offset": 0,
    "count": 1,
    "links": [
        {
            "rel": "self",
            "href": "https://10.2.0.169:8081/ords/hbg_integration/salesCredit/getCustAccntType"
        },
        {
            "rel": "edit",
            "href": "https://10.2.0.169:8081/ords/hbg_integration/salesCredit/getCustAccntType"
        },
        {
            "rel": "describedby",
            "href": "https://10.2.0.169:8081/ords/hbg_integration/metadata-catalog/salesCredit/item"
        },
        {
            "rel": "first",
            "href": "https://10.2.0.169:8081/ords/hbg_integration/salesCredit/getCustAccntType"
        }
    ]
}