{
  "description": "",
  "root": "resetVariablesActionLinesCreateObj",
  "actions": {
    "assignVariablesActionDlgLabel": {
      "module": "vb/action/builtin/assignVariablesAction",
      "parameters": {
        "$page.variables.ActionDlgLabel": {
          "source": "Create"
        }
      },
      "outcomes": {
        "success": "callComponentActionpopupOpen"
      }
    },
    "callComponentActionpopupOpen": {
      "module": "vb/action/builtin/callComponentMethodAction",
      "parameters": {
        "component": "{{ document.getElementById('actionpopup') }}",
        "method": "open"
      },
      "outcomes": {
        "success": "callChainFetchTemplateName"
      }
    },
    "resetVariablesActionLinesCreateObj": {
      "module": "vb/action/builtin/resetVariablesAction",
      "parameters": {
        "variables": [
          "$page.variables.ActionLinesCreateObj"
        ]
      },
      "outcomes": {
        "success": "assignVariablesActionDlgLabel"
      }
    },
    "callChainFetchTemplateName": {
      "module": "vb/action/builtin/callChainAction",
      "parameters": {
        "id": "FetchTemplateName"
      }
    }
  },
  "variables": {}
}