{
  "root": "runInParallel",
  "description": "",
  "variables": {},
  "actions": {
    "callRestGetGetAccountNumber": {
      "module": "vb/action/builtin/restAction",
      "parameters": {
        "endpoint": "ordsHbg_integration/getGetAccountNumber",
        "uriParams": {
          "p_acct_number": "{{ \"\" }}",
          "party_id": "{{ \"\" }}"
        }
      },
      "outcomes": {
        "success": "assignVariablesAccountNumberArray"
      }
    },
    "assignVariablesAccountNumberArray": {
      "module": "vb/action/builtin/assignVariablesAction",
      "parameters": {
        "$page.variables.AccountNumberArray": {
          "source": "{{ $chain.results.callRestGetGetAccountNumber.body.items }}"
        }
      }
    },
    "runInParallel": {
      "module": "vb/action/builtin/forkAction",
      "parameters": {
        "actions": {
          "callRestGetGetAccountNumber": "callRestGetGetAccountNumber",
          "callRestGetGetOwnerCode": "callRestGetGetOwnerCode",
          "callRestGetFormatCode": "callRestGetFormatCode",
          "callRestGetSubFormatCode": "callRestGetSubFormatCode",
          "callRestGrtHoldnames": "callRestGrtHoldnames"
        }
      }
    },
    "callRestGetGetOwnerCode": {
      "module": "vb/action/builtin/restAction",
      "parameters": {
        "endpoint": "ordsHbg_integration/getGetOwnerCode"
      },
      "outcomes": {
        "success": "assignVariablesOwnerArray"
      }
    },
    "assignVariablesOwnerArray": {
      "module": "vb/action/builtin/assignVariablesAction",
      "parameters": {
        "$page.variables.OwnerArray": {
          "source": "{{ $chain.results.callRestGetGetOwnerCode.body.items }}"
        }
      }
    },
    "callRestGetFormatCode": {
      "module": "vb/action/builtin/restAction",
      "parameters": {
        "endpoint": "ordsHbg_integration/GetFormatCode"
      },
      "outcomes": {
        "success": "assignVariablesFormatArray"
      }
    },
    "assignVariablesFormatArray": {
      "module": "vb/action/builtin/assignVariablesAction",
      "parameters": {
        "$page.variables.FormatArray": {
          "source": "{{ $chain.results.callRestGetFormatCode.body.items }}"
        }
      }
    },
    "callRestGetSubFormatCode": {
      "module": "vb/action/builtin/restAction",
      "parameters": {
        "endpoint": "ordsHbg_integration/GetSubFormatCode"
      },
      "outcomes": {
        "success": "assignVariablesSubFormatArray"
      }
    },
    "assignVariablesSubFormatArray": {
      "module": "vb/action/builtin/assignVariablesAction",
      "parameters": {
        "$page.variables.SubFormatArray": {
          "source": "{{ $chain.results.callRestGetSubFormatCode.body.items }}"
        }
      }
    },
    "callRestGrtHoldnames": {
      "module": "vb/action/builtin/restAction",
      "parameters": {
        "endpoint": "ordsHbg_integration/GrtHoldnames"
      },
      "outcomes": {
        "success": "assignVariablesHoldNameArray"
      }
    },
    "assignVariablesHoldNameArray": {
      "module": "vb/action/builtin/assignVariablesAction",
      "parameters": {
        "$page.variables.HoldNameArray": {
          "source": "{{ $chain.results.callRestGrtHoldnames.body.items }}"
        }
      }
    }
  }
}