{
  "description": "",
  "root": "resetVariablesActionLinesADP",
  "actions": {
    "assignVariablesRowRulesId": {
      "module": "vb/action/builtin/assignVariablesAction",
      "parameters": {
        "$page.variables.RowRulesId": {
          "source": "{{ $variables.rowData.rule_id }}"
        },
        "$page.variables.SelectedCustAccountId": {
          "source": "{{ $variables.rowData.cust_account_id }}"
        }
      },
      "outcomes": {
        "success": "callChainFetchRuleLines"
      }
    },
    "callChainFetchRuleLines": {
      "module": "vb/action/builtin/callChainAction",
      "parameters": {
        "id": "FetchRuleLines"
      }
    },
    "resetVariablesActionLinesADP": {
      "module": "vb/action/builtin/resetVariablesAction",
      "parameters": {
        "variables": [
          "$page.variables.ActionLinesADP.data",
          "$page.variables.LinesTblADP.data"
        ]
      },
      "outcomes": {
        "success": "assignVariablesRowRulesId"
      }
    }
  },
  "variables": {
    "rowKey": {
      "required": true,
      "type": "any",
      "input": "fromCaller"
    },
    "rowData": {
      "required": true,
      "type": "any",
      "input": "fromCaller"
    }
  }
}