{
  "description": "",
  "root": "assignVariablesFromObj",
  "actions": {

    "assignVariablesFromObj": {
      "module": "vb/action/builtin/assignVariablesAction",
      "parameters": {
        "$page.variables.fromObj": {
          "source": {
            "p_hold_flag": "Release"
          },
          "reset": "none",
          "auto": "always"
        }
      },
      "outcomes": {
        "success": "callChainApplyOrReleaseAction"
      }
    },
    "callChainApplyOrReleaseAction": {
      "module": "vb/action/builtin/callChainAction",
      "parameters": {
        "id": "ApplyOrReleaseAction"
      }
    }
  },
  "variables": {}
}