{
    "items": [
        {
            "rule_line_id": 1,
            "rule_id": 1,
            "sequence": 1,
            "ship_to_number": null,
            "owner_code": "test",
            "reporting_group": null,
            "publisher": null,
            "imprint": null,
            "format": null,
            "sub_format": null,
            "inventory_item_id": null,
            "price_on_book": null,
            "shrink_wrap": null,
            "master_pack": null,
            "inner_pack": null,
            "new_pack_quantity": null,
            "ship_to_name": null,
            "owner_name": null,
            "item": null,
            "reporting_group_description": null,
            "publisher_name": null,
            "imprint_name": null,
            "format_name": null,
            "sub_format_name": null,
            "entered_date": null,
            "updated_date": null,
            "entered_by": null,
            "updated_by": null
        }
    ],
    "hasMore": false,
    "limit": 25,
    "offset": 0,
    "count": 1,
    "links": [
        {
            "rel": "self",
            "href": "https://10.2.0.169:8081/ords/hbg_integration/CustomeOrders/getRulesLines?RULE_ID=1"
        },
        {
            "rel": "describedby",
            "href": "https://10.2.0.169:8081/ords/hbg_integration/metadata-catalog/CustomeOrders/item"
        },
        {
            "rel": "first",
            "href": "https://10.2.0.169:8081/ords/hbg_integration/CustomeOrders/getRulesLines?RULE_ID=1"
        }
    ]
}