{
    "items": [
        {
            "reporting_group_id": 1,
            "reporting_grp_code": null,
            "reporting_grp_name": null,
            "reporting_grp_abbr": null,
            "distribution_service": null,
            "in_pubtracker_ind": null,
            "dso_report_ind": null,
            "wms_feed_ind": null,
            "edi_feed_ind": null,
            "returnable_grace_days": 2,
            "managed_by": null,
            "active_ind": "active",
            "creation_date": "0018-01-21T00:00:00Z",
            "created_by": "user",
            "last_updated_date": "0018-01-21T00:00:00Z",
            "last_updated_by": "user",
            "owner_id": null,
            "auto_close_pb_pc": null,
            "all_wms_ind": null,
            "nop_wms_ind": null,
            "returns_nop": null,
            "active": null,
            "isbn_prefix": null,
            "status": null,
            "start_date": null,
            "end_date": null
        },
        {
            "reporting_group_id": 3,
            "reporting_grp_code": "t1",
            "reporting_grp_name": "pel2",
            "reporting_grp_abbr": "abbr",
            "distribution_service": "service",
            "in_pubtracker_ind": "tracker",
            "dso_report_ind": "dso",
            "wms_feed_ind": "wms",
            "edi_feed_ind": "edi",
            "returnable_grace_days": 2,
            "managed_by": "user",
            "active_ind": "active",
            "creation_date": "2023-01-18T00:00:00Z",
            "created_by": "user",
            "last_updated_date": "2023-01-18T00:00:00Z",
            "last_updated_by": "user",
            "owner_id": 12,
            "auto_close_pb_pc": 2,
            "all_wms_ind": "wms",
            "nop_wms_ind": "nop",
            "returns_nop": "yes",
            "active": null,
            "isbn_prefix": null,
            "status": null,
            "start_date": null,
            "end_date": null
        },
        {
            "reporting_group_id": 21,
            "reporting_grp_code": "MR_1",
            "reporting_grp_name": "MR_1_Name",
            "reporting_grp_abbr": "MR_1_Abb",
            "distribution_service": null,
            "in_pubtracker_ind": null,
            "dso_report_ind": null,
            "wms_feed_ind": null,
            "edi_feed_ind": null,
            "returnable_grace_days": null,
            "managed_by": null,
            "active_ind": "Inactive",
            "creation_date": null,
            "created_by": null,
            "last_updated_date": "2023-01-25T08:15:42Z",
            "last_updated_by": "freis@pelotongroup.com",
            "owner_id": null,
            "auto_close_pb_pc": null,
            "all_wms_ind": null,
            "nop_wms_ind": null,
            "returns_nop": null,
            "active": null,
            "isbn_prefix": null,
            "status": "Inactive",
            "start_date": null,
            "end_date": null
        }
    ],
    "hasMore": false,
    "limit": 25,
    "offset": 0,
    "count": 3,
    "links": [
        {
            "rel": "self",
            "href": "https://10.2.0.169:8081/ords/hbg_integration/familyCode/FamilyCodeReportingGroup"
        },
        {
            "rel": "edit",
            "href": "https://10.2.0.169:8081/ords/hbg_integration/familyCode/FamilyCodeReportingGroup"
        },
        {
            "rel": "describedby",
            "href": "https://10.2.0.169:8081/ords/hbg_integration/metadata-catalog/familyCode/item"
        },
        {
            "rel": "first",
            "href": "https://10.2.0.169:8081/ords/hbg_integration/familyCode/FamilyCodeReportingGroup"
        }
    ]
}