{
  "description": "",
  "root": "callRestDeleteSalesCreditUnassignSalesForce",
  "actions": {
    "fireNotification": {
      "module": "vb/action/builtin/fireNotificationEventAction",
      "parameters": {
        "target": "leaf",
        "summary": "failed to Delete unassign Sales FOrce",
        "type": "error",
        "displayMode": "transient"
      }
    },
    "callRestDeleteSalesCreditUnassignSalesForce": {
      "module": "vb/action/builtin/restAction",
      "parameters": {
        "endpoint": "devOrds/deleteSalesCreditUnassignSalesForce",
        "uriParams": {
          "SF_UNASSIGNED_ID": "{{ $variables.current.row.sf_unassigned_id }}"
        }
      },
      "outcomes": {
        "failure": "fireNotification",
        "success": "fireNotification3"
      }
    },
    "fireNotification3": {
      "module": "vb/action/builtin/fireNotificationEventAction",
      "parameters": {
        "target": "leaf",
        "summary": "UnAssign Sales Force Deleted Successfully",
        "displayMode": "transient",
        "type": "confirmation"
      },
      "outcomes": {
        "success": "resetVariablesUnAssignTblADP"
      }
    },
    "callChainFetchUnAssignTblAction": {
      "module": "vb/action/builtin/callChainAction",
      "parameters": {
        "id": "fetchUnAssignTblAction"
      }
    },
    "resetVariablesUnAssignTblADP": {
      "module": "vb/action/builtin/resetVariablesAction",
      "parameters": {
        "variables": [
          "$page.variables.UnAssignTblADP.data"
        ]
      },
      "outcomes": {
        "success": "callChainFetchUnAssignTblAction"
      }
    }
  },
  "variables": {
    "key": {
      "required": true,
      "type": "any",
      "input": "fromCaller"
    },
    "index": {
      "required": true,
      "type": "number",
      "input": "fromCaller"
    },
    "current": {
      "required": true,
      "type": "any",
      "input": "fromCaller"
    }
  }
}