{
  "description": "",
  "root": "assignVariablesDlgLabel",
  "actions": {
    "callComponentUnassignsalesforceOpen": {
      "module": "vb/action/builtin/callComponentMethodAction",
      "parameters": {
        "component": "{{ document.getElementById('unassignsalesforce') }}",
        "method": "open"
      }
    },
    "assignVariablesDlgLabel": {
      "module": "vb/action/builtin/assignVariablesAction",
      "parameters": {
        "$page.variables.DlgLabel": {
          "source": "Edit"
        },
        "$page.variables.unAssignCreateObj": {
          "source": "{{ $variables.current.row }}",
          "auto": "always"
        },
        "$page.variables.RowDivision": {
          "source": "{{ $variables.current.row.division }}"
        },
        "$page.variables.RowOwner": {
          "source": "{{ $variables.current.row.owner }}"
        },
        "$page.variables.RowReportingGroup": {
          "source": "{{ $variables.current.row.reporting_group }}"
        },
        "$page.variables.RowSalesForce": {
          "source": "{{ $variables.current.row.sales_force_number }}"
        },
        "$page.variables.RowSalesRep": {
          "source": "{{ $variables.current.row.sales_rep }}"
        },
        "$page.variables.Rowterritory": {
          "source": "{{ $variables.current.row.territory }}"
        }
      },
      "outcomes": {
        "success": "callComponentUnassignsalesforceOpen"
      }
    }
  },
  "variables": {
    "key": {
      "required": true,
      "type": "any",
      "input": "fromCaller"
    },
    "index": {
      "required": true,
      "type": "number",
      "input": "fromCaller"
    },
    "current": {
      "required": true,
      "type": "any",
      "input": "fromCaller"
    }
  }
}