{
  "description": "",
  "root": "resetVariablesUnAssignCreateObj",
  "actions": {
    "resetVariablesUnAssignCreateObj": {
      "module": "vb/action/builtin/resetVariablesAction",
      "parameters": {
        "variables": [
          "$page.variables.unAssignCreateObj.account_number",
          "$page.variables.unAssignCreateObj.account_name",
          "$page.variables.unAssignCreateObj.bill_to_country"          ,
          "$page.variables.unAssignCreateObj.ship_to_country"          ,
          "$page.variables.unAssignCreateObj.ship_to_state"          ,
          "$page.variables.unAssignCreateObj.bill_to_state"
        ]
      }
    }
  },
  "variables": {
    "key": {
      "required": true,
      "type": "any",
      "input": "fromCaller"
    },
    "data": {
      "required": true,
      "type": "any",
      "input": "fromCaller"
    },
    "metadata": {
      "required": true,
      "type": "any",
      "input": "fromCaller"
    }
  }
}