{
  "description": "",
  "root": "ifValue",
  "actions": {
    "ifValue": {
      "module": "vb/action/builtin/ifAction",
      "parameters": {
        "condition": "[[ $variables.value === \"Default\" ]]"
      },
      "outcomes": {
        "true": "resetVariablesUnAssignCreateObj"
      }
    },
    "resetVariablesUnAssignCreateObj": {
      "module": "vb/action/builtin/resetVariablesAction",
      "parameters": {
        "variables": [
          "$page.variables.unAssignCreateObj.account_number",
          "$page.variables.unAssignCreateObj.account_name"
        ]
      }
    }
  },
  "variables": {
    "value": {
      "required": true,
      "type": "any",
      "input": "fromCaller"
    }
  }
}