{
  "description": "",
  "root": "assignVariablesPaymentTypeVar",
  "actions": {
    "assignVariablesEditingLineControlBool": {
      "module": "vb/action/builtin/assignVariablesAction",
      "parameters": {
        "$page.variables.EditingLineControlBool": {
          "source": true
        },
        "$page.variables.AmountVar": {
          "source": "{{ $page.variables.UpdatePaymentLineVar.P_AMOUNT }}"
        },
        "$page.variables.BusinessUnitVar": {
          "source": "{{ $page.variables.UpdatePaymentLineVar.P_BUSINESS_UNIT }}"
        },
        "$page.variables.CurrencyVar": {
          "source": "{{ $page.variables.UpdatePaymentLineVar.P_CURRENCY }}"
        },
        "$page.variables.PaymentDateVar": {
          "source": "{{ $page.variables.UpdatePaymentLineVar.P_PAYMENT_DATE }}"
        },
        "$page.variables.ReceiptNumberVar": {
          "source": "{{ $page.variables.UpdatePaymentLineVar.P_RECEIPT_NUMBER }}"
        },
        "$page.variables.AccountNumberVar": {
          "source": "{{ $page.variables.UpdatePaymentLineVar.P_ACCOUNT_NUMBER }}"
        },
        "$page.variables.GLAccountVar": {
          "source": "{{ $page.variables.UpdatePaymentLineVar.P_GL_ACCOUNT }}"
        },
        "$page.variables.PaymentMethodVar": {
          "source": "{{ $page.variables.UpdatePaymentLineVar.P_PAYMENT_METHOD }}"
        }
      }
    },
    "assignVariablesPaymentTypeVar": {
      "module": "vb/action/builtin/assignVariablesAction",
      "parameters": {
        "$page.variables.PaymentTypeVar": {
          "source": "{{ $page.variables.UpdatePaymentLineVar.P_PAYMENT_TYPE }}"
        }
      },
      "outcomes": {
        "success": "assignVariablesEditingLineControlBool"
      }
    }
  },
  "variables": {}
}