{
  "description": "",
  "root": "callFunctionSysdateJsonFormat",
  "actions": {
    "assignVariablesCreatePaymentHeaderVar": {
      "module": "vb/action/builtin/assignVariablesAction",
      "parameters": {
        "$page.variables.CreatePaymentHeaderVar": {
          "source": {
            "P_STATUS": "PROCESSING",
            "P_BATCH_ID": "{{ $page.variables.BatchNumberInpt }}",
            "P_LAST_UPDATE_DATE": "{{ $chain.results.callFunctionSysdateJsonFormat }}",
            "P_CREATION_DATE": "{{ $chain.results.callFunctionSysdateJsonFormat }}",
            "P_CREATED_BY": "{{ $application.user.email }}",
            "P_LAST_UPDATED_BY": "{{ $application.user.email }}"
          },
          "reset": "none",
          "auto": "always"
        }
      },
      "outcomes": {
        "success": "callRestPostHbgArPaymentHeader"
      }
    },
    "fireNotification": {
      "module": "vb/action/builtin/fireNotificationEventAction",
      "parameters": {
        "target": "leaf",
        "summary": "[[ $chain.results.callRestPostHbgArPaymentHeader.message.summary ]]",
        "type": "error",
        "displayMode": "persist"
      }
    },
    "callRestPostHbgArPaymentHeader": {
      "module": "vb/action/builtin/restAction",
      "parameters": {
        "endpoint": "devOrds/postHbg_ar_payment_header",
        "body": "{{ $page.variables.CreatePaymentHeaderVar }}"
      },
      "outcomes": {
        "failure": "fireNotification",
        "success": "forEachInADPPaymentTable"
      }
    },
    "forEachInADPPaymentTable": {
      "module": "vb/action/builtin/forEachAction",
      "parameters": {
        "items": "{{ $page.variables.ADPPaymentTable.data }}",
        "actionId": "callFunctionValidatePaymentRow"
      },
      "outcomes": {
        "success": "callRestPostHBGRECEIPTBATCHSUBMIT1"
      }
    },
    "callFunctionValidatePaymentRow": {
      "module": "vb/action/builtin/callModuleFunctionAction",
      "parameters": {
        "module": "[[ $functions ]]",
        "functionName": "validatePaymentRow",
        "params": [
          "{{ $current.data }}"
        ]
      },
      "outcomes": {
        "success": "if"
      }
    },
    "if": {
      "module": "vb/action/builtin/ifAction",
      "parameters": {
        "condition": "[[ $chain.results.callFunctionValidatePaymentRow ]]"
      },
      "outcomes": {
        "true": "assignVariablesCreatePaymentLineVar"
      }
    },
    "assignVariablesCreatePaymentLineVar": {
      "module": "vb/action/builtin/assignVariablesAction",
      "parameters": {
        "$page.variables.CreatePaymentLineVar": {
          "source": "{{ $current.data }}",
          "auto": "always"
        }
      },
      "outcomes": {
        "success": "assignVariables"
      }
    },
    "assignVariables": {
      "module": "vb/action/builtin/assignVariablesAction",
      "parameters": {
        "$page.variables.CreatePaymentLineVar": {
          "source": {
            "P_RETURN_STATUS": "PROCESSING",
            "P_CREATED_BY": "{{ $application.user.email }}",
            "P_LAST_UPDATED_BY": "{{ $application.user.email }}"
          },
          "reset": "none",
          "auto": "always"
        }
      },
      "outcomes": {
        "success": "callRestPostPaymentExtensionHbgArPaymentLinesMerge"
      }
    },
    "fireNotification2": {
      "module": "vb/action/builtin/fireNotificationEventAction",
      "parameters": {
        "target": "leaf",
        "summary": "[[ $chain.results.callRestPostPaymentExtensionHbgArPaymentLinesMerge.message.summary ]]",
        "type": "error",
        "displayMode": "persist"
      }
    },
    "callRestPostPaymentExtensionHbgArPaymentLinesMerge": {
      "module": "vb/action/builtin/restAction",
      "parameters": {
        "endpoint": "devOrds/postPaymentExtensionHbg_ar_payment_lines_merge",
        "body": "{{ $page.variables.CreatePaymentLineVar }}"
      },
      "outcomes": {
        "failure": "fireNotification2"
      }
    },
    "fireNotification3": {
      "module": "vb/action/builtin/fireNotificationEventAction",
      "parameters": {
        "target": "leaf",
        "summary": "[[ $chain.results.callRestPostHBGRECEIPTBATCHSUBMIT1.message.summary ]]",
        "type": "error",
        "displayMode": "persist"
      }
    },
    "callRestPostHBGRECEIPTBATCHSUBMIT1": {
      "module": "vb/action/builtin/restAction",
      "parameters": {
        "endpoint": "post_HBG_RECEIPT_BATCH_SUBMIT/postHBG_RECEIPT_BATCH_SUBMIT1_0",
        "uriParams": {
          "BatchId": "{{ $page.variables.BatchNumberInpt }}"
        }
      },
      "outcomes": {
        "failure": "fireNotification3",
        "success": "navigateToMainStart"
      }
    },
    "callFunctionSysdateJsonFormat": {
      "module": "vb/action/builtin/callModuleFunctionAction",
      "parameters": {
        "module": "[[ $functions ]]",
        "functionName": "sysdateJsonFormat"
      },
      "outcomes": {
        "success": "assignVariablesCreatePaymentHeaderVar"
      }
    },
    "navigateToMainStart": {
      "module": "vb/action/builtin/navigateAction",
      "parameters": {
        "page": "main-start"
      }
    }
  },
  "variables": {}
}