{
  "description": "",
  "root": "if",
  "actions": {
    "fireNotification": {
      "module": "vb/action/builtin/fireNotificationEventAction",
      "parameters": {
        "target": "leaf",
        "summary": "[[ $chain.results.callRestGetPaymentExtensionGetCustomerbyAcctNum.message.summary ]]",
        "type": "error",
        "displayMode": "persist"
      }
    },
    "callRestGetPaymentExtensionGetCustomerbyAcctNum": {
      "module": "vb/action/builtin/restAction",
      "parameters": {
        "endpoint": "devOrds/getPaymentExtensionGetCustomerbyAcctNum",
        "uriParams": {
          "p_acct_num": "{{ $variables.value }}"
        }
      },
      "outcomes": {
        "failure": "fireNotification",
        "success": "assignVariablesAccountNameVar"
      }
    },
    "assignVariablesAccountNameVar": {
      "module": "vb/action/builtin/assignVariablesAction",
      "parameters": {
        "$page.variables.AccountNameVar": {
          "source": "{{ $chain.results.callRestGetPaymentExtensionGetCustomerbyAcctNum.body.accountname }}"
        }
      }
    },
    "if": {
      "module": "vb/action/builtin/ifAction",
      "parameters": {
        "condition": "[[ $page.variables.AccountNumberVar === \"\" || $page.variables.AccountNumberVar === undefined ]]"
      },
      "outcomes": {
        "false": "callRestGetPaymentExtensionGetCustomerbyAcctNum"
      }
    }
  },
  "variables": {
    "value": {
      "required": true,
      "type": "any",
      "input": "fromCaller"
    }
  }
}