{
  "title": "",
  "description": "",
  "variables": {
    "InventoryOrgLoVSDP": {
      "type": "vb/ServiceDataProvider",
      "defaultValue": {
        "endpoint": "devOrds/GetInvOrgData",
        "responseType": "GetInvOrgData",
        "itemsPath": "items",
        "keyAttributes": "organization_code",
        "transformsContext": {
          "vb-textFilterAttributes": [
            "organization_code"
          ]
        }
      }
    },
    "reasonCodeListSDP": {
      "type": "vb/ServiceDataProvider",
      "defaultValue": {
        "endpoint": "businessObjects/getall_ReasonCode",
        "responseType": "getall_ReasonCode",
        "itemsPath": "items"
      }
    },
    "ReservationHeader": {
      "type": "getReservationsUIReservationHeader",
      "input": "fromCaller"
    },
    "ReservationHeaderADP": {
      "type": "vb/ArrayDataProvider2",
      "defaultValue": {
        "itemType": "getReservationsUIReservationHeader",
        "keyAttributes": "pre_reservation_number"
      }
    },
    "ReservationNumLoVSDP": {
      "type": "vb/ArrayDataProvider2",
      "defaultValue": {
        "endpoint": "devOrds/getReservationsUIGetReservationNumber",
        "responseType": "getReservationsUIGetReservationNumber",
        "itemsPath": "items",
        "keyAttributes": "pre_reservation_number",
        "transformsContext": {
          "vb-textFilterAttributes": [
            "pre_reservation_number"
          ]
        },
        "capabilities": {
          "fetchByOffset": {
            "implementation": "iteration"
          }
        },
        "itemType": "getReservationsUIGetReservationNumber"
      }
    },
    "reservationStatusListSDP": {
      "type": "vb/ServiceDataProvider",
      "defaultValue": {
        "endpoint": "businessObjects/getall_ReservationStatus",
        "responseType": "getall_ReservationStatus",
        "itemsPath": "items",
        "keyAttributes": "reservationStatus",
        "transformsContext": {
          "vb-textFilterAttributes": [
            "reservationStatus"
          ]
        }
      }
    },
    "reservationTypeListSDP": {
      "type": "vb/ServiceDataProvider",
      "defaultValue": {
        "endpoint": "businessObjects/getall_ReservationType",
        "keyAttributes": "reservationType",
        "itemsPath": "items",
        "responseType": "getallReservationTypeResponse",
        "transformsContext": {
          "vb-textFilterAttributes": [
            "reservationType"
          ]
        }
      }
    }

  },
  "metadata": {},
  "types": {
    "@decorators.getall_ReasonCode": {
      "endpoint": "getall_ReasonCode",
      "service": "businessObjects",
      "path": "response"
    },
    "@decorators.getall_ReservationStatus": {
      "endpoint": "getall_ReservationStatus",
      "service": "businessObjects",
      "path": "response"
    },
    "@decorators.getallReservationTypeResponse": {
      "endpoint": "getall_ReservationType",
      "service": "businessObjects",
      "path": "response"
    },
    "@decorators.GetInvOrgData": {
      "endpoint": "GetInvOrgData",
      "service": "devOrds",
      "path": "response"
    },
    "@decorators.getReservationsUIGetReservationNumber": {
      "endpoint": "getReservationsUIGetReservationNumber",
      "service": "devOrds",
      "path": "response"
    },
    "@decorators.getReservationsUIReservationHeader": {
      "endpoint": "getReservationsUIReservationHeader",
      "service": "devOrds",
      "path": "response-_-items[0]"
    },
    "getall_ReasonCode": {
      "items": [
        {
          "reasonCode": "string"
        }
      ]
    },
    "getall_ReservationStatus": {
      "items": [
        {
          "reservationStatus": "string"
        }
      ]
    },
    "getallReservationTypeResponse": {
      "items": [
        {
          "reservationType": "string"
        }
      ]
    },
    "GetInvOrgData": {
      "items": [
        {
          "organization_code": "string"
        }
      ]
    },
    "getReservationsUIGetReservationNumber": {
      "pre_reservation_number": "number"
    },
    "getReservationsUIReservationHeader": {
      "approver": "string",
      "auto_clear_on_expiry_date": "string",
      "comments": "string",
      "created_by": "string",
      "created_date": "string",
      "criteria_uid": "number",
      "expiration_date": "string",
      "inventory_organization": "string",
      "item_code": "number",
      "last_update_date": "string",
      "last_updated_by": "string",
      "pre_reservation_number": "number",
      "print_number": "string",
      "reason_code": "string",
      "requester": "string",
      "reservation_type": "string",
      "status": "string"

    }

  },
  "eventListeners": {
    "buttonAction": {
      "chains": [
        {
          "chainId": "NavigateToHomePage"
        }
      ]
    },
    "buttonAction2": {
      "chains": [
        {
          "chainId": "CreateReservationDialogOpen"
        }
      ]
    },
    "buttonAction3": {
      "chains": [
        {
          "chainId": "CreateReservationDialogClose"
        }
      ]
    },
    "buttonAction4": {
      "chains": [
        {
          "chainId": "CreateResevationDetialDialogOpen"
        }
      ]
    },
    "buttonAction5": {
      "chains": [
        {
          "chainId": "ButtonActionChain"
        }
      ]
    },
    "buttonAction6": {
      "chains": [
        {
          "chainId": "SearchBtnAction"
        }
      ]
    },
    "buttonAction7": {
      "chains": [
        {
          "chainId": "ResetBtnAction"
        }
      ]
    },
    "iconClick": {
      "chains": [
        {
          "chainId": "EditiconAction",
          "parameters": {
            "key": "{{ $current.key }}",
            "index": "{{ $current.index }}",
            "current": "{{ $current }}"
          }
        }
      ]
    },
    "tableFirstSelectedRow": {
      "chains": [
        {
          "chainId": "TableFirstSelectedRowChangeChain",
          "parameters": {
            "rowKey": "{{$event.detail.value.key}}",
            "rowData": "{{$event.detail.value.data}}"
          }
        }
      ]
    },
    "toggleDrawer": {
      "chains": [
        {
          "chainId": "application:toggleDrawerHandler"
        }
      ]
    },
    "vbEnter": {
      "chains": [

        {
          "parameters": {},
          "chainId": "FetchLovs"
        }
      ]
    }

  },
  "imports": {
    "components": {
      "oj-button": {
        "path": "ojs/ojbutton"
      },
      "oj-checkboxset": {
        "path": "ojs/ojcheckboxset"
      },
      "oj-collapsible": {
        "path": "ojs/ojcollapsible"
      },
      "oj-combobox-one": {
        "path": "ojs/ojselectcombobox"
      },
      "oj-dialog": {
        "path": "ojs/ojdialog"
      },
      "oj-form-layout": {
        "path": "ojs/ojformlayout"
      },
      "oj-highlight-text": {
        "path": "ojs/ojhighlighttext"
      },
      "oj-input-date": {
        "path": "ojs/ojdatetimepicker"
      },
      "oj-input-number": {
        "path": "ojs/ojinputnumber"
      },
      "oj-input-text": {
        "path": "ojs/ojinputtext"
      },
      "oj-menu": {
        "path": "ojs/ojmenu"
      },
      "oj-option": {
        "path": "ojs/ojoption"
      },
      "oj-sample-export-data": {
        "path": "oj-sample/export-data/loader"
      },
      "oj-select-single": {
        "path": "ojs/ojselectsingle"
      },
      "oj-table": {
        "path": "ojs/ojtable"
      }

    },
    "modules": {
      "ojValidationNumber": {
        "path": "ojs/ojvalidation-number"
      }
    }
  }
}