{
  "title": "",
  "description": "",
  "variables": {
    "ExportADP": {
      "type": "vb/ArrayDataProvider2",
      "defaultValue": {
        "itemType": "ExportType",
        "keyAttributes": "@index"
      }
    },
    "FreightCodeArray": {
      "type": "FrieghtCodeType[]"
    },
    "fromObj": {
      "type": "FromFormType",
      "input": "fromCaller"
    },
    "getSoMasterUpdateGetNewSOsListSDP": {
      "type": "vb/ServiceDataProvider",
      "defaultValue": {
        "endpoint": "devOrds/getSoMasterUpdateGetNewSOs",
        "keyAttributes": "inventory_item_id",
        "itemsPath": "items",
        "responseType": "getSoMasterUpdateGetNewSOsResponse"
      }
    },
    "HoldCOdeArray": {
      "type": "HoldCodesType[]"
    },
    "LineStatusArray": {
      "type": "getLineStatusLOV[]"
    },
    "OrdersSoArray": {
      "type": "orderStatusLOVResponse[]"
    },
    "orderStatusLOVListSDP": {
      "type": "vb/ServiceDataProvider",
      "defaultValue": {
        "endpoint": "devOrds/OrderStatusLOV",
        "keyAttributes": "value",
        "itemsPath": "items",
        "responseType": "orderStatusLOVResponse",
        "transformsContext": {
          "vb-textFilterAttributes": [
            "name"
          ]
        }
      }
    },
    "ReleaseCodeArray": {
      "type": "ReleaseCodeType[]"
    },
    "StageApplyCodesArray": {
      "type": "StageApplyCodetype[]"
    },
    "StageLineStatusArray": {
      "type": "StageLineStatus[]"
    },
    "StageReleaseCodesArray": {
      "type": "StageReleaseCodes[]"
    },
    "ToObj": {
      "type": {
        "discountPer": "string",
        "freightCode": "string",
        "futureTermsDate": "string",
        "invoiceTermsDays": "number",
        "offerCode": "string",
        "overrideonSalesDate": "boolean",
        "overrideSmallPackage": "boolean",
        "releaseDate": "string",
        "mustArriveByDate": "string",
        "mustShipByDate": "string",
        "orderStatus": "string",
        "applyReasonCode": "string",
        "releaseReasonCode": "string",
        "cancellationDate": "string",
        "itemCode": "string",
        "marketingCode": "string",
        "lineStatus": "string",
        "salesType": "string",
        "orderQuantity": "number",
        "inventorytype": "string",
        "deleveryProfile": "string",
        "cancelAllOpenOrders": "boolean"
      }
    }

  },
  "metadata": {},
  "types": {
    "@decorators.ExportType": {
      "endpoint": "getSoMasterUpdateGetNewSOs",
      "service": "devOrds",
      "path": "response-_-items[0]"
    },
    "@decorators.FrieghtCodeType": {
      "endpoint": "getFrieghtCode",
      "service": "devOrds",
      "path": "response-_-items[0]"
    },
    "@decorators.FromFormType": {
      "endpoint": "postHBG_MASS_ORDER_UPDATE_INT1_0UpdateSalesOrders",
      "service": "ics",
      "path": "request"
    },
    "@decorators.getLineStatusLOV": {
      "endpoint": "getLineStatusLOV",
      "service": "devOrds",
      "path": "response-_-items[0]"
    },
    "@decorators.getSoMasterUpdateGetNewSOsResponse": {
      "endpoint": "getSoMasterUpdateGetNewSOs",
      "service": "devOrds",
      "path": "response"
    },
    "@decorators.getSoSType": {
      "endpoint": "getSoMasterUpdateGetNewSOs",
      "service": "devOrds",
      "path": "response-_-items[0]"
    },
    "@decorators.HoldCodesType": {
      "endpoint": "getSoMasterUpdateGetHoldCodes",
      "service": "devOrds",
      "path": "response-_-items[0]"
    },
    "@decorators.orderStatusLOVResponse": {
      "endpoint": "OrderStatusLOV",
      "service": "devOrds",
      "path": "response"
    },
    "@decorators.ReleaseCodeType": {
      "endpoint": "getSoMasterUpdateGetReleasecodes",
      "service": "devOrds",
      "path": "response-_-items[0]"
    },
    "@decorators.StageApplyCodetype": {
      "endpoint": "getSoMasterUpdateGetApplyCode",
      "service": "devOrds",
      "path": "response-_-items[0]"
    },
    "@decorators.StageLineStatus": {
      "endpoint": "getSoMasterUpdateGetStageLinesStatus",
      "service": "devOrds",
      "path": "response-_-items[0]"
    },
    "@decorators.StageReleaseCodes": {
      "endpoint": "getStageReleaseCodes",
      "service": "devOrds",
      "path": "response-_-items[0]"
    },
    "ExportType": {
      "category1": "string",
      "category2": "string",
      "customer account number": "string",
      "customer name": "string",
      "customer po number": "string",
      "freight terms code": "string",
      "hold reson code": "string",
      "inventory org": "string",
      "item number": "string",
      "line number": "string",
      "line status": "string",
      "offer code": "string",
      "order number": "string",
      "ordered date": "string",
      "ordered net quantity": "string",
      "ordered quantity": "string",
      "owner code": "string",
      "reporting group": "string"
    },
    "FrieghtCodeType": {
      "freight_terms_code": "any"
    },
    "FromFormType": {
      "p_apply_reson_code": "string",
      "ApplyReasonString": "string[]",
      "p_apply_reson_comments": "string",
      "p_cust_account_id": "number",
      "p_ex_cust_account_id": "number",
      "p_from_ordered_qty": "number",
      "p_hold_flag": "string",
      "p_invetory_item_id": "number",
      "p_line_status": "string",
      "p_new_apply_reson_code": "string",
      "p_new_apply_reson_comments": "string",
      "p_new_release_reson_code": "string",
      "p_new_release_reson_comments": "string",
      "p_order_status": "string",
      "p_organization_id": "number",
      "p_po_number": "string",
      "p_received_from_date": "string",
      "p_received_to_date": "string",
      "ReleaseReasonString": "string[]",
      "p_release_reson_comments": "string",
      "p_to_ordered_qty": "number",
      "p_header_reson_code": "string",
      "p_header_reson_comments": "string",
      "p_line_reson_code": "string",
      "p_line_reson_comments": "string",
      "p_new_header_reson_code": "string",
      "p_new_header_reson_comments": "string",
      "p_new_line_reson_code": "string",
      "p_new_line_reson_comments": "string",
      "p_release_reson_code": "string"
    },
    "getLineStatusLOV": {
      "line_status": "string"
    },
    "getSoMasterUpdateGetNewSOsResponse": {
      "items": [
        {
          "account_number": "string",
          "actual_ship_date": "any",
          "apply_reson_code": "string",
          "apply_reson_comments": "any",
          "batch_id": "any",
          "created_by": "string",
          "creation_date": "string",
          "customer_po_number": "string",
          "freight_terms_code": "any",
          "header_order_status": "string",
          "hold_action": "any",
          "inv_organization_code": "string",
          "inv_organization_id": "number",
          "inventory_item_id": "number",
          "item_number": "string",
          "last_update_date": "string",
          "last_updated_by": "string",
          "line_status_code": "string",
          "new_apply_reson_code": "any",
          "new_apply_reson_comments": "any",
          "new_release_reson_code": "any",
          "new_release_reson_comments": "any",
          "oic_run_id": "any",
          "order_number": "string",
          "ordered_qty": "number",
          "release_reson_code": "any",
          "release_reson_comments": "any",
          "request_arrival_date": "any",
          "request_cancel_date": "any",
          "source_line_id": "number",
          "source_order_id": "number",
          "source_order_system": "string",
          "status": "string"
        }
      ]
    },
    "getSoSType": {
      "category1": "string",
      "category2": "string",
      "customer account number": "string",
      "customer name": "string",
      "customer po number": "string",
      "freight terms code": "string",
      "hold reson code": "string",
      "inventory org": "string",
      "item number": "string",
      "line number": "string",
      "line status": "string",
      "offer code": "string",
      "order number": "string",
      "ordered date": "string",
      "ordered net quantity": "string",
      "ordered quantity": "string",
      "owner code": "string",
      "reporting group": "string",
      "account_number": "string",
      "actual_ship_date": "any",
      "apply_reson_code": "string",
      "apply_reson_comments": "any",
      "batch_id": "any",
      "created_by": "string",
      "creation_date": "string",
      "customer_po_number": "string",
      "freight_terms_code": "any",
      "header_order_status": "string",
      "hold_action": "any",
      "inv_organization_code": "string",
      "inv_organization_id": "number",
      "inventory_item_id": "number",
      "item_number": "string",
      "last_update_date": "string",
      "last_updated_by": "string",
      "line_status_code": "string",
      "new_apply_reson_code": "any",
      "new_apply_reson_comments": "any",
      "new_release_reson_code": "any",
      "new_release_reson_comments": "any",
      "oic_run_id": "any",
      "order_number": "string",
      "ordered_qty": "number",
      "release_reson_code": "any",
      "release_reson_comments": "any",
      "request_arrival_date": "any",
      "request_cancel_date": "any",
      "source_line_id": "number",
      "source_order_id": "number",
      "source_order_system": "string"

    },
    "HoldCodesType": {
      "hold_code": "string",
      "hold_name": "string"
    },
    "orderStatusLOVResponse": {
      "name": "string",
      "value": "string"
    },
    "ReleaseCodeType": {
      "lookup_code": "string",
      "meaning": "string"
    },
    "StageApplyCodetype": {
      "apply_reson_code": "any"
    },
    "StageLineStatus": {
      "line_status_code": "string"
    },
    "StageReleaseCodes": {
      "release_reson_code": "any"
    }

  },
  "eventListeners": {
    "buttonAction": {
      "chains": [
        {
          "chainId": "BackBtnAction"
        }
      ]
    },
    "buttonAction2": {
      "chains": [
        {
          "chainId": "ApplyHoldBtnAction"
        }
      ]
    },
    "buttonAction3": {
      "chains": [
        {
          "chainId": "ReleaseholdsAction"
        }
      ]
    },
    "buttonAction4": {
      "chains": [
        {
          "chainId": "RefreshBtnACtion"
        }
      ]
    },
    "buttonAction5": {
      "chains": [
        {
          "chainId": "FetchExportData"
        }
      ]
    },
    "buttonAction6": {
      "chains": [
        {
          "chainId": "UpdateOfferBtnAction"
        }
      ]
    },
    "buttonAction7": {
      "chains": [
        {
          "chainId": "CancelOrdersBtnAction"
        }
      ]
    },
    "toggleDrawer": {
      "chains": [
        {
          "chainId": "application:toggleDrawerHandler"
        }
      ]
    },
    "vbEnter": {
      "chains": [
        {
          "parameters": {},
          "chainId": "FetchLOVS"
        }
      ]
    }

  },
  "imports": {
    "components": {
      "oj-button": {
        "path": "ojs/ojbutton"
      },
      "oj-checkboxset": {
        "path": "ojs/ojcheckboxset"
      },
      "oj-combobox-many": {
        "path": "ojs/ojselectcombobox"
      },
      "oj-combobox-one": {
        "path": "ojs/ojselectcombobox"
      },
      "oj-form-layout": {
        "path": "ojs/ojformlayout"
      },
      "oj-input-date": {
        "path": "ojs/ojdatetimepicker"
      },
      "oj-input-number": {
        "path": "ojs/ojinputnumber"
      },
      "oj-input-text": {
        "path": "ojs/ojinputtext"
      },
      "oj-option": {
        "path": "ojs/ojoption"
      },
      "oj-sample-export-data": {
        "path": "oj-sample/export-data/loader"
      },
      "oj-select-single": {
        "path": "ojs/ojselectsingle"
      },
      "oj-table": {
        "path": "ojs/ojtable"
      }
    }
  }
}