{
    "fields": [
        {
            "type": "number",
            "name": "id",
            "key": true,
            "oid": "25a61f40-1bb8-4a15-b61c-e30e87744a58",
            "required": true,
            "unique": true,
            "displayLabel": "Id"
        },
        {
            "type": "datetime",
            "name": "creationDate",
            "oid": "bee4e609-1465-43db-82c9-c013d69d2c23",
            "displayLabel": "Created",
            "historyType": "timeCreated"
        },
        {
            "type": "datetime",
            "name": "lastUpdateDate",
            "oid": "06a146b3-b76a-41cc-be69-ac80c0af72ac",
            "displayLabel": "Last Updated",
            "historyType": "timeUpdated"
        },
        {
            "type": "string",
            "name": "createdBy",
            "oid": "24cc483e-57d8-45be-96d2-facb7fd08435",
            "displayLabel": "Created By",
            "historyType": "createdBy"
        },
        {
            "type": "string",
            "name": "lastUpdatedBy",
            "oid": "24c8c4ec-1af7-4a54-b448-26c8bb5503d9",
            "displayLabel": "Last Updated By",
            "historyType": "updatedBy"
        },
{
            "type": "number",
            "name": "abcsChangeNumber",
            "oid": "9e9bc4de-c880-4e63-9ca2-e7d324af9b22",
            "displayLabel": "Version Number",
            "historyType": "versionNumber"
        },
        {
            "type": "string",
            "name": "reservationType",
            "oid": "c5727fc3-3788-4cd3-9c99-ccbe93e62b24",
            "displayLabel": "ReservationType"
        }
    ],
    "name": "ReservationType",
    "oid": "446f8d0a-b3ce-4931-a380-720ac7dcca58",
    "displayLabel": "ReservationType"
}