{
  "description": "",
  "root": "assignVariablesSearchObj",
  "actions": {
    "assignVariablesSearchObj": {
      "module": "vb/action/builtin/assignVariablesAction",
      "parameters": {
        "$page.variables.SearchObj": {
          "source": {
            "include_claim": "{{ $variables.value[0] === \"Y\" ? \"Y\" : \"N\" }}"
          },
          "reset": "none",
          "auto": "always"
        }
      }
    }
  },
  "variables": {
    "value": {
      "required": true,
      "type": "any[]",
      "input": "fromCaller"
    }
  }
}