{
  "description": "",
  "root": "callFunctionCheckboxdeselectAction",
  "actions": {
    "resetVariablesSearchObj": {
      "module": "vb/action/builtin/resetVariablesAction",
      "parameters": {
        "variables": [
          "$page.variables.SearchObj",
          "$page.variables.DashboardObjType",
          "$page.variables.p_held_by_othrs",
          "$page.variables.TransactionTblADP",
          "$page.variables.p_sort_by"          ,
          "$page.variables.p_sort_dir",
          "$page.variables.p_trx_code"
        ]
      }
    },
    "callFunctionCheckboxdeselectAction": {
      "module": "vb/action/builtin/callModuleFunctionAction",
      "parameters": {
        "module": "[[ $functions ]]",
        "functionName": "checkboxdeselectAction"
      },
      "outcomes": {
        "success": "resetVariablesSearchObj"
      }
    }
  },
  "variables": {}
}