{
  "root": "callRestCreateSession",
  "description": "",
  "variables": {},
  "actions": {
    "fireNotification": {
      "module": "vb/action/builtin/fireNotificationEventAction",
      "parameters": {
        "target": "leaf",
        "summary": "[[ $chain.results.callRestCreateSession.message.summary ]]",
        "type": "error",
        "displayMode": "persist"
      }
    },
    "callRestCreateSession": {
      "module": "vb/action/builtin/restAction",
      "parameters": {
        "endpoint": "ORDSConn/CreateSession",
        "body": "{{ '{\"p_user\": \"'+ $application.user.email+'\"}' }}"
      },
      "outcomes": {
        "failure": "fireNotification",
        "success": "assignVariablesSessionId"
      }
    },
    "assignVariablesSessionId": {
      "module": "vb/action/builtin/assignVariablesAction",
      "parameters": {
        "$application.variables.sessionId": {
          "source": "{{ $chain.results.callRestCreateSession.body.p_session }}"
        }
      }
    }
  }
}