{
  "root": "callFunctionStatusLOV",
  "description": "",
  "variables": {},
  "actions": {
    "assignVariablesStatusADP": {
      "module": "vb/action/builtin/assignVariablesAction",
      "parameters": {
        "$page.variables.StatusADP": {
          "source": {
            "data": "{{ $chain.results.callFunctionStatusLOV }}"
          },
          "reset": "none",
          "auto": "always"
        }
      },
      "outcomes": {
        "success": "runInParallel"
      }
    },
    "callFunctionStatusLOV": {
      "module": "vb/action/builtin/callModuleFunctionAction",
      "parameters": {
        "module": "[[ $functions ]]",
        "functionName": "statusLOV"
      },
      "outcomes": {
        "success": "assignVariablesStatusADP"
      }
    },
    "fireNotification": {
      "module": "vb/action/builtin/fireNotificationEventAction",
      "parameters": {
        "target": "leaf",
        "summary": "[[ $chain.results.callRestGetTransactionCodes.message.summary ]]",
        "type": "error",
        "displayMode": "persist"
      }
    },
    "callRestGetTransactionCodes": {
      "module": "vb/action/builtin/restAction",
      "parameters": {
        "endpoint": "ORDSConn/GetTransactionCodes"
      },
      "outcomes": {
        "failure": "fireNotification",
        "success": "assignVariablesTransactionCodeADP"
      }
    },
    "runInParallel": {
      "module": "vb/action/builtin/forkAction",
      "parameters": {
        "actions": {
          "callRestGetTransactionCodes": "callRestGetTransactionCodes",
          "callRest": "callRestGetallFlagCode",
          "callRest2": "callRestGetTransactionType"
        }
      }
    },
    "fireNotification2": {
      "module": "vb/action/builtin/fireNotificationEventAction",
      "parameters": {
        "target": "leaf",
        "summary": "[[ $chain.results.callRestGetallFlagCode.message.summary ]]",
        "type": "error",
        "displayMode": "persist"
      }
    },
    "callRestGetallFlagCode": {
      "module": "vb/action/builtin/restAction",
      "parameters": {
        "endpoint": "businessObjects/getall_FlagCode"
      },
      "outcomes": {
        "failure": "fireNotification2",
        "success": "assignVariablesGetFlagCodeADP"
      }
    },
    "assignVariablesGetFlagCodeADP": {
      "module": "vb/action/builtin/assignVariablesAction",
      "parameters": {
        "$page.variables.getFlagCodeADP": {
          "source": {
            "data": "{{ $chain.results.callRestGetallFlagCode.body.items }}"
          },
          "reset": "none",
          "auto": "always"
        }
      }
    },
    "assignVariablesTransactionCodeADP": {
      "module": "vb/action/builtin/assignVariablesAction",
      "parameters": {
        "$page.variables.TransactionCodeADP": {
          "source": {
            "data": "{{ $chain.results.callRestGetTransactionCodes.body.items }}"
          },
          "reset": "none",
          "auto": "always"
        }
      }
    },
    "fireNotification4": {
      "module": "vb/action/builtin/fireNotificationEventAction",
      "parameters": {
        "target": "leaf",
        "summary": "[[ $chain.results.callRestGetTransactionType.message.summary ]]",
        "type": "error",
        "displayMode": "persist"
      }
    },
    "callRestGetTransactionType": {
      "module": "vb/action/builtin/restAction",
      "parameters": {
        "endpoint": "ORDSConn/getTransactionType"
      },
      "outcomes": {
        "failure": "fireNotification4",
        "success": "assignVariablesTransactionTypeArray"
      }
    },
    "assignVariablesTransactionTypeArray": {
      "module": "vb/action/builtin/assignVariablesAction",
      "parameters": {
        "$page.variables.TransactionTypeArray": {
          "source": {
            "data": "{{ $chain.results.callRestGetTransactionType.body.items }}"
          },
          "reset": "none",
          "auto": "always"
        }
      }
    }
  }
}