{
  "description": "",
  "root": "callChainSearchBtnAction",
  "actions": {
    "callChainSearchBtnAction": {
      "module": "vb/action/builtin/callChainAction",
      "parameters": {
        "id": "SearchBtnAction"
      },
      "outcomes": {
        "success": "callComponentViewAccountsClose"
      }
    },
    "callComponentViewAccountsClose": {
      "module": "vb/action/builtin/callComponentMethodAction",
      "parameters": {
        "component": "{{ document.getElementById('view-accounts') }}",
        "method": "close"
      }
    }
  },
  "variables": {}
}