{
  "description": "",
  "root": "resetVariablesWriteOffJEDashboard",
  "actions": {
    "callComponentIssueRefundOpen": {
      "module": "vb/action/builtin/callComponentMethodAction",
      "parameters": {
        "component": "{{ document.getElementById('issueRefund') }}",
        "method": "open"
      }
    },
    "assignVariablesWriteOffJEDashboard": {
      "module": "vb/action/builtin/assignVariablesAction",
      "parameters": {
        "$page.variables.WriteOffJEDashboard": {
          "source": {
            "balance": "{{ $page.variables.DashboardObjType.selectedtotal == 0 ? $page.variables.DashboardObjType.account_balance : $page.variables.DashboardObjType.selectedtotal }}",
            "org_name": "{{ $page.variables.DashboardObjType.org_name }}",
            "organization": "{{ $page.variables.DashboardObjType.org_number }}"
          },
          "reset": "none",
          "auto": "always"
        }
      },
      "outcomes": {
        "success": "callComponentIssueRefundOpen"
      }
    },
    "resetVariablesWriteOffJEDashboard": {
      "module": "vb/action/builtin/resetVariablesAction",
      "parameters": {
        "variables": [
          "$page.variables.WriteOffJEDashboard",
          "$page.variables.refundObject"
        ]
      },
      "outcomes": {
        "success": "assignVariablesWriteOffJEDashboard"
      }
    }
  },
  "variables": {}
}