{
  "description": "",
  "root": "callRestGetAccountBalance",
  "actions": {

    "fireNotification": {
      "module": "vb/action/builtin/fireNotificationEventAction",
      "parameters": {
        "target": "leaf",
        "summary": "the overall account balance is not in credit status. refund cannot be applied.",
        "type": "error",
        "displayMode": "persist"
      },
      "outcomes": {
        "success": "callComponentProgressBarClose"
      }
    },
    "ifJSONFromJs": {
      "module": "vb/action/builtin/ifAction",
      "parameters": {
        "condition": "[[ $page.variables.JSONFromJs.data.length > 0 ]]"
      },
      "outcomes": {
        "true": "assignVariablesAction",
        "false": "assignVariablesCollapseTransADP"
      }
    },
    "resetVariablesCollapseTransADP": {
      "module": "vb/action/builtin/resetVariablesAction",
      "parameters": {
        "variables": [
          "$page.variables.CollapseTransADP"
        ]
      },
      "outcomes": {
        "success": "ifJSONFromJs"
      }
    },
    "assignVariablesAction": {
      "module": "vb/action/builtin/assignVariablesAction",
      "parameters": {
        "$page.variables.action": {
          "source": "Refund"
        },
        "$page.variables.CollapseTransADP": {
          "source": {
            "data": "{{ $page.variables.JSONFromJs.data }}"
          },
          "reset": "none",
          "auto": "always",
          "mapping": {
            "$target.data": {
              "source": "$source.data",
              "reset": "empty",
              "auto": "always",
              "mapping": {
                "$target.action": {
                  "source": "'",
                  "reset": "none"
                },
                "$target.session_id": {
                  "source": "$application.variables.sessionId",
                  "reset": "none"
                },
                "$target.submitted_by": {
                  "source": "$application.user.email",
                  "reset": "none"
                },
                "$target.new_gl_acct_num": {
                  "source": "0100000208",
                  "reset": "none"
                }
              }
            }
          }
        },
        "$page.variables.p_progress_bar_txt": {
          "source": "Please wait while creating refunds"
        }
      },
      "outcomes": {
        "success": "callRestPostCollapseData"
      }
    },
    "assignVariablesCollapseTransADP": {
      "module": "vb/action/builtin/assignVariablesAction",
      "parameters": {
        "$page.variables.CollapseTransADP": {
          "source": {
            "data": "{{ $page.variables.TransactionTblADP.data }}"
          },
          "reset": "none",
          "auto": "always",
          "mapping": {
            "$target.data": {
              "source": "$source.data",
              "reset": "empty",
              "auto": "always",
              "mapping": {
                "$target.action": {
                  "source": "'",
                  "reset": "none"
                },
                "$target.session_id": {
                  "source": "$application.variables.sessionId",
                  "reset": "none"
                },
                "$target.submitted_by": {
                  "source": "$application.user.email",
                  "reset": "none"
                }
              }
            }
          }
        },
        "$page.variables.action": {
          "source": "Refund"
        },
        "$page.variables.p_progress_bar_txt": {
          "source": "Please wait while creating refunds"
        }
      },
      "outcomes": {
        "success": "callRestPostCollapseData"
      }
    },
    "fireNotification2": {
      "module": "vb/action/builtin/fireNotificationEventAction",
      "parameters": {
        "target": "leaf",
        "summary": "[[ $chain.results.callRestPostCollapseData.message.summary ]]",
        "type": "error",
        "displayMode": "persist"
      }
    },
    "callRestPostCollapseData": {
      "module": "vb/action/builtin/restAction",
      "parameters": {
        "endpoint": "ORDSConn/PostCollapseData",
        "body": "{{ {\"transactions\":$page.variables.CollapseTransADP.data} }}"
      },
      "outcomes": {
        "failure": "fireNotification2",
        "success": "if"
      }
    },
    "if": {
      "module": "vb/action/builtin/ifAction",
      "parameters": {
        "condition": "[[ $chain.results.callRestPostCollapseData.body.process_id > 0 ]]"
      },
      "outcomes": {
        "true": "callComponentIssueRefundClose",
        "false": "callComponentProgressBarClose"
      }
    },
    "callComponentIssueRefundClose": {
      "module": "vb/action/builtin/callComponentMethodAction",
      "parameters": {
        "component": "{{ document.getElementById('issueRefund') }}",
        "method": "close"
      },
      "outcomes": {
        "success": "fireNotification4"
      }
    },
    "fireNotification4": {
      "module": "vb/action/builtin/fireNotificationEventAction",
      "parameters": {
        "target": "leaf",
        "summary": "[[ 'Refund activity submitted with Process Id '+$chain.results.callRestPostCollapseData.body.process_id ]]",
        "type": "confirmation",
        "displayMode": "transient"
      },
      "outcomes": {
        "success": "callFunctionIssueRefundTrxRequest"
      }
    },
    "callFunctionIssueRefundTrxRequest": {
      "module": "vb/action/builtin/callModuleFunctionAction",
      "parameters": {
        "module": "[[ $functions ]]",
        "functionName": "issueRefundTrxRequest",
        "params": [
          "{{ $application.variables.sessionId }}",
          "{{ $application.user.email }}",
          "{{ $chain.results.callRestPostCollapseData.body.process_id }}",
          "{{ $page.variables.refundObject.refundReason }}",
          "{{ $page.variables.refundObject.paymentMethod }}"
        ]
      },
      "outcomes": {
        "success": "callRestPostHBGARTRXISSUEREFUND1ArtrxMaintCollapsetrxs"
      }
    },
    "fireNotification3": {
      "module": "vb/action/builtin/fireNotificationEventAction",
      "parameters": {
        "target": "leaf",
        "summary": "[[ $chain.results.callRestPostHBGARTRXISSUEREFUND1ArtrxMaintCollapsetrxs.message.summary ]]",
        "type": "error",
        "displayMode": "persist"
      }
    },
    "callRestPostHBGARTRXISSUEREFUND1ArtrxMaintCollapsetrxs": {
      "module": "vb/action/builtin/restAction",
      "parameters": {
        "endpoint": "ics/postHBG_ARTRX_ISSUE_REFUND1_0ArtrxMaintCollapsetrxs",
        "body": "{{ $chain.results.callFunctionIssueRefundTrxRequest }}"
      },
      "outcomes": {
        "failure": "fireNotification3",
        "success": "callComponentProgressBarOpen"
      }
    },
    "callComponentProgressBarOpen": {
      "module": "vb/action/builtin/callComponentMethodAction",
      "parameters": {
        "component": "{{ document.getElementById('progress-bar') }}",
        "method": "open"
      },
      "outcomes": {
        "success": "if3"
      }
    },
    "callComponentProgressBarClose": {
      "module": "vb/action/builtin/callComponentMethodAction",
      "parameters": {
        "component": "{{ document.getElementById('progress-bar') }}",
        "method": "close"
      }
    },
    "if3": {
      "module": "vb/action/builtin/ifAction",
      "parameters": {
        "condition": "[[ $chain.results.callRestPostHBGARTRXISSUEREFUND1ArtrxMaintCollapsetrxs.body.failedRecords > 0 ]]"
      },
      "outcomes": {
        "true": "fireNotification7",
        "false": "fireNotification5"
      }
    },
    "fireNotification7": {
      "module": "vb/action/builtin/fireNotificationEventAction",
      "parameters": {
        "target": "leaf",
        "type": "warning",
        "summary": "[[ 'Records collapsed :'+ $chain.results.callRestPostHBGARTRXISSUEREFUND1ArtrxMaintCollapsetrxs.body.successRecords+'. Records failed :'+ $chain.results.callRestPostHBGARTRXISSUEREFUND1ArtrxMaintCollapsetrxs.body.failedRecords +' .Process Id :'+  $chain.results.callRestPostCollapseData.body.process_id ]]"
      },
      "outcomes": {
        "success": "callComponentProgressBarClose"
      }
    },
    "fireNotification5": {
      "module": "vb/action/builtin/fireNotificationEventAction",
      "parameters": {
        "target": "leaf",
        "type": "confirmation",
        "summary": "[[ 'Records collapsed :'+ $chain.results.callRestPostHBGARTRXISSUEREFUND1ArtrxMaintCollapsetrxs.body.successRecords+ ' .Process Id :'+  $chain.results.callRestPostCollapseData.body.process_id ]]"
      },
      "outcomes": {
        "success": "callComponentProgressBarClose"
      }
    },
    "fireNotification6": {
      "module": "vb/action/builtin/fireNotificationEventAction",
      "parameters": {
        "target": "leaf",
        "summary": "[[ $chain.results.callRestGetAccountBalance.message.summary ]]",
        "type": "error",
        "displayMode": "persist"
      }
    },
    "callRestGetAccountBalance": {
      "module": "vb/action/builtin/restAction",
      "parameters": {
        "endpoint": "ORDSConn/GetAccountBalance",
        "uriParams": {
          "p_acct_nbr": "{{ $page.variables.SearchObj.acct_nbr }}",
          "p_org": "{{ $page.variables.SearchObj.org_name }}"
        }
      },
      "outcomes": {
        "failure": "fireNotification6",
        "success": "if2"
      }
    },
    "if2": {
      "module": "vb/action/builtin/ifAction",
      "parameters": {
        "condition": "[[ $chain.results.callRestGetAccountBalance.body.items[0].account_balnce < 0 ]]"
      },
      "outcomes": {
        "false": "fireNotification",
        "true": "resetVariablesCollapseTransADP"
      }
    }
  },
  "variables": {}
}