{
  "description": "",
  "root": "resetVariablesStoredSelectionTblADP",
  "actions": {
    "fireDataProviderEventTransactionTblADP": {
      "module": "vb/action/builtin/fireDataProviderEventAction",
      "parameters": {
        "target": "[[ $page.variables.TransactionTblADP ]]",
        "remove": {
          "data": "{{ $page.variables.JSONFromJs.data}}"
        }
      },
      "outcomes": {
        "success": "fireDataProviderEventStoredSelectionTblADP"
      }
    },
    "fireNotification": {
      "module": "vb/action/builtin/fireNotificationEventAction",
      "parameters": {
        "target": "leaf",
        "summary": "[[ $chain.results.callRestStoreSelectedRecords.message.summary ]]",
        "type": "error",
        "displayMode": "persist"
      }
    },
    "callRestStoreSelectedRecords": {
      "module": "vb/action/builtin/restAction",
      "parameters": {
        "endpoint": "ORDSConn/storeSelectedRecords",
        "body": "{{ {\"transactions\":$page.variables.StoreSelectionRequestADP.data} }}"
      },
      "outcomes": {
        "failure": "fireNotification",
        "success": "resetVariablesJSONFromJs"
      }
    },
    "forEachInJSONFromJs": {
      "module": "vb/action/builtin/forEachAction",
      "parameters": {
        "items": "{{ $page.variables.JSONFromJs.data }}",
        "actionId": "assignVariablesStoreSelectionRequestObj"
      },
      "outcomes": {
        "success": "callRestStoreSelectedRecords"
      }
    },
    "fireDataProviderEventStoreSelectionRequestADP": {
      "module": "vb/action/builtin/fireDataProviderEventAction",
      "parameters": {
        "target": "[[ $page.variables.StoreSelectionRequestADP ]]",
        "add": {
          "data": "{{ $page.variables.StoreSelectionRequestObj }}"
        }
      },
      "outcomes": {
      }
    },
    "fireDataProviderEventStoredSelectionTblADP": {
      "module": "vb/action/builtin/fireDataProviderEventAction",
      "parameters": {
        "target": "[[ $page.variables.StoredSelectionTblADP ]]",
        "add": {
          "data": "{{ $page.variables.JSONFromJs.data }}"
        }
      },
      "outcomes": {
        "success": "forEachInJSONFromJs"
      }
    },
    "assignVariablesStoreSelectionRequestObj": {
      "module": "vb/action/builtin/assignVariablesAction",
      "parameters": {
        "$page.variables.StoreSelectionRequestObj": {
          "source": "{{ $current.data }}",
          "auto": "always",
          "mapping": {
            "$target.session_id": {
              "source": "$application.variables.sessionId",
              "reset": "none"
            },
            "$target.submitted_by": {
              "source": "$application.user.email",
              "reset": "none"
            }
          }
        }
      },
      "outcomes": {
        "success": "fireDataProviderEventStoreSelectionRequestADP"
      }
    },
    "resetVariablesJSONFromJs": {
      "module": "vb/action/builtin/resetVariablesAction",
      "parameters": {
        "variables": [
          "$page.variables.JSONFromJs"
        ]
      }
    },
    "resetVariablesStoredSelectionTblADP": {
      "module": "vb/action/builtin/resetVariablesAction",
      "parameters": {
        "variables": [
          "$page.variables.StoredSelectionTblADP",
          "$page.variables.StoreSelectionRequestADP"
        ]
      },
      "outcomes": {
        "success": "fireDataProviderEventTransactionTblADP"
      }
    }
  },
  "variables": {}
}