{
  "description": "",
  "root": "callFunctionSumcol",
  "actions": {
    "fireDataProviderEventTransactionTblADP": {
      "module": "vb/action/builtin/fireDataProviderEventAction",
      "parameters": {
        "target": "[[ $page.variables.TransactionTblADP ]]",
        "update": {
          "data": "{{ $page.variables.transtblRowData }}",
          "keys": "{{ $variables.rowKey }}"
        }
      },
      "outcomes": {
        "success": "fireDataProviderEventJSONFromJs"
      }
    },
    "fireDataProviderEventJSONFromJs": {
      "module": "vb/action/builtin/fireDataProviderEventAction",
      "parameters": {
        "update": {
          "data": "{{ $page.variables.transtblRowData }}",
          "keys": "{{ $variables.rowKey }}"
        },
        "target": "[[ $page.variables.JSONFromJs ]]"
      }
    },
    "callFunctionSumcol": {
      "module": "vb/action/builtin/callModuleFunctionAction",
      "parameters": {
        "module": "[[ $functions ]]",
        "functionName": "sumcol",
        "params": [
          "{{ $page.variables.transtblRowData.amount }}",
          "{{ $page.variables.transtblRowData.amount_applied }}"
        ],
        "returnType": "number"
      },
      "outcomes": {
        "success": "if"
      }
    },
    "if": {
      "module": "vb/action/builtin/ifAction",
      "parameters": {
        "condition": "[[ 1 == 1 ]]"
      },
      "outcomes": {
        "true": "assignVariablesTranstblRowData"
      }
    },
    "assignVariablesTranstblRowData": {
      "module": "vb/action/builtin/assignVariablesAction",
      "parameters": {
        "$page.variables.transtblRowData": {
          "source": {
            "balance": "{{ $chain.results.callFunctionSumcol }}"
          },
          "reset": "none",
          "auto": "always"
        }
      },
      "outcomes": {
        "success": "fireDataProviderEventTransactionTblADP"
      }
    }
  },
  "variables": {
    "cancelEdit": {
      "required": true,
      "type": "any",
      "input": "fromCaller"
    },
    "rowKey": {
      "required": true,
      "type": "any",
      "input": "fromCaller"
    },
    "rowIndex": {
      "required": true,
      "type": "number",
      "input": "fromCaller"
    },
    "rowData": {
      "required": true,
      "type": "any",
      "input": "fromCaller"
    }
  }
}