{
  "description": "",
  "root": "ifValue",
  "actions": {
    "if": {
      "module": "vb/action/builtin/ifAction",
      "parameters": {
        "condition": "[[ $variables.value !== $page.variables.RowDivision ]]"
      },
      "outcomes": {
        "true": "resetVariablesUnAssignCreateObj2",
        "false": "callRestGetDivName"
      }
    },
    "callRestGetTerritoryData": {
      "module": "vb/action/builtin/restAction",
      "parameters": {
        "endpoint": "devOrds/GetTerritoryData",
        "uriParams": {
          "SF_DIV_ID": "{{ $chain.results.callRestGetDivName.body.items[0].sf_div_id }}"
        }
      },
      "outcomes": {
        "success": "assignVariablesTerritoryArray"
      }
    },
    "assignVariablesTerritoryArray": {
      "module": "vb/action/builtin/assignVariablesAction",
      "parameters": {
        "$page.variables.TerritoryArray": {
          "source": {
            "data": "{{ $chain.results.callRestGetTerritoryData.body.items }}"
          },
          "reset": "none",
          "auto": "always",
          "mapping": {
            "$target.data": {
              "source": "$source.data",
              "reset": "empty"
            }
          }
        },
        "$page.variables.unAssignCreateObj": {
          "source": {
            "sf_div_id": "{{ $chain.results.callRestGetDivName.body.items[0].sf_div_id }}",
            "division_name": "{{ $chain.results.callRestGetDivName.body.items[0].division_name }}"

          },
          "auto": "always",
          "reset": "none"
        }
      },
      "outcomes": {
      }
    },
    "callRestGetDivName": {
      "module": "vb/action/builtin/restAction",
      "parameters": {
        "endpoint": "devOrds/getDivName",
        "uriParams": {
          "DIVISION_NUMBER": "{{ $variables.value }}",
          "SALES_FORCE_ID": "{{ $page.variables.unAssignCreateObj.sales_force_id }}"
        }
      },
      "outcomes": {
        "success": "callRestGetTerritoryData"
      }
    },
    "ifValue": {
      "module": "vb/action/builtin/ifAction",
      "parameters": {
        "condition": "[[ $variables.value ]]"
      },
      "outcomes": {
        "true": "if",
        "false": "resetVariablesUnAssignCreateObj"
      }
    },
    "resetVariablesUnAssignCreateObj": {
      "module": "vb/action/builtin/resetVariablesAction",
      "parameters": {
        "variables": [
          "$page.variables.unAssignCreateObj.division_name",
          "$page.variables.unAssignCreateObj.territory",
          "$page.variables.unAssignCreateObj.territory_name",
          "$page.variables.unAssignCreateObj.sales_rep",
          "$page.variables.unAssignCreateObj.sales_rep_name",
          "$page.variables.TerritoryArray.data"
        ]
      }
    },
    "resetVariablesUnAssignCreateObj2": {
      "module": "vb/action/builtin/resetVariablesAction",
      "parameters": {
        "variables": [
          "$page.variables.unAssignCreateObj.division_name",
          "$page.variables.unAssignCreateObj.territory",
          "$page.variables.unAssignCreateObj.territory_name",
          "$page.variables.unAssignCreateObj.sales_rep",
          "$page.variables.unAssignCreateObj.sales_rep_name",
          "$page.variables.TerritoryArray.data"
        ]
      },
      "outcomes": {
        "success": "callRestGetDivName"
      }
    }
  },
  "variables": {
    "value": {
      "required": true,
      "type": "any",
      "input": "fromCaller"
    }
  }
}