{
  "description": "",
  "root": "callRestGetSalesCreditSFMapping",
  "actions": {
    "fireNotification": {
      "module": "vb/action/builtin/fireNotificationEventAction",
      "parameters": {
        "target": "leaf",
        "summary": "[[ $chain.results.callRestGetSalesCreditSFMapping.message.summary ]]",
        "type": "error",
        "displayMode": "persist"
      }
    },
    "callRestGetSalesCreditSFMapping": {
      "module": "vb/action/builtin/restAction",
      "parameters": {
        "endpoint": "devOrds/getSalesCreditSFMapping",
        "uriParams": {
          "sales_force_number": "{{ $page.variables.SelectedSFnumber ? $page.variables.SelectedSFnumber : \"\" }}",
          "priority": "{{ $page.variables.priority ? $page.variables.priority : \"\" }}",
          "familycode": "{{ $page.variables.familycode ? $page.variables.familycode : \"\" }}"
        }
      },
      "outcomes": {
        "failure": "fireNotification",
        "success": "assignVariables"
      }
    },
    "assignVariables": {
      "module": "vb/action/builtin/assignVariablesAction",
      "parameters": {
        "$page.variables.MappingTblADP": {
          "source": {
            "data": "{{ $chain.results.callRestGetSalesCreditSFMapping.body.items }}"
          },
          "reset": "none",
          "auto": "always",
          "mapping": {
            "$target.data": {
              "source": "$source.data",
              "reset": "empty"
            }
          }
        }
      }
    }
  },
  "variables": {}
}