{
  "root": "resetVariablesUnAssignTblADP",
  "description": "",
  "actions": {
    "fireNotification": {
      "module": "vb/action/builtin/fireNotificationEventAction",
      "parameters": {
        "target": "leaf",
        "summary": "[[ $chain.results.callRestGetUnAssignSalesForce.message.summary ]]",
        "type": "error",
        "displayMode": "transient"
      }
    },
    "callRestGetUnAssignSalesForce": {
      "module": "vb/action/builtin/restAction",
      "parameters": {
        "endpoint": "devOrds/getUnAssignSalesForce",
        "uriParams": {
          "SALES_FORCE_NUMBER": "{{ $page.variables.SelectedsalesForce ? $page.variables.SelectedsalesForce  :\"\" }}",
          "P_STATUS": "{{ $page.variables.SelectedStatus ? $page.variables.SelectedStatus : \"\" }}"
        }
      },
      "outcomes": {
        "failure": "fireNotification",
        "success": "assignVariablesUnAssignTblADP"
      }
    },
    "assignVariablesUnAssignTblADP": {
      "module": "vb/action/builtin/assignVariablesAction",
      "parameters": {
        "$page.variables.UnAssignTblADP": {
          "source": {
            "data": "{{ $chain.results.callRestGetUnAssignSalesForce.body.items }}"
          },
          "reset": "none",
          "auto": "always"
        }
      }
    },
    "resetVariablesUnAssignTblADP": {
      "module": "vb/action/builtin/resetVariablesAction",
      "parameters": {
        "variables": [
          "$page.variables.UnAssignTblADP.data"
        ]
      },
      "outcomes": {
        "success": "callRestGetUnAssignSalesForce"
      }
    }
  }
}