{
  "description": "",
  "root": "ifValue",
  "actions": {

    "ifValue": {
      "module": "vb/action/builtin/ifAction",
      "parameters": {
        "condition": "[[ !$variables.value ]]"
      },
      "outcomes": {
        "true": "resetVariablesUnAssignCreateObj",
        "false": "callRestGetSalesCreditGetOrgNamebyOrgNum"
      }
    },
    "callRestGetSalesCreditGetOrgNamebyOrgNum": {
      "module": "vb/action/builtin/restAction",
      "parameters": {
        "endpoint": "devOrds/getSalesCreditGetOrgNamebyOrgNum",
        "uriParams": {
          "party_number": "{{ $variables.value }}"
        }
      },
      "outcomes": {

        "success": "assignVariablesUnAssignCreateObj"
      }
    },
    "assignVariablesUnAssignCreateObj": {
      "module": "vb/action/builtin/assignVariablesAction",
      "parameters": {
        "$page.variables.unAssignCreateObj": {
          "source": {
            "party_id": "{{ $chain.results.callRestGetSalesCreditGetOrgNamebyOrgNum.body.items[0].party_id }}",
            "organization_name": "{{ $chain.results.callRestGetSalesCreditGetOrgNamebyOrgNum.body.items[0].party_name }}"
          },
          "reset": "none",
          "auto": "always"
        }
      }
    },
    "resetVariablesUnAssignCreateObj": {
      "module": "vb/action/builtin/resetVariablesAction",
      "parameters": {
        "variables": [
          "$page.variables.unAssignCreateObj.account_name",
          "$page.variables.unAssignCreateObj.account_number",
          "$page.variables.unAssignCreateObj.organization_name"
        ]
      }
    }
  },
  "variables": {
    "value": {
      "required": true,
      "type": "any",
      "input": "fromCaller"
    }
  }
}