{
  "description": "",
  "root": "if",
  "actions": {

    "if": {
      "module": "vb/action/builtin/ifAction",
      "parameters": {
        "condition": "[[ $variables.value !== $page.variables.RowReportingGroup ]]"
      },
      "outcomes": {
        "true": "resetVariablesRowReportingGroup",
        "false": "callRestGetLookupValueDetails"
      }
    },
    "resetVariablesRowReportingGroup": {
      "module": "vb/action/builtin/resetVariablesAction",
      "parameters": {
        "variables": [
          "$page.variables.RowReportingGroup"
        ]
      },
      "outcomes": {
        "success": "callRestGetLookupValueDetails"
      }
    },
    "assignVariablesSalesAssignCreatObj": {
      "module": "vb/action/builtin/assignVariablesAction",
      "parameters": {
        "$page.variables.unAssignCreateObj": {
          "source": {
            "reporting_group_description": "{{ $chain.results.callRestGetLookupValueDetails.body.items[0].meaning }}"
          },
          "reset": "none",
          "auto": "always"
        }
      }
    },
    "callRestGetLookupValueDetails": {
      "module": "vb/action/builtin/restAction",
      "parameters": {
        "endpoint": "devOrds/GetLookupValueDetails",
        "uriParams": {
          "P_LOOKUP_TYPE": "HBG_REPORTING_GROUP",
          "P_LOOKUP_CODE": "{{ $page.variables.unAssignCreateObj.owner + $variables.value }}"
        }
      },
      "outcomes": {
        "success": "assignVariablesSalesAssignCreatObj"
      }
    }
  },
  "variables": {
    "value": {
      "required": true,
      "type": "any",
      "input": "fromCaller"
    }
  }
}