{
  "description": "",
  "root": "resetVariablesUnAssignTblADP",
  "actions": {
    "resetVariablesUnAssignTblADP": {
      "module": "vb/action/builtin/resetVariablesAction",
      "parameters": {
        "variables": [
          "$page.variables.UnAssignTblADP.data",
          "$page.variables.SelectedsalesForce",
          "$page.variables.SelectedStatus"
        ]
      },
      "outcomes": {
        "success": "callChainFetchUnAssignTblAction"
      }
    },
    "callChainFetchUnAssignTblAction": {
      "module": "vb/action/builtin/callChainAction",
      "parameters": {
        "id": "fetchUnAssignTblAction"
      }
    }
  },
  "variables": {}
}