{
  "description": "",
  "root": "if",
  "actions": {
    "assignVariablesUnAssignRowData": {
      "module": "vb/action/builtin/assignVariablesAction",
      "parameters": {
        "$page.variables.unAssignRowData": {
          "source": {
            "sales_force_id": "{{ $variables.data.sales_force_id }}",
            "sales_force_name": "{{ $variables.data.sales_force_name }}"
          },
          "reset": "none",
          "auto": "always"
        }
      }
    },
    "resetVariablesUnAssignRowData": {
      "module": "vb/action/builtin/resetVariablesAction",
      "parameters": {
        "variables": [
          "$page.variables.unAssignRowData.sales_force_name",
          "$page.variables.unAssignRowData.sales_force_id",
          "$page.variables.unAssignRowData.division"          ,
          "$page.variables.unAssignRowData.division_name"          ,
          "$page.variables.unAssignRowData.territory"          ,
          "$page.variables.unAssignRowData.territory_name"          ,
          "$page.variables.unAssignRowData.sales_rep"          ,
          "$page.variables.unAssignRowData.sales_rep_name"
        ]
      },
      "outcomes": {
        "success": "assignVariablesUnAssignRowData"
      }
    },
    "if": {
      "module": "vb/action/builtin/ifAction",
      "parameters": {
        "condition": "[[ $variables.data.sales_force_number !== $page.variables.RowSalesForce && ($variables.data.sales_force_number !== \"\" && $variables.data.sales_force_number !== null && typeof $variables.data.sales_force_number !== \"undefined\") ]]"
    },
      "outcomes": {
        "true": "resetVariablesUnAssignRowData"
      }
    }
  },
  "variables": {
    "key": {
      "required": true,
      "type": "any",
      "input": "fromCaller"
    },
    "data": {
      "required": true,
      "type": "any",
      "input": "fromCaller"
    },
    "metadata": {
      "required": true,
      "type": "any",
      "input": "fromCaller"
    },
    "index": {
      "required": true,
      "type": "number",
      "input": "fromCaller"
    },
    "current": {
      "required": true,
      "type": "any",
      "input": "fromCaller"
    }
  }
}