{
  "description": "",
  "root": "assignVariablesSelectedSfID",
  "actions": {
    "assignVariablesSelectedSfID": {
      "module": "vb/action/builtin/assignVariablesAction",
      "parameters": {
        "$page.variables.selectedSfID": {
          "source": "{{ $variables.rowData.sf_assign_id }}"
        },
        "$page.variables.unAssignCreateObj": {
          "source": {
            "sf_assign_id": "{{ $variables.rowData.sf_assign_id }}"
          },
          "reset": "none",
          "auto": "always"
        }
      },
      "outcomes": {
        "success": "callChainFetchUnAssignTblAction"
      }
    },
    "callChainFetchUnAssignTblAction": {
      "module": "vb/action/builtin/callChainAction",
      "parameters": {
        "id": "fetchUnAssignTblAction"
      }
    }
  },
  "variables": {
    "rowKey": {
      "required": true,
      "type": "any",
      "input": "fromCaller"
    },
    "rowData": {
      "required": true,
      "type": "any",
      "input": "fromCaller"
    }
  }
}