{
  "description": "",
  "root": "assignVariablesUnAssignRowData",
  "actions": {
    "assignVariablesUnAssignRowData": {
      "module": "vb/action/builtin/assignVariablesAction",
      "parameters": {
        "$page.variables.unAssignRowData": {
          "source": "{{ $variables.rowData }}",
          "auto": "always"
        },
        "$page.variables.RowAccount": {
          "source": "{{ $variables.rowData.account_number }}"
        },
        "$page.variables.RowOrganization": {
          "source": "{{ $variables.rowData.organization_number }}"
        },
        "$page.variables.RowOwner": {
          "source": "{{ $variables.rowData.owner }}"
        },
        "$page.variables.RowReportingGroup": {
          "source": "{{ $variables.rowData.reporting_group }}"
        },
        "$page.variables.RowSalesForce": {
          "source": "{{ $variables.rowData.sales_force_number }}"
        },
        "$page.variables.Rowterritory": {
          "source": "{{ $variables.rowData.territory }}"
        },
        "$page.variables.RowSalesRep": {
          "source": "{{ $variables.rowData.sales_rep }}"
        },
        "$page.variables.RowDivision": {
          "source": "{{ $variables.rowData.division }}"
        }
      }
    }
  },
  "variables": {
    "rowKey": {
      "required": true,
      "type": "any",
      "input": "fromCaller"
    },
    "rowIndex": {
      "required": true,
      "type": "number",
      "input": "fromCaller"
    },
    "rowData": {
      "required": true,
      "type": "any",
      "input": "fromCaller"
    }
  }
}