{
  "description": "",
  "root": "resetVariablesUnAssignCreateObj",
  "actions": {
    "callComponentUnassignsalesforceOpen": {
      "module": "vb/action/builtin/callComponentMethodAction",
      "parameters": {
        "component": "{{ document.getElementById('unassignsalesforce') }}",
        "method": "open"
      }
    },
    "assignVariablesUnAssignCreateObj": {
      "module": "vb/action/builtin/assignVariablesAction",
      "parameters": {
        "$page.variables.unAssignCreateObj": {
          "source": {
            "type": "Default"
          },
          "reset": "none",
          "auto": "always"
        },
        "$page.variables.DlgLabel": {
          "source": "Create"
        }
      },
      "outcomes": {
        "success": "callComponentUnassignsalesforceOpen"
      }
    },
    "resetVariablesUnAssignCreateObj": {
      "module": "vb/action/builtin/resetVariablesAction",
      "parameters": {
        "variables": [
          "$page.variables.unAssignCreateObj"
        ]
      },
      "outcomes": {
        "success": "assignVariablesUnAssignCreateObj"
      }
    }
  },
  "variables": {}
}