{
  "root": "switchSelectedNavigation",
  "description": "",
  "actions": {
    "switchSelectedNavigation": {
      "module": "vb/action/builtin/switchAction",
      "parameters": {
        "caseValue": "[[ $application.variables.SelectedNavigation ]]",
        "possibleValues": [
          "main",
          "accounts",
          "distribution"
        ]
      },
      "outcomes": {
        "main": "navigateToMainStart",
        "accounts": "navigateToAccountsStart",
        "distribution": "navigateToDistributionStart"
      }
    },
    "navigateToMainStart": {
      "module": "vb/action/builtin/navigateAction",
      "parameters": {
        "page": "/shell/main/main-start"
      }
    },
    "navigateToAccountsStart": {
      "module": "vb/action/builtin/navigateAction",
      "parameters": {
        "page": "/shell/accounts/accounts-start"
      }
    },
    "navigateToDistributionStart": {
      "module": "vb/action/builtin/navigateAction",
      "parameters": {
        "page": "/shell/distribution/distribution-start"
      }
    }
  }
}