{
    "items": [
        {
            "lookup_type": "HBG_REPORTING_GROUP",
            "lookup_code": "AB58",
            "meaning": "Harry N. Abrams",
            "description": "58",
            "enabled_flag": "Y",
            "display_sequence": 1,
            "created_by": "thastings@pelotongroup.com",
            "creation_date": "2022-11-21T21:33:14Z",
            "last_updated_by": "thastings@pelotongroup.com",
            "last_update_date": "2022-11-21T21:33:14.240Z",
            "tag": "AB"
        }
    ],
    "hasMore": false,
    "limit": 25,
    "offset": 0,
    "count": 1,
    "links": [
        {
            "rel": "self",
            "href": "https://10.2.0.169:8081/ords/hbg_integration/DistributionTitleRights/getLookupValuesDetails?P_LOOKUP_CODE=AB58&P_LOOKUP_TYPE=HBG_REPORTING_GROUP"
        },
        {
            "rel": "describedby",
            "href": "https://10.2.0.169:8081/ords/hbg_integration/metadata-catalog/DistributionTitleRights/item"
        },
        {
            "rel": "first",
            "href": "https://10.2.0.169:8081/ords/hbg_integration/DistributionTitleRights/getLookupValuesDetails?P_LOOKUP_CODE=AB58&P_LOOKUP_TYPE=HBG_REPORTING_GROUP"
        }
    ]
}