{
  "description": "",
  "root": "resetVariablesGetHoldRulesADP",
  "actions": {

    "fireNotification": {
      "module": "vb/action/builtin/fireNotificationEventAction",
      "parameters": {
        "target": "leaf",
        "summary": "[[ $chain.results.callRestGetAutomaticHoldsGetHoldRules.message.summary ]]",
        "type": "error",
        "displayMode": "persist"
      }
    },
    "callRestGetAutomaticHoldsGetHoldRules": {
      "module": "vb/action/builtin/restAction",
      "parameters": {
        "endpoint": "ordsHbg_integration/getAutomaticHoldsGetHoldRules",
        "headers": {
          "p_show_only_active": "{{ $page.variables.p_show_only_active }}"
        }
      },
      "outcomes": {
        "failure": "fireNotification",
        "success": "assignVariablesGetHoldRulesADP"
      }
    },
    "assignVariablesGetHoldRulesADP": {
      "module": "vb/action/builtin/assignVariablesAction",
      "parameters": {
        "$page.variables.getHoldRulesADP": {
          "source": {
            "data": "{{ $chain.results.callRestGetAutomaticHoldsGetHoldRules.body.items }}"
          },
          "reset": "none",
          "auto": "always"
        }
      }
    },
    "resetVariablesGetHoldRulesADP": {
      "module": "vb/action/builtin/resetVariablesAction",
      "parameters": {
        "variables": [
          "$page.variables.getHoldRulesADP.data"
        ]
      },
      "outcomes": {
        "success": "callRestGetAutomaticHoldsGetHoldRules"
      }
    }
  },
  "variables": {}
}