{
  "description": "",
  "root": "callComponentCountryGroupAssociationsClose",
  "actions": {
    "callComponentCountryGroupAssociationsClose": {
      "module": "vb/action/builtin/callComponentMethodAction",
      "parameters": {
        "component": "{{ document.getElementById('CountryGroupAssociations') }}",
        "method": "close"
      },
      "outcomes": {
        "success": "resetVariablesGetCountryGroupAssocADP"
      }
    },
    "resetVariablesGetCountryGroupAssocADP": {
      "module": "vb/action/builtin/resetVariablesAction",
      "parameters": {
        "variables": [
          "$page.variables.getCountryGroupAssocADP.data"
        ]
      }
    }
  },
  "variables": {}
}