{
  "description": "",
  "root": "resetVariablesSearchDistributionRuleObj",
  "actions": {
    "resetVariablesSearchDistributionRuleObj": {
      "module": "vb/action/builtin/resetVariablesAction",
      "parameters": {
        "variables": [
          "$page.variables.searchDistributionRuleObj",
          "$page.variables.p_show_only_active"
        ]
      },
      "outcomes": {
        "success": "assignVariablesPShowOnlyActive"
      }
    },
    "assignVariablesPShowOnlyActive": {
      "module": "vb/action/builtin/assignVariablesAction",
      "parameters": {
        "$page.variables.p_show_only_active": {
          "source": "Y"
        }
      },
      "outcomes": {
        "success": "callChainSearchButtonAction"
      }
    },
    "callChainSearchButtonAction": {
      "module": "vb/action/builtin/callChainAction",
      "parameters": {
        "id": "SearchButtonAction"
      }
    }
  },
  "variables": {}
}