{
  "description": "",
  "root": "ifValue",
  "actions": {
    "ifValue": {
      "module": "vb/action/builtin/ifAction",
      "parameters": {
        "condition": "[[ $variables.value ]]"
      },
      "outcomes": {
        "true": "resetVariablesClientCreateObj2",
        "false": "resetVariablesClientCreateObj"
      }
    },
    "resetVariablesClientCreateObj": {
      "module": "vb/action/builtin/resetVariablesAction",
      "parameters": {
        "variables": [
          "$page.variables.ClientCreateObj.format_description"
        ]
      }
    },
    "resetVariablesClientCreateObj2": {
      "module": "vb/action/builtin/resetVariablesAction",
      "parameters": {
        "variables": [
          "$page.variables.ClientCreateObj.format_description"
        ]
      },
      "outcomes": {
        "success": "callRestGetFormatNameByCode"
      }
    },
    "callRestGetFormatNameByCode": {
      "module": "vb/action/builtin/restAction",
      "parameters": {
        "endpoint": "devOrds/GetFormatNameByCode",
        "uriParams": {
          "P_FORMAT_CODE": "{{ $variables.value }}"
        }
      },
      "outcomes": {
        "success": "assignVariablesClientCreateObj"
      }
    },
    "assignVariablesClientCreateObj": {
      "module": "vb/action/builtin/assignVariablesAction",
      "parameters": {
        "$page.variables.ClientCreateObj": {
          "source": {
            "format_description": "{{ $chain.results.callRestGetFormatNameByCode.body.items[0].format_name }}"
          },
          "reset": "none",
          "auto": "always"
        }
      }
    }
  },
  "variables": {
    "value": {
      "required": true,
      "type": "any",
      "input": "fromCaller"
    }
  }
}