{
  "description": "",
  "root": "ifValue",
  "actions": {
    "ifValue": {
      "module": "vb/action/builtin/ifAction",
      "parameters": {
        "condition": "[[ $variables.value ]]"
      },
      "outcomes": {
        "true": "if",
        "false": "resetVariablesClientCreateObj2"
      }
    },
    "resetVariablesClientCreateObj": {
      "module": "vb/action/builtin/resetVariablesAction",
      "parameters": {
        "variables": [
          "$page.variables.ClientCreateObj.owner_description",
          "$page.variables.ClientCreateObj.reporting_group",
          "$page.variables.ClientCreateObj.reporting_group_description",
          "$page.variables.ClientCreateObj.category1",
          "$page.variables.ClientCreateObj.category1_description",
          "$page.variables.ClientCreateObj.category2",
          "$page.variables.ClientCreateObj.category2_description",
          "$page.variables.ReportingGrpArray",
          "$page.variables.RowOwner"
        ]
      },
      "outcomes": {
        "success": "callRestGetOwnerNameByCode"
      }
    },
    "callRestGetOwnerNameByCode": {
      "module": "vb/action/builtin/restAction",
      "parameters": {
        "endpoint": "devOrds/GetOwnerNameByCode",
        "uriParams": {
          "OWNER_CODE": "{{ $variables.value }}"
        }
      },
      "outcomes": {
        "success": "callRestReportingGroupLOV"
      }
    },
    "resetVariablesClientCreateObj2": {
      "module": "vb/action/builtin/resetVariablesAction",
      "parameters": {
        "variables": [
          "$page.variables.ClientCreateObj.owner_description",
          "$page.variables.ClientCreateObj.reporting_group",
          "$page.variables.ClientCreateObj.reporting_group_description",
          "$page.variables.ClientCreateObj.category1",
          "$page.variables.ClientCreateObj.category1_description",
          "$page.variables.ClientCreateObj.category2",
          "$page.variables.ClientCreateObj.category2_description",
          "$page.variables.ReportingGrpArray"
        ]
      }
    },
    "callRestReportingGroupLOV": {
      "module": "vb/action/builtin/restAction",
      "parameters": {
        "endpoint": "devOrds/ReportingGroupLOV",
        "uriParams": {
          "P_OWNER_ID": "{{ $chain.results.callRestGetOwnerNameByCode.body.items[0].owner_id }}"
        }
      },
      "outcomes": {
        "success": "assignVariablesClientCreateObj"
      }
    },
    "assignVariablesClientCreateObj": {
      "module": "vb/action/builtin/assignVariablesAction",
      "parameters": {
        "$page.variables.ClientCreateObj": {
          "source": {
            "OwnerId": "{{ $chain.results.callRestGetOwnerNameByCode.body.items[0].owner_id }}",
            "owner_description": "{{ $chain.results.callRestGetOwnerNameByCode.body.items[0].owner_name }}"
          },
          "reset": "none",
          "auto": "always"
        },
        "$page.variables.ReportingGrpArray": {
          "source": "{{ $chain.results.callRestReportingGroupLOV.body.items }}"
        }
      },
      "outcomes": {}
    },
    "if": {
      "module": "vb/action/builtin/ifAction",
      "parameters": {
        "condition": "[[ $variables.value !== $page.variables.RowOwner ]]"
      },
      "outcomes": {
        "true": "resetVariablesClientCreateObj",
        "false": "callRestGetOwnerNameByCode"
      }
    }
  },
  "variables": {
    "value": {
      "required": true,
      "type": "any",
      "input": "fromCaller"
    }
  }
}