{
  "description": "",
  "root": "assignVariablesImpDlglabel",
  "actions": {
    "assignVariablesImpDlglabel": {
      "module": "vb/action/builtin/assignVariablesAction",
      "parameters": {
        "$page.variables.ImpDlglabel": {
          "source": "Edit"
        },
        "$page.variables.imprintCreateObj": {
          "source": "{{ $variables.current.row }}",
          "auto": "always"
        }
      },
      "outcomes": {
        "success": "callComponentImpdlgOpen"
      }
    },
    "callComponentImpdlgOpen": {
      "module": "vb/action/builtin/callComponentMethodAction",
      "parameters": {
        "component": "{{ document.getElementById('impdlg') }}",
        "method": "open"
      }
    }
  },
  "variables": {
    "key": {
      "required": true,
      "type": "any",
      "input": "fromCaller"
    },
    "index": {
      "required": true,
      "type": "number",
      "input": "fromCaller"
    },
    "current": {
      "required": true,
      "type": "any",
      "input": "fromCaller"
    }
  }
}