{
  "root": "runInParallel",
  "description": "",
  "variables": {},
  "actions": {
    "runInParallel": {
      "module": "vb/action/builtin/forkAction",
      "parameters": {
        "actions": {
          "callRest": "callRestGetGetCat2Id",
          "callRestGetFamilyCodeCategory1": "callRestGetFamilyCodeCategory1"
        }
      }
    },
    "callRestGetFamilyCodeCategory1": {
      "module": "vb/action/builtin/restAction",
      "parameters": {
        "endpoint": "devOrds/getFamilyCodeCategory1",
        "uriParams": {
          "REPORTING_GROUP_ID": "{{ $page.variables.FlowReportingGroupId }}"
        }
      },
      "outcomes": {

        "success": "assignVariablesCat1Array"
      }
    },
    "assignVariablesCat1Array": {
      "module": "vb/action/builtin/assignVariablesAction",
      "parameters": {
        "$page.variables.Cat1Array": {
          "source": "{{ $chain.results.callRestGetFamilyCodeCategory1.body.items }}"
        }
      }
    },
    "callRestGetGetCat2Id": {
      "module": "vb/action/builtin/restAction",
      "parameters": {
        "endpoint": "devOrds/getGetCat2Id",
        "uriParams": {
          "p_reporting_group_id": "{{ $page.variables.FlowReportingGroupId }}"
        }
      },
      "outcomes": {

        "success": "assignVariablesCat2Array"
      }
    },
    "assignVariablesCat2Array": {
      "module": "vb/action/builtin/assignVariablesAction",
      "parameters": {
        "$page.variables.Cat2Array": {
          "source": "{{ $chain.results.callRestGetGetCat2Id.body.items }}"
        }
      }
    }
  }
}