{
  "root": "callRestInventoryTypeMapping",
  "description": "",
  "actions": {
    "fireNotification": {
      "module": "vb/action/builtin/fireNotificationEventAction",
      "parameters": {
        "target": "leaf",
        "summary": "Failed to Fetch Inventory Type Mapping Details",
        "type": "error",
        "displayMode": "transient"
      }
    },
    "callRestInventoryTypeMapping": {
      "module": "vb/action/builtin/restAction",
      "parameters": {
        "endpoint": "devOrds/InventoryTypeMapping",
        "uriParams": {
          "P_CUST_ACCOUNT_ID": "{{ $page.variables.SelectedNavCustAccId ? $page.variables.SelectedNavCustAccId : \"\" }}",
          "P_PARTY_NUMBER": "{{ $page.variables.flowPartyNumber ? $page.variables.flowPartyNumber : \"\" }}"
        }
      },
      "outcomes": {
        "failure": "fireNotification",
        "success": "assignVariablesInventoryTblADP"
      }
    },
    "assignVariablesInventoryTblADP": {
      "module": "vb/action/builtin/assignVariablesAction",
      "parameters": {
        "$page.variables.InventoryTblADP": {
          "source": {
            "data": "{{ $chain.results.callRestInventoryTypeMapping.body.items }}"
          },
          "reset": "none",
          "auto": "always",
          "mapping": {
            "$target.data": {
              "source": "$source.data",
              "reset": "empty"
            }
          }
        }
      }
    }
  }
}