{
  "description": "",
  "root": "ifCurrentValue",
  "actions": {
    "ifCurrentValue": {
      "module": "vb/action/builtin/ifAction",
      "parameters": {
        "condition": "[[ $variables.CurrentValue.length >= 2 ]]"
      },
      "outcomes": {
        "true": "callRestGetCategory2"
      }
    },
    "callRestGetCategory2": {
      "module": "vb/action/builtin/restAction",
      "parameters": {
        "endpoint": "devOrds/GetCategory2",
        "uriParams": {
          "P_CATEGORY_CODE": "{{ $variables.CurrentValue }}",
          "P_CATEGORY1_ID": "{{ $page.variables.inventorySearchObj.cat1Id }}"
        }
      },
      "outcomes": {
        "success": "assignVariablesCategory2Array"
      }
    },
    "assignVariablesCategory2Array": {
      "module": "vb/action/builtin/assignVariablesAction",
      "parameters": {
        "$page.variables.category2Array": {
          "source": "{{ $chain.results.callRestGetCategory2.body.items }}"
        }
      }
    }
  },
  "variables": {
    "CurrentValue": {
      "type": "string",
      "input": "fromCaller"
    }
  }
}