{
  "description": "",
  "root": "ifValue",
  "actions": {
    "ifValue": {
      "module": "vb/action/builtin/ifAction",
      "parameters": {
        "condition": "[[ $variables.value ]]"
      },
      "outcomes": {
        "true": "callRestGetValueSetDetails",
        "false": "resetVariablesInventorySearchObj"
      }
    },
    "callRestGetValueSetDetails": {
      "module": "vb/action/builtin/restAction",
      "parameters": {
        "endpoint": "devOrds/GetValueSetDetails",
        "uriParams": {
          "P_FLEX_VALUE": "{{ $variables.value }}",
          "P_VALUE_SET_NAME": "HBG_INVENTORY_TYPE"
        }
      },
      "outcomes": {
        "success": "assignVariablesInventorySearchObj"
      }
    },
    "assignVariablesInventorySearchObj": {
      "module": "vb/action/builtin/assignVariablesAction",
      "parameters": {
        "$page.variables.inventorySearchObj": {
          "source": {
            "inventory_type_preference": "{{ $chain.results.callRestGetValueSetDetails.body.items[0].description }}"
          },
          "reset": "none",
          "auto": "always"
        }
      }
    },
    "resetVariablesInventorySearchObj": {
      "module": "vb/action/builtin/resetVariablesAction",
      "parameters": {
        "variables": [
          "$page.variables.inventorySearchObj.inventory_type_preference"
        ]
      }
    }
  },
  "variables": {
    "value": {
      "required": true,
      "type": "any",
      "input": "fromCaller"
    }
  }
}