{
  "description": "",
  "root": "ifValue",
  "actions": {
    "ifValue": {
      "module": "vb/action/builtin/ifAction",
      "parameters": {
        "condition": "[[ $variables.value ]]"
      },
      "outcomes": {
        "true": "if",
        "false": "resetVariablesClientCreateObj2"
      }
    },
    "resetVariablesClientCreateObj": {
      "module": "vb/action/builtin/resetVariablesAction",
      "parameters": {
        "variables": [
          "$page.variables.inventorySearchObj.owner_description",
          "$page.variables.inventorySearchObj.reporting_group",
          "$page.variables.inventorySearchObj.reporting_group_description",
          "$page.variables.inventorySearchObj.category_1",
          "$page.variables.inventorySearchObj.category_1_description",
          "$page.variables.inventorySearchObj.category_2",
          "$page.variables.inventorySearchObj.category_2_description",
          "$page.variables.ReportingGrpArray",
          "$page.variables.RowOwner",
          "$page.variables.category1Array",
          "$page.variables.category2Array"
        ]
      },
      "outcomes": {
        "success": "callRestGetOwnerNameByCode"
      }
    },
    "callRestGetOwnerNameByCode": {
      "module": "vb/action/builtin/restAction",
      "parameters": {
        "endpoint": "devOrds/GetOwnerNameByCode",
        "uriParams": {
          "OWNER_CODE": "{{ $variables.value }}"
        }
      },
      "outcomes": {
        "success": "assignVariablesClientCreateObj"
      }
    },
    "resetVariablesClientCreateObj2": {
      "module": "vb/action/builtin/resetVariablesAction",
      "parameters": {
        "variables": [
          "$page.variables.inventorySearchObj.owner_description",
          "$page.variables.inventorySearchObj.reporting_group",
          "$page.variables.inventorySearchObj.reporting_group_description",
          "$page.variables.inventorySearchObj.category_1",
          "$page.variables.inventorySearchObj.category_1_description",
          "$page.variables.inventorySearchObj.category_2",
          "$page.variables.inventorySearchObj.category_2_description",
          "$page.variables.ReportingGrpArray",
               "$page.variables.category1Array",
          "$page.variables.category2Array"
        ]
      }
    },
    "assignVariablesClientCreateObj": {
      "module": "vb/action/builtin/assignVariablesAction",
      "parameters": {
        "$page.variables.inventorySearchObj": {
          "source": {
            "Owner_id": "{{ $chain.results.callRestGetOwnerNameByCode.body.items[0].owner_id }}",
            "owner_description": "{{ $chain.results.callRestGetOwnerNameByCode.body.items[0].owner_name }}"

          },
          "reset": "none",
          "auto": "always"
        }
      },
      "outcomes": {}
    },
    "if": {
      "module": "vb/action/builtin/ifAction",
      "parameters": {
        "condition": "[[ $variables.value !== $page.variables.RowOwner ]]"
      },
      "outcomes": {
        "true": "resetVariablesClientCreateObj",
        "false": "callRestGetOwnerNameByCode"
      }
    }
  },
  "variables": {
    "value": {
      "required": true,
      "type": "any",
      "input": "fromCaller"
    }
  }
}