{
  "description": "",
  "root": "ifValue",
  "actions": {
    "ifValue": {
      "module": "vb/action/builtin/ifAction",
      "parameters": {
        "condition": "[[ $variables.value ]]"
      },
      "outcomes": {
        "true": "if",
        "false": "resetVariables2"
      }
    },
    "resetVariables2": {
      "module": "vb/action/builtin/resetVariablesAction",
      "parameters": {   
         "variables": [
          "$page.variables.inventorySearchObj.reporting_group_description",
          "$page.variables.inventorySearchObj.ReportinggroupId",
          "$page.variables.inventorySearchObj.category_1",
          "$page.variables.inventorySearchObj.category_1_description",
          "$page.variables.inventorySearchObj.category_2",
          "$page.variables.inventorySearchObj.category_2_description",
          "$page.variables.category1Array",
          "$page.variables.category2Array"
        ]}
    },
    "resetVariablesClientCreateObj": {
      "module": "vb/action/builtin/resetVariablesAction",
      "parameters": {
        "variables": [
          "$page.variables.inventorySearchObj.reporting_group_description",
          "$page.variables.inventorySearchObj.ReportinggroupId",
          "$page.variables.inventorySearchObj.category_1",
          "$page.variables.inventorySearchObj.category_1_description",
          "$page.variables.inventorySearchObj.category_2",
          "$page.variables.inventorySearchObj.category_2_description",
          "$page.variables.RowReportingGroup",
           "$page.variables.category1Array",
          "$page.variables.category2Array"
        ]
      },
      "outcomes": {
        "success": "callRestGetrepGrpNamebyCode"
      }
    },
    "callRestGetrepGrpNamebyCode": {
      "module": "vb/action/builtin/restAction",
      "parameters": {
        "endpoint": "devOrds/GetrepGrpNamebyCode",
        "uriParams": {
          "P_owner_id": "{{ $page.variables.inventorySearchObj.Owner_id }}",
          "P_REPORTING_GRP_CODE": "{{ $variables.value }}"
        }
      },
      "outcomes": {
        "success": "assignVariablesClientCreateObj"
      }
    },
    "assignVariablesClientCreateObj": {
      "module": "vb/action/builtin/assignVariablesAction",
      "parameters": {
        "$page.variables.inventorySearchObj": {
          "source": {
            "ReportinggroupId": "{{ $chain.results.callRestGetrepGrpNamebyCode.body.items[0].reporting_group_id }}",
            "reporting_group_description": "{{ $chain.results.callRestGetrepGrpNamebyCode.body.items[0].reporting_grp_name }}"
          },
          "reset": "none",
          "auto": "always"
        }
      }
    },
    "if": {
      "module": "vb/action/builtin/ifAction",
      "parameters": {
        "condition": "[[ $variables.value !== $page.variables.RowReportingGroup ]]"
      },
      "outcomes": {
        "true": "resetVariablesClientCreateObj",
        "false": "callRestGetrepGrpNamebyCode"
      }
    }
  },
  "variables": {
    "value": {
      "required": true,
      "type": "any",
      "input": "fromCaller"
    }
  }
}