{
  "description": "",
  "root": "ifCurrentValue",
  "actions": {
    "ifCurrentValue": {
      "module": "vb/action/builtin/ifAction",
      "parameters": {
        "condition": "[[ $variables.CurrentValue.length >= 2 ]]"
      },
      "outcomes": {
        "true": "callRestReportingGroupLOV"
      }
    },
    "callRestReportingGroupLOV": {
      "module": "vb/action/builtin/restAction",
      "parameters": {
        "endpoint": "devOrds/ReportingGroupLOV",
        "uriParams": {
          "P_OWNER_ID": "{{ $page.variables.inventorySearchObj.Owner_id }}",
          "REPORTING_GRP_CODE": "{{ $variables.CurrentValue }}"
        }
      },
      "outcomes": {
        "success": "assignVariablesReportingGrpArray"
      }
    },
    "assignVariablesReportingGrpArray": {
      "module": "vb/action/builtin/assignVariablesAction",
      "parameters": {
        "$page.variables.ReportingGrpArray": {
          "source": "{{ $chain.results.callRestReportingGroupLOV.body.items }}"
        }
      }
    }
  },
  "variables": {
    "CurrentValue": {
      "type": "string",
      "input": "fromCaller"
    }
  }
}