{
  "description": "",
  "root": "resetVariablesInventorySearchObj",
  "actions": {
    "resetVariablesInventorySearchObj": {
      "module": "vb/action/builtin/resetVariablesAction",
      "parameters": {
        "variables": [
          "$page.variables.inventorySearchObj"
        ]
      },
      "outcomes": {
        "success": "assignVariablesInvmappingDlglabel"
      }
    },
    "assignVariablesInvmappingDlglabel": {
      "module": "vb/action/builtin/assignVariablesAction",
      "parameters": {
        "$page.variables.invmappingDlglabel": {
          "source": "Create"
        }
      },
      "outcomes": {
        "success": "callComponentInventoryOpen"
      }
    },
    "callComponentInventoryOpen": {
      "module": "vb/action/builtin/callComponentMethodAction",
      "parameters": {
        "component": "{{ document.getElementById('inventory') }}",
        "method": "open"
      }
    }
  },
  "variables": {}
}