{
  "root": "runInParallel",
  "description": "",
  "variables": {},
  "actions": {
    "callRestGetAccountNumber": {
      "module": "vb/action/builtin/restAction",
      "parameters": {
        "endpoint": "devOrds/GetAccountNumber",
        "uriParams": {
          "party_id": "{{ $page.variables.party_id }}"
        }
      },
      "outcomes": {
        "success": "callFunctionTreedatagenerator"
      }
    },
    "callFunctionTreedatagenerator": {
      "module": "vb/action/builtin/callModuleFunctionAction",
      "parameters": {
        "module": "[[ $functions ]]",
        "functionName": "Treedatagenerator",
        "params": [
          "{{ $chain.results.callRestGetAccountNumber.body.items }}",
          "{{ $page.variables.organization }}",
          "{{ $page.variables.flowPartyNumber }}"
        ],
        "returnType": "object[]"
      },
      "outcomes": {
        "success": "callFunctionGetNavigationContent"
      }
    },
    "callFunctionGetNavigationContent": {
      "module": "vb/action/builtin/callModuleFunctionAction",
      "parameters": {
        "module": "[[ $functions ]]",
        "functionName": "getNavigationContent",
        "params": [
          "{{ $chain.results.callFunctionTreedatagenerator }}"
        ]
      },
      "outcomes": {
        "success": "assignVariablesTreeData"
      }
    },
    "assignVariablesTreeData": {
      "module": "vb/action/builtin/assignVariablesAction",
      "parameters": {
        "$page.variables.TreeData": {
          "source": "{{ $chain.results.callFunctionGetNavigationContent }}"
        }
      }
    },
    "runInParallel": {
      "module": "vb/action/builtin/forkAction",
      "parameters": {
        "actions": {
          "callRestGetAccountNumber": "callRestGetAccountNumber",
          "if": "ifFlowAccount",
          "ifOrganization": "ifOrganization"
        }
      }
    },
    "ifOrganization": {
      "module": "vb/action/builtin/ifAction",
      "parameters": {
        "condition": "[[ $page.variables.organization ]]"
      },
      "outcomes": {
        "true": "callRestGetAccountTypeTabledata"
      }
    },
    "callRestGetAccountTypeTabledata": {
      "module": "vb/action/builtin/restAction",
      "parameters": {
        "endpoint": "devOrds/getAccountTypeTabledata",
        "uriParams": {
          "REGISTRY_ID": "{{ $page.variables.flowPartyNumber }}"
        }
      },
      "outcomes": {
        "success": "assignVariablesSearchObj"
      }
    },
    "assignVariablesSearchObj": {
      "module": "vb/action/builtin/assignVariablesAction",
      "parameters": {
        "$page.variables.searchObj": {
          "source": "{{ $chain.results.callRestGetAccountTypeTabledata.body.items[0] }}",
          "auto": "always"
        }
      }
    },
    "ifFlowAccount": {
      "module": "vb/action/builtin/ifAction",
      "parameters": {
        "condition": "[[ $page.variables.FlowAccount ]]"
      },
      "outcomes": {
        "true": "callRestGetAccountTypeTabledata2"
      }
    },
    "callRestGetAccountTypeTabledata2": {
      "module": "vb/action/builtin/restAction",
      "parameters": {
        "endpoint": "devOrds/getAccountTypeTabledata",
        "uriParams": {
          "ACCOUNT_NUMBER": "{{ $page.variables.FlowAccount }}"
        }
      },
      "outcomes": {
        "success": "assignVariablesSearchObj2"
      }
    },
    "assignVariablesSearchObj2": {
      "module": "vb/action/builtin/assignVariablesAction",
      "parameters": {
        "$page.variables.searchObj": {
          "source": "{{ $chain.results.callRestGetAccountTypeTabledata2.body.items[0] }}",
          "auto": "always"
        }
      }
    }
  }
}