{
  "description": "",
  "root": "if3",
  "actions": {
    "fireNotification": {
      "module": "vb/action/builtin/fireNotificationEventAction",
      "parameters": {
        "target": "leaf",
        "summary": "[[ $chain.results.callRestPostDistributionTitleRightsDeleteSelectedCountries.message.summary ]]",
        "type": "error",
        "displayMode": "persist"
      }
    },
    "callFunctionPrepareDeletePayLoad": {
      "module": "vb/action/builtin/callModuleFunctionAction",
      "parameters": {
        "module": "[[ $functions ]]",
        "functionName": "PrepareDeletePayLoad",
        "params": [
          "{{ $page.variables.currentSelection }}",
          "{{ $page.variables.p_country_group }}"
        ]
      },
      "outcomes": {
        "success": "callRestPostDistributionTitleRightsDeleteSelectedCountries"
      }
    },
    "callRestPostDistributionTitleRightsDeleteSelectedCountries": {
      "module": "vb/action/builtin/restAction",
      "parameters": {
        "endpoint": "ordsHbg_integration/postDistributionTitleRightsDeleteSelectedCountries",
        "body": "{{ $chain.results.callFunctionPrepareDeletePayLoad }}"
      },
      "outcomes": {
        "failure": "fireNotification",
        "success": "if"
      }
    },
    "callChainSearch": {
      "module": "vb/action/builtin/callChainAction",
      "parameters": {
        "id": "SearchActionChain"
      }
    },
    "ifCurrentSelection": {
      "module": "vb/action/builtin/ifAction",
      "parameters": {
        "condition": "[[ $page.variables.currentSelection == 'All rows are selected' ]]"
      },
      "outcomes": {
        "false": "fireNotification6",
        "true": "resetVariablesGetCountryAssocListADP"
      }
    },
    "fireNotification3": {
      "module": "vb/action/builtin/fireNotificationEventAction",
      "parameters": {
        "target": "leaf",
        "summary": "Error Message",
        "message": "[[ $chain.results.callRestPostDistributionTitleRightsDeleteSelectedCountries.body.x_return_status ]]",
        "displayMode": "transient",
        "type": "error"
      }
    },
    "if": {
      "module": "vb/action/builtin/ifAction",
      "parameters": {
        "condition": "[[ $chain.results.callRestPostDistributionTitleRightsDeleteSelectedCountries.body.x_return_status == 'SUCCESS' ]]"
      },
      "outcomes": {
        "true": "ifCurrentSelection",
        "false": "fireNotification3"
      }
    },
    "resetVariablesGetCountryAssocListADP": {
      "module": "vb/action/builtin/resetVariablesAction",
      "parameters": {
        "variables": [
          "$page.variables.getCountryAssocListADP.data"
        ]
      },
      "outcomes": {
        "success": "fireNotification2"
      }
    },
    "if3": {
      "module": "vb/action/builtin/ifAction",
      "parameters": {
        "condition": "[[ $page.variables.currentSelection == 'undefined' || $page.variables.currentSelection == '' ]]"
      },
      "outcomes": {
        "false": "callFunctionPrepareDeletePayLoad",
        "true": "fireNotification5"
      }
    },
    "fireNotification5": {
      "module": "vb/action/builtin/fireNotificationEventAction",
      "parameters": {
        "target": "leaf",
        "summary": "Information Message",
        "message": "No Country selected for deletion",
        "displayMode": "transient",
        "type": "info"
      }
    },
    "fireNotification2": {
      "module": "vb/action/builtin/fireNotificationEventAction",
      "parameters": {
        "target": "leaf",
        "summary": "Success Message",
        "message": "All Rows are Successfully Deleted",
        "displayMode": "transient",
        "type": "confirmation"
      }
    },
    "fireNotification6": {
      "module": "vb/action/builtin/fireNotificationEventAction",
      "parameters": {
        "target": "leaf",
        "summary": "Success Message",
        "message": "Selected Countries are Successfully Deleted",
        "displayMode": "transient",
        "type": "confirmation"
      },
      "outcomes": {
        "success": "callChainSearch"
      }
    }
  },
  "variables": {}
}