{
  "description": "",
  "root": "callComponentCreateCriteriaOpen",
  "actions": {
    "callComponentCreateCriteriaOpen": {
      "module": "vb/action/builtin/callComponentMethodAction",
      "parameters": {
        "component": "{{ document.getElementById('CreateCriteria') }}",
        "method": "open"
      },
      "outcomes": {
        "success": "callRestGetReservationsUIGetReservationCriteria"
      }
    },
    "assignVariablesReservationCriteriaObj": {
      "module": "vb/action/builtin/assignVariablesAction",
      "parameters": {
        "$page.variables.ReservationCriteriaObj": {
          "source": "{{ $chain.results.callRestGetReservationsUIGetReservationCriteria.body.items[0] }}",
          "auto": "always"
        },
        "$page.variables.Flow_Override_HotTitle": {
          "source": "{{ $chain.results.callRestGetReservationsUIGetReservationCriteria.body.items[0].override_hot_title }}"
        }
      },
      "outcomes": {
        "success": "assignVariablesReservationCriteriaObj2"
      }
    },
    "fireNotification": {
      "module": "vb/action/builtin/fireNotificationEventAction",
      "parameters": {
        "target": "leaf",
        "summary": "[[ $chain.results.callRestGetReservationsUIGetReservationCriteria.message.summary ]]",
        "type": "error",
        "displayMode": "persist"
      }
    },
    "callRestGetReservationsUIGetReservationCriteria": {
      "module": "vb/action/builtin/restAction",
      "parameters": {
        "endpoint": "devOrds/getReservationsUIGetReservationCriteria",
        "uriParams": {
          "p_criteria_uid": "{{ $variables.current.row.criteria_uid }}"
        }
      },
      "outcomes": {
        "failure": "fireNotification",
        "success": "assignVariablesReservationCriteriaObj"
      }
    },
    "assignVariablesReservationCriteriaObj2": {
      "module": "vb/action/builtin/assignVariablesAction",
      "parameters": {
        "$page.variables.ReservationCriteriaObj": {
          "source": {
            "override_hot_title_dummy": [
              "{{ $page.variables.Flow_Override_HotTitle === \"Y\" ? \"Y\" : \"N\" }}"
            ]
          },
          "reset": "none",
          "auto": "always",
          "mapping": {
            "$target.override_hot_title_dummy": {
              "source": "$source.override_hot_title_dummy",
              "reset": "empty",
              "auto": "always"
            }
          }
        }
      }
    }
  },
  "variables": {
    "key": {
      "required": true,
      "type": "any",
      "input": "fromCaller"
    },
    "index": {
      "required": true,
      "type": "number",
      "input": "fromCaller"
    },
    "current": {
      "required": true,
      "type": "any",
      "input": "fromCaller"
    }
  }
}