{
  "description": "",
  "root": "if",
  "actions": {
    "if": {
      "module": "vb/action/builtin/ifAction",
      "parameters": {
        "condition": "[[ ($page.variables.CreateReservationLineObj.item_code !== null || $page.variables.CreateReservationLineObj.item_code !== undefined || $page.variables.CreateReservationLineObj.item_code !== '') && $page.variables.CreateReservationLineObj.reservation_type == 'Regular' ]]"
      },
      "outcomes": {
        "true": "assignVariablesReservationTypeChange"
      }
    },
    "assignVariablesReservationTypeChange": {
      "module": "vb/action/builtin/assignVariablesAction",
      "parameters": {
        "$page.variables.ReservationTypeChange": {
          "source": "Regular"
        }
      }
    }
  },
  "variables": {}
}