{
  "description": "",
  "root": "resetVariablesReservationHistoryTableADP",
  "actions": {
    "fireNotification": {
      "module": "vb/action/builtin/fireNotificationEventAction",
      "parameters": {
        "target": "leaf",
        "summary": "[[ $chain.results.callRestGetReservationsUIReservationHistory.message.summary ]]",
        "type": "error",
        "displayMode": "persist"
      }
    },
    "callRestGetReservationsUIReservationHistory": {
      "module": "vb/action/builtin/restAction",
      "parameters": {
        "endpoint": "devOrds/getReservationsUIReservationHistory",
        "uriParams": {
          "p_pre_reservation_number": "{{ $page.variables.Pre_Reservation_Number }}",
          "p_item_code": "{{ $page.variables.Item_code }}"
        }
      },
      "outcomes": {
        "failure": "fireNotification",
        "success": "if"
      }
    },
    "assignVariablesReservationHistoryTableADP": {
      "module": "vb/action/builtin/assignVariablesAction",
      "parameters": {
        "$page.variables.ReservationHistoryTableADP": {
          "source": {
            "data": "{{ $chain.results.callRestGetReservationsUIReservationHistory.body.items }}"
          },
          "reset": "none",
          "auto": "always"
        }
      }
    },
    "if": {
      "module": "vb/action/builtin/ifAction",
      "parameters": {
        "condition": "[[ $chain.results.callRestGetReservationsUIReservationHistory.body.count > 0 ]]"
      },
      "outcomes": {
        "true": "assignVariablesReservationHistoryTableADP",
        "false": "fireNotification3"
      }
    },
    "fireNotification3": {
      "module": "vb/action/builtin/fireNotificationEventAction",
      "parameters": {
        "target": "leaf",
        "displayMode": "transient",
        "summary": "No Data Found with given Criteria",
        "type": "info"
      }
    },
    "resetVariablesReservationHistoryTableADP": {
      "module": "vb/action/builtin/resetVariablesAction",
      "parameters": {
        "variables": [
          "$page.variables.ReservationHistoryTableADP"
        ]
      },
      "outcomes": {
        "success": "callRestGetReservationsUIReservationHistory"
      }
    }
  },
  "variables": {}
}