{

    "transactions": [

        {

            "transaction": {

                "customerTrxId": 12223444,

                "custAccountId": 121111,

                "accountNumber": null,

                "partyName": null,

                "partyId": null,

                "orgNbr": null,

                "invoiceNumber": null,

                "flagCode": null,

                "trxCode": null,

                "trxType": null,

                "claimNumber": null,

                "amount": null,

                "amountApplied": null,

                "balance": null,

                "dueDate": null,

                "newTrxCode": null,

                "newClaimNumber": null,

                "glAccountNumberNew": null,

                "glAccountNumber": null,

                "trxDate": null,

                "invoicePoNumber": null,

                "agingCat": null,

                "transactionClass": null,

                "action": null,

                "submittedBy": null,

                "submissionDate": null

            }

        },

        {

            "transaction": {

                "customerTrxId": 103444,

                "custAccountId": 121111,

                "accountNumber": null,

                "partyName": null,

                "partyId": null,

                "orgNbr": null,

                "invoiceNumber": null,

                "flagCode": null,

                "trxCode": null,

                "trxType": null,

                "claimNumber": null,

                "amount": null,

                "amountApplied": null,

                "balance": null,

                "dueDate": null,

                "newTrxCode": null,

                "newClaimNumber": null,

                "glAccountNumberNew": null,

                "glAccountNumber": null,

                "trxDate": null,

                "invoicePoNumber": null,

                "agingCat": null,

                "transactionClass": null,

                "action": null,

                "submittedBy": null,

                "submissionDate": null

            }

        }

    ]

}