{
    "items": [
        {
            "pre_reservation_number": 1000000000418
        },
        {
            "pre_reservation_number": 1000000000417
        },
        {
            "pre_reservation_number": 1000000000416
        },
        {
            "pre_reservation_number": 1000000000415
        },
        {
            "pre_reservation_number": 1000000000414
        },
        {
            "pre_reservation_number": 1000000000413
        },
        {
            "pre_reservation_number": 1000000000412
        },
        {
            "pre_reservation_number": 1000000000411
        },
        {
            "pre_reservation_number": 1000000000410
        },
        {
            "pre_reservation_number": 1000000000409
        },
        {
            "pre_reservation_number": 1000000000408
        },
        {
            "pre_reservation_number": 1000000000407
        },
        {
            "pre_reservation_number": 1000000000406
        },
        {
            "pre_reservation_number": 1000000000405
        },
        {
            "pre_reservation_number": 1000000000404
        },
        {
            "pre_reservation_number": 1000000000403
        },
        {
            "pre_reservation_number": 1000000000402
        },
        {
            "pre_reservation_number": 1000000000401
        },
        {
            "pre_reservation_number": 1000000000400
        },
        {
            "pre_reservation_number": 1000000000399
        },
        {
            "pre_reservation_number": 1000000000398
        },
        {
            "pre_reservation_number": 1000000000397
        },
        {
            "pre_reservation_number": 1000000000396
        },
        {
            "pre_reservation_number": 1000000000395
        },
        {
            "pre_reservation_number": 1000000000394
        },
        {
            "pre_reservation_number": 1000000000393
        },
        {
            "pre_reservation_number": 1000000000392
        },
        {
            "pre_reservation_number": 1000000000391
        },
        {
            "pre_reservation_number": 1000000000390
        },
        {
            "pre_reservation_number": 1000000000389
        },
        {
            "pre_reservation_number": 1000000000388
        },
        {
            "pre_reservation_number": 1000000000387
        },
        {
            "pre_reservation_number": 1000000000386
        },
        {
            "pre_reservation_number": 1000000000385
        },
        {
            "pre_reservation_number": 1000000000384
        },
        {
            "pre_reservation_number": 1000000000383
        },
        {
            "pre_reservation_number": 1000000000382
        },
        {
            "pre_reservation_number": 1000000000381
        },
        {
            "pre_reservation_number": 1000000000380
        },
        {
            "pre_reservation_number": 1000000000379
        },
        {
            "pre_reservation_number": 1000000000378
        },
        {
            "pre_reservation_number": 1000000000377
        },
        {
            "pre_reservation_number": 1000000000376
        },
        {
            "pre_reservation_number": 1000000000375
        },
        {
            "pre_reservation_number": 1000000000374
        },
        {
            "pre_reservation_number": 1000000000373
        },
        {
            "pre_reservation_number": 1000000000372
        },
        {
            "pre_reservation_number": 1000000000371
        },
        {
            "pre_reservation_number": 1000000000370
        },
        {
            "pre_reservation_number": 1000000000369
        },
        {
            "pre_reservation_number": 1000000000368
        },
        {
            "pre_reservation_number": 1000000000367
        },
        {
            "pre_reservation_number": 1000000000366
        },
        {
            "pre_reservation_number": 1000000000365
        },
        {
            "pre_reservation_number": 1000000000364
        },
        {
            "pre_reservation_number": 1000000000363
        },
        {
            "pre_reservation_number": 1000000000362
        },
        {
            "pre_reservation_number": 1000000000361
        },
        {
            "pre_reservation_number": 1000000000360
        },
        {
            "pre_reservation_number": 1000000000359
        },
        {
            "pre_reservation_number": 1000000000358
        },
        {
            "pre_reservation_number": 1000000000357
        },
        {
            "pre_reservation_number": 1000000000356
        },
        {
            "pre_reservation_number": 1000000000355
        },
        {
            "pre_reservation_number": 1000000000354
        },
        {
            "pre_reservation_number": 1000000000353
        },
        {
            "pre_reservation_number": 1000000000352
        },
        {
            "pre_reservation_number": 1000000000351
        },
        {
            "pre_reservation_number": 1000000000350
        },
        {
            "pre_reservation_number": 1000000000349
        },
        {
            "pre_reservation_number": 1000000000348
        },
        {
            "pre_reservation_number": 1000000000347
        },
        {
            "pre_reservation_number": 1000000000346
        },
        {
            "pre_reservation_number": 1000000000345
        },
        {
            "pre_reservation_number": 1000000000344
        },
        {
            "pre_reservation_number": 1000000000343
        },
        {
            "pre_reservation_number": 1000000000342
        },
        {
            "pre_reservation_number": 1000000000341
        },
        {
            "pre_reservation_number": 1000000000340
        },
        {
            "pre_reservation_number": 1000000000339
        },
        {
            "pre_reservation_number": 1000000000338
        },
        {
            "pre_reservation_number": 1000000000337
        },
        {
            "pre_reservation_number": 1000000000336
        },
        {
            "pre_reservation_number": 1000000000335
        },
        {
            "pre_reservation_number": 1000000000334
        },
        {
            "pre_reservation_number": 1000000000333
        },
        {
            "pre_reservation_number": 1000000000332
        },
        {
            "pre_reservation_number": 1000000000331
        },
        {
            "pre_reservation_number": 1000000000330
        },
        {
            "pre_reservation_number": 1000000000329
        },
        {
            "pre_reservation_number": 1000000000328
        },
        {
            "pre_reservation_number": 1000000000327
        },
        {
            "pre_reservation_number": 1000000000326
        },
        {
            "pre_reservation_number": 1000000000325
        },
        {
            "pre_reservation_number": 1000000000324
        },
        {
            "pre_reservation_number": 1000000000323
        },
        {
            "pre_reservation_number": 1000000000322
        },
        {
            "pre_reservation_number": 1000000000321
        },
        {
            "pre_reservation_number": 1000000000320
        },
        {
            "pre_reservation_number": 1000000000319
        },
        {
            "pre_reservation_number": 1000000000318
        },
        {
            "pre_reservation_number": 1000000000317
        },
        {
            "pre_reservation_number": 1000000000316
        },
        {
            "pre_reservation_number": 1000000000315
        },
        {
            "pre_reservation_number": 1000000000314
        },
        {
            "pre_reservation_number": 1000000000313
        },
        {
            "pre_reservation_number": 1000000000312
        },
        {
            "pre_reservation_number": 1000000000311
        },
        {
            "pre_reservation_number": 1000000000310
        },
        {
            "pre_reservation_number": 1000000000309
        },
        {
            "pre_reservation_number": 1000000000308
        },
        {
            "pre_reservation_number": 1000000000307
        },
        {
            "pre_reservation_number": 1000000000306
        },
        {
            "pre_reservation_number": 1000000000305
        },
        {
            "pre_reservation_number": 1000000000304
        },
        {
            "pre_reservation_number": 1000000000303
        },
        {
            "pre_reservation_number": 1000000000302
        },
        {
            "pre_reservation_number": 1000000000301
        },
        {
            "pre_reservation_number": 1000000000300
        },
        {
            "pre_reservation_number": 1000000000299
        },
        {
            "pre_reservation_number": 1000000000298
        },
        {
            "pre_reservation_number": 1000000000297
        },
        {
            "pre_reservation_number": 1000000000296
        },
        {
            "pre_reservation_number": 1000000000295
        },
        {
            "pre_reservation_number": 1000000000294
        },
        {
            "pre_reservation_number": 1000000000293
        },
        {
            "pre_reservation_number": 1000000000292
        },
        {
            "pre_reservation_number": 1000000000291
        },
        {
            "pre_reservation_number": 1000000000290
        },
        {
            "pre_reservation_number": 1000000000289
        },
        {
            "pre_reservation_number": 1000000000288
        },
        {
            "pre_reservation_number": 1000000000287
        },
        {
            "pre_reservation_number": 1000000000286
        },
        {
            "pre_reservation_number": 1000000000285
        },
        {
            "pre_reservation_number": 1000000000284
        },
        {
            "pre_reservation_number": 1000000000283
        },
        {
            "pre_reservation_number": 1000000000282
        },
        {
            "pre_reservation_number": 1000000000281
        },
        {
            "pre_reservation_number": 1000000000280
        },
        {
            "pre_reservation_number": 1000000000279
        },
        {
            "pre_reservation_number": 1000000000278
        },
        {
            "pre_reservation_number": 1000000000277
        },
        {
            "pre_reservation_number": 1000000000276
        },
        {
            "pre_reservation_number": 1000000000275
        },
        {
            "pre_reservation_number": 1000000000274
        },
        {
            "pre_reservation_number": 1000000000273
        },
        {
            "pre_reservation_number": 1000000000272
        },
        {
            "pre_reservation_number": 1000000000271
        },
        {
            "pre_reservation_number": 1000000000270
        },
        {
            "pre_reservation_number": 1000000000269
        },
        {
            "pre_reservation_number": 1000000000268
        },
        {
            "pre_reservation_number": 1000000000267
        },
        {
            "pre_reservation_number": 1000000000266
        },
        {
            "pre_reservation_number": 1000000000265
        },
        {
            "pre_reservation_number": 1000000000264
        },
        {
            "pre_reservation_number": 1000000000263
        },
        {
            "pre_reservation_number": 1000000000262
        },
        {
            "pre_reservation_number": 1000000000261
        },
        {
            "pre_reservation_number": 1000000000260
        },
        {
            "pre_reservation_number": 1000000000259
        },
        {
            "pre_reservation_number": 1000000000258
        },
        {
            "pre_reservation_number": 1000000000257
        },
        {
            "pre_reservation_number": 1000000000256
        },
        {
            "pre_reservation_number": 1000000000255
        },
        {
            "pre_reservation_number": 1000000000254
        },
        {
            "pre_reservation_number": 1000000000250
        },
        {
            "pre_reservation_number": 1000000000249
        },
        {
            "pre_reservation_number": 1000000000248
        },
        {
            "pre_reservation_number": 1000000000247
        },
        {
            "pre_reservation_number": 1000000000246
        },
        {
            "pre_reservation_number": 1000000000245
        },
        {
            "pre_reservation_number": 1000000000244
        },
        {
            "pre_reservation_number": 1000000000243
        },
        {
            "pre_reservation_number": 1000000000242
        },
        {
            "pre_reservation_number": 1000000000241
        },
        {
            "pre_reservation_number": 1000000000240
        },
        {
            "pre_reservation_number": 1000000000239
        },
        {
            "pre_reservation_number": 1000000000238
        },
        {
            "pre_reservation_number": 1000000000237
        },
        {
            "pre_reservation_number": 1000000000236
        },
        {
            "pre_reservation_number": 1000000000235
        },
        {
            "pre_reservation_number": 1000000000234
        },
        {
            "pre_reservation_number": 1000000000233
        },
        {
            "pre_reservation_number": 1000000000232
        },
        {
            "pre_reservation_number": 1000000000231
        },
        {
            "pre_reservation_number": 1000000000230
        },
        {
            "pre_reservation_number": 1000000000229
        },
        {
            "pre_reservation_number": 1000000000228
        },
        {
            "pre_reservation_number": 1000000000227
        },
        {
            "pre_reservation_number": 1000000000226
        },
        {
            "pre_reservation_number": 1000000000225
        },
        {
            "pre_reservation_number": 1000000000224
        },
        {
            "pre_reservation_number": 1000000000223
        },
        {
            "pre_reservation_number": 1000000000222
        },
        {
            "pre_reservation_number": 1000000000221
        },
        {
            "pre_reservation_number": 1000000000220
        },
        {
            "pre_reservation_number": 1000000000219
        },
        {
            "pre_reservation_number": 1000000000218
        },
        {
            "pre_reservation_number": 1000000000217
        },
        {
            "pre_reservation_number": 1000000000216
        },
        {
            "pre_reservation_number": 1000000000215
        },
        {
            "pre_reservation_number": 1000000000214
        },
        {
            "pre_reservation_number": 1000000000213
        },
        {
            "pre_reservation_number": 1000000000212
        },
        {
            "pre_reservation_number": 1000000000211
        },
        {
            "pre_reservation_number": 1000000000210
        },
        {
            "pre_reservation_number": 1000000000209
        },
        {
            "pre_reservation_number": 1000000000208
        },
        {
            "pre_reservation_number": 1000000000207
        },
        {
            "pre_reservation_number": 1000000000206
        },
        {
            "pre_reservation_number": 1000000000205
        },
        {
            "pre_reservation_number": 1000000000204
        },
        {
            "pre_reservation_number": 1000000000200
        },
        {
            "pre_reservation_number": 1000000000199
        },
        {
            "pre_reservation_number": 1000000000196
        },
        {
            "pre_reservation_number": 1000000000195
        },
        {
            "pre_reservation_number": 1000000000194
        },
        {
            "pre_reservation_number": 1000000000193
        },
        {
            "pre_reservation_number": 1000000000192
        },
        {
            "pre_reservation_number": 1000000000191
        },
        {
            "pre_reservation_number": 1000000000190
        },
        {
            "pre_reservation_number": 1000000000189
        },
        {
            "pre_reservation_number": 1000000000188
        },
        {
            "pre_reservation_number": 1000000000187
        },
        {
            "pre_reservation_number": 1000000000186
        },
        {
            "pre_reservation_number": 1000000000185
        },
        {
            "pre_reservation_number": 1000000000184
        },
        {
            "pre_reservation_number": 1000000000183
        },
        {
            "pre_reservation_number": 1000000000182
        },
        {
            "pre_reservation_number": 1000000000181
        },
        {
            "pre_reservation_number": 1000000000180
        },
        {
            "pre_reservation_number": 1000000000179
        },
        {
            "pre_reservation_number": 1000000000178
        },
        {
            "pre_reservation_number": 1000000000177
        },
        {
            "pre_reservation_number": 1000000000176
        },
        {
            "pre_reservation_number": 1000000000175
        },
        {
            "pre_reservation_number": 1000000000174
        },
        {
            "pre_reservation_number": 1000000000173
        },
        {
            "pre_reservation_number": 1000000000172
        },
        {
            "pre_reservation_number": 1000000000171
        },
        {
            "pre_reservation_number": 1000000000170
        },
        {
            "pre_reservation_number": 1000000000169
        },
        {
            "pre_reservation_number": 1000000000168
        },
        {
            "pre_reservation_number": 1000000000167
        },
        {
            "pre_reservation_number": 1000000000166
        },
        {
            "pre_reservation_number": 1000000000165
        },
        {
            "pre_reservation_number": 1000000000164
        },
        {
            "pre_reservation_number": 1000000000163
        },
        {
            "pre_reservation_number": 1000000000162
        },
        {
            "pre_reservation_number": 1000000000161
        },
        {
            "pre_reservation_number": 1000000000160
        },
        {
            "pre_reservation_number": 1000000000159
        },
        {
            "pre_reservation_number": 1000000000158
        },
        {
            "pre_reservation_number": 1000000000157
        },
        {
            "pre_reservation_number": 1000000000156
        },
        {
            "pre_reservation_number": 1000000000155
        },
        {
            "pre_reservation_number": 1000000000154
        },
        {
            "pre_reservation_number": 1000000000153
        },
        {
            "pre_reservation_number": 1000000000152
        },
        {
            "pre_reservation_number": 1000000000151
        },
        {
            "pre_reservation_number": 1000000000150
        },
        {
            "pre_reservation_number": 1000000000149
        },
        {
            "pre_reservation_number": 1000000000148
        },
        {
            "pre_reservation_number": 1000000000147
        },
        {
            "pre_reservation_number": 1000000000145
        },
        {
            "pre_reservation_number": 1000000000144
        },
        {
            "pre_reservation_number": 1000000000117
        },
        {
            "pre_reservation_number": 1000000000115
        },
        {
            "pre_reservation_number": 1000000000110
        },
        {
            "pre_reservation_number": 503113198890
        },
        {
            "pre_reservation_number": 211173353000
        },
        {
            "pre_reservation_number": 111931452370
        },
        {
            "pre_reservation_number": 5555555555
        },
        {
            "pre_reservation_number": 326598741
        },
        {
            "pre_reservation_number": 124578963
        },
        {
            "pre_reservation_number": 123456789
        },
        {
            "pre_reservation_number": 123123123
        },
        {
            "pre_reservation_number": 112112
        },
        {
            "pre_reservation_number": 21117
        }
    ],
    "hasMore": false,
    "limit": 10000,
    "offset": 0,
    "count": 279,
    "links": [
        {
            "rel": "self",
            "href": "https://10.2.0.169:8081/ords/hbg_integration/ReservationsUI/getReservationNumber"
        },
        {
            "rel": "describedby",
            "href": "https://10.2.0.169:8081/ords/hbg_integration/metadata-catalog/ReservationsUI/item"
        },
        {
            "rel": "first",
            "href": "https://10.2.0.169:8081/ords/hbg_integration/ReservationsUI/getReservationNumber?limit=10000"
        }
    ]
}