{
    "items": [
        {
            "category2_code": "01",
            "category2_id": 4085189092
        },
        {
            "category2_code": "01",
            "category2_id": 4085189135
        },
        {
            "category2_code": "01",
            "category2_id": 4085189137
        },
        {
            "category2_code": "01",
            "category2_id": 4085189238
        },
        {
            "category2_code": "01",
            "category2_id": 4085189268
        },
        {
            "category2_code": "01",
            "category2_id": 4085189276
        },
        {
            "category2_code": "01",
            "category2_id": 4085189458
        },
        {
            "category2_code": "02",
            "category2_id": 5064743833
        },
        {
            "category2_code": "01",
            "category2_id": 4085189644
        },
        {
            "category2_code": "01",
            "category2_id": 4085189704
        },
        {
            "category2_code": "01",
            "category2_id": 4085189751
        },
        {
            "category2_code": "01",
            "category2_id": 4085189963
        },
        {
            "category2_code": "01",
            "category2_id": 4085189971
        },
        {
            "category2_code": "01",
            "category2_id": 4085190013
        },
        {
            "category2_code": "01",
            "category2_id": 4085190025
        },
        {
            "category2_code": "01",
            "category2_id": 4085190030
        },
        {
            "category2_code": "01",
            "category2_id": 4085190032
        },
        {
            "category2_code": "01",
            "category2_id": 4085190094
        },
        {
            "category2_code": "01",
            "category2_id": 4085190104
        },
        {
            "category2_code": "01",
            "category2_id": 4085288561
        },
        {
            "category2_code": "01",
            "category2_id": 4085289213
        },
        {
            "category2_code": "01",
            "category2_id": 4085289244
        },
        {
            "category2_code": "01",
            "category2_id": 4085289444
        },
        {
            "category2_code": "01",
            "category2_id": 4085290282
        },
        {
            "category2_code": "01",
            "category2_id": 4085290394
        }
    ],
    "hasMore": true,
    "limit": 25,
    "offset": 0,
    "count": 25,
    "links": [
        {
            "rel": "self",
            "href": "https://10.2.0.169:8081/ords/hbg_integration/familyCode/getCat2Id?p_reporting_group_id=4055410720"
        },
        {
            "rel": "describedby",
            "href": "https://10.2.0.169:8081/ords/hbg_integration/metadata-catalog/familyCode/item"
        },
        {
            "rel": "first",
            "href": "https://10.2.0.169:8081/ords/hbg_integration/familyCode/getCat2Id?p_reporting_group_id=4055410720"
        },
        {
            "rel": "next",
            "href": "https://10.2.0.169:8081/ords/hbg_integration/familyCode/getCat2Id?p_reporting_group_id=4055410720&offset=25"
        }
    ]
}