{
    "items": [
        {
            "reporting_grp_code": "Q2",
            "reporting_grp_name": "peloton1",
            "reporting_grp_abbr": "test1"
        },
        {
            "reporting_grp_code": null,
            "reporting_grp_name": null,
            "reporting_grp_abbr": null
        },
        {
            "reporting_grp_code": "t1",
            "reporting_grp_name": "pel2",
            "reporting_grp_abbr": "abbr"
        }
    ],
    "hasMore": false,
    "limit": 25,
    "offset": 0,
    "count": 3,
    "links": [
        {
            "rel": "self",
            "href": "https://10.2.0.169:8081/ords/hbg_integration/familyCode/ReportingGrpLOV"
        },
        {
            "rel": "describedby",
            "href": "https://10.2.0.169:8081/ords/hbg_integration/metadata-catalog/familyCode/item"
        },
        {
            "rel": "first",
            "href": "https://10.2.0.169:8081/ords/hbg_integration/familyCode/ReportingGrpLOV"
        }
    ]
}