{
  "description": "",
  "root": "resetVariablesGetTitleRightDetailsADP",
  "actions": {
    "fireNotification": {
      "module": "vb/action/builtin/fireNotificationEventAction",
      "parameters": {
        "target": "leaf",
        "summary": "[[ $chain.results.callRestGetDistributionTitleRightsGetTitleRightDetailsInfo2.message.summary ]]",
        "type": "error",
        "displayMode": "persist"
      }
    },
    "callRestGetDistributionTitleRightsGetTitleRightDetailsInfo2": {
      "module": "vb/action/builtin/restAction",
      "parameters": {
        "endpoint": "ordsHbg_integration/getDistributionTitleRightsGetTitleRightDetailsInfo2",
       
        "uriParams": {
          "P_COUNTRY_CODE": "{{ $page.variables.p_country_code == null ? '' :$page.variables.p_country_code }}",
          "P_TITLE_RIGHT_ID": "{{ $flow.variables.getTitleRightHeaderinfoObj.title_right_id }}",
          "P_COUNTRY_NAME": "{{ $page.variables.p_country_name == null ? '' : $page.variables.p_country_name }}"
        }
      },
      "outcomes": {
        "failure": "fireNotification",
        "success": "if"
      }
    },
    "if": {
      "module": "vb/action/builtin/ifAction",
      "parameters": {
        "condition": "[[ $chain.results.callRestGetDistributionTitleRightsGetTitleRightDetailsInfo2.body.count == 0 ]]"
      },
      "outcomes": {
        "false": "assignVariablesGetTitleRightDetailsADP",
        "true": "fireNotification3"
      }
    },
    "fireNotification3": {
      "module": "vb/action/builtin/fireNotificationEventAction",
      "parameters": {
        "target": "leaf",
        "summary": "Information Message",
        "message": "No Associations has been established",
        "displayMode": "transient",
        "type": "info"
      }
    },
    "fireNotification4": {
      "module": "vb/action/builtin/fireNotificationEventAction",
      "parameters": {
        "target": "leaf",
        "summary": "Information Message",
        "message": "Please select the valid item before search",
        "displayMode": "transient",
        "type": "info"
      }
    },
    "if3": {
      "module": "vb/action/builtin/ifAction",
      "parameters": {
        "condition": "[[ $flow.variables.getTitleRightHeaderinfoObj.title_right_id == null || $flow.variables.getTitleRightHeaderinfoObj.title_right_id == '' || $flow.variables.getTitleRightHeaderinfoObj.title_right_id == 'undefined' ]]"
      },
      "outcomes": {
        "false": "callRestGetDistributionTitleRightsGetTitleRightDetailsInfo2",
        "true": "fireNotification4"
      }
    },
    "resetVariablesGetTitleRightDetailsADP": {
      "module": "vb/action/builtin/resetVariablesAction",
      "parameters": {
        "variables": [
          "$page.variables.getTitleRightDetailsADP"
        ]
      },
      "outcomes": {
        "success": "if3"
      }
    },
    "assignVariablesGetTitleRightDetailsADP": {
      "module": "vb/action/builtin/assignVariablesAction",
      "parameters": {
        "$page.variables.getTitleRightDetailsADP": {
          "source": {
            "data": "{{ $chain.results.callRestGetDistributionTitleRightsGetTitleRightDetailsInfo2.body.items }}"
          },
          "reset": "none",
          "auto": "always",
          "mapping": {
            "$target.data": {
              "source": "$source.data",
              "reset": "empty"
            }
          }
        }
      }
    }
  },
  "variables": {}
}