{
    "items": [
        {
            "party_id": 100000224222569,
            "party_name": "AMAZON",
            "party_number": "90001403"
        },
        {
            "party_id": 300000007161856,
            "party_name": "UNICREDIT",
            "party_number": "9000"
        },
        {
            "party_id": 100000230814414,
            "party_name": "NEIMAN MARCUS GROUP",
            "party_number": "90001325"
        },
        {
            "party_id": 100000227141125,
            "party_name": "METROPOLITAN MUSEUM",
            "party_number": "90001490"
        },
        {
            "party_id": 100000227141126,
            "party_name": "SCHOLASTIC INC",
            "party_number": "90000478"
        },
        {
            "party_id": 100000228245822,
            "party_name": "BARNES & NOBLE INC",
            "party_number": "90000916"
        },
        {
            "party_id": 100000257452451,
            "party_name": "CONNELLY DESIGN INC",
            "party_number": "90001272"
        },
        {
            "party_id": 100000257452452,
            "party_name": "ALLENTOWN ART MUSEUM",
            "party_number": "90001154"
        },
        {
            "party_id": 100000257452453,
            "party_name": "MAGGIES",
            "party_number": "90001277"
        },
        {
            "party_id": 100000257452454,
            "party_name": "EDICIONES ZETA S.C.R.L.",
            "party_number": "90001747"
        },
        {
            "party_id": 100000257452455,
            "party_name": "ELLIOTT BAY BOOK CO",
            "party_number": "90001432"
        },
        {
            "party_id": 100000257452394,
            "party_name": "TNG CANADA",
            "party_number": "90002073"
        },
        {
            "party_id": 100000257451977,
            "party_name": "SWIPE BOOKS",
            "party_number": "90001803"
        },
        {
            "party_id": 100000257451978,
            "party_name": "MESSINTER S.p.A.",
            "party_number": "90001970"
        },
        {
            "party_id": 100000257452174,
            "party_name": "THE WINSOR SCHOOL",
            "party_number": "90000826"
        },
        {
            "party_id": 100000257452175,
            "party_name": "UNIVERSITY BOOK STORE",
            "party_number": "90000693"
        },
        {
            "party_id": 100000257451917,
            "party_name": "SAN FRANCISCO STATE UNIV",
            "party_number": "90000058"
        },
        {
            "party_id": 100000257451918,
            "party_name": "THE BOOKSHELF",
            "party_number": "90000591"
        },
        {
            "party_id": 100000257460704,
            "party_name": "INN AT LITTLE WASHINGTON",
            "party_number": "90001378"
        },
        {
            "party_id": 100000257460705,
            "party_name": "A BOOK FOR ALL SEASONS",
            "party_number": "90001399"
        },
        {
            "party_id": 100000257460706,
            "party_name": "LITTLE READ BOOKSTORE",
            "party_number": "90001439"
        },
        {
            "party_id": 100000257460707,
            "party_name": "CROWN HOUSE OF GIFTS",
            "party_number": "90000862"
        },
        {
            "party_id": 100000257459017,
            "party_name": "STONEWALL KITCHEN",
            "party_number": "90000723"
        },
        {
            "party_id": 100000257459610,
            "party_name": "INDIGO BOOKS & MUSIC CTR",
            "party_number": "90002074"
        },
        {
            "party_id": 100000257457932,
            "party_name": "RANDOLPH MACON COLLEGE",
            "party_number": "90001392"
        }
    ],
    "hasMore": true,
    "limit": 25,
    "offset": 0,
    "count": 25,
    "links": [
        {
            "rel": "self",
            "href": "https://10.2.0.169:8081/ords/hbg_integration/Common/getOrganizationNumber?party_number=9000"
        },
        {
            "rel": "describedby",
            "href": "https://10.2.0.169:8081/ords/hbg_integration/metadata-catalog/Common/item"
        },
        {
            "rel": "first",
            "href": "https://10.2.0.169:8081/ords/hbg_integration/Common/getOrganizationNumber?party_number=9000"
        },
        {
            "rel": "next",
            "href": "https://10.2.0.169:8081/ords/hbg_integration/Common/getOrganizationNumber?party_number=9000&offset=25"
        }
    ]
}