{
  "description": "",
  "root": "callRestGetFamilyCodeFormat2",
  "actions": {
    "fireNotification": {
      "module": "vb/action/builtin/fireNotificationEventAction",
      "parameters": {
        "target": "leaf",
        "summary": "Failed to Fetch Data",
        "type": "error",
        "displayMode": "transient"
      }
    },
    "callRestGetFamilyCodeFormat2": {
      "module": "vb/action/builtin/restAction",
      "parameters": {
        "endpoint": "devOrds/getFamilyCodeFormat2",
        "uriParams": {
          "P_FORMAT_CODE": "{{ $page.variables.SelectedFormatCode ? $page.variables.SelectedFormatCode : \"\" }}",
          "P_FORMAT_ABBR": "{{ $page.variables.selectedFormatAbbr ? $page.variables.selectedFormatAbbr:\"\" }}",
          "P_FORMAT_NAME": "{{ $page.variables.selectedFormatName ? $page.variables.selectedFormatName:\"\" }}"
        }
      },
      "outcomes": {
        "failure": "fireNotification",
        "success": "assignVariablesFormatADP"
      }
    },
    "assignVariablesFormatADP": {
      "module": "vb/action/builtin/assignVariablesAction",
      "parameters": {
        "$page.variables.FormatADP": {
          "source": {
            "data": "{{ $chain.results.callRestGetFamilyCodeFormat2.body.items }}"
          },
          "reset": "none",
          "auto": "always"
        }
      }
    }
  },
  "variables": {}
}