{
  "description": "",
  "root": "resetVariablesCreateFormatObj",
  "actions": {
    "callComponentCreateFormatOpen": {
      "module": "vb/action/builtin/callComponentMethodAction",
      "parameters": {
        "component": "{{ document.getElementById('createFormat') }}",
        "method": "open"
      }
    },
    "resetVariablesCreateFormatObj": {
      "module": "vb/action/builtin/resetVariablesAction",
      "parameters": {
        "variables": [
          "$page.variables.CreateFormatObj"
        ]
      },
      "outcomes": {
        "success": "assignVariablesFormatDlglabel"
      }
    },
    "assignVariablesFormatDlglabel": {
      "module": "vb/action/builtin/assignVariablesAction",
      "parameters": {
        "$page.variables.formatDlglabel": {
          "source": "Create"
        }
      },
      "outcomes": {
        "success": "callComponentCreateFormatOpen"
      }
    }
  },
  "variables": {}
}