{
    "P_LINE_ID": null,
    "P_BATCH_ID": 1005,
    "P_BUSINESS_UNIT": "ASD",
    "P_PAYMENT_TYPE": "ASD",
    "P_PAYMENT_DATE": "2023-02-20T18:25:43.511Z",
    "P_ACCOUNT_NUMBER": "ASD",
    "P_ACCOUNT_NAME": "ASD",
    "P_PAYMENT_METHOD": "ASD",
    "P_CURRENCY": "ASD",
    "P_GL_ACCOUNT": "ASD",
    "P_CREATION_DATE": "2023-02-20T18:25:43.511Z",
    "P_CREATED_BY": "ASD",
    "P_LAST_UPDATE_DATE": "2023-02-20T18:25:43.511Z",
    "P_LAST_UPDATED_BY" : "ASD",
    "P_RETURN_STATUS": "ASD",
    "P_RETURN_MESSAGE": "ASD"
}