 {
" owner                        " : ""  ,
"owner_description             " : "" ,
"reporting_group               " : "" ,
"reporting_group_description   " : "" ,
"category_1                    " : "" ,
"category_1_description        " : "" ,
"category_2                    " : "" ,
"category_2_description        " : "" ,
"format                        " : "" ,
"format_description            " : "" ,
"sub_format                    " : "" ,
"sub_format_description        " : "" ,
"bisac                         " : "" ,
"bisac_description             " : "" ,
"customer_org_number           " : "" ,
"organization_name             " : "" ,
"customer_account_number       " : "" ,
"account_name                  " : "" ,
"account_type                  " : "" ,
"bill_to_                      " : "" ,
"state_province                " : "" ,
"bill_to_country               " : "" ,
"alt_sales_country             " : "" ,
"ship_to_number                " : "" ,
"ship_to_name                  " : "" ,
"ship_to_state                 " : "" ,
"ship_to_country               " : "" ,
"final_destination_country     " : "" ,
"sales_force                   " : "" ,
"sales_force_name              " : "" ,
"division                      " : "" ,
"division_name                 " : "" ,
"territory                     " : "" ,
"territory_name                " : "" ,
"sales_rep                     " : "" ,
"sales_rep_name                " : "" ,
"override                      " : "" ,
"account_override_start_date   " : "" ,
"account_override_end_date     " : "" ,
"notes                         " : "" ,
"entered_by                    " : "" ,
"entered_date                  " : "",
"updated_by                    " : "" ,
"updated_date                  " : "" ,
"start_date                    " : "" ,
"end_date                      " : "",
"status                        " : "" ,
"sales_force_id                " : "" 
}