{
  "description": "",
  "root": "if",
  "actions": {
    "assignVariablesSalesAssignRow": {
      "module": "vb/action/builtin/assignVariablesAction",
      "parameters": {
        "$page.variables.SalesAssignRow": {
          "source": {
            "category_1_description": "{{ $variables.data.meaning }}"
          },
          "reset": "none",
          "auto": "always"
        }
      },
      "outcomes": {
        "success": "resetVariablesRowCategory1"
      }
    },
    "resetVariablesSalesAssignRow": {
      "module": "vb/action/builtin/resetVariablesAction",
      "parameters": {
        "variables": [
          "$page.variables.SalesAssignRow.category_1_description",
          "$page.variables.SalesAssignRow.category_2",
          "$page.variables.SalesAssignRow.category_2_description"
        ]
      },
      "outcomes": {
        "success": "assignVariablesSalesAssignRow"
      }
    },
    "if": {
      "module": "vb/action/builtin/ifAction",
      "parameters": {
        "condition": "[[ $variables.data.description !== $page.variables.RowCategory1 ]]"
      },
      "outcomes": {
        "true": "resetVariablesSalesAssignRow"
      }
    },
    "resetVariablesRowCategory1": {
      "module": "vb/action/builtin/resetVariablesAction",
      "parameters": {
        "variables": [
          "$page.variables.RowCategory1"
        ]
      }
    }
  },
  "variables": {
    "key": {
      "required": true,
      "type": "any",
      "input": "fromCaller"
    },
    "data": {
      "required": true,
      "type": "any",
      "input": "fromCaller"
    },
    "metadata": {
      "required": true,
      "type": "any",
      "input": "fromCaller"
    }
  }
}