{
  "description": "",
  "root": "assignVariablesSalesAssignCreatObj",
  "actions": {
    "assignVariablesSalesAssignCreatObj": {
      "module": "vb/action/builtin/assignVariablesAction",
      "parameters": {
        "$page.variables.salesAssignCreatObj": {
          "source": "{{ $variables.current.row }}",
          "auto": "always"
        },
        "$page.variables.Rowterritory": {
          "source": "{{ $variables.current.row.territory }}"
        },
        "$page.variables.RowSalesRep": {
          "source": "{{ $variables.current.row.sales_rep }}"
        },
        "$page.variables.RowOwner": {
          "source": "{{ $variables.current.row.owner }}"
        },
        "$page.variables.RowSalesForce": {
          "source": "{{ $variables.current.row.sales_force }}"
        },
        "$page.variables.RowDivision": {
          "source": "{{ $variables.current.row.division }}"
        },
        "$page.variables.RowCategory2": {
          "source": "{{ $variables.current.row.category_2 }}"
        },
        "$page.variables.RowCategory1": {
          "source": "{{ $variables.current.row.category_1 }}"
        },
        "$page.variables.RowOrganization": {
          "source": "{{ $variables.current.row.customer_org_number }}"
        },
        "$page.variables.RowReportingGroup": {
          "source": "{{ $variables.current.row.reporting_group }}"
        },
        "$page.variables.RowAccount": {
          "source": "{{ $variables.current.row.customer_account_number }}"
        },
        "$page.variables.dlgLabel": {
          "source": "Edit"
        }
      },
      "outcomes": {
        "success": "callComponentCreatesalesAssignOpen"
      }
    },
    "callComponentCreatesalesAssignOpen": {
      "module": "vb/action/builtin/callComponentMethodAction",
      "parameters": {
        "component": "{{ document.getElementById('createsalesAssign') }}",
        "method": "open"
      }
    }
  },
  "variables": {
    "key": {
      "required": true,
      "type": "any",
      "input": "fromCaller"
    },
    "index": {
      "required": true,
      "type": "number",
      "input": "fromCaller"
    },
    "current": {
      "required": true,
      "type": "any",
      "input": "fromCaller"
    }
  }
}