{
  "root": "callRestGetAllAccounts",
  "description": "",
  "actions": {
    "fireNotification": {
      "module": "vb/action/builtin/fireNotificationEventAction",
      "parameters": {
        "target": "leaf",
        "summary": "[[ $chain.results.callRestGetAllAccounts.message.summary ]]",
        "type": "error",
        "displayMode": "persist"
      }
    },
    "callRestGetAllAccounts": {
      "module": "vb/action/builtin/restAction",
      "parameters": {
        "endpoint": "devOrds/getAllAccounts",
        "uriParams": {
          "party_id": "{{ $page.variables.salesAssignCreatObj.customer_org_number ? $page.variables.salesAssignCreatObj.customer_org_number : \"\" }}",
          "p_acct_number": "{{ \"\" }}"
        }
      },
      "outcomes": {
        "failure": "fireNotification",
        "success": "assignVariablesAccountNumberArray"
      }
    },
    "assignVariablesAccountNumberArray": {
      "module": "vb/action/builtin/assignVariablesAction",
      "parameters": {
        "$page.variables.AccountNumberArray": {
          "source": [
            "{{ $chain.results.callRestGetAllAccounts.body.items }}"
          ],
          "reset": "none",
          "auto": "always"
        }
      }
    }
  }
}