{
  "description": "",
  "root": "if",
  "actions": {

    "if": {
      "module": "vb/action/builtin/ifAction",
      "parameters": {
        "condition": "[[ $variables.data.description !== $page.variables.RowReportingGroup ]]"
      },
      "outcomes": {
        "true": "resetVariablesSalesAssignCreatObj"
      }
    },
    "resetVariablesRowReportingGroup": {
      "module": "vb/action/builtin/resetVariablesAction",
      "parameters": {
        "variables": [
          "$page.variables.RowReportingGroup"
        ]
      }
    },
    "assignVariablesSalesAssignCreatObj": {
      "module": "vb/action/builtin/assignVariablesAction",
      "parameters": {
        "$page.variables.salesAssignCreatObj": {
          "source": {
            "reporting_group_description": "{{ $variables.data.meaning }}"
          },
          "reset": "none",
          "auto": "always"
        }
      },
      "outcomes": {
        "success": "resetVariablesRowReportingGroup"
      }
    },
    "resetVariablesSalesAssignCreatObj": {
      "module": "vb/action/builtin/resetVariablesAction",
      "parameters": {
        "variables": [
          "$page.variables.salesAssignCreatObj.category_1",
          "$page.variables.salesAssignCreatObj.category_1_description",
          "$page.variables.salesAssignCreatObj.category_2",
          "$page.variables.salesAssignCreatObj.category_2_description"
        ]
      },
      "outcomes": {
        "success": "assignVariablesSalesAssignCreatObj"
      }
    }
  },
  "variables": {
    "key": {
      "required": true,
      "type": "any",
      "input": "fromCaller"
    },
    "data": {
      "required": true,
      "type": "any",
      "input": "fromCaller"
    },
    "metadata": {
      "required": true,
      "type": "any",
      "input": "fromCaller"
    }
  }
}