{
  "description": "",
  "root": "resetVariablesSelectedSFnumber",
  "actions": {
    "resetVariablesSelectedSFnumber": {
      "module": "vb/action/builtin/resetVariablesAction",
      "parameters": {
        "variables": [
          "$page.variables.SelectedSFnumber",
          "$page.variables.SalesAssignTblADP.data",
          "$page.variables.itemnum",
          "$page.variables.selectedOverride",
          "$page.variables.SelectedStatus"
        ]
      },
      "outcomes": {
        "success": "callChainFetchSalesAssignTbl"
      }
    },
    "callChainFetchSalesAssignTbl": {
      "module": "vb/action/builtin/callChainAction",
      "parameters": {
        "id": "FetchSalesAssignTbl"
      }
    }
  },
  "variables": {}
}