{
  "description": "",
  "root": "if",
 "actions": {

    "runInParallel": {
      "module": "vb/action/builtin/forkAction",
      "parameters": {
        "actions": {

          "callRest2": "callRestGetSalesCreditGetBillandShipInfo2"
        }
      },
      "outcomes": {
        "join": "resetVariablesRowAccount"
      }
    },
    "callRestGetSalesCreditGetBillandShipInfo2": {
      "module": "vb/action/builtin/restAction",
      "parameters": {
        "endpoint": "devOrds/getSalesCreditGetBillandShipInfo",
        "uriParams": {

          "USECODE": "BILL_TO",
          "CUST_ACCOUNT_ID": "{{ $page.variables.SalesAssignRow.cust_accnt_id }}"
        }
      },
      "outcomes": {

        "success": "assignVariablesSalesAssignRow"
      }
    },
    "callRestGetSalesCreditGetAccountNamebyCustAccId": {
      "module": "vb/action/builtin/restAction",
      "parameters": {
        "endpoint": "devOrds/getSalesCreditGetAccountNamebyCustAccId",
        "uriParams": {
          "p_account_number": "{{ $variables.value }}"
        }
      },
      "outcomes": {

        "success": "assignVariablesSalesAssignRow2"
      }
    },
    "assignVariablesSalesAssignRow": {
      "module": "vb/action/builtin/assignVariablesAction",
      "parameters": {
        "$page.variables.SalesAssignRow": {
          "source": {
            "bill_to_country": "{{ $chain.results.callRestGetSalesCreditGetBillandShipInfo2.body.items[0].country }}",
            "bill_to_": "{{ $chain.results.callRestGetSalesCreditGetBillandShipInfo2.body.items[0].state }}"
          },
          "reset": "none",
          "auto": "always"
        }
      }
    },
    "if": {
      "module": "vb/action/builtin/ifAction",
      "parameters": {
        "condition": "[[ $variables.value !== $page.variables.RowAccount && ($variables.value !== \"\" && $variables.value !== null && typeof $variables.value !== \"undefined\") ]]"
      },
      "outcomes": {
        "true": "callRestGetSalesCreditGetAccountNamebyCustAccId"
      }
    },
    "assignVariablesSalesAssignRow2": {
      "module": "vb/action/builtin/assignVariablesAction",
      "parameters": {
        "$page.variables.SalesAssignRow": {
          "source": {
            "account_name": "{{ $chain.results.callRestGetSalesCreditGetAccountNamebyCustAccId.body.items[0].account_name }}",
            "cust_accnt_id": "{{ $chain.results.callRestGetSalesCreditGetAccountNamebyCustAccId.body.items[0].cust_account_id }}"
          },
          "reset": "none",
          "auto": "always"
        }
      },
      "outcomes": {
        "success": "runInParallel"
      }
    },
    "resetVariablesRowAccount": {
      "module": "vb/action/builtin/resetVariablesAction",
      "parameters": {
        "variables": [
          "$page.variables.RowAccount"
        ]
      }
    }
  },
  "variables": {
    "value": {
      "required": true,
      "type": "any",
      "input": "fromCaller"
    }
  }
}