{
  "description": "",
  "root": "",
  "actions": {

    "runInParallel": {
      "module": "vb/action/builtin/forkAction",
      "parameters": {
        "actions": {
          "callRest": "callRestGetSalesCreditGetBillandShipInfo3",
          "callRestGetSalesCreditGetBillandShipInfo": "callRestGetSalesCreditGetBillandShipInfo"
        }
      }
    },
    "callRestGetSalesCreditGetBillandShipInfo": {
      "module": "vb/action/builtin/restAction",
      "parameters": {
        "endpoint": "devOrds/getSalesCreditGetBillandShipInfo",
        "uriParams": {
          "USECODE": "SHIP_TO",
          "CUST_ACCOUNT_ID": "{{ $page.variables.salesAssignCreatObj.cust_accnt_id ? $page.variables.salesAssignCreatObj.cust_accnt_id : \" \" }}",
          "PARTY_SITE_NUMBER": "{{ $variables.value }}"
        }
      },
      "outcomes": {

        "success": "assignVariablesSalesAssignCreatObj3"
      }
    },
    "assignVariablesSalesAssignCreatObj3": {
      "module": "vb/action/builtin/assignVariablesAction",
      "parameters": {
        "$page.variables.SalesAssignRow": {
          "source": {
            "ship_to_state": "{{ $chain.results.callRestGetSalesCreditGetBillandShipInfo.body.items[0].state }}",
            "ship_to_name": "{{ $chain.results.callRestGetSalesCreditGetBillandShipInfo.body.items[0].ship_to_name }}",
            "ship_to_country": "{{ $chain.results.callRestGetSalesCreditGetBillandShipInfo.body.items[0].country }}"
          },
          "reset": "none",
          "auto": "always"
        }
      }
    },
    "ifValue": {
      "module": "vb/action/builtin/ifAction",
      "parameters": {
        "condition": "[[ !$variables.value ]]"
      },
      "outcomes": {
        "true": "resetVariablesSalesAssignCreatObj",
        "false": "runInParallel"
      }
    },
    "callRestGetSalesCreditGetBillandShipInfo3": {
      "module": "vb/action/builtin/restAction",
      "parameters": {
        "endpoint": "devOrds/getSalesCreditGetBillandShipInfo",
        "uriParams": {

          "USECODE": "SHIP_TO",
          "PARTY_SITE_NUMBER": "{{ $variables.value }}"
        }
      },
      "outcomes": {

        "success": "assignVariablesSalesAssignCreatObj2"
      }
    },
    "assignVariablesSalesAssignCreatObj2": {
      "module": "vb/action/builtin/assignVariablesAction",
      "parameters": {
        "$page.variables.SalesAssignRow": {
          "source": {
            "final_destination_country": "{{ $chain.results.callRestGetSalesCreditGetBillandShipInfo3.body.items[0].final_destination }}"
          },
          "reset": "none",
          "auto": "always"
        }
      }
    },
    "resetVariablesSalesAssignCreatObj": {
      "module": "vb/action/builtin/resetVariablesAction",
      "parameters": {
        "variables": [
          "$page.variables.SalesAssignRow.ship_to_country",
          "$page.variables.SalesAssignRow.ship_to_name",
          "$page.variables.SalesAssignRow.ship_to_state",
          "$page.variables.SalesAssignRow.final_destination_country"
        ]
      }
    }
  },
  "variables": {
    "key": {
      "required": true,
      "type": "any",
      "input": "fromCaller"
    },
    "data": {
      "required": true,
      "type": "any",
      "input": "fromCaller"
    },
    "metadata": {
      "required": true,
      "type": "any",
      "input": "fromCaller"
    },
    "index": {
      "required": true,
      "type": "number",
      "input": "fromCaller"
    },
    "current": {
      "required": true,
      "type": "any",
      "input": "fromCaller"
    }
  }
}