{
    "items": [
        {
            "reporting_group_id": 7,
            "reporting_grp_name": "MR-REP1",
            "owner_id": 142
        }
    ],
    "hasMore": false,
    "limit": 25,
    "offset": 0,
    "count": 1,
    "links": [
        {
            "rel": "self",
            "href": "https://10.2.0.169:8081/ords/hbg_integration/CustomeOrders/getRepgrpNameByCode?P_REPORTING_GRP_CODE=MR-REP1&P_owner_id=142"
        },
        {
            "rel": "describedby",
            "href": "https://10.2.0.169:8081/ords/hbg_integration/metadata-catalog/CustomeOrders/item"
        },
        {
            "rel": "first",
            "href": "https://10.2.0.169:8081/ords/hbg_integration/CustomeOrders/getRepgrpNameByCode?P_REPORTING_GRP_CODE=MR-REP1&P_owner_id=142"
        }
    ]
}