{
    "items": [
        {
            "organization_name": "NEIMAN MARCUS GROUP",
            "account_number": "14222411-NEIMAN MARCUS GROUP L",
            "account_name": "NEIMAN MARCUS GROUP LLC",
            "cust_accnt_id": 100000230814714,
            "party_id": 100000230814414,
            "registry_id": "90001325",
            "site_number": "14222411-01036",
            "site_name": "NEIMAN MARCUS",
            "country": "US",
            "city": "DALLAS",
            "state": "TX",
            "postal_code": "75201",
            "site_purpose": "SHIP_TO",
            "address1": "1618 MAIN ST",
            "address2": null,
            "address3": null,
            "address4": null,
            "bill_to_san": null,
            "ship_to_san": null,
            "account_lookup1": null,
            "account_lookup2": null,
            "account_lookup3": null
        },
        {
            "organization_name": "NEIMAN MARCUS GROUP",
            "account_number": "14222411-NEIMAN MARCUS GROUP L",
            "account_name": "NEIMAN MARCUS GROUP LLC",
            "cust_accnt_id": 100000230814714,
            "party_id": 100000230814414,
            "registry_id": "90001325",
            "site_number": "14222411-01005",
            "site_name": "NEIMAN MARCUS",
            "country": "US",
            "city": "DALLAS",
            "state": "TX",
            "postal_code": "75201",
            "site_purpose": "SHIP_TO",
            "address1": "1618 MAIN ST",
            "address2": null,
            "address3": null,
            "address4": null,
            "bill_to_san": null,
            "ship_to_san": null,
            "account_lookup1": null,
            "account_lookup2": null,
            "account_lookup3": null
        },
        {
            "organization_name": "NEIMAN MARCUS GROUP",
            "account_number": "14222411-NEIMAN MARCUS GROUP L",
            "account_name": "NEIMAN MARCUS GROUP LLC",
            "cust_accnt_id": 100000230814714,
            "party_id": 100000230814414,
            "registry_id": "90001325",
            "site_number": "14222411-01029",
            "site_name": "NEIMAN MARCUS",
            "country": "US",
            "city": "DALLAS",
            "state": "TX",
            "postal_code": "75201",
            "site_purpose": "SHIP_TO",
            "address1": "1618 MAIN ST",
            "address2": null,
            "address3": null,
            "address4": null,
            "bill_to_san": null,
            "ship_to_san": null,
            "account_lookup1": null,
            "account_lookup2": null,
            "account_lookup3": null
        },
        {
            "organization_name": "NEIMAN MARCUS GROUP",
            "account_number": "14222411-NEIMAN MARCUS GROUP L",
            "account_name": "NEIMAN MARCUS GROUP LLC",
            "cust_accnt_id": 100000230814714,
            "party_id": 100000230814414,
            "registry_id": "90001325",
            "site_number": "14222411-01023",
            "site_name": "NEIMAN MARCUS",
            "country": "US",
            "city": "DALLAS",
            "state": "TX",
            "postal_code": "75201",
            "site_purpose": "SHIP_TO",
            "address1": "1618 MAIN ST",
            "address2": null,
            "address3": null,
            "address4": null,
            "bill_to_san": null,
            "ship_to_san": null,
            "account_lookup1": null,
            "account_lookup2": null,
            "account_lookup3": null
        },
        {
            "organization_name": "NEIMAN MARCUS GROUP",
            "account_number": "14222411-NEIMAN MARCUS GROUP L",
            "account_name": "NEIMAN MARCUS GROUP LLC",
            "cust_accnt_id": 100000230814714,
            "party_id": 100000230814414,
            "registry_id": "90001325",
            "site_number": "14222411-01008",
            "site_name": "NEIMAN MARCUS",
            "country": "US",
            "city": "DALLAS",
            "state": "TX",
            "postal_code": "75201",
            "site_purpose": "SHIP_TO",
            "address1": "1618 MAIN ST",
            "address2": null,
            "address3": null,
            "address4": null,
            "bill_to_san": null,
            "ship_to_san": null,
            "account_lookup1": null,
            "account_lookup2": null,
            "account_lookup3": null
        },
        {
            "organization_name": "NEIMAN MARCUS GROUP",
            "account_number": "14222411-NEIMAN MARCUS GROUP L",
            "account_name": "NEIMAN MARCUS GROUP LLC",
            "cust_accnt_id": 100000230814714,
            "party_id": 100000230814414,
            "registry_id": "90001325",
            "site_number": "14222411-01105",
            "site_name": "NEIMAN MARCUS",
            "country": "US",
            "city": "DALLAS",
            "state": "TX",
            "postal_code": "75201",
            "site_purpose": "SHIP_TO",
            "address1": "1618 MAIN ST",
            "address2": null,
            "address3": null,
            "address4": null,
            "bill_to_san": null,
            "ship_to_san": null,
            "account_lookup1": null,
            "account_lookup2": null,
            "account_lookup3": null
        },
        {
            "organization_name": "NEIMAN MARCUS GROUP",
            "account_number": "14222411-NEIMAN MARCUS GROUP L",
            "account_name": "NEIMAN MARCUS GROUP LLC",
            "cust_accnt_id": 100000230814714,
            "party_id": 100000230814414,
            "registry_id": "90001325",
            "site_number": "14222411-01027",
            "site_name": "NEIMAN MARCUS",
            "country": "US",
            "city": "DALLAS",
            "state": "TX",
            "postal_code": "75201",
            "site_purpose": "SHIP_TO",
            "address1": "1618 MAIN ST",
            "address2": null,
            "address3": null,
            "address4": null,
            "bill_to_san": null,
            "ship_to_san": null,
            "account_lookup1": null,
            "account_lookup2": null,
            "account_lookup3": null
        },
        {
            "organization_name": "NEIMAN MARCUS GROUP",
            "account_number": "14222411-NEIMAN MARCUS GROUP L",
            "account_name": "NEIMAN MARCUS GROUP LLC",
            "cust_accnt_id": 100000230814714,
            "party_id": 100000230814414,
            "registry_id": "90001325",
            "site_number": "14222411-01006",
            "site_name": "NEIMAN MARCUS",
            "country": "US",
            "city": "DALLAS",
            "state": "TX",
            "postal_code": "75201",
            "site_purpose": "SHIP_TO",
            "address1": "1618 MAIN ST",
            "address2": null,
            "address3": null,
            "address4": null,
            "bill_to_san": null,
            "ship_to_san": null,
            "account_lookup1": null,
            "account_lookup2": null,
            "account_lookup3": null
        },
        {
            "organization_name": "NEIMAN MARCUS GROUP",
            "account_number": "14222411-NEIMAN MARCUS GROUP L",
            "account_name": "NEIMAN MARCUS GROUP LLC",
            "cust_accnt_id": 100000230814714,
            "party_id": 100000230814414,
            "registry_id": "90001325",
            "site_number": "14222411-01010",
            "site_name": "NEIMAN MARCUS",
            "country": "US",
            "city": "DALLAS",
            "state": "TX",
            "postal_code": "75201",
            "site_purpose": "SHIP_TO",
            "address1": "1618 MAIN ST",
            "address2": null,
            "address3": null,
            "address4": null,
            "bill_to_san": null,
            "ship_to_san": null,
            "account_lookup1": null,
            "account_lookup2": null,
            "account_lookup3": null
        },
        {
            "organization_name": "NEIMAN MARCUS GROUP",
            "account_number": "14222411-NEIMAN MARCUS GROUP L",
            "account_name": "NEIMAN MARCUS GROUP LLC",
            "cust_accnt_id": 100000230814714,
            "party_id": 100000230814414,
            "registry_id": "90001325",
            "site_number": "14222411-07079",
            "site_name": "NEIMAN MARCUS",
            "country": "US",
            "city": "DALLAS",
            "state": "TX",
            "postal_code": "75201",
            "site_purpose": "SHIP_TO",
            "address1": "1618 MAIN ST",
            "address2": null,
            "address3": null,
            "address4": null,
            "bill_to_san": null,
            "ship_to_san": null,
            "account_lookup1": null,
            "account_lookup2": null,
            "account_lookup3": null
        },
        {
            "organization_name": "NEIMAN MARCUS GROUP",
            "account_number": "14222411-NEIMAN MARCUS GROUP L",
            "account_name": "NEIMAN MARCUS GROUP LLC",
            "cust_accnt_id": 100000230814714,
            "party_id": 100000230814414,
            "registry_id": "90001325",
            "site_number": "14222411-01014",
            "site_name": "NEIMAN MARCUS",
            "country": "US",
            "city": "DALLAS",
            "state": "TX",
            "postal_code": "75201",
            "site_purpose": "SHIP_TO",
            "address1": "1618 MAIN ST",
            "address2": null,
            "address3": null,
            "address4": null,
            "bill_to_san": null,
            "ship_to_san": null,
            "account_lookup1": null,
            "account_lookup2": null,
            "account_lookup3": null
        },
        {
            "organization_name": "NEIMAN MARCUS GROUP",
            "account_number": "14222411-NEIMAN MARCUS GROUP L",
            "account_name": "NEIMAN MARCUS GROUP LLC",
            "cust_accnt_id": 100000230814714,
            "party_id": 100000230814414,
            "registry_id": "90001325",
            "site_number": "14222411-01037",
            "site_name": "NEIMAN MARCUS",
            "country": "US",
            "city": "DALLAS",
            "state": "TX",
            "postal_code": "75201",
            "site_purpose": "SHIP_TO",
            "address1": "1618 MAIN ST",
            "address2": null,
            "address3": null,
            "address4": null,
            "bill_to_san": null,
            "ship_to_san": null,
            "account_lookup1": null,
            "account_lookup2": null,
            "account_lookup3": null
        },
        {
            "organization_name": "NEIMAN MARCUS GROUP",
            "account_number": "14222411-NEIMAN MARCUS GROUP L",
            "account_name": "NEIMAN MARCUS GROUP LLC",
            "cust_accnt_id": 100000230814714,
            "party_id": 100000230814414,
            "registry_id": "90001325",
            "site_number": "14222411-01031",
            "site_name": "NEIMAN MARCUS",
            "country": "US",
            "city": "DALLAS",
            "state": "TX",
            "postal_code": "75201",
            "site_purpose": "SHIP_TO",
            "address1": "1618 MAIN ST",
            "address2": null,
            "address3": null,
            "address4": null,
            "bill_to_san": null,
            "ship_to_san": null,
            "account_lookup1": null,
            "account_lookup2": null,
            "account_lookup3": null
        },
        {
            "organization_name": "NEIMAN MARCUS GROUP",
            "account_number": "14222411-NEIMAN MARCUS GROUP L",
            "account_name": "NEIMAN MARCUS GROUP LLC",
            "cust_accnt_id": 100000230814714,
            "party_id": 100000230814414,
            "registry_id": "90001325",
            "site_number": "14222411-01013",
            "site_name": "NEIMAN MARCUS",
            "country": "US",
            "city": "DALLAS",
            "state": "TX",
            "postal_code": "75201",
            "site_purpose": "SHIP_TO",
            "address1": "1618 MAIN ST",
            "address2": null,
            "address3": null,
            "address4": null,
            "bill_to_san": null,
            "ship_to_san": null,
            "account_lookup1": null,
            "account_lookup2": null,
            "account_lookup3": null
        },
        {
            "organization_name": "NEIMAN MARCUS GROUP",
            "account_number": "14222411-NEIMAN MARCUS GROUP L",
            "account_name": "NEIMAN MARCUS GROUP LLC",
            "cust_accnt_id": 100000230814714,
            "party_id": 100000230814414,
            "registry_id": "90001325",
            "site_number": "14222411-01112",
            "site_name": "NEIMAN MARCUS",
            "country": "US",
            "city": "DALLAS",
            "state": "TX",
            "postal_code": "75201",
            "site_purpose": "SHIP_TO",
            "address1": "1618 MAIN ST",
            "address2": null,
            "address3": null,
            "address4": null,
            "bill_to_san": null,
            "ship_to_san": null,
            "account_lookup1": null,
            "account_lookup2": null,
            "account_lookup3": null
        },
        {
            "organization_name": "NEIMAN MARCUS GROUP",
            "account_number": "14222411-NEIMAN MARCUS GROUP L",
            "account_name": "NEIMAN MARCUS GROUP LLC",
            "cust_accnt_id": 100000230814714,
            "party_id": 100000230814414,
            "registry_id": "90001325",
            "site_number": "14222411-01035",
            "site_name": "NEIMAN MARCUS",
            "country": "US",
            "city": "DALLAS",
            "state": "TX",
            "postal_code": "75201",
            "site_purpose": "SHIP_TO",
            "address1": "1618 MAIN ST",
            "address2": null,
            "address3": null,
            "address4": null,
            "bill_to_san": null,
            "ship_to_san": null,
            "account_lookup1": null,
            "account_lookup2": null,
            "account_lookup3": null
        },
        {
            "organization_name": "NEIMAN MARCUS GROUP",
            "account_number": "14222411-NEIMAN MARCUS GROUP L",
            "account_name": "NEIMAN MARCUS GROUP LLC",
            "cust_accnt_id": 100000230814714,
            "party_id": 100000230814414,
            "registry_id": "90001325",
            "site_number": "14222411-01032",
            "site_name": "NEIMAN MARCUS",
            "country": "US",
            "city": "DALLAS",
            "state": "TX",
            "postal_code": "75201",
            "site_purpose": "SHIP_TO",
            "address1": "1618 MAIN ST",
            "address2": null,
            "address3": null,
            "address4": null,
            "bill_to_san": null,
            "ship_to_san": null,
            "account_lookup1": null,
            "account_lookup2": null,
            "account_lookup3": null
        },
        {
            "organization_name": "NEIMAN MARCUS GROUP",
            "account_number": "14222411-NEIMAN MARCUS GROUP L",
            "account_name": "NEIMAN MARCUS GROUP LLC",
            "cust_accnt_id": 100000230814714,
            "party_id": 100000230814414,
            "registry_id": "90001325",
            "site_number": "14222411-01012",
            "site_name": "NEIMAN MARCUS",
            "country": "US",
            "city": "DALLAS",
            "state": "TX",
            "postal_code": "75201",
            "site_purpose": "SHIP_TO",
            "address1": "1618 MAIN ST",
            "address2": null,
            "address3": null,
            "address4": null,
            "bill_to_san": null,
            "ship_to_san": null,
            "account_lookup1": null,
            "account_lookup2": null,
            "account_lookup3": null
        },
        {
            "organization_name": "NEIMAN MARCUS GROUP",
            "account_number": "14222411-NEIMAN MARCUS GROUP L",
            "account_name": "NEIMAN MARCUS GROUP LLC",
            "cust_accnt_id": 100000230814714,
            "party_id": 100000230814414,
            "registry_id": "90001325",
            "site_number": "14222411-01028",
            "site_name": "NEIMAN MARCUS",
            "country": "US",
            "city": "DALLAS",
            "state": "TX",
            "postal_code": "75201",
            "site_purpose": "SHIP_TO",
            "address1": "1618 MAIN ST",
            "address2": null,
            "address3": null,
            "address4": null,
            "bill_to_san": null,
            "ship_to_san": null,
            "account_lookup1": null,
            "account_lookup2": null,
            "account_lookup3": null
        },
        {
            "organization_name": "NEIMAN MARCUS GROUP",
            "account_number": "14222411-NEIMAN MARCUS GROUP L",
            "account_name": "NEIMAN MARCUS GROUP LLC",
            "cust_accnt_id": 100000230814714,
            "party_id": 100000230814414,
            "registry_id": "90001325",
            "site_number": "14222411-01004",
            "site_name": "NEIMAN MARCUS",
            "country": "US",
            "city": "DALLAS",
            "state": "TX",
            "postal_code": "75201",
            "site_purpose": "SHIP_TO",
            "address1": "1618 MAIN ST",
            "address2": null,
            "address3": null,
            "address4": null,
            "bill_to_san": null,
            "ship_to_san": null,
            "account_lookup1": null,
            "account_lookup2": null,
            "account_lookup3": null
        },
        {
            "organization_name": "NEIMAN MARCUS GROUP",
            "account_number": "14222411-NEIMAN MARCUS GROUP L",
            "account_name": "NEIMAN MARCUS GROUP LLC",
            "cust_accnt_id": 100000230814714,
            "party_id": 100000230814414,
            "registry_id": "90001325",
            "site_number": "14222411-01025",
            "site_name": "NEIMAN MARCUS",
            "country": "US",
            "city": "DALLAS",
            "state": "TX",
            "postal_code": "75201",
            "site_purpose": "SHIP_TO",
            "address1": "1618 MAIN ST",
            "address2": null,
            "address3": null,
            "address4": null,
            "bill_to_san": null,
            "ship_to_san": null,
            "account_lookup1": null,
            "account_lookup2": null,
            "account_lookup3": null
        },
        {
            "organization_name": "NEIMAN MARCUS GROUP",
            "account_number": "14222411-NEIMAN MARCUS GROUP L",
            "account_name": "NEIMAN MARCUS GROUP LLC",
            "cust_accnt_id": 100000230814714,
            "party_id": 100000230814414,
            "registry_id": "90001325",
            "site_number": "14222411-01017",
            "site_name": "NEIMAN MARCUS",
            "country": "US",
            "city": "DALLAS",
            "state": "TX",
            "postal_code": "75201",
            "site_purpose": "SHIP_TO",
            "address1": "1618 MAIN ST",
            "address2": null,
            "address3": null,
            "address4": null,
            "bill_to_san": null,
            "ship_to_san": null,
            "account_lookup1": null,
            "account_lookup2": null,
            "account_lookup3": null
        },
        {
            "organization_name": "NEIMAN MARCUS GROUP",
            "account_number": "14222411-NEIMAN MARCUS GROUP L",
            "account_name": "NEIMAN MARCUS GROUP LLC",
            "cust_accnt_id": 100000230814714,
            "party_id": 100000230814414,
            "registry_id": "90001325",
            "site_number": "14222411-01102",
            "site_name": "NEIMAN MARCUS",
            "country": "US",
            "city": "DALLAS",
            "state": "TX",
            "postal_code": "75201",
            "site_purpose": "SHIP_TO",
            "address1": "1618 MAIN ST",
            "address2": null,
            "address3": null,
            "address4": null,
            "bill_to_san": null,
            "ship_to_san": null,
            "account_lookup1": null,
            "account_lookup2": null,
            "account_lookup3": null
        },
        {
            "organization_name": "NEIMAN MARCUS GROUP",
            "account_number": "14222411-NEIMAN MARCUS GROUP L",
            "account_name": "NEIMAN MARCUS GROUP LLC",
            "cust_accnt_id": 100000230814714,
            "party_id": 100000230814414,
            "registry_id": "90001325",
            "site_number": "14222411-07088",
            "site_name": "NEIMAN MARCUS",
            "country": "US",
            "city": "DALLAS",
            "state": "TX",
            "postal_code": "75201",
            "site_purpose": "SHIP_TO",
            "address1": "1618 MAIN ST",
            "address2": null,
            "address3": null,
            "address4": null,
            "bill_to_san": null,
            "ship_to_san": null,
            "account_lookup1": null,
            "account_lookup2": null,
            "account_lookup3": null
        },
        {
            "organization_name": "NEIMAN MARCUS GROUP",
            "account_number": "14222411-NEIMAN MARCUS GROUP L",
            "account_name": "NEIMAN MARCUS GROUP LLC",
            "cust_accnt_id": 100000230814714,
            "party_id": 100000230814414,
            "registry_id": "90001325",
            "site_number": "14222411-01016",
            "site_name": "NEIMAN MARCUS",
            "country": "US",
            "city": "DALLAS",
            "state": "TX",
            "postal_code": "75201",
            "site_purpose": "SHIP_TO",
            "address1": "1618 MAIN ST",
            "address2": null,
            "address3": null,
            "address4": null,
            "bill_to_san": null,
            "ship_to_san": null,
            "account_lookup1": null,
            "account_lookup2": null,
            "account_lookup3": null
        },
        {
            "organization_name": "NEIMAN MARCUS GROUP",
            "account_number": "14222411-NEIMAN MARCUS GROUP L",
            "account_name": "NEIMAN MARCUS GROUP LLC",
            "cust_accnt_id": 100000230814714,
            "party_id": 100000230814414,
            "registry_id": "90001325",
            "site_number": "14222411-01019",
            "site_name": "NEIMAN MARCUS",
            "country": "US",
            "city": "DALLAS",
            "state": "TX",
            "postal_code": "75201",
            "site_purpose": "SHIP_TO",
            "address1": "1618 MAIN ST",
            "address2": null,
            "address3": null,
            "address4": null,
            "bill_to_san": null,
            "ship_to_san": null,
            "account_lookup1": null,
            "account_lookup2": null,
            "account_lookup3": null
        },
        {
            "organization_name": "NEIMAN MARCUS GROUP",
            "account_number": "14222411-NEIMAN MARCUS GROUP L",
            "account_name": "NEIMAN MARCUS GROUP LLC",
            "cust_accnt_id": 100000230814714,
            "party_id": 100000230814414,
            "registry_id": "90001325",
            "site_number": "14222411-07099",
            "site_name": "NEIMAN MARCUS",
            "country": "US",
            "city": "DALLAS",
            "state": "TX",
            "postal_code": "75201",
            "site_purpose": "SHIP_TO",
            "address1": "1618 MAIN ST",
            "address2": null,
            "address3": null,
            "address4": null,
            "bill_to_san": null,
            "ship_to_san": null,
            "account_lookup1": null,
            "account_lookup2": null,
            "account_lookup3": null
        },
        {
            "organization_name": "NEIMAN MARCUS GROUP",
            "account_number": "14222411-NEIMAN MARCUS GROUP L",
            "account_name": "NEIMAN MARCUS GROUP LLC",
            "cust_accnt_id": 100000230814714,
            "party_id": 100000230814414,
            "registry_id": "90001325",
            "site_number": "14222411-01103",
            "site_name": "NEIMAN MARCUS",
            "country": "US",
            "city": "DALLAS",
            "state": "TX",
            "postal_code": "75201",
            "site_purpose": "SHIP_TO",
            "address1": "1618 MAIN ST",
            "address2": null,
            "address3": null,
            "address4": null,
            "bill_to_san": null,
            "ship_to_san": null,
            "account_lookup1": null,
            "account_lookup2": null,
            "account_lookup3": null
        },
        {
            "organization_name": "NEIMAN MARCUS GROUP",
            "account_number": "14222411-NEIMAN MARCUS GROUP L",
            "account_name": "NEIMAN MARCUS GROUP LLC",
            "cust_accnt_id": 100000230814714,
            "party_id": 100000230814414,
            "registry_id": "90001325",
            "site_number": "14222411",
            "site_name": "NEIMAN MARCUS GROUP LLC",
            "country": "US",
            "city": "DALLAS",
            "state": "TX",
            "postal_code": "75201",
            "site_purpose": "BILL_TO",
            "address1": "1618 MAIN ST",
            "address2": null,
            "address3": null,
            "address4": null,
            "bill_to_san": null,
            "ship_to_san": null,
            "account_lookup1": null,
            "account_lookup2": null,
            "account_lookup3": null
        },
        {
            "organization_name": "NEIMAN MARCUS GROUP",
            "account_number": "14222411-NEIMAN MARCUS GROUP L",
            "account_name": "NEIMAN MARCUS GROUP LLC",
            "cust_accnt_id": 100000230814714,
            "party_id": 100000230814414,
            "registry_id": "90001325",
            "site_number": "14222411-01007",
            "site_name": "NEIMAN MARCUS",
            "country": "US",
            "city": "DALLAS",
            "state": "TX",
            "postal_code": "75201",
            "site_purpose": "SHIP_TO",
            "address1": "1618 MAIN ST",
            "address2": null,
            "address3": null,
            "address4": null,
            "bill_to_san": null,
            "ship_to_san": null,
            "account_lookup1": null,
            "account_lookup2": null,
            "account_lookup3": null
        },
        {
            "organization_name": "NEIMAN MARCUS GROUP",
            "account_number": "14222411-NEIMAN MARCUS GROUP L",
            "account_name": "NEIMAN MARCUS GROUP LLC",
            "cust_accnt_id": 100000230814714,
            "party_id": 100000230814414,
            "registry_id": "90001325",
            "site_number": "14222411-07089",
            "site_name": "NEIMAN MARCUS",
            "country": "US",
            "city": "DALLAS",
            "state": "TX",
            "postal_code": "75201",
            "site_purpose": "SHIP_TO",
            "address1": "1618 MAIN ST",
            "address2": null,
            "address3": null,
            "address4": null,
            "bill_to_san": null,
            "ship_to_san": null,
            "account_lookup1": null,
            "account_lookup2": null,
            "account_lookup3": null
        },
        {
            "organization_name": "NEIMAN MARCUS GROUP",
            "account_number": "14222411-NEIMAN MARCUS GROUP L",
            "account_name": "NEIMAN MARCUS GROUP LLC",
            "cust_accnt_id": 100000230814714,
            "party_id": 100000230814414,
            "registry_id": "90001325",
            "site_number": "14222411-01033",
            "site_name": "NEIMAN MARCUS",
            "country": "US",
            "city": "DALLAS",
            "state": "TX",
            "postal_code": "75201",
            "site_purpose": "SHIP_TO",
            "address1": "1618 MAIN ST",
            "address2": null,
            "address3": null,
            "address4": null,
            "bill_to_san": null,
            "ship_to_san": null,
            "account_lookup1": null,
            "account_lookup2": null,
            "account_lookup3": null
        },
        {
            "organization_name": "NEIMAN MARCUS GROUP",
            "account_number": "14222411-NEIMAN MARCUS GROUP L",
            "account_name": "NEIMAN MARCUS GROUP LLC",
            "cust_accnt_id": 100000230814714,
            "party_id": 100000230814414,
            "registry_id": "90001325",
            "site_number": "14222411-01009",
            "site_name": "NEIMAN MARCUS",
            "country": "US",
            "city": "DALLAS",
            "state": "TX",
            "postal_code": "75201",
            "site_purpose": "SHIP_TO",
            "address1": "1618 MAIN ST",
            "address2": null,
            "address3": null,
            "address4": null,
            "bill_to_san": null,
            "ship_to_san": null,
            "account_lookup1": null,
            "account_lookup2": null,
            "account_lookup3": null
        },
        {
            "organization_name": "NEIMAN MARCUS GROUP",
            "account_number": "14222411-NEIMAN MARCUS GROUP L",
            "account_name": "NEIMAN MARCUS GROUP LLC",
            "cust_accnt_id": 100000230814714,
            "party_id": 100000230814414,
            "registry_id": "90001325",
            "site_number": "14222411-01003",
            "site_name": "NEIMAN MARCUS",
            "country": "US",
            "city": "DALLAS",
            "state": "TX",
            "postal_code": "75201",
            "site_purpose": "SHIP_TO",
            "address1": "1618 MAIN ST",
            "address2": null,
            "address3": null,
            "address4": null,
            "bill_to_san": null,
            "ship_to_san": null,
            "account_lookup1": null,
            "account_lookup2": null,
            "account_lookup3": null
        },
        {
            "organization_name": "NEIMAN MARCUS GROUP",
            "account_number": "14222411-NEIMAN MARCUS GROUP L",
            "account_name": "NEIMAN MARCUS GROUP LLC",
            "cust_accnt_id": 100000230814714,
            "party_id": 100000230814414,
            "registry_id": "90001325",
            "site_number": "14222411-07010",
            "site_name": "NEIMAN MARCUS",
            "country": "US",
            "city": "DALLAS",
            "state": "TX",
            "postal_code": "75201",
            "site_purpose": "SHIP_TO",
            "address1": "1618 MAIN ST",
            "address2": null,
            "address3": null,
            "address4": null,
            "bill_to_san": null,
            "ship_to_san": null,
            "account_lookup1": null,
            "account_lookup2": null,
            "account_lookup3": null
        },
        {
            "organization_name": "NEIMAN MARCUS GROUP",
            "account_number": "14222411-NEIMAN MARCUS GROUP L",
            "account_name": "NEIMAN MARCUS GROUP LLC",
            "cust_accnt_id": 100000230814714,
            "party_id": 100000230814414,
            "registry_id": "90001325",
            "site_number": "14222411-01110",
            "site_name": "_NEIMAN MARCUS",
            "country": "US",
            "city": "DALLAS",
            "state": "TX",
            "postal_code": "75201",
            "site_purpose": "SHIP_TO",
            "address1": "1618 MAIN ST",
            "address2": null,
            "address3": null,
            "address4": null,
            "bill_to_san": null,
            "ship_to_san": null,
            "account_lookup1": null,
            "account_lookup2": null,
            "account_lookup3": null
        },
        {
            "organization_name": "NEIMAN MARCUS GROUP",
            "account_number": "14222411-NEIMAN MARCUS GROUP L",
            "account_name": "NEIMAN MARCUS GROUP LLC",
            "cust_accnt_id": 100000230814714,
            "party_id": 100000230814414,
            "registry_id": "90001325",
            "site_number": "14222411-01001",
            "site_name": "NEIMAN MARCUS",
            "country": "US",
            "city": "DALLAS",
            "state": "TX",
            "postal_code": "75201",
            "site_purpose": "SHIP_TO",
            "address1": "1618 MAIN ST",
            "address2": null,
            "address3": null,
            "address4": null,
            "bill_to_san": null,
            "ship_to_san": null,
            "account_lookup1": null,
            "account_lookup2": null,
            "account_lookup3": null
        },
        {
            "organization_name": "NEIMAN MARCUS GROUP",
            "account_number": "14222411-NEIMAN MARCUS GROUP L",
            "account_name": "NEIMAN MARCUS GROUP LLC",
            "cust_accnt_id": 100000230814714,
            "party_id": 100000230814414,
            "registry_id": "90001325",
            "site_number": "14222411-01024",
            "site_name": "NEIMAN MARCUS",
            "country": "US",
            "city": "DALLAS",
            "state": "TX",
            "postal_code": "75201",
            "site_purpose": "SHIP_TO",
            "address1": "1618 MAIN ST",
            "address2": null,
            "address3": null,
            "address4": null,
            "bill_to_san": null,
            "ship_to_san": null,
            "account_lookup1": null,
            "account_lookup2": null,
            "account_lookup3": null
        },
        {
            "organization_name": "NEIMAN MARCUS GROUP",
            "account_number": "14222411-NEIMAN MARCUS GROUP L",
            "account_name": "NEIMAN MARCUS GROUP LLC",
            "cust_accnt_id": 100000230814714,
            "party_id": 100000230814414,
            "registry_id": "90001325",
            "site_number": "14222411-01015",
            "site_name": "NEIMAN MARCUS",
            "country": "US",
            "city": "DALLAS",
            "state": "TX",
            "postal_code": "75201",
            "site_purpose": "SHIP_TO",
            "address1": "1618 MAIN ST",
            "address2": null,
            "address3": null,
            "address4": null,
            "bill_to_san": null,
            "ship_to_san": null,
            "account_lookup1": null,
            "account_lookup2": null,
            "account_lookup3": null
        },
        {
            "organization_name": "NEIMAN MARCUS GROUP",
            "account_number": "14222411-NEIMAN MARCUS GROUP L",
            "account_name": "NEIMAN MARCUS GROUP LLC",
            "cust_accnt_id": 100000230814714,
            "party_id": 100000230814414,
            "registry_id": "90001325",
            "site_number": "14222411-01034",
            "site_name": "NEIMAN MARCUS",
            "country": "US",
            "city": "DALLAS",
            "state": "TX",
            "postal_code": "75201",
            "site_purpose": "SHIP_TO",
            "address1": "1618 MAIN ST",
            "address2": null,
            "address3": null,
            "address4": null,
            "bill_to_san": null,
            "ship_to_san": null,
            "account_lookup1": null,
            "account_lookup2": null,
            "account_lookup3": null
        },
        {
            "organization_name": "NEIMAN MARCUS GROUP",
            "account_number": "14222411-NEIMAN MARCUS GROUP L",
            "account_name": "NEIMAN MARCUS GROUP LLC",
            "cust_accnt_id": 100000230814714,
            "party_id": 100000230814414,
            "registry_id": "90001325",
            "site_number": "14222411-01020",
            "site_name": "NEIMAN MARCUS",
            "country": "US",
            "city": "DALLAS",
            "state": "TX",
            "postal_code": "75201",
            "site_purpose": "SHIP_TO",
            "address1": "1618 MAIN ST",
            "address2": null,
            "address3": null,
            "address4": null,
            "bill_to_san": null,
            "ship_to_san": null,
            "account_lookup1": null,
            "account_lookup2": null,
            "account_lookup3": null
        },
        {
            "organization_name": "NEIMAN MARCUS GROUP",
            "account_number": "14222411-NEIMAN MARCUS GROUP L",
            "account_name": "NEIMAN MARCUS GROUP LLC",
            "cust_accnt_id": 100000230814714,
            "party_id": 100000230814414,
            "registry_id": "90001325",
            "site_number": "14222411-01063",
            "site_name": "NEIMAN MARCUS",
            "country": "US",
            "city": "DALLAS",
            "state": "TX",
            "postal_code": "75201",
            "site_purpose": "SHIP_TO",
            "address1": "1618 MAIN ST",
            "address2": null,
            "address3": null,
            "address4": null,
            "bill_to_san": null,
            "ship_to_san": null,
            "account_lookup1": null,
            "account_lookup2": null,
            "account_lookup3": null
        },
        {
            "organization_name": "NEIMAN MARCUS GROUP",
            "account_number": "14222411-NEIMAN MARCUS GROUP L",
            "account_name": "NEIMAN MARCUS GROUP LLC",
            "cust_accnt_id": 100000230814714,
            "party_id": 100000230814414,
            "registry_id": "90001325",
            "site_number": "14222411-01064",
            "site_name": "NEIMAN MARCUS",
            "country": "US",
            "city": "DALLAS",
            "state": "TX",
            "postal_code": "75201",
            "site_purpose": "SHIP_TO",
            "address1": "1618 MAIN ST",
            "address2": null,
            "address3": null,
            "address4": null,
            "bill_to_san": null,
            "ship_to_san": null,
            "account_lookup1": null,
            "account_lookup2": null,
            "account_lookup3": null
        },
        {
            "organization_name": "NEIMAN MARCUS GROUP",
            "account_number": "14222411-NEIMAN MARCUS GROUP L",
            "account_name": "NEIMAN MARCUS GROUP LLC",
            "cust_accnt_id": 100000230814714,
            "party_id": 100000230814414,
            "registry_id": "90001325",
            "site_number": "14222411-01030",
            "site_name": "NEIMAN MARCUS",
            "country": "US",
            "city": "DALLAS",
            "state": "TX",
            "postal_code": "75201",
            "site_purpose": "SHIP_TO",
            "address1": "1618 MAIN ST",
            "address2": null,
            "address3": null,
            "address4": null,
            "bill_to_san": null,
            "ship_to_san": null,
            "account_lookup1": null,
            "account_lookup2": null,
            "account_lookup3": null
        },
        {
            "organization_name": "NEIMAN MARCUS GROUP",
            "account_number": "14222411-NEIMAN MARCUS GROUP L",
            "account_name": "NEIMAN MARCUS GROUP LLC",
            "cust_accnt_id": 100000230814714,
            "party_id": 100000230814414,
            "registry_id": "90001325",
            "site_number": "14222411-01101",
            "site_name": "NEIMAN MARCUS",
            "country": "US",
            "city": "DALLAS",
            "state": "TX",
            "postal_code": "75201",
            "site_purpose": "SHIP_TO",
            "address1": "1618 MAIN ST",
            "address2": null,
            "address3": null,
            "address4": null,
            "bill_to_san": null,
            "ship_to_san": null,
            "account_lookup1": null,
            "account_lookup2": null,
            "account_lookup3": null
        },
        {
            "organization_name": "NEIMAN MARCUS GROUP",
            "account_number": "14222411-NEIMAN MARCUS GROUP L",
            "account_name": "NEIMAN MARCUS GROUP LLC",
            "cust_accnt_id": 100000230814714,
            "party_id": 100000230814414,
            "registry_id": "90001325",
            "site_number": "14222411-01111",
            "site_name": "NEIMAN MARCUS",
            "country": "US",
            "city": "DALLAS",
            "state": "TX",
            "postal_code": "75201",
            "site_purpose": "SHIP_TO",
            "address1": "1618 MAIN ST",
            "address2": null,
            "address3": null,
            "address4": null,
            "bill_to_san": null,
            "ship_to_san": null,
            "account_lookup1": null,
            "account_lookup2": null,
            "account_lookup3": null
        },
        {
            "organization_name": "NEIMAN MARCUS GROUP",
            "account_number": "14222411-NEIMAN MARCUS GROUP L",
            "account_name": "NEIMAN MARCUS GROUP LLC",
            "cust_accnt_id": 100000230814714,
            "party_id": 100000230814414,
            "registry_id": "90001325",
            "site_number": "14222411-01106",
            "site_name": "NEIMAN MARCUS",
            "country": "US",
            "city": "DALLAS",
            "state": "TX",
            "postal_code": "75201",
            "site_purpose": "SHIP_TO",
            "address1": "1618 MAIN ST",
            "address2": null,
            "address3": null,
            "address4": null,
            "bill_to_san": null,
            "ship_to_san": null,
            "account_lookup1": null,
            "account_lookup2": null,
            "account_lookup3": null
        },
        {
            "organization_name": "NEIMAN MARCUS GROUP",
            "account_number": "14222411-NEIMAN MARCUS GROUP L",
            "account_name": "NEIMAN MARCUS GROUP LLC",
            "cust_accnt_id": 100000230814714,
            "party_id": 100000230814414,
            "registry_id": "90001325",
            "site_number": "14222411-01038",
            "site_name": "NEIMAN MARCUS",
            "country": "US",
            "city": "DALLAS",
            "state": "TX",
            "postal_code": "75201",
            "site_purpose": "SHIP_TO",
            "address1": "1618 MAIN ST",
            "address2": null,
            "address3": null,
            "address4": null,
            "bill_to_san": null,
            "ship_to_san": null,
            "account_lookup1": null,
            "account_lookup2": null,
            "account_lookup3": null
        },
        {
            "organization_name": "NEIMAN MARCUS GROUP",
            "account_number": "14222411-NEIMAN MARCUS GROUP L",
            "account_name": "NEIMAN MARCUS GROUP LLC",
            "cust_accnt_id": 100000230814714,
            "party_id": 100000230814414,
            "registry_id": "90001325",
            "site_number": "14222411-01011",
            "site_name": "NEIMAN MARCUS",
            "country": "US",
            "city": "DALLAS",
            "state": "TX",
            "postal_code": "75201",
            "site_purpose": "SHIP_TO",
            "address1": "1618 MAIN ST",
            "address2": null,
            "address3": null,
            "address4": null,
            "bill_to_san": null,
            "ship_to_san": null,
            "account_lookup1": null,
            "account_lookup2": null,
            "account_lookup3": null
        },
        {
            "organization_name": "NEIMAN MARCUS GROUP",
            "account_number": "14222411-NEIMAN MARCUS GROUP L",
            "account_name": "NEIMAN MARCUS GROUP LLC",
            "cust_accnt_id": 100000230814714,
            "party_id": 100000230814414,
            "registry_id": "90001325",
            "site_number": "14222411-01018",
            "site_name": "NEIMAN MARCUS",
            "country": "US",
            "city": "DALLAS",
            "state": "TX",
            "postal_code": "75201",
            "site_purpose": "SHIP_TO",
            "address1": "1618 MAIN ST",
            "address2": null,
            "address3": null,
            "address4": null,
            "bill_to_san": null,
            "ship_to_san": null,
            "account_lookup1": null,
            "account_lookup2": null,
            "account_lookup3": null
        },
        {
            "organization_name": "NEIMAN MARCUS GROUP",
            "account_number": "14222411-NEIMAN MARCUS GROUP L",
            "account_name": "NEIMAN MARCUS GROUP LLC",
            "cust_accnt_id": 100000230814714,
            "party_id": 100000230814414,
            "registry_id": "90001325",
            "site_number": "14222411-07090",
            "site_name": "NEIMAN MARCUS",
            "country": "US",
            "city": "DALLAS",
            "state": "TX",
            "postal_code": "75201",
            "site_purpose": "SHIP_TO",
            "address1": "1618 MAIN ST",
            "address2": null,
            "address3": null,
            "address4": null,
            "bill_to_san": null,
            "ship_to_san": null,
            "account_lookup1": null,
            "account_lookup2": null,
            "account_lookup3": null
        },
        {
            "organization_name": "NEIMAN MARCUS GROUP",
            "account_number": "14222411-NEIMAN MARCUS GROUP L",
            "account_name": "NEIMAN MARCUS GROUP LLC",
            "cust_accnt_id": 100000230814714,
            "party_id": 100000230814414,
            "registry_id": "90001325",
            "site_number": "14222411-01002",
            "site_name": "NEIMAN MARCUS",
            "country": "US",
            "city": "DALLAS",
            "state": "TX",
            "postal_code": "75201",
            "site_purpose": "SHIP_TO",
            "address1": "1618 MAIN ST",
            "address2": null,
            "address3": null,
            "address4": null,
            "bill_to_san": null,
            "ship_to_san": null,
            "account_lookup1": null,
            "account_lookup2": null,
            "account_lookup3": null
        },
        {
            "organization_name": "TST_01_POWELL'S BOOKSTORE",
            "account_number": "TST_01_11212583-POWELL'S BOOKS",
            "account_name": "POWELL'S BOOKSTORE",
            "cust_accnt_id": 100000235729889,
            "party_id": 100000234601468,
            "registry_id": "TST_01_90000639",
            "site_number": "TST_01_11212583-00002",
            "site_name": "TST_01_POWELL'S BOOKS",
            "country": "US",
            "city": "CHICAGO",
            "state": "IL",
            "postal_code": "60637",
            "site_purpose": "SHIP_TO",
            "address1": "1501 E 57TH ST",
            "address2": null,
            "address3": null,
            "address4": null,
            "bill_to_san": null,
            "ship_to_san": null,
            "account_lookup1": null,
            "account_lookup2": null,
            "account_lookup3": null
        },
        {
            "organization_name": "TST_01_POWELL'S BOOKSTORE",
            "account_number": "TST_01_11212583-POWELL'S BOOKS",
            "account_name": "POWELL'S BOOKSTORE",
            "cust_accnt_id": 100000235729889,
            "party_id": 100000234601468,
            "registry_id": "TST_01_90000639",
            "site_number": "TST_01_11212583-00006",
            "site_name": "TST_01_POWELL'S BOOKS",
            "country": "US",
            "city": "CHICAGO",
            "state": "IL",
            "postal_code": "60637",
            "site_purpose": "SHIP_TO",
            "address1": "1501 E 57TH ST",
            "address2": null,
            "address3": null,
            "address4": null,
            "bill_to_san": null,
            "ship_to_san": null,
            "account_lookup1": null,
            "account_lookup2": null,
            "account_lookup3": null
        },
        {
            "organization_name": "TST_01_POWELL'S BOOKSTORE",
            "account_number": "TST_01_11212583-POWELL'S BOOKS",
            "account_name": "POWELL'S BOOKSTORE",
            "cust_accnt_id": 100000235729889,
            "party_id": 100000234601468,
            "registry_id": "TST_01_90000639",
            "site_number": "TST_01_11212583-00001",
            "site_name": "TST_01_POWELL'S BOOKSTORE",
            "country": "US",
            "city": "CHICAGO",
            "state": "IL",
            "postal_code": "60637",
            "site_purpose": "SHIP_TO",
            "address1": "1501 E 57TH ST",
            "address2": null,
            "address3": null,
            "address4": null,
            "bill_to_san": null,
            "ship_to_san": null,
            "account_lookup1": null,
            "account_lookup2": null,
            "account_lookup3": null
        },
        {
            "organization_name": "TST_01_POWELL'S BOOKSTORE",
            "account_number": "TST_01_11212583-POWELL'S BOOKS",
            "account_name": "POWELL'S BOOKSTORE",
            "cust_accnt_id": 100000235729889,
            "party_id": 100000234601468,
            "registry_id": "TST_01_90000639",
            "site_number": "TST_01_11212583-00005",
            "site_name": "TST_01_POWELL'S BOOK STORE",
            "country": "US",
            "city": "CHICAGO",
            "state": "IL",
            "postal_code": "60637",
            "site_purpose": "SHIP_TO",
            "address1": "1501 E 57TH ST",
            "address2": null,
            "address3": null,
            "address4": null,
            "bill_to_san": null,
            "ship_to_san": null,
            "account_lookup1": null,
            "account_lookup2": null,
            "account_lookup3": null
        },
        {
            "organization_name": "TST_01_POWELL'S BOOKSTORE",
            "account_number": "TST_01_11212583-POWELL'S BOOKS",
            "account_name": "POWELL'S BOOKSTORE",
            "cust_accnt_id": 100000235729889,
            "party_id": 100000234601468,
            "registry_id": "TST_01_90000639",
            "site_number": "TST_01_11212583",
            "site_name": "TST_01_POWELL'S BOOKSTORE",
            "country": "US",
            "city": "CHICAGO",
            "state": "IL",
            "postal_code": "60637",
            "site_purpose": "BILL_TO",
            "address1": "1501 E 57TH ST",
            "address2": null,
            "address3": null,
            "address4": null,
            "bill_to_san": null,
            "ship_to_san": null,
            "account_lookup1": null,
            "account_lookup2": null,
            "account_lookup3": null
        },
        {
            "organization_name": "TST_01_POWELL'S BOOKSTORE",
            "account_number": "TST_01_11212583-POWELL'S BOOKS",
            "account_name": "POWELL'S BOOKSTORE",
            "cust_accnt_id": 100000235729889,
            "party_id": 100000234601468,
            "registry_id": "TST_01_90000639",
            "site_number": "TST_01_11212583-00003",
            "site_name": "TST_01_POWELL'S BOOKSTORE",
            "country": "US",
            "city": "CHICAGO",
            "state": "IL",
            "postal_code": "60637",
            "site_purpose": "SHIP_TO",
            "address1": "1501 E 57TH ST",
            "address2": null,
            "address3": null,
            "address4": null,
            "bill_to_san": null,
            "ship_to_san": null,
            "account_lookup1": null,
            "account_lookup2": null,
            "account_lookup3": null
        },
        {
            "organization_name": "TST_01_POWELL'S BOOKSTORE",
            "account_number": "TST_01_11212583-POWELL'S BOOKS",
            "account_name": "POWELL'S BOOKSTORE",
            "cust_accnt_id": 100000235729889,
            "party_id": 100000234601468,
            "registry_id": "TST_01_90000639",
            "site_number": "TST_01_11212583-00004",
            "site_name": "TST_01_POWELL'S BOOKS",
            "country": "US",
            "city": "CHICAGO",
            "state": "IL",
            "postal_code": "60637",
            "site_purpose": "SHIP_TO",
            "address1": "1501 E 57TH ST",
            "address2": null,
            "address3": null,
            "address4": null,
            "bill_to_san": null,
            "ship_to_san": null,
            "account_lookup1": null,
            "account_lookup2": null,
            "account_lookup3": null
        },
        {
            "organization_name": "TST_01_UNIVERSITY OF MINNESOTA",
            "account_number": "TST_01_12206529-UNIVERSITY OF ",
            "account_name": "UNIVERSITY OF MINNESOTA",
            "cust_accnt_id": 100000235729890,
            "party_id": 100000234621576,
            "registry_id": "TST_01_90000910",
            "site_number": "TST_01_12206529",
            "site_name": "TST_01_UNIVERSITY OF MINNESOTA",
            "country": "US",
            "city": "MINNEAPOLIS",
            "state": "MN",
            "postal_code": "55455",
            "site_purpose": "SHIP_TO",
            "address1": "UNIV OF MINNESOTA",
            "address2": "333 E RIVER ROAD",
            "address3": null,
            "address4": null,
            "bill_to_san": null,
            "ship_to_san": null,
            "account_lookup1": null,
            "account_lookup2": null,
            "account_lookup3": null
        },
        {
            "organization_name": "TST_01_UNIVERSITY OF MINNESOTA",
            "account_number": "TST_01_12206529-UNIVERSITY OF ",
            "account_name": "UNIVERSITY OF MINNESOTA",
            "cust_accnt_id": 100000235729890,
            "party_id": 100000234621576,
            "registry_id": "TST_01_90000910",
            "site_number": "TST_01_12206529",
            "site_name": "TST_01_UNIVERSITY OF MINNESOTA",
            "country": "US",
            "city": "MINNEAPOLIS",
            "state": "MN",
            "postal_code": "55455",
            "site_purpose": "BILL_TO",
            "address1": "UNIV OF MINNESOTA",
            "address2": "333 E RIVER ROAD",
            "address3": null,
            "address4": null,
            "bill_to_san": null,
            "ship_to_san": null,
            "account_lookup1": null,
            "account_lookup2": null,
            "account_lookup3": null
        },
        {
            "organization_name": "TST_01_PLUMPJACK WINES",
            "account_number": "TST_01_10448297-PLUMPJACK WINE",
            "account_name": "PLUMPJACK WINES",
            "cust_accnt_id": 100000235729891,
            "party_id": 100000234614763,
            "registry_id": "TST_01_96210045",
            "site_number": "TST_01_10448297",
            "site_name": "TST_01_PLUMPJACK WINES",
            "country": "US",
            "city": "SAN FRANCISCO",
            "state": "CA",
            "postal_code": "94114",
            "site_purpose": "BILL_TO",
            "address1": "4011 24TH STREET",
            "address2": null,
            "address3": null,
            "address4": null,
            "bill_to_san": null,
            "ship_to_san": null,
            "account_lookup1": null,
            "account_lookup2": null,
            "account_lookup3": null
        },
        {
            "organization_name": "TST_01_PLUMPJACK WINES",
            "account_number": "TST_01_10448297-PLUMPJACK WINE",
            "account_name": "PLUMPJACK WINES",
            "cust_accnt_id": 100000235729891,
            "party_id": 100000234614763,
            "registry_id": "TST_01_96210045",
            "site_number": "TST_01_10448297-00001",
            "site_name": "TST_01_PLUMPJACK WINES",
            "country": "US",
            "city": "SAN FRANCISCO",
            "state": "CA",
            "postal_code": "94114",
            "site_purpose": "SHIP_TO",
            "address1": "4011 24TH STREET",
            "address2": null,
            "address3": null,
            "address4": null,
            "bill_to_san": null,
            "ship_to_san": null,
            "account_lookup1": null,
            "account_lookup2": null,
            "account_lookup3": null
        },
        {
            "organization_name": "TST_01_HARVARD WESTLAKE SCHOOL",
            "account_number": "TST_01_10449284-HARVARD WESTLA",
            "account_name": "HARVARD WESTLAKE SCHOOL",
            "cust_accnt_id": 100000235729892,
            "party_id": 100000234581802,
            "registry_id": "TST_01_96210871",
            "site_number": "TST_01_10449284",
            "site_name": "TST_01_HARVARD WESTLAKE SCHOOL",
            "country": "US",
            "city": "NORTH HOLLYWOOD",
            "state": "CA",
            "postal_code": "91604",
            "site_purpose": "BILL_TO",
            "address1": "3700 COLDWATER CANYON",
            "address2": null,
            "address3": null,
            "address4": null,
            "bill_to_san": null,
            "ship_to_san": null,
            "account_lookup1": null,
            "account_lookup2": null,
            "account_lookup3": null
        },
        {
            "organization_name": "TST_01_HARVARD WESTLAKE SCHOOL",
            "account_number": "TST_01_10449284-HARVARD WESTLA",
            "account_name": "HARVARD WESTLAKE SCHOOL",
            "cust_accnt_id": 100000235729892,
            "party_id": 100000234581802,
            "registry_id": "TST_01_96210871",
            "site_number": "TST_01_10449284",
            "site_name": "TST_01_HARVARD WESTLAKE SCHOOL",
            "country": "US",
            "city": "NORTH HOLLYWOOD",
            "state": "CA",
            "postal_code": "91604",
            "site_purpose": "SHIP_TO",
            "address1": "3700 COLDWATER CANYON",
            "address2": null,
            "address3": null,
            "address4": null,
            "bill_to_san": null,
            "ship_to_san": null,
            "account_lookup1": null,
            "account_lookup2": null,
            "account_lookup3": null
        },
        {
            "organization_name": "TST_01_ARIANNA HUFFINGTON",
            "account_number": "TST_01_10447489-ARIANNA HUFFIN",
            "account_name": "ARIANNA HUFFINGTON",
            "cust_accnt_id": 100000235729893,
            "party_id": 100000234614764,
            "registry_id": "TST_01_96209357",
            "site_number": "TST_01_10447489-00001",
            "site_name": "TST_01_ARIANNA HUFFINGTON",
            "country": "US",
            "city": "NEW YORK",
            "state": "NY",
            "postal_code": "10012",
            "site_purpose": "SHIP_TO",
            "address1": "THRIVE GLOBAL HOLDINGS",
            "address2": "599 BROADWAY",
            "address3": "FLOOR #6",
            "address4": null,
            "bill_to_san": null,
            "ship_to_san": null,
            "account_lookup1": null,
            "account_lookup2": null,
            "account_lookup3": null
        },
        {
            "organization_name": "TST_01_ARIANNA HUFFINGTON",
            "account_number": "TST_01_10447489-ARIANNA HUFFIN",
            "account_name": "ARIANNA HUFFINGTON",
            "cust_accnt_id": 100000235729893,
            "party_id": 100000234614764,
            "registry_id": "TST_01_96209357",
            "site_number": "TST_01_10447489",
            "site_name": "TST_01_ARIANNA HUFFINGTON",
            "country": "US",
            "city": "NEW YORK",
            "state": "NY",
            "postal_code": "10012",
            "site_purpose": "BILL_TO",
            "address1": "THRIVE GLOBAL HOLDINGS",
            "address2": "599 BROADWAY",
            "address3": "FLOOR #6",
            "address4": null,
            "bill_to_san": null,
            "ship_to_san": null,
            "account_lookup1": null,
            "account_lookup2": null,
            "account_lookup3": null
        },
        {
            "organization_name": "TST_01_SKYLARK",
            "account_number": "TST_01_10451821-SKYLARK",
            "account_name": "SKYLARK",
            "cust_accnt_id": 100000235729894,
            "party_id": 100000234593845,
            "registry_id": "TST_01_96211984",
            "site_number": "TST_01_10451821",
            "site_name": "TST_01_SKYLARK",
            "country": "US",
            "city": "VENICE",
            "state": "CA",
            "postal_code": "90291",
            "site_purpose": "BILL_TO",
            "address1": "1612 ABBOT KINNEY BLVD",
            "address2": null,
            "address3": null,
            "address4": null,
            "bill_to_san": null,
            "ship_to_san": null,
            "account_lookup1": null,
            "account_lookup2": null,
            "account_lookup3": null
        },
        {
            "organization_name": "TST_01_SKYLARK",
            "account_number": "TST_01_10451821-SKYLARK",
            "account_name": "SKYLARK",
            "cust_accnt_id": 100000235729894,
            "party_id": 100000234593845,
            "registry_id": "TST_01_96211984",
            "site_number": "TST_01_10451821-00001",
            "site_name": "TST_01_SKYLARK",
            "country": "US",
            "city": "VENICE",
            "state": "CA",
            "postal_code": "90291",
            "site_purpose": "SHIP_TO",
            "address1": "1612 ABBOT KINNEY BLVD",
            "address2": null,
            "address3": null,
            "address4": null,
            "bill_to_san": null,
            "ship_to_san": null,
            "account_lookup1": null,
            "account_lookup2": null,
            "account_lookup3": null
        },
        {
            "organization_name": "TST_01_BOUDIN PROPERTIES",
            "account_number": "TST_01_10451014-BOUDIN PROPERT",
            "account_name": "BOUDIN PROPERTIES",
            "cust_accnt_id": 100000235729895,
            "party_id": 100000234629107,
            "registry_id": "TST_01_96211685",
            "site_number": "TST_01_10451014-00001",
            "site_name": "TST_01_BOUDIN PROPERTIES",
            "country": "US",
            "city": "SOUTH SAN FRANCISC",
            "state": "CA",
            "postal_code": "94080",
            "site_purpose": "SHIP_TO",
            "address1": "428B N CANAL ST",
            "address2": null,
            "address3": null,
            "address4": null,
            "bill_to_san": null,
            "ship_to_san": null,
            "account_lookup1": null,
            "account_lookup2": null,
            "account_lookup3": null
        },
        {
            "organization_name": "TST_01_BOUDIN PROPERTIES",
            "account_number": "TST_01_10451014-BOUDIN PROPERT",
            "account_name": "BOUDIN PROPERTIES",
            "cust_accnt_id": 100000235729895,
            "party_id": 100000234629107,
            "registry_id": "TST_01_96211685",
            "site_number": "TST_01_10451014",
            "site_name": "TST_01_BOUDIN PROPERTIES",
            "country": "US",
            "city": "SOUTH SAN FRANCISC",
            "state": "CA",
            "postal_code": "94080",
            "site_purpose": "BILL_TO",
            "address1": "428B N CANAL ST",
            "address2": null,
            "address3": null,
            "address4": null,
            "bill_to_san": null,
            "ship_to_san": null,
            "account_lookup1": null,
            "account_lookup2": null,
            "account_lookup3": null
        },
        {
            "organization_name": "TST_01_BOUDIN PROPERTIES",
            "account_number": "TST_01_10451014-BOUDIN PROPERT",
            "account_name": "BOUDIN PROPERTIES",
            "cust_accnt_id": 100000235729895,
            "party_id": 100000234629107,
            "registry_id": "TST_01_96211685",
            "site_number": "TST_01_10451014-00002",
            "site_name": "TST_01_Boudin Properties",
            "country": "US",
            "city": "SOUTH SAN FRANCISC",
            "state": "CA",
            "postal_code": "94080",
            "site_purpose": "SHIP_TO",
            "address1": "428B N CANAL ST",
            "address2": null,
            "address3": null,
            "address4": null,
            "bill_to_san": null,
            "ship_to_san": null,
            "account_lookup1": null,
            "account_lookup2": null,
            "account_lookup3": null
        },
        {
            "organization_name": "TST_01_BOUDIN PROPERTIES",
            "account_number": "TST_01_10451014-BOUDIN PROPERT",
            "account_name": "BOUDIN PROPERTIES",
            "cust_accnt_id": 100000235729895,
            "party_id": 100000234629107,
            "registry_id": "TST_01_96211685",
            "site_number": "TST_01_10451014-00003",
            "site_name": "TST_01_Boudin Properties,Inc.",
            "country": "US",
            "city": "SOUTH SAN FRANCISC",
            "state": "CA",
            "postal_code": "94080",
            "site_purpose": "SHIP_TO",
            "address1": "428B N CANAL ST",
            "address2": null,
            "address3": null,
            "address4": null,
            "bill_to_san": null,
            "ship_to_san": null,
            "account_lookup1": null,
            "account_lookup2": null,
            "account_lookup3": null
        },
        {
            "organization_name": "TST_01_MOUNTAIN HOME GIFT",
            "account_number": "TST_01_10450039-MOUNTAIN HOME ",
            "account_name": "MOUNTAIN HOME GIFT",
            "cust_accnt_id": 100000235729896,
            "party_id": 100000234629108,
            "registry_id": "TST_01_96211405",
            "site_number": "TST_01_10450039-00001",
            "site_name": "TST_01_MOUNTAIN HOME GIFT",
            "country": "US",
            "city": "SONORA",
            "state": "CA",
            "postal_code": "95370",
            "site_purpose": "SHIP_TO",
            "address1": "87 S WASHINGTON STREET",
            "address2": null,
            "address3": null,
            "address4": null,
            "bill_to_san": null,
            "ship_to_san": null,
            "account_lookup1": null,
            "account_lookup2": null,
            "account_lookup3": null
        },
        {
            "organization_name": "TST_01_MOUNTAIN HOME GIFT",
            "account_number": "TST_01_10450039-MOUNTAIN HOME ",
            "account_name": "MOUNTAIN HOME GIFT",
            "cust_accnt_id": 100000235729896,
            "party_id": 100000234629108,
            "registry_id": "TST_01_96211405",
            "site_number": "TST_01_10450039",
            "site_name": "TST_01_MOUNTAIN HOME GIFT",
            "country": "US",
            "city": "SONORA",
            "state": "CA",
            "postal_code": "95370",
            "site_purpose": "BILL_TO",
            "address1": "87 S WASHINGTON STREET",
            "address2": null,
            "address3": null,
            "address4": null,
            "bill_to_san": null,
            "ship_to_san": null,
            "account_lookup1": null,
            "account_lookup2": null,
            "account_lookup3": null
        },
        {
            "organization_name": "TST_01_R/C COUNTRY HOBBIES",
            "account_number": "TST_01_10451277-R/C COUNTRY HO",
            "account_name": "R/C COUNTRY HOBBIES",
            "cust_accnt_id": 100000235729897,
            "party_id": 100000234601475,
            "registry_id": "TST_01_96211759",
            "site_number": "TST_01_10451277-00601",
            "site_name": "TST_01_R/C COUNTRY HOBBIES",
            "country": "US",
            "city": "SACRAMENTO",
            "state": "CA",
            "postal_code": "95827",
            "site_purpose": "SHIP_TO",
            "address1": "9500 MICRON AVENUE",
            "address2": "STE 102",
            "address3": null,
            "address4": null,
            "bill_to_san": null,
            "ship_to_san": null,
            "account_lookup1": null,
            "account_lookup2": null,
            "account_lookup3": null
        },
        {
            "organization_name": "TST_01_R/C COUNTRY HOBBIES",
            "account_number": "TST_01_10451277-R/C COUNTRY HO",
            "account_name": "R/C COUNTRY HOBBIES",
            "cust_accnt_id": 100000235729897,
            "party_id": 100000234601475,
            "registry_id": "TST_01_96211759",
            "site_number": "TST_01_10451277",
            "site_name": "TST_01_R/C COUNTRY HOBBIES",
            "country": "US",
            "city": "SACRAMENTO",
            "state": "CA",
            "postal_code": "95827",
            "site_purpose": "BILL_TO",
            "address1": "9500 MICRON AVENUE",
            "address2": "STE 102",
            "address3": null,
            "address4": null,
            "bill_to_san": null,
            "ship_to_san": null,
            "account_lookup1": null,
            "account_lookup2": null,
            "account_lookup3": null
        },
        {
            "organization_name": "TST_01_WINE & ROSES HOTEL & SPA",
            "account_number": "TST_01_10451299-WINE & ROSES H",
            "account_name": "WINE & ROSES HOTEL & SPA",
            "cust_accnt_id": 100000235729898,
            "party_id": 100000234601477,
            "registry_id": "TST_01_96211762",
            "site_number": "TST_01_10451299",
            "site_name": "TST_01_WINE & ROSES HOTEL & SPA",
            "country": "US",
            "city": "LODI",
            "state": "CA",
            "postal_code": "952424643",
            "site_purpose": "BILL_TO",
            "address1": "2505 W TURNER RD",
            "address2": null,
            "address3": null,
            "address4": null,
            "bill_to_san": null,
            "ship_to_san": null,
            "account_lookup1": null,
            "account_lookup2": null,
            "account_lookup3": null
        },
        {
            "organization_name": "TST_01_WINE & ROSES HOTEL & SPA",
            "account_number": "TST_01_10451299-WINE & ROSES H",
            "account_name": "WINE & ROSES HOTEL & SPA",
            "cust_accnt_id": 100000235729898,
            "party_id": 100000234601477,
            "registry_id": "TST_01_96211762",
            "site_number": "TST_01_10451299-00001",
            "site_name": "TST_01_WINE & ROSES HOTEL & SPA",
            "country": "US",
            "city": "LODI",
            "state": "CA",
            "postal_code": "952424643",
            "site_purpose": "SHIP_TO",
            "address1": "2505 W TURNER RD",
            "address2": null,
            "address3": null,
            "address4": null,
            "bill_to_san": null,
            "ship_to_san": null,
            "account_lookup1": null,
            "account_lookup2": null,
            "account_lookup3": null
        },
        {
            "organization_name": "TST_01_STARK WAXING STUDIO",
            "account_number": "TST_01_10458228-STARK WAXING S",
            "account_name": "STARK WAXING STUDIO",
            "cust_accnt_id": 100000235729899,
            "party_id": 100000234621661,
            "registry_id": "TST_01_96211880",
            "site_number": "TST_01_10458228",
            "site_name": "TST_01_STARK WAXING STUDIO",
            "country": "US",
            "city": "LOS ANGELES",
            "state": "CA",
            "postal_code": "900262117",
            "site_purpose": "BILL_TO",
            "address1": "3335 W SUNSET BLVD",
            "address2": null,
            "address3": null,
            "address4": null,
            "bill_to_san": null,
            "ship_to_san": null,
            "account_lookup1": null,
            "account_lookup2": null,
            "account_lookup3": null
        },
        {
            "organization_name": "TST_01_STARK WAXING STUDIO",
            "account_number": "TST_01_10458228-STARK WAXING S",
            "account_name": "STARK WAXING STUDIO",
            "cust_accnt_id": 100000235729899,
            "party_id": 100000234621661,
            "registry_id": "TST_01_96211880",
            "site_number": "TST_01_10458228-00002",
            "site_name": "TST_01_STARK WAXING STUDIO",
            "country": "US",
            "city": "LOS ANGELES",
            "state": "CA",
            "postal_code": "900262117",
            "site_purpose": "SHIP_TO",
            "address1": "3335 W SUNSET BLVD",
            "address2": null,
            "address3": null,
            "address4": null,
            "bill_to_san": null,
            "ship_to_san": null,
            "account_lookup1": null,
            "account_lookup2": null,
            "account_lookup3": null
        },
        {
            "organization_name": "TST_01_STARK WAXING STUDIO",
            "account_number": "TST_01_10458228-STARK WAXING S",
            "account_name": "STARK WAXING STUDIO",
            "cust_accnt_id": 100000235729899,
            "party_id": 100000234621661,
            "registry_id": "TST_01_96211880",
            "site_number": "TST_01_10458228-00001",
            "site_name": "TST_01_STARK WAXING STUDIO",
            "country": "US",
            "city": "LOS ANGELES",
            "state": "CA",
            "postal_code": "900262117",
            "site_purpose": "SHIP_TO",
            "address1": "3335 W SUNSET BLVD",
            "address2": null,
            "address3": null,
            "address4": null,
            "bill_to_san": null,
            "ship_to_san": null,
            "account_lookup1": null,
            "account_lookup2": null,
            "account_lookup3": null
        },
        {
            "organization_name": "TST_01_MCMURRAY HATCHERY",
            "account_number": "TST_01_11402766-MCMURRAY HATCH",
            "account_name": "MCMURRAY HATCHERY",
            "cust_accnt_id": 100000235729900,
            "party_id": 100000234588171,
            "registry_id": "TST_01_96232277",
            "site_number": "TST_01_11402766",
            "site_name": "TST_01_MCMURRAY HATCHERY",
            "country": "US",
            "city": "WEBSTER CITY",
            "state": "IA",
            "postal_code": "50595",
            "site_purpose": "BILL_TO",
            "address1": "191 CLOSZ DRIVE",
            "address2": null,
            "address3": null,
            "address4": null,
            "bill_to_san": null,
            "ship_to_san": null,
            "account_lookup1": null,
            "account_lookup2": null,
            "account_lookup3": null
        },
        {
            "organization_name": "TST_01_MCMURRAY HATCHERY",
            "account_number": "TST_01_11402766-MCMURRAY HATCH",
            "account_name": "MCMURRAY HATCHERY",
            "cust_accnt_id": 100000235729900,
            "party_id": 100000234588171,
            "registry_id": "TST_01_96232277",
            "site_number": "TST_01_11402766-00001",
            "site_name": "TST_01_MCMURRAY HATCHERY",
            "country": "US",
            "city": "WEBSTER CITY",
            "state": "IA",
            "postal_code": "50595",
            "site_purpose": "SHIP_TO",
            "address1": "191 CLOSZ DRIVE",
            "address2": null,
            "address3": null,
            "address4": null,
            "bill_to_san": null,
            "ship_to_san": null,
            "account_lookup1": null,
            "account_lookup2": null,
            "account_lookup3": null
        },
        {
            "organization_name": "TST_01_FRANK LLOYD WRIGHT",
            "account_number": "TST_01_11402828-FRANK LLOYD WR",
            "account_name": "FRANK LLOYD WRIGHT",
            "cust_accnt_id": 100000235729901,
            "party_id": 100000234593848,
            "registry_id": "TST_01_96232332",
            "site_number": "TST_01_11402828-00002",
            "site_name": "TST_01__FRANK LLOYD WRIGHT",
            "country": "US",
            "city": "MASON CITY",
            "state": "IA",
            "postal_code": "50401",
            "site_purpose": "SHIP_TO",
            "address1": "STOCKMAN HOUSE MUSEUM",
            "address2": "PO BOX 565",
            "address3": null,
            "address4": null,
            "bill_to_san": null,
            "ship_to_san": null,
            "account_lookup1": null,
            "account_lookup2": null,
            "account_lookup3": null
        },
        {
            "organization_name": "TST_01_FRANK LLOYD WRIGHT",
            "account_number": "TST_01_11402828-FRANK LLOYD WR",
            "account_name": "FRANK LLOYD WRIGHT",
            "cust_accnt_id": 100000235729901,
            "party_id": 100000234593848,
            "registry_id": "TST_01_96232332",
            "site_number": "TST_01_11402828-00004",
            "site_name": "TST_01_FRANK LLOYD WRIGHT",
            "country": "US",
            "city": "MASON CITY",
            "state": "IA",
            "postal_code": "50401",
            "site_purpose": "SHIP_TO",
            "address1": "STOCKMAN HOUSE MUSEUM",
            "address2": "PO BOX 565",
            "address3": null,
            "address4": null,
            "bill_to_san": null,
            "ship_to_san": null,
            "account_lookup1": null,
            "account_lookup2": null,
            "account_lookup3": null
        },
        {
            "organization_name": "TST_01_FRANK LLOYD WRIGHT",
            "account_number": "TST_01_11402828-FRANK LLOYD WR",
            "account_name": "FRANK LLOYD WRIGHT",
            "cust_accnt_id": 100000235729901,
            "party_id": 100000234593848,
            "registry_id": "TST_01_96232332",
            "site_number": "TST_01_11402828-00003",
            "site_name": "TST_01__FRANK LLOYD WRIGHT",
            "country": "US",
            "city": "MASON CITY",
            "state": "IA",
            "postal_code": "50401",
            "site_purpose": "SHIP_TO",
            "address1": "STOCKMAN HOUSE MUSEUM",
            "address2": "PO BOX 565",
            "address3": null,
            "address4": null,
            "bill_to_san": null,
            "ship_to_san": null,
            "account_lookup1": null,
            "account_lookup2": null,
            "account_lookup3": null
        },
        {
            "organization_name": "TST_01_FRANK LLOYD WRIGHT",
            "account_number": "TST_01_11402828-FRANK LLOYD WR",
            "account_name": "FRANK LLOYD WRIGHT",
            "cust_accnt_id": 100000235729901,
            "party_id": 100000234593848,
            "registry_id": "TST_01_96232332",
            "site_number": "TST_01_11402828-00001",
            "site_name": "TST_01__FRANK LLOYD WRIGHT",
            "country": "US",
            "city": "MASON CITY",
            "state": "IA",
            "postal_code": "50401",
            "site_purpose": "SHIP_TO",
            "address1": "STOCKMAN HOUSE MUSEUM",
            "address2": "PO BOX 565",
            "address3": null,
            "address4": null,
            "bill_to_san": null,
            "ship_to_san": null,
            "account_lookup1": null,
            "account_lookup2": null,
            "account_lookup3": null
        },
        {
            "organization_name": "TST_01_FRANK LLOYD WRIGHT",
            "account_number": "TST_01_11402828-FRANK LLOYD WR",
            "account_name": "FRANK LLOYD WRIGHT",
            "cust_accnt_id": 100000235729901,
            "party_id": 100000234593848,
            "registry_id": "TST_01_96232332",
            "site_number": "TST_01_11402828",
            "site_name": "TST_01_FRANK LLOYD WRIGHT",
            "country": "US",
            "city": "MASON CITY",
            "state": "IA",
            "postal_code": "50401",
            "site_purpose": "BILL_TO",
            "address1": "STOCKMAN HOUSE MUSEUM",
            "address2": "PO BOX 565",
            "address3": null,
            "address4": null,
            "bill_to_san": null,
            "ship_to_san": null,
            "account_lookup1": null,
            "account_lookup2": null,
            "account_lookup3": null
        },
        {
            "organization_name": "TST_01_TREASURE HOUSE",
            "account_number": "TST_01_11402397-TREASURE HOUSE",
            "account_name": "TREASURE HOUSE",
            "cust_accnt_id": 100000235729902,
            "party_id": 100000234607539,
            "registry_id": "TST_01_96232039",
            "site_number": "TST_01_11402397-00001",
            "site_name": "TST_01_TREASURE HOUSE",
            "country": "US",
            "city": "ANKENY",
            "state": "IA",
            "postal_code": "50021",
            "site_purpose": "SHIP_TO",
            "address1": "721 N ANKENY BLVD",
            "address2": null,
            "address3": null,
            "address4": null,
            "bill_to_san": null,
            "ship_to_san": null,
            "account_lookup1": null,
            "account_lookup2": null,
            "account_lookup3": null
        },
        {
            "organization_name": "TST_01_TREASURE HOUSE",
            "account_number": "TST_01_11402397-TREASURE HOUSE",
            "account_name": "TREASURE HOUSE",
            "cust_accnt_id": 100000235729902,
            "party_id": 100000234607539,
            "registry_id": "TST_01_96232039",
            "site_number": "TST_01_11402397",
            "site_name": "TST_01_TREASURE HOUSE",
            "country": "US",
            "city": "ANKENY",
            "state": "IA",
            "postal_code": "50021",
            "site_purpose": "BILL_TO",
            "address1": "721 N ANKENY BLVD",
            "address2": null,
            "address3": null,
            "address4": null,
            "bill_to_san": null,
            "ship_to_san": null,
            "account_lookup1": null,
            "account_lookup2": null,
            "account_lookup3": null
        },
        {
            "organization_name": "TST_01_CURRIER MUSEUM OF ART",
            "account_number": "TST_01_12824000-CURRIER MUSEUM",
            "account_name": "CURRIER MUSEUM OF ART",
            "cust_accnt_id": 100000235729903,
            "party_id": 100000234601481,
            "registry_id": "TST_01_96249872",
            "site_number": "TST_01_12824000-00001",
            "site_name": "TST_01_CURRIER MUSEUM OF ART",
            "country": "US",
            "city": "MANCHESTER",
            "state": "NH",
            "postal_code": "03104",
            "site_purpose": "SHIP_TO",
            "address1": "ATTN: MUSEUM SHOP",
            "address2": "150 ASH STREET",
            "address3": null,
            "address4": null,
            "bill_to_san": null,
            "ship_to_san": null,
            "account_lookup1": null,
            "account_lookup2": null,
            "account_lookup3": null
        },
        {
            "organization_name": "TST_01_CURRIER MUSEUM OF ART",
            "account_number": "TST_01_12824000-CURRIER MUSEUM",
            "account_name": "CURRIER MUSEUM OF ART",
            "cust_accnt_id": 100000235729903,
            "party_id": 100000234601481,
            "registry_id": "TST_01_96249872",
            "site_number": "TST_01_12824000",
            "site_name": "TST_01_CURRIER MUSEUM OF ART",
            "country": "US",
            "city": "MANCHESTER",
            "state": "NH",
            "postal_code": "03104",
            "site_purpose": "BILL_TO",
            "address1": "ATTN: MUSEUM SHOP",
            "address2": "150 ASH STREET",
            "address3": null,
            "address4": null,
            "bill_to_san": null,
            "ship_to_san": null,
            "account_lookup1": null,
            "account_lookup2": null,
            "account_lookup3": null
        },
        {
            "organization_name": "TST_01_CURRIER MUSEUM OF ART",
            "account_number": "TST_01_12824000-CURRIER MUSEUM",
            "account_name": "CURRIER MUSEUM OF ART",
            "cust_accnt_id": 100000235729903,
            "party_id": 100000234601481,
            "registry_id": "TST_01_96249872",
            "site_number": "TST_01_12824000-00002",
            "site_name": "TST_01_CURRIER MUSEUM OF ART",
            "country": "US",
            "city": "MANCHESTER",
            "state": "NH",
            "postal_code": "03104",
            "site_purpose": "SHIP_TO",
            "address1": "ATTN: MUSEUM SHOP",
            "address2": "150 ASH STREET",
            "address3": null,
            "address4": null,
            "bill_to_san": null,
            "ship_to_san": null,
            "account_lookup1": null,
            "account_lookup2": null,
            "account_lookup3": null
        },
        {
            "organization_name": "TST_01_TOY CITY",
            "account_number": "TST_01_12801754-TOY CITY",
            "account_name": "TOY CITY",
            "cust_accnt_id": 100000235729904,
            "party_id": 100000234593850,
            "registry_id": "TST_01_96249352",
            "site_number": "TST_01_12801754-00001",
            "site_name": "TST_01_KIDS CITY",
            "country": "US",
            "city": "KEENE",
            "state": "NH",
            "postal_code": "03431",
            "site_purpose": "SHIP_TO",
            "address1": "133 KEY RD",
            "address2": null,
            "address3": null,
            "address4": null,
            "bill_to_san": null,
            "ship_to_san": null,
            "account_lookup1": null,
            "account_lookup2": null,
            "account_lookup3": null
        },
        {
            "organization_name": "TST_01_TOY CITY",
            "account_number": "TST_01_12801754-TOY CITY",
            "account_name": "TOY CITY",
            "cust_accnt_id": 100000235729904,
            "party_id": 100000234593850,
            "registry_id": "TST_01_96249352",
            "site_number": "TST_01_12801754",
            "site_name": "TST_01_TOY CITY",
            "country": "US",
            "city": "KEENE",
            "state": "NH",
            "postal_code": "03431",
            "site_purpose": "BILL_TO",
            "address1": "133 KEY RD",
            "address2": null,
            "address3": null,
            "address4": null,
            "bill_to_san": null,
            "ship_to_san": null,
            "account_lookup1": null,
            "account_lookup2": null,
            "account_lookup3": null
        },
        {
            "organization_name": "TST_01_STEELES STATIONERS",
            "account_number": "TST_01_12863735-STEELES STATIO",
            "account_name": "STEELES STATIONERS",
            "cust_accnt_id": 100000235729905,
            "party_id": 100000234614773,
            "registry_id": "TST_01_96249899",
            "site_number": "TST_01_12863735",
            "site_name": "TST_01_STEELES STATIONERS",
            "country": "US",
            "city": "PETERBOROUGH",
            "state": "NH",
            "postal_code": "03458",
            "site_purpose": "BILL_TO",
            "address1": "40 MAIN ST",
            "address2": null,
            "address3": null,
            "address4": null,
            "bill_to_san": null,
            "ship_to_san": null,
            "account_lookup1": null,
            "account_lookup2": null,
            "account_lookup3": null
        },
        {
            "organization_name": "TST_01_STEELES STATIONERS",
            "account_number": "TST_01_12863735-STEELES STATIO",
            "account_name": "STEELES STATIONERS",
            "cust_accnt_id": 100000235729905,
            "party_id": 100000234614773,
            "registry_id": "TST_01_96249899",
            "site_number": "TST_01_12863735-00001",
            "site_name": "TST_01_STEELES STATIONERS",
            "country": "US",
            "city": "PETERBOROUGH",
            "state": "NH",
            "postal_code": "03458",
            "site_purpose": "SHIP_TO",
            "address1": "40 MAIN ST",
            "address2": null,
            "address3": null,
            "address4": null,
            "bill_to_san": null,
            "ship_to_san": null,
            "account_lookup1": null,
            "account_lookup2": null,
            "account_lookup3": null
        },
        {
            "organization_name": "TST_01_ROSS AND ROSS INC  DBA",
            "account_number": "TST_01_12913116-ROSS AND ROSS ",
            "account_name": "ROSS AND ROSS INC  DBA",
            "cust_accnt_id": 100000235729906,
            "party_id": 100000234593933,
            "registry_id": "TST_01_96251027",
            "site_number": "TST_01_12913116-00002",
            "site_name": "TST_01_BUCKS COUNTY DRY GOODS",
            "country": "US",
            "city": "LAMBERTVILLE",
            "state": "NJ",
            "postal_code": "08530",
            "site_purpose": "SHIP_TO",
            "address1": "BUCKS COUNTY DRY GOODS",
            "address2": "5 KLINES COURT",
            "address3": null,
            "address4": null,
            "bill_to_san": null,
            "ship_to_san": null,
            "account_lookup1": null,
            "account_lookup2": null,
            "account_lookup3": null
        },
        {
            "organization_name": "TST_01_ROSS AND ROSS INC  DBA",
            "account_number": "TST_01_12913116-ROSS AND ROSS ",
            "account_name": "ROSS AND ROSS INC  DBA",
            "cust_accnt_id": 100000235729906,
            "party_id": 100000234593933,
            "registry_id": "TST_01_96251027",
            "site_number": "TST_01_12913116-00004",
            "site_name": "TST_01_Bucks County Dry Goods",
            "country": "US",
            "city": "LAMBERTVILLE",
            "state": "NJ",
            "postal_code": "08530",
            "site_purpose": "SHIP_TO",
            "address1": "BUCKS COUNTY DRY GOODS",
            "address2": "5 KLINES COURT",
            "address3": null,
            "address4": null,
            "bill_to_san": null,
            "ship_to_san": null,
            "account_lookup1": null,
            "account_lookup2": null,
            "account_lookup3": null
        }
    ],
    "hasMore": true,
    "limit": 100,
    "offset": 0,
    "count": 100,
    "links": [
        {
            "rel": "self",
            "href": "https://10.2.0.169:8081/ords/hbg_integration/salesCredit/getCustAccntType"
        },
        {
            "rel": "edit",
            "href": "https://10.2.0.169:8081/ords/hbg_integration/salesCredit/getCustAccntType"
        },
        {
            "rel": "describedby",
            "href": "https://10.2.0.169:8081/ords/hbg_integration/metadata-catalog/salesCredit/item"
        },
        {
            "rel": "first",
            "href": "https://10.2.0.169:8081/ords/hbg_integration/salesCredit/getCustAccntType"
        },
        {
            "rel": "next",
            "href": "https://10.2.0.169:8081/ords/hbg_integration/salesCredit/getCustAccntType?offset=100"
        }
    ]
}