{
  "description": "",
  "root": "resetVariablesCreateDistributionRulesObj",
  "actions": {
    "resetVariablesCreateDistributionRulesObj": {
      "module": "vb/action/builtin/resetVariablesAction",
      "parameters": {
        "variables": [
          "$flow.variables.CreateDistributionRulesObj.category_2_description"
        ]
      },
      "outcomes": {
        "success": "if"
      }
    },
    "if": {
      "module": "vb/action/builtin/ifAction",
      "parameters": {
        "condition": "[[ $flow.variables.CreateDistributionRulesObj.category_2 == null || $flow.variables.CreateDistributionRulesObj.category_2 == 'undefined' ]]"
      },
      "outcomes": {
        "false": "callRestGetDistributionTitleRightsGetLookupValuesDetails"
      }
    },
    "fireNotification": {
      "module": "vb/action/builtin/fireNotificationEventAction",
      "parameters": {
        "target": "leaf",
        "summary": "[[ $chain.results.callRestGetDistributionTitleRightsGetLookupValuesDetails.message.summary ]]",
        "type": "error",
        "displayMode": "persist"
      }
    },
    "callRestGetDistributionTitleRightsGetLookupValuesDetails": {
      "module": "vb/action/builtin/restAction",
      "parameters": {
        "endpoint": "ordsHbg_integration/getDistributionTitleRightsGetLookupValuesDetails",
        "uriParams": {
          "P_LOOKUP_CODE": "{{ $flow.variables.CreateDistributionRulesObj.category_2 }}",
          "P_LOOKUP_TYPE": "HBG_CATEGORY_2"
        }
      },
      "outcomes": {
        "failure": "fireNotification",
        "success": "assignVariablesCreateDistributionRulesObj"
      }
    },
    "assignVariablesCreateDistributionRulesObj": {
      "module": "vb/action/builtin/assignVariablesAction",
      "parameters": {
        "$flow.variables.CreateDistributionRulesObj": {
          "source": {
            "category_2_description": "{{ $chain.results.callRestGetDistributionTitleRightsGetLookupValuesDetails.body.items[0].meaning }}"
          },
          "reset": "none",
          "auto": "always"
        }
      }
    }
  },
  "variables": {}
}