{
  "root": "runInParallel",
  "description": "",
  "actions": {
    "runInParallel": {
      "module": "vb/action/builtin/forkAction",
      "parameters": {
        "actions": {
          "assignVariables": "callFunctionGetSysdate",
          "callRest": "callRestGetDistributionTitleRightsGetValueSetsInfo"
        }
      }
    },
    "callFunctionGetSysdate": {
      "module": "vb/action/builtin/callModuleFunctionAction",
      "parameters": {
        "module": "[[ $functions ]]",
        "functionName": "getSysdate"
      },
      "outcomes": {
        "success": "assignVariablesCreateDistributionRulesObj"
      }
    },
    "assignVariablesCreateDistributionRulesObj": {
      "module": "vb/action/builtin/assignVariablesAction",
      "parameters": {
        "$flow.variables.CreateDistributionRulesObj": {
          "source": {
            "start_date": "{{ $chain.results.callFunctionGetSysdate }}"
          },
          "reset": "none",
          "auto": "always"
        }
      }
    },
    "fireNotification": {
      "module": "vb/action/builtin/fireNotificationEventAction",
      "parameters": {
        "target": "leaf",
        "summary": "[[ $chain.results.callRestGetDistributionTitleRightsGetValueSetsInfo.message.summary ]]",
        "type": "error",
        "displayMode": "persist"
      }
    },
    "callRestGetDistributionTitleRightsGetValueSetsInfo": {
      "module": "vb/action/builtin/restAction",
      "parameters": {
        "endpoint": "ordsHbg_integration/getDistributionTitleRightsGetValueSetsInfo",
        "uriParams": {
          "P_VALUE_SET_NAME": "HBG_ACCOUNT_TYPE"
        }
      },
      "outcomes": {
        "failure": "fireNotification",
        "success": "assignVariables"
      }
    },
    "assignVariables": {
      "module": "vb/action/builtin/assignVariablesAction",
      "parameters": {
        "$page.variables.getAccountTypeLOV": {
          "source": {
            "data": "{{ $chain.results.callRestGetDistributionTitleRightsGetValueSetsInfo.body.items }}"
          },
          "reset": "none",
          "auto": "always",
          "mapping": {
            "$target.data": {
              "source": "$source.data",
              "reset": "empty"
            }
          }
        }
      }
    }
  }
}