{
    "items": [
        {
            "sf_div_id": 1234,
            "division_number": 12345,
            "division_name": "Test",
            "external_checkbox": "Yes",
            "notes": "Test",
            "entered_by": "test",
            "entered_date": null,
            "updated_by": null,
            "updated_date": null,
            "start_date": null,
            "end_date": null,
            "status": "Active",
            "sales_force_id": 3
        }
    ],
    "hasMore": false,
    "limit": 10000,
    "offset": 0,
    "count": 1,
    "links": [
        {
            "rel": "self",
            "href": "https://10.2.0.169:8081/ords/hbg_integration/salesCredit/divisionData?SALES_FORCE_ID=3"
        },
        {
            "rel": "edit",
            "href": "https://10.2.0.169:8081/ords/hbg_integration/salesCredit/divisionData?SALES_FORCE_ID=3"
        },
        {
            "rel": "describedby",
            "href": "https://10.2.0.169:8081/ords/hbg_integration/metadata-catalog/salesCredit/item"
        },
        {
            "rel": "first",
            "href": "https://10.2.0.169:8081/ords/hbg_integration/salesCredit/divisionData?SALES_FORCE_ID=3&limit=10000"
        }
    ]
}