{
    "items": [
        {
            "sf_assign_id": 221,
            "owner": "AB",
            "owner_description": "Abrams Books",
            "reporting_group": "AB58",
            "reporting_group_description": "Harry N. Abrams",
            "category_1": "AB5801",
            "category_1_description": "General Trade_AB5801",
            "category_2": "AB580101",
            "category_2_description": "General / Other_AB580101",
            "format": "01",
            "format_description": "Mass Market",
            "sub_format": "01",
            "sub_format_description": "Mini Books CL",
            "bisac": "ANT000000",
            "bisac_description": "ANTIQUES & COLLECTIBLES / General",
            "customer_org_number": 100000223719120,
            "organization_name": "987659 - Customer FBDI ",
            "customer_account_number": "987659 - Customer FBDI 1",
            "account_name": null,
            "account_type": "02",
            "bill_to_": null,
            "state_province": "AZ",
            "bill_to_country": "US",
            "alt_sales_country": "US",
            "ship_to_number": "987659 - Customer FBDI 1 1",
            "ship_to_name": null,
            "ship_to_state": "987659 - Customer FBDI 1 1",
            "ship_to_country": null,
            "final_destination_country": null,
            "sales_force": "SFM1",
            "sales_force_name": "SFM1Name",
            "division": "1",
            "division_name": "DIV1Name",
            "territory": "TER1",
            "territory_name": "Ter1Name",
            "sales_rep": "SR1",
            "sales_rep_name": "SR1Name",
            "override": "No",
            "account_override_start_date": null,
            "account_override_end_date": null,
            "notes": "st Notes",
            "entered_by": "freis@pelotongroup.com",
            "entered_date": "2023-01-26T08:12:47Z",
            "updated_by": "freis@pelotongroup.com",
            "updated_date": "2023-01-26T08:12:47Z",
            "start_date": "0026-01-19T00:00:00Z",
            "end_date": "0019-01-21T00:00:00Z",
            "status": "Active",
            "sales_force_id": 20
        },
        {
            "sf_assign_id": 242,
            "owner": null,
            "owner_description": null,
            "reporting_group": null,
            "reporting_group_description": null,
            "category_1": null,
            "category_1_description": null,
            "category_2": null,
            "category_2_description": null,
            "format": null,
            "format_description": null,
            "sub_format": null,
            "sub_format_description": null,
            "bisac": null,
            "bisac_description": null,
            "customer_org_number": 100000223719120,
            "organization_name": "987659 - Customer FBDI ",
            "customer_account_number": "987659 - Customer FBDI 1",
            "account_name": "Customer FBDI 1",
            "account_type": "02",
            "bill_to_": null,
            "state_province": "AZ",
            "bill_to_country": "US",
            "alt_sales_country": null,
            "ship_to_number": null,
            "ship_to_name": null,
            "ship_to_state": null,
            "ship_to_country": null,
            "final_destination_country": null,
            "sales_force": "SFM1",
            "sales_force_name": "SFM1Name",
            "division": "1",
            "division_name": "DIV1Name",
            "territory": "TER1",
            "territory_name": "Ter1Name",
            "sales_rep": null,
            "sales_rep_name": null,
            "override": "No",
            "account_override_start_date": null,
            "account_override_end_date": null,
            "notes": null,
            "entered_by": "freis@pelotongroup.com",
            "entered_date": "2023-01-30T09:32:37Z",
            "updated_by": "freis@pelotongroup.com",
            "updated_date": "2023-01-30T09:32:37Z",
            "start_date": "0030-01-21T00:00:00Z",
            "end_date": null,
            "status": "Active",
            "sales_force_id": 20
        },
        {
            "sf_assign_id": 247,
            "owner": null,
            "owner_description": null,
            "reporting_group": null,
            "reporting_group_description": null,
            "category_1": null,
            "category_1_description": null,
            "category_2": null,
            "category_2_description": null,
            "format": null,
            "format_description": null,
            "sub_format": null,
            "sub_format_description": null,
            "bisac": null,
            "bisac_description": null,
            "customer_org_number": 100000223719120,
            "organization_name": "987659 - Customer FBDI ",
            "customer_account_number": "987659 - Customer FBDI 1",
            "account_name": "Customer FBDI 1",
            "account_type": "04",
            "bill_to_": null,
            "state_province": null,
            "bill_to_country": "US",
            "alt_sales_country": null,
            "ship_to_number": null,
            "ship_to_name": null,
            "ship_to_state": null,
            "ship_to_country": null,
            "final_destination_country": null,
            "sales_force": "01",
            "sales_force_name": "HBG ID/WHL SALES",
            "division": "21",
            "division_name": "ID ACCOUNT REPS",
            "territory": "01",
            "territory_name": "North Territory",
            "sales_rep": "01",
            "sales_rep_name": "BOB LEVINE",
            "override": "No",
            "account_override_start_date": null,
            "account_override_end_date": null,
            "notes": null,
            "entered_by": "thastings@pelotongroup.com",
            "entered_date": "2023-01-30T15:52:43Z",
            "updated_by": "thastings@pelotongroup.com",
            "updated_date": "2023-01-30T15:52:43Z",
            "start_date": "0030-01-21T00:00:00Z",
            "end_date": null,
            "status": "Active",
            "sales_force_id": 24
        },
        {
            "sf_assign_id": 248,
            "owner": null,
            "owner_description": null,
            "reporting_group": null,
            "reporting_group_description": null,
            "category_1": null,
            "category_1_description": null,
            "category_2": null,
            "category_2_description": null,
            "format": null,
            "format_description": null,
            "sub_format": null,
            "sub_format_description": null,
            "bisac": null,
            "bisac_description": null,
            "customer_org_number": 100000234582012,
            "organization_name": "TST_01_LIBBY'S",
            "customer_account_number": "TST_01_11306463-LIBBY'S",
            "account_name": "LIBBY'S",
            "account_type": "04",
            "bill_to_": null,
            "state_province": null,
            "bill_to_country": "US",
            "alt_sales_country": null,
            "ship_to_number": null,
            "ship_to_name": null,
            "ship_to_state": null,
            "ship_to_country": null,
            "final_destination_country": null,
            "sales_force": "01",
            "sales_force_name": "HBG ID/WHL SALES",
            "division": "21",
            "division_name": "ID ACCOUNT REPS",
            "territory": "01",
            "territory_name": "North Territory",
            "sales_rep": "01",
            "sales_rep_name": "BOB LEVINE",
            "override": "No",
            "account_override_start_date": null,
            "account_override_end_date": null,
            "notes": null,
            "entered_by": "thastings@pelotongroup.com",
            "entered_date": "2023-01-30T16:05:17Z",
            "updated_by": "thastings@pelotongroup.com",
            "updated_date": "2023-01-30T16:05:17Z",
            "start_date": "0030-01-21T00:00:00Z",
            "end_date": null,
            "status": "Active",
            "sales_force_id": 24
        },
        {
            "sf_assign_id": 243,
            "owner": null,
            "owner_description": null,
            "reporting_group": null,
            "reporting_group_description": null,
            "category_1": null,
            "category_1_description": null,
            "category_2": null,
            "category_2_description": null,
            "format": null,
            "format_description": null,
            "sub_format": null,
            "sub_format_description": null,
            "bisac": null,
            "bisac_description": null,
            "customer_org_number": 100000224222569,
            "organization_name": "AMAZON",
            "customer_account_number": "14608210-AMAZON ADVERTI",
            "account_name": "AMAZON ADVERTISING",
            "account_type": "05",
            "bill_to_": null,
            "state_province": null,
            "bill_to_country": "US",
            "alt_sales_country": null,
            "ship_to_number": null,
            "ship_to_name": null,
            "ship_to_state": null,
            "ship_to_country": null,
            "final_destination_country": null,
            "sales_force": "01",
            "sales_force_name": "HBG ID/WHL SALES",
            "division": "21",
            "division_name": "ID ACCOUNT REPS",
            "territory": "01",
            "territory_name": "North Territory",
            "sales_rep": "01",
            "sales_rep_name": "BOB LEVINE",
            "override": "No",
            "account_override_start_date": null,
            "account_override_end_date": null,
            "notes": null,
            "entered_by": "thastings@pelotongroup.com",
            "entered_date": "2023-01-30T15:18:18Z",
            "updated_by": "thastings@pelotongroup.com",
            "updated_date": "2023-01-30T15:18:18Z",
            "start_date": "0030-01-21T00:00:00Z",
            "end_date": null,
            "status": "Active",
            "sales_force_id": 24
        },
        {
            "sf_assign_id": 244,
            "owner": null,
            "owner_description": null,
            "reporting_group": null,
            "reporting_group_description": null,
            "category_1": null,
            "category_1_description": null,
            "category_2": null,
            "category_2_description": null,
            "format": null,
            "format_description": null,
            "sub_format": null,
            "sub_format_description": null,
            "bisac": null,
            "bisac_description": null,
            "customer_org_number": 100000234582019,
            "organization_name": "TST_01_BLUEBIRD EXCHANGE",
            "customer_account_number": "TST_01_13200215-BLUEBIRD EXCHA",
            "account_name": "BLUEBIRD EXCHANGE",
            "account_type": "06",
            "bill_to_": null,
            "state_province": null,
            "bill_to_country": "US",
            "alt_sales_country": null,
            "ship_to_number": null,
            "ship_to_name": null,
            "ship_to_state": null,
            "ship_to_country": null,
            "final_destination_country": null,
            "sales_force": "01",
            "sales_force_name": "HBG ID/WHL SALES",
            "division": "21",
            "division_name": "ID ACCOUNT REPS",
            "territory": "01",
            "territory_name": "North Territory",
            "sales_rep": "01",
            "sales_rep_name": "BOB LEVINE",
            "override": "No",
            "account_override_start_date": null,
            "account_override_end_date": null,
            "notes": null,
            "entered_by": "thastings@pelotongroup.com",
            "entered_date": "2023-01-30T15:19:52Z",
            "updated_by": "thastings@pelotongroup.com",
            "updated_date": "2023-01-30T15:19:52Z",
            "start_date": "0030-01-21T00:00:00Z",
            "end_date": null,
            "status": "Active",
            "sales_force_id": 24
        }
    ],
    "hasMore": false,
    "limit": 100,
    "offset": 0,
    "count": 6,
    "links": [
        {
            "rel": "self",
            "href": "https://10.2.0.169:8081/ords/hbg_integration/salesCredit/SFAssign?OVERRIDE=No"
        },
        {
            "rel": "edit",
            "href": "https://10.2.0.169:8081/ords/hbg_integration/salesCredit/SFAssign?OVERRIDE=No"
        },
        {
            "rel": "describedby",
            "href": "https://10.2.0.169:8081/ords/hbg_integration/metadata-catalog/salesCredit/item"
        },
        {
            "rel": "first",
            "href": "https://10.2.0.169:8081/ords/hbg_integration/salesCredit/SFAssign?OVERRIDE=No"
        }
    ]
}