{
    "items": [
        {
            "territory_number": "TER1",
            "territory_name": "Ter1Name",
            "sf_territory_id": 16
        }
    ],
    "hasMore": false,
    "limit": 100,
    "offset": 0,
    "count": 1,
    "links": [
        {
            "rel": "self",
            "href": "https://10.2.0.169:8081/ords/hbg_integration/salesCredit/TeritoryTableCol?SF_DIV_ID=23"
        },
        {
            "rel": "describedby",
            "href": "https://10.2.0.169:8081/ords/hbg_integration/metadata-catalog/salesCredit/item"
        },
        {
            "rel": "first",
            "href": "https://10.2.0.169:8081/ords/hbg_integration/salesCredit/TeritoryTableCol?SF_DIV_ID=23"
        }
    ]
}