{
  "title": "",
  "description": "",
  "variables": {
    "CurrentAccountNumberObj": {
      "type": "flow:getAccountNumbersLOV"
    },
    "distributionRulesOutcomListSDP": {
      "type": "vb/ServiceDataProvider",
      "defaultValue": {
        "endpoint": "businessObjects/getall_DistributionRulesOutcom",
        "keyAttributes": "outcome",
        "itemsPath": "items",
        "responseType": "getallDistributionRulesOutcomResponse",
        "transformsContext": {
          "vb-textFilterAttributes": [
            "outcome"
          ]
        }
      }
    },
    "getAccountTypeLOV": {
      "type": "vb/ArrayDataProvider2",
      "defaultValue": {
        "itemType": "flow:getValueSetsInfo",
        "keyAttributes": "flex_value"
      }
    },
    "getItemInfoADP": {
      "type": "vb/ArrayDataProvider2",
      "defaultValue": {
        "itemType": "getItemInfo",
        "keyAttributes": "item_number"
      }
    },
    "CurrentItemNumberObj": {
      "type": "getItemInfo"
    },
    "getIteminfoLov": {
      "type": "getItemInfo[]"
    },
    "p_account_name": {
      "type": "string",
      "defaultValue": ""
    },
    "p_account_number": {
      "type": "string",
      "defaultValue": ""
    },
    "p_item_number": {
      "type": "any"
    },
    "SearchAccountNumbersADP": {
      "type": "vb/ArrayDataProvider2",
      "defaultValue": {
        "itemType": "flow:getAccountNumbersLOV",
        "keyAttributes": "cust_account_id"
      }
    }

  },
  "metadata": {},
  "types": {
    "@decorators.getallDistributionRulesOutcomResponse": {
      "endpoint": "getall_DistributionRulesOutcom",
      "service": "businessObjects",
      "path": "response"
    },
    "@decorators.getItemInfo": {
      "endpoint": "getDistributionTitleRightsGetItemInfo2",
      "service": "ordsHbg_integration",
      "path": "response"
    },
    "getallDistributionRulesOutcomResponse": {
      "items": [
        {
          "outcome": "string"
        }
      ]
    },
    "getItemInfo": {
      "author": "string",
      "inventory_item_id": "number",
      "item_number": "string",
      "organization_id": "number",
      "short_title": "string"
    }
  },
  "eventListeners": {
    "buttonAction": {
      "chains": [
        {
          "chainId": "CancelButtonAction"
        }
      ]
    },
    "buttonAction10": {
      "chains": [
        {
          "chainId": "ItemNumberSearchResetAction"
        }
      ]
    },
    "buttonAction11": {
      "chains": [
        {
          "chainId": "ItemNumberSearchAction"
        }
      ]
    },
    "buttonAction12": {
      "chains": [
        {
          "chainId": "ItemNumberSearchOKAction"
        }
      ]
    },
    "buttonAction13": {
      "chains": [
        {
          "chainId": "AccountNumberSearchPopupOpen"
        }
      ]
    },
    "buttonAction2": {
      "chains": [
        {
          "chainId": "CreateDistributionRule"
        }
      ]
    },
    "buttonAction3": {
      "chains": [
        {
          "chainId": "ResetCreateScreen"
        }
      ]
    },
    "buttonAction4": {
      "chains": [
        {
          "chainId": "AccountNumberSearchPopupClose"
        }
      ]
    },
    "buttonAction5": {
      "chains": [
        {
          "chainId": "AccountNumberResetAction"
        }
      ]
    },
    "buttonAction6": {
      "chains": [
        {
          "chainId": "AccountNumberSearchAction"
        }
      ]
    },
    "buttonAction7": {
      "chains": [
        {
          "chainId": "AccountNumberOKAction"
        }
      ]
    },
    "buttonAction8": {
      "chains": [
        {
          "chainId": "ItemNumberSearchPopupOpen"
        }
      ]
    },
    "buttonAction9": {
      "chains": [
        {
          "chainId": "ItemNumberSearchPopupClose"
        }
      ]
    },
    "cellClick": {
      "chains": [
        {
          "chainId": "AccountNumberSearchAction"
        }
      ]
    },
    "comboKeyup": {
      "chains": [
        {
          "chainId": "AccountNumbersLOVKeyUp",
          "parameters": {
            "CurrentKey": "[[ $event.key ]]",
            "CurrentValue": "[[ $event.srcElement.value ]]"
          }
        }
      ]
    },
    "comboKeyup2": {
      "chains": [
        {
          "chainId": "ItemInfoComboKeyupChain",
          "parameters": {
            "CurrentValue": "[[ $event.srcElement.value ]]",
            "CurrentKey": "[[ $event.key ]]"
          }
        }
      ]
    },
    "comboValue": {
      "chains": [
        {
          "chainId": "ComboValueChangeChain",
          "parameters": {
            "value": "{{ $event.detail.value }}"
          }
        }
      ]
    },
    "hyperlinkClick": {
      "chains": [
        {
          "chainId": "AccountNumberSearchPopupOpen"
        }
      ]
    },
    "iconClick": {
      "chains": [
        {
          "chainId": "ItemNumberSearchPopupOpen"
        }
      ]
    },
    "inputTextValue": {
      "chains": [
        {
          "chainId": "getItemDetails",
          "parameters": {
            "value": "{{ $event.detail.value }}"
          }
        }
      ]
    },
    "inputTextValue3": {
      "chains": [
        {
          "chainId": "getAccountDependentValues"
        }
      ]
    },
    "selectValueItem": {
      "chains": [
        {
          "chainId": "getOwnerDependentValues",
          "parameters": {
            "key": "{{$event.detail.value.key}}",
            "data": "{{$event.detail.value.data}}",
            "metadata": "{{$event.detail.value.metadata}}"
          }
        }
      ]
    },
    "selectValueItem2": {
      "chains": [
        {
          "chainId": "getReportingGroupDepedentValues",
          "parameters": {
            "key": "{{$event.detail.value.key}}",
            "data": "{{$event.detail.value.data}}",
            "metadata": "{{$event.detail.value.metadata}}"
          }
        }
      ]
    },
    "selectValueItem3": {
      "chains": [
        {
          "chainId": "getCategory1DependentValues",
          "parameters": {
            "key": "{{$event.detail.value.key}}",
            "data": "{{$event.detail.value.data}}",
            "metadata": "{{$event.detail.value.metadata}}"
          }
        }
      ]
    },
    "selectValueItem4": {
      "chains": [
        {
          "chainId": "getCategory2DependentValues",
          "parameters": {
            "key": "{{$event.detail.value.key}}",
            "data": "{{$event.detail.value.data}}",
            "metadata": "{{$event.detail.value.metadata}}"
          }
        }
      ]
    },
    "selectValueItem5": {
      "chains": [
        {
          "chainId": "getFormatDependentValues",
          "parameters": {
            "key": "{{$event.detail.value.key}}",
            "data": "{{$event.detail.value.data}}",
            "metadata": "{{$event.detail.value.metadata}}"
          }
        }
      ]
    },
    "selectValueItem6": {
      "chains": [
        {
          "chainId": "subformatdependentvalues",
          "parameters": {
            "key": "{{$event.detail.value.key}}",
            "data": "{{$event.detail.value.data}}",
            "metadata": "{{$event.detail.value.metadata}}"
          }
        }
      ]
    },
    "selectValueItem7": {
      "chains": [
        {
          "chainId": "getAccountDependentValues",
          "parameters": {
            "key": "{{$event.detail.value.key}}",
            "data": "{{$event.detail.value.data}}",
            "metadata": "{{$event.detail.value.metadata}}"
          }
        }
      ]
    },
    "tableFirstSelectedRow": {
      "chains": [
        {
          "chainId": "AccountSearchCurrentRowSelection",
          "parameters": {
            "rowKey": "{{$event.detail.value.key}}",
            "rowData": "{{$event.detail.value.data}}"
          }
        }
      ]
    },
    "tableFirstSelectedRow2": {
      "chains": [
        {
          "chainId": "ItemNumberSearchCurrentRow",
          "parameters": {
            "rowKey": "{{$event.detail.value.key}}",
            "rowData": "{{$event.detail.value.data}}"
          }
        }
      ]
    },
    "toggleDrawer": {
      "chains": [
        {
          "chainId": "application:toggleDrawerHandler"
        }
      ]
    },
    "vbEnter": {
      "chains": [
        {
          "parameters": {},
          "chainId": "VBEnter"
        }
      ]
    }

  },
  "imports": {
    "components": {
      "oj-button": {
        "path": "ojs/ojbutton"
      },
      "oj-combobox-one": {
        "path": "ojs/ojselectcombobox"
      },
      "oj-dialog": {
        "path": "ojs/ojdialog"
      },
      "oj-dynamic-table": {
        "path": "oj-dynamic/table/loader"
      },
      "oj-input-date": {
        "path": "ojs/ojdatetimepicker"
      },
      "oj-input-number": {
        "path": "ojs/ojinputnumber"
      },
      "oj-input-search": {
        "path": "ojs/ojinputsearch"
      },
      "oj-input-text": {
        "path": "ojs/ojinputtext"
      },
      "oj-select-single": {
        "path": "ojs/ojselectsingle"
      },
      "oj-table": {
        "path": "ojs/ojtable"
      },
      "oj-validation-group": {
        "path": "ojs/ojvalidationgroup"
      },
      "oj-form-layout": {
        "path": "ojs/ojformlayout"
      }

    },
    "modules": {
      "ojValidationNumber": {
        "path": "ojs/ojvalidation-number"
      }
    }
  }
}