{
    "items": [
        {
            "sf_territory_id": 41,
            "territory_number": "MR-TER1",
            "territory_name": "MR-TER1",
            "external_checkbox": "Yes",
            "email": "TEST@GMAIL.COM",
            "edelweiss": "Yes",
            "wholesale_commision": 12,
            "retail_commision": null,
            "notes": "13",
            "entered_by": "freis@pelotongroup.com",
            "entered_date": "2023-02-24T08:02:24Z",
            "updated_by": "freis@pelotongroup.com",
            "updated_date": "2023-03-09T15:37:24Z",
            "start_date": "2023-02-25",
            "end_date": "2023-02-27",
            "status": "Inactive",
            "sf_div_id": 79,
            "sales_force_id": 64
        }
    ],
    "hasMore": false,
    "limit": 100,
    "offset": 0,
    "count": 1,
    "links": [
        {
            "rel": "self",
            "href": "https://10.2.0.169:8081/ords/hbg_integration/salesCredit/TerritoryData?SF_DIV_ID=79"
        },
        {
            "rel": "edit",
            "href": "https://10.2.0.169:8081/ords/hbg_integration/salesCredit/TerritoryData?SF_DIV_ID=79"
        },
        {
            "rel": "describedby",
            "href": "https://10.2.0.169:8081/ords/hbg_integration/metadata-catalog/salesCredit/item"
        },
        {
            "rel": "first",
            "href": "https://10.2.0.169:8081/ords/hbg_integration/salesCredit/TerritoryData?SF_DIV_ID=79"
        }
    ]
}