{
    "items": [
        {
            "sf_mapping_id": 483,
            "isbn": null,
            "sales_force": "41",
            "sales_force_name": "Abrams Books",
            "owner": "AB",
            "owner_description": "Abrams Books",
            "reporting_group": "58",
            "reporting_group_description": "Harry N. Abrams",
            "category_1": "01",
            "category_1_description": "General Trade_AB5801",
            "category_2": "21",
            "category_2_description": "Nature / Environment_AB580121",
            "format": "03",
            "format_description": "Hardcover Book",
            "sub_format": null,
            "sub_format_description": null,
            "bisac": null,
            "bisac_description": null,
            "account_type": "30",
            "account_type_description": "WHOLESALE NEWS ACCOUNTS",
            "priority": 1,
            "notes": "Added per test 3/7/23",
            "entered_by": "stephen.lebron@hbgusa.com",
            "entered_date": "2023-03-07T18:25:29Z",
            "updated_by": "stephen.lebron@hbgusa.com",
            "updated_date": "2023-03-07T18:26:47Z",
            "start_date": "2023-03-07",
            "end_date": null,
            "status": "Active",
            "sales_force_id": 95,
            "sf_acct_type_id": null
        },
        {
            "sf_mapping_id": 482,
            "isbn": null,
            "sales_force": "MR-DATE",
            "sales_force_name": "MR-DATE",
            "owner": "AB",
            "owner_description": "Abrams Books",
            "reporting_group": "58",
            "reporting_group_description": "Harry N. Abrams",
            "category_1": "01",
            "category_1_description": "General Trade_AB5801",
            "category_2": "01",
            "category_2_description": "General / Other_AB580101",
            "format": "01",
            "format_description": "Mass Market",
            "sub_format": null,
            "sub_format_description": null,
            "bisac": null,
            "bisac_description": null,
            "account_type": null,
            "account_type_description": null,
            "priority": 2,
            "notes": null,
            "entered_by": "freis@pelotongroup.com",
            "entered_date": "2023-03-07T15:31:23Z",
            "updated_by": "thastings@pelotongroup.com",
            "updated_date": "2023-03-07T15:43:27Z",
            "start_date": "2023-03-07",
            "end_date": "2023-03-07",
            "status": "Inactive",
            "sales_force_id": 94,
            "sf_acct_type_id": null
        },
        {
            "sf_mapping_id": 481,
            "isbn": null,
            "sales_force": "99",
            "sales_force_name": "Unassigned",
            "owner": "AB",
            "owner_description": "Abrams Books",
            "reporting_group": "58",
            "reporting_group_description": "Harry N. Abrams",
            "category_1": "01",
            "category_1_description": "General Trade_AB5801",
            "category_2": "02",
            "category_2_description": "Abradale_AB580102",
            "format": "02",
            "format_description": "Trade Paperback",
            "sub_format": "02",
            "sub_format_description": "Gemstar",
            "bisac": null,
            "bisac_description": null,
            "account_type": "11",
            "account_type_description": "SUNSET WHOLESALERS (JOBBERS)",
            "priority": 1,
            "notes": null,
            "entered_by": "thastings@pelotongroup.com",
            "entered_date": "2023-03-07T15:24:24Z",
            "updated_by": "thastings@pelotongroup.com",
            "updated_date": "2023-03-07T15:43:33Z",
            "start_date": "2023-03-07",
            "end_date": "2023-03-07",
            "status": "Active",
            "sales_force_id": 93,
            "sf_acct_type_id": null
        },
        {
            "sf_mapping_id": 462,
            "isbn": null,
            "sales_force": "01",
            "sales_force_name": "HBG ID/WHL SALES",
            "owner": "HB",
            "owner_description": "Hachette Books",
            "reporting_group": "05",
            "reporting_group_description": "Perseus Books",
            "category_1": "05",
            "category_1_description": "Avalon Publishing_HB0505",
            "category_2": "04",
            "category_2_description": "Westview Press_HB050504",
            "format": "02",
            "format_description": "Trade Paperback",
            "sub_format": null,
            "sub_format_description": null,
            "bisac": null,
            "bisac_description": null,
            "account_type": null,
            "account_type_description": null,
            "priority": 1,
            "notes": null,
            "entered_by": "thastings@pelotongroup.com",
            "entered_date": "2023-03-06T20:14:16Z",
            "updated_by": "thastings@pelotongroup.com",
            "updated_date": "2023-03-07T15:43:39Z",
            "start_date": "2023-03-06",
            "end_date": "2023-03-06",
            "status": "Active",
            "sales_force_id": 66,
            "sf_acct_type_id": null
        },
        {
            "sf_mapping_id": 461,
            "isbn": null,
            "sales_force": "88",
            "sales_force_name": "Taylor",
            "owner": "HB",
            "owner_description": "Hachette Books",
            "reporting_group": "05",
            "reporting_group_description": "Perseus Books",
            "category_1": "03",
            "category_1_description": "Running Press_HB0503",
            "category_2": "01",
            "category_2_description": "Running Press Adult_HB050301",
            "format": "02",
            "format_description": "Trade Paperback",
            "sub_format": "02",
            "sub_format_description": "Gemstar",
            "bisac": null,
            "bisac_description": null,
            "account_type": "02",
            "account_type_description": "AGENCY ACCOUNTS (ABRAMS)",
            "priority": 1,
            "notes": null,
            "entered_by": "freis@pelotongroup.com",
            "entered_date": "2023-03-06T14:26:21Z",
            "updated_by": "thastings@pelotongroup.com",
            "updated_date": "2023-03-07T15:43:45Z",
            "start_date": "2023-03-06",
            "end_date": "2023-03-06",
            "status": "Active",
            "sales_force_id": 92,
            "sf_acct_type_id": null
        },
        {
            "sf_mapping_id": 443,
            "isbn": null,
            "sales_force": "27",
            "sales_force_name": "Taylor Test 1",
            "owner": "IK",
            "owner_description": "Innovative Kids",
            "reporting_group": "73",
            "reporting_group_description": "Innovative USA",
            "category_1": "01",
            "category_1_description": "Innovative Kids_IK7301",
            "category_2": "01",
            "category_2_description": "Innovative Kids_IK730101",
            "format": "05",
            "format_description": "Folded Map",
            "sub_format": "09",
            "sub_format_description": "Mini Books PB",
            "bisac": "ART008000",
            "bisac_description": "ART / Conceptual",
            "account_type": "10",
            "account_type_description": "SUNSET RETAILERS",
            "priority": 1,
            "notes": null,
            "entered_by": "thastings@pelotongroup.com",
            "entered_date": "2023-03-02T14:59:48Z",
            "updated_by": "thastings@pelotongroup.com",
            "updated_date": "2023-03-07T15:43:53Z",
            "start_date": "2023-03-02",
            "end_date": "2023-03-06",
            "status": "Active",
            "sales_force_id": 84,
            "sf_acct_type_id": null
        },
        {
            "sf_mapping_id": 442,
            "isbn": null,
            "sales_force": "MR01",
            "sales_force_name": "MR01",
            "owner": "AB",
            "owner_description": "Abrams Books",
            "reporting_group": "58",
            "reporting_group_description": "Harry N. Abrams",
            "category_1": "01",
            "category_1_description": "General Trade_AB5801",
            "category_2": "01",
            "category_2_description": "General / Other_AB580101",
            "format": "01",
            "format_description": "Mass Market",
            "sub_format": "04",
            "sub_format_description": "Palm",
            "bisac": "ART005000",
            "bisac_description": "ART / CLIP ART",
            "account_type": "10",
            "account_type_description": "SUNSET RETAILERS",
            "priority": 3,
            "notes": "MR01-NOTES",
            "entered_by": "freis@pelotongroup.com",
            "entered_date": "2023-03-02T08:24:46Z",
            "updated_by": "thastings@pelotongroup.com",
            "updated_date": "2023-03-07T15:44:00Z",
            "start_date": "2023-03-02",
            "end_date": "2023-03-06",
            "status": "Inactive",
            "sales_force_id": 65,
            "sf_acct_type_id": null
        },
        {
            "sf_mapping_id": 441,
            "isbn": null,
            "sales_force": "MR-14",
            "sales_force_name": "MR-14",
            "owner": "AB",
            "owner_description": "Abrams Books",
            "reporting_group": "58",
            "reporting_group_description": "Harry N. Abrams",
            "category_1": "01",
            "category_1_description": "General Trade_AB5801",
            "category_2": "01",
            "category_2_description": "General / Other_AB580101",
            "format": "01",
            "format_description": "Mass Market",
            "sub_format": "01",
            "sub_format_description": "Mini Books CL",
            "bisac": "ART001000",
            "bisac_description": "ART / ACTIVITY - USE APPROPRIATE ART* CODE",
            "account_type": "03",
            "account_type_description": "SS FREE FRT RET WHOLESALER(JOBBER)(3A)",
            "priority": 3,
            "notes": "MR-142",
            "entered_by": "freis@pelotongroup.com",
            "entered_date": "2023-03-02T08:21:09Z",
            "updated_by": "thastings@pelotongroup.com",
            "updated_date": "2023-03-07T15:44:05Z",
            "start_date": "2023-03-02",
            "end_date": "2023-03-06",
            "status": "Inactive",
            "sales_force_id": 83,
            "sf_acct_type_id": null
        },
        {
            "sf_mapping_id": 421,
            "isbn": null,
            "sales_force": "TTEST1",
            "sales_force_name": "TTEST1",
            "owner": "AP",
            "owner_description": "Amazing People",
            "reporting_group": "44",
            "reporting_group_description": "Amazing People Club",
            "category_1": "01",
            "category_1_description": "Amazing People_AP4401",
            "category_2": "02",
            "category_2_description": "Amazing  Americans_AP440102",
            "format": "02",
            "format_description": "Trade Paperback",
            "sub_format": "02",
            "sub_format_description": "Gemstar",
            "bisac": null,
            "bisac_description": null,
            "account_type": "02",
            "account_type_description": "AGENCY ACCOUNTS (ABRAMS)",
            "priority": 1,
            "notes": null,
            "entered_by": "thastings@pelotongroup.com",
            "entered_date": "2023-02-28T16:23:15Z",
            "updated_by": "thastings@pelotongroup.com",
            "updated_date": "2023-03-07T15:44:10Z",
            "start_date": "2023-02-28",
            "end_date": "2023-03-06",
            "status": "Active",
            "sales_force_id": 77,
            "sf_acct_type_id": null
        },
        {
            "sf_mapping_id": 403,
            "isbn": null,
            "sales_force": "MR-SF1",
            "sales_force_name": "MR-SF1",
            "owner": "AR",
            "owner_description": "Arcade Publishing",
            "reporting_group": "65",
            "reporting_group_description": "Arcade Publishing",
            "category_1": "01",
            "category_1_description": "Arcade Publishing_AR6501",
            "category_2": "01",
            "category_2_description": "Arcade_AR650101",
            "format": "01",
            "format_description": "Mass Market",
            "sub_format": "01",
            "sub_format_description": "Mini Books CL",
            "bisac": "ART002000",
            "bisac_description": "ART / Techniques / Airbrush",
            "account_type": "05",
            "account_type_description": "SS FREE FRT NONRET WHOLESALER",
            "priority": 3,
            "notes": "Test",
            "entered_by": "freis@pelotongroup.com",
            "entered_date": "2023-02-27T17:25:22Z",
            "updated_by": "thastings@pelotongroup.com",
            "updated_date": "2023-03-07T15:44:16Z",
            "start_date": "2023-03-07",
            "end_date": "2023-03-07",
            "status": "Inactive",
            "sales_force_id": 64,
            "sf_acct_type_id": null
        },
        {
            "sf_mapping_id": 402,
            "isbn": null,
            "sales_force": "10",
            "sales_force_name": "Taylor Test 2",
            "owner": "CB",
            "owner_description": "Chronicle Books",
            "reporting_group": "21",
            "reporting_group_description": "Chronicle Books",
            "category_1": null,
            "category_1_description": null,
            "category_2": null,
            "category_2_description": null,
            "format": null,
            "format_description": null,
            "sub_format": null,
            "sub_format_description": null,
            "bisac": null,
            "bisac_description": null,
            "account_type": "10",
            "account_type_description": "SUNSET RETAILERS",
            "priority": 2,
            "notes": null,
            "entered_by": "thastings@pelotongroup.com",
            "entered_date": "2023-02-27T17:23:17Z",
            "updated_by": "thastings@pelotongroup.com",
            "updated_date": "2023-03-07T15:44:23Z",
            "start_date": "2023-03-01",
            "end_date": "2023-03-06",
            "status": "Active",
            "sales_force_id": 69,
            "sf_acct_type_id": null
        },
        {
            "sf_mapping_id": 401,
            "isbn": null,
            "sales_force": "10",
            "sales_force_name": "Taylor Test 2",
            "owner": "HB",
            "owner_description": "Hachette Books",
            "reporting_group": "01",
            "reporting_group_description": "HBG Books, Inc.",
            "category_1": "03",
            "category_1_description": "Center Street_HB0103",
            "category_2": "01",
            "category_2_description": "Center Street_HB010301",
            "format": "02",
            "format_description": "Trade Paperback",
            "sub_format": "02",
            "sub_format_description": "Gemstar",
            "bisac": "ANT005000",
            "bisac_description": "ANTIQUES & COLLECTIBLES / Books",
            "account_type": "02",
            "account_type_description": "AGENCY ACCOUNTS (ABRAMS)",
            "priority": 1,
            "notes": null,
            "entered_by": "thastings@pelotongroup.com",
            "entered_date": "2023-02-27T17:22:04Z",
            "updated_by": "thastings@pelotongroup.com",
            "updated_date": "2023-03-07T15:44:28Z",
            "start_date": "2023-02-27",
            "end_date": "2023-03-06",
            "status": "Active",
            "sales_force_id": 69,
            "sf_acct_type_id": null
        },
        {
            "sf_mapping_id": 381,
            "isbn": null,
            "sales_force": "01",
            "sales_force_name": "HBG ID/WHL SALES",
            "owner": "HB",
            "owner_description": "Hachette Books",
            "reporting_group": "01",
            "reporting_group_description": "HBG Books, Inc.",
            "category_1": "02",
            "category_1_description": "Faith Words_HB0102",
            "category_2": "02",
            "category_2_description": "\"Joyce Meyer \"\"Trade\"\"_HB010202\"",
            "format": "02",
            "format_description": "Trade Paperback",
            "sub_format": "03",
            "sub_format_description": "Softbook",
            "bisac": "ART003000",
            "bisac_description": "ART / Techniques / Calligraphy",
            "account_type": "05",
            "account_type_description": "SS FREE FRT NONRET WHOLESALER",
            "priority": 1,
            "notes": null,
            "entered_by": "thastings@pelotongroup.com",
            "entered_date": "2023-02-24T19:42:42Z",
            "updated_by": "thastings@pelotongroup.com",
            "updated_date": "2023-03-07T15:44:34Z",
            "start_date": "2023-02-24",
            "end_date": "2023-03-06",
            "status": "Active",
            "sales_force_id": 66,
            "sf_acct_type_id": null
        },
        {
            "sf_mapping_id": 361,
            "isbn": null,
            "sales_force": "MR-SF1",
            "sales_force_name": "MR-SF1",
            "owner": "AB",
            "owner_description": "Abrams Books",
            "reporting_group": "58",
            "reporting_group_description": "Harry N. Abrams",
            "category_1": "01",
            "category_1_description": "General Trade_AB5801",
            "category_2": "01",
            "category_2_description": "General / Other_AB580101",
            "format": "01",
            "format_description": "Mass Market",
            "sub_format": "01",
            "sub_format_description": "Mini Books CL",
            "bisac": "ART000000",
            "bisac_description": "ART / General",
            "account_type": "02",
            "account_type_description": "AGENCY ACCOUNTS (ABRAMS)",
            "priority": 2,
            "notes": "MR-TEST",
            "entered_by": "freis@pelotongroup.com",
            "entered_date": "2023-02-24T08:13:49Z",
            "updated_by": "freis@pelotongroup.com",
            "updated_date": "2023-02-24T08:14:12Z",
            "start_date": "2023-02-25",
            "end_date": "2023-02-28",
            "status": "Inactive",
            "sales_force_id": null,
            "sf_acct_type_id": null
        }
    ],
    "hasMore": false,
    "limit": 10000,
    "offset": 0,
    "count": 14,
    "links": [
        {
            "rel": "self",
            "href": "https://10.2.0.169:8081/ords/hbg_integration/salesCredit/SFMapping?P_STATUS=Inactive"
        },
        {
            "rel": "edit",
            "href": "https://10.2.0.169:8081/ords/hbg_integration/salesCredit/SFMapping?P_STATUS=Inactive"
        },
        {
            "rel": "describedby",
            "href": "https://10.2.0.169:8081/ords/hbg_integration/metadata-catalog/salesCredit/item"
        },
        {
            "rel": "first",
            "href": "https://10.2.0.169:8081/ords/hbg_integration/salesCredit/SFMapping?P_STATUS=Inactive"
        }
    ]
}