{
  "root": "callRestGetReservationsUIGetReservationNumber",
  "description": "",
  "variables": {},
  "actions": {
    "fireNotification": {
      "module": "vb/action/builtin/fireNotificationEventAction",
      "parameters": {
        "target": "leaf",
        "summary": "[[ $chain.results.callRestGetReservationsUIGetReservationNumber.message.summary ]]",
        "type": "error",
        "displayMode": "persist"
      }
    },
    "callRestGetReservationsUIGetReservationNumber": {
      "module": "vb/action/builtin/restAction",
      "parameters": {
        "endpoint": "devOrds/getReservationsUIGetReservationNumber"
      },
      "outcomes": {
        "failure": "fireNotification",
        "success": "assignVariablesReservationNumLoVSDP"
      }
    },
    "assignVariablesReservationNumLoVSDP": {
      "module": "vb/action/builtin/assignVariablesAction",
      "parameters": {
        "$page.variables.ReservationNumLoVSDP": {
          "source": {
            "data": "{{ $chain.results.callRestGetReservationsUIGetReservationNumber.body.items }}"
          },
          "reset": "none",
          "auto": "always"
        }
      }
    }
  }
}