{
    "items": [
        {
            "reporting_group_id": 4055410720,
            "category1_id": 15836554874,
            "flex_value": "G8-Giorgio Nada Editore Srl",
            "category1_code": "Giorgio Nada Editore Srl"
        },
        {
            "reporting_group_id": 4055410720,
            "category1_id": 13924382844,
            "flex_value": "G7-Pavilion Children's",
            "category1_code": "Pavilion Children's"
        },
        {
            "reporting_group_id": 4055410720,
            "category1_id": 13924382796,
            "flex_value": "G6-Pavilion",
            "category1_code": "Pavilion"
        },
        {
            "reporting_group_id": 4055410720,
            "category1_id": 13066802113,
            "flex_value": "G3-Batsford",
            "category1_code": "Batsford"
        },
        {
            "reporting_group_id": 4055410720,
            "category1_id": 12204625927,
            "flex_value": "G1-Murdoch Books",
            "category1_code": "Murdoch Books"
        },
        {
            "reporting_group_id": 4055410720,
            "category1_id": 11412330850,
            "flex_value": "F9-Callisto",
            "category1_code": "Callisto"
        },
        {
            "reporting_group_id": 4055410720,
            "category1_id": 7033672277,
            "flex_value": "D8-Highlights Press",
            "category1_name": "Highlights Press"
        }
    ],
    "hasMore": true,
    "limit": 25,
    "offset": 0,
    "count": 25,
    "links": [
        {
            "rel": "self",
            "href": "https://10.2.0.169:8081/ords/hbg_integration/Common/getCategory1?P_REPORTING_GROUP_ID=4055410720"
        },
        {
            "rel": "describedby",
            "href": "https://10.2.0.169:8081/ords/hbg_integration/metadata-catalog/Common/item"
        },
        {
            "rel": "first",
            "href": "https://10.2.0.169:8081/ords/hbg_integration/Common/getCategory1?P_REPORTING_GROUP_ID=4055410720"
        },
        {
            "rel": "next",
            "href": "https://10.2.0.169:8081/ords/hbg_integration/Common/getCategory1?P_REPORTING_GROUP_ID=4055410720&offset=25"
        }
    ]
}