{
  "description": "",
  "root": "resetVariablesClientCreateObj",
  "actions": {

    "fireNotification": {
      "module": "vb/action/builtin/fireNotificationEventAction",
      "parameters": {
        "target": "leaf",
        "summary": "failed to fetch Details",
        "type": "error",
        "displayMode": "transient"
      }
    },
    "assignVariablesClientCreateObj": {
      "module": "vb/action/builtin/assignVariablesAction",
      "parameters": {
        "$page.variables.ClientCreateObj": {
          "source": {
            "category1_description": "{{ $chain.results.callRestGetLookupValueDetails.body.items[0].meaning }}"
          },
          "reset": "none",
          "auto": "always"
        }
      }
    },
    "callRestGetLookupValueDetails": {
      "module": "vb/action/builtin/restAction",
      "parameters": {
        "endpoint": "devOrds/GetLookupValueDetails",
        "uriParams": {
          "P_LOOKUP_TYPE": "HBG_CATEGORY_1",
          "P_LOOKUP_CODE": "{{ $page.variables.ClientCreateObj.category1 }}"
        }
      },
      "outcomes": {
        "failure": "fireNotification",
        "success": "assignVariablesClientCreateObj"
      }
    },
    "resetVariablesClientCreateObj": {
      "module": "vb/action/builtin/resetVariablesAction",
      "parameters": {
        "variables": [
          "$page.variables.ClientCreateObj.category1_description",
          "$page.variables.ClientCreateObj.category2",
          "$page.variables.ClientCreateObj.category2_description"
        ]
      },
      "outcomes": {
        "success": "callRestGetLookupValueDetails"
      }
    }
  },
  "variables": {
    "key": {
      "required": true,
      "type": "any",
      "input": "fromCaller"
    },
    "data": {
      "required": true,
      "type": "any",
      "input": "fromCaller"
    },
    "metadata": {
      "required": true,
      "type": "any",
      "input": "fromCaller"
    }
  }
}