{
  "description": "",
  "root": "assignVariablesClientRowdata",
  "actions": {
    "assignVariablesClientRowdata": {
      "module": "vb/action/builtin/assignVariablesAction",
      "parameters": {
        "$page.variables.ClientRowdata": {
          "source": {
            "last_updated_by": "{{ $application.user.email }}"
          },
          "reset": "none",
          "auto": "always"
        }
      },
      "outcomes": {
        "success": "callRestPutSalesCreditGetClientinfo"
      }
    },
    "fireNotification": {
      "module": "vb/action/builtin/fireNotificationEventAction",
      "parameters": {
        "target": "leaf",
        "summary": "Failed to update Client Info",
        "type": "error",
        "displayMode": "transient"
      }
    },
    "callRestPutSalesCreditGetClientinfo": {
      "module": "vb/action/builtin/restAction",
      "parameters": {
        "endpoint": "devOrds/putSalesCreditGetClientinfo",
        "uriParams": {
          "client_info_id": "{{ $variables.current.row.client_info_id }}"
        },
        "body": "{{ $page.variables.ClientRowdata }}"
      },
      "outcomes": {
        "failure": "fireNotification",
        "success": "fireNotification2"
      }
    },
    "fireNotification2": {
      "module": "vb/action/builtin/fireNotificationEventAction",
      "parameters": {
        "target": "leaf",
        "summary": "Client Info updated Successfully",
        "type": "confirmation",
        "displayMode": "transient"
      },
      "outcomes": {
        "success": "callChainFetchClientInfoAction"
      }
    },
    "callChainFetchClientInfoAction": {
      "module": "vb/action/builtin/callChainAction",
      "parameters": {
        "id": "FetchClientInfoAction"
      }
    }
  },
  "variables": {
    "key": {
      "required": true,
      "type": "any",
      "input": "fromCaller"
    },
    "index": {
      "required": true,
      "type": "number",
      "input": "fromCaller"
    },
    "current": {
      "required": true,
      "type": "any",
      "input": "fromCaller"
    }
  }
}