{
  "root": "runInParallel",
  "description": "",
  "variables": {},
  "actions": {

    "runInParallel": {
      "module": "vb/action/builtin/forkAction",
      "parameters": {
        "actions": {

          "callRest": "callRestGetSubFormat",
          "callChain": "callChainFetchClientInfoAction",
          "callRestGetOwnersLOV": "callRestGetOwnersLOV",
          "callRest2": "callRestGetFormat"
        }
      }
    },
    "callChainFetchClientInfoAction": {
      "module": "vb/action/builtin/callChainAction",
      "parameters": {
        "id": "FetchClientInfoAction"
      }
    },
    "callRestGetOwnersLOV": {
      "module": "vb/action/builtin/restAction",
      "parameters": {
        "endpoint": "devOrds/GetOwnersLOV"
      },
      "outcomes": {
        "success": "assignVariablesOwnerArray"
      }
    },
    "assignVariablesOwnerArray": {
      "module": "vb/action/builtin/assignVariablesAction",
      "parameters": {
        "$page.variables.OwnerArray": {
          "source": "{{ $chain.results.callRestGetOwnersLOV.body.items }}"
        }
      }
    },
    "callRestGetSubFormat": {
      "module": "vb/action/builtin/restAction",
      "parameters": {
        "endpoint": "devOrds/GetSubFormat"
      },
      "outcomes": {
        "success": "assignVariablesSubFormatArray"
      }
    },
    "callRestGetFormat": {
      "module": "vb/action/builtin/restAction",
      "parameters": {
        "endpoint": "devOrds/GetFormat"
      },
      "outcomes": {
        "success": "assignVariablesFormatArray"
      }
    },
    "assignVariablesFormatArray": {
      "module": "vb/action/builtin/assignVariablesAction",
      "parameters": {
        "$page.variables.FormatArray": {
          "source": "{{ $chain.results.callRestGetFormat.body.items }}"
        }
      }
    },
    "assignVariablesSubFormatArray": {
      "module": "vb/action/builtin/assignVariablesAction",
      "parameters": {
        "$page.variables.SubFormatArray": {
          "source": "{{ $chain.results.callRestGetSubFormat.body.items }}"
        }
      }
    }
  }
}