{
  "description": "",
  "root": "ifCurrentValue",
  "actions": {
    "ifCurrentValue": {
      "module": "vb/action/builtin/ifAction",
      "parameters": {
        "condition": "[[ $variables.CurrentValue.length >=3 ]]"
      },
      "outcomes": {
        "true": "callRestGetItems",
        "false": "resetVariablesItemsArray"
      }
    },
    "callRestGetItems": {
      "module": "vb/action/builtin/restAction",
      "parameters": {
        "endpoint": "ordsHbg_integration/GetItems",
        "uriParams": {
          "p_item_num": "{{ $variables.CurrentValue }}"
        }
      },
      "outcomes": {
        "success": "assignVariablesItemsArray"
      }
    },
    "assignVariablesItemsArray": {
      "module": "vb/action/builtin/assignVariablesAction",
      "parameters": {
        "$page.variables.ItemsArray": {
          "source": "{{ $chain.results.callRestGetItems.body.items }}"
        }
      }
    },
    "resetVariablesItemsArray": {
      "module": "vb/action/builtin/resetVariablesAction",
      "parameters": {
        "variables": [
          "$page.variables.ItemsArray"
        ]
      }
    }
  },
  "variables": {
    "CurrentValue": {
      "type": "string",
      "input": "fromCaller"
    }
  }
}