{
  "description": "",
  "root": "resetVariablesActionLinesCreateObj",
  "actions": {
    "assignVariablesActionDlgLabel": {
      "module": "vb/action/builtin/assignVariablesAction",
      "parameters": {
        "$page.variables.ActionDlgLabel": {
          "source": "Edit"
        },
        "$page.variables.ActionLinesCreateObj": {
          "source": "{{ $variables.current.row }}",
          "auto": "always"
        }
      },
      "outcomes": {
        "success": "callComponentActionpopupOpen"
      }
    },
    "resetVariablesActionLinesCreateObj": {
      "module": "vb/action/builtin/resetVariablesAction",
      "parameters": {
        "variables": [
          "$page.variables.ActionLinesCreateObj"
        ]
      },
      "outcomes": {
        "success": "assignVariablesActionDlgLabel"
      }
    },
    "callComponentActionpopupOpen": {
      "module": "vb/action/builtin/callComponentMethodAction",
      "parameters": {
        "component": "{{ document.getElementById('actionpopup') }}",
        "method": "open"
      }
    }
  },
  "variables": {
    "key": {
      "required": true,
      "type": "any",
      "input": "fromCaller"
    },
    "index": {
      "required": true,
      "type": "number",
      "input": "fromCaller"
    },
    "current": {
      "required": true,
      "type": "any",
      "input": "fromCaller"
    }
  }
}