{
  "description": "",
  "root": "ifValue",
  "actions": {
    "resetVariablesAccountNumberArray": {
      "module": "vb/action/builtin/resetVariablesAction",
      "parameters": {
        "variables": [
          "$page.variables.AccountNumberArray"
        ]
      },
      "outcomes": {
        "success": "callRestGetGetAccountNumber"
      }
    },
    "assignVariablesAccountNumberArray": {
      "module": "vb/action/builtin/assignVariablesAction",
      "parameters": {
        "$page.variables.AccountNumberArray": {
          "source": "{{ $chain.results.callRestGetGetAccountNumber.body.items }}"
        }
      }
    },
    "callRestGetGetAccountNumber": {
      "module": "vb/action/builtin/restAction",
      "parameters": {
        "endpoint": "ordsHbg_integration/getGetAccountNumber",
        "uriParams": {

          "p_acct_number": "{{ \"\" }}",
          "party_id": "{{ $variables.value }}"
        }
      },
      "outcomes": {
        "success": "assignVariablesAccountNumberArray"
      }
    },
    "ifValue": {
      "module": "vb/action/builtin/ifAction",
      "parameters": {
        "condition": "[[ $variables.value ]]"
      },
      "outcomes": {
        "true": "resetVariablesAccountNumberArray",
        "false": "resetVariablesAccountNumberArray3"
      }
    },
    "resetVariablesAccountNumberArray3": {
      "module": "vb/action/builtin/resetVariablesAction",
      "parameters": {
        "variables": [
          "$page.variables.AccountNumberArray",
          "$page.variables.SearchAccountId"
        ]
      },
      "outcomes": {
        "success": "callChainFetchLOVS"
      }
    },
    "callChainFetchLOVS": {
      "module": "vb/action/builtin/callChainAction",
      "parameters": {
        "id": "FetchLOVS"
      }
    }
  },
  "variables": {
    "value": {
      "required": true,
      "type": "any",
      "input": "fromCaller"
    }
  }
}