{
  "description": "",
  "root": "ifCurrentValue",
  "actions": {
    "ifCurrentValue": {
      "module": "vb/action/builtin/ifAction",
      "parameters": {
        "condition": "[[ $variables.CurrentValue.length >= 2 ]]"
      },
      "outcomes": {
        "true": "callRestGetShipToNumber"
      }
    },
    "callRestGetShipToNumber": {
      "module": "vb/action/builtin/restAction",
      "parameters": {
        "endpoint": "ordsHbg_integration/getShipToNumber",
        "uriParams": {
          "PARTY_SITE_NUMBER": "{{ \"\" }}",
          "P_SHIP_TO_NUM": "{{ $variables.CurrentValue }}"
        }
      },
      "outcomes": {
        "success": "assignVariablesShipToNumberArray"
      }
    },
    "assignVariablesShipToNumberArray": {
      "module": "vb/action/builtin/assignVariablesAction",
      "parameters": {
        "$page.variables.ShipToNumberArray": {
          "source": "{{ $chain.results.callRestGetShipToNumber.body.items }}"
        }
      }
    }
  },
  "variables": {
    "CurrentValue": {
      "type": "string",
      "input": "fromCaller"
    }
  }
}