{
  "description": "",
  "root": "ifValue",
  "actions": {
    "ifValue": {
      "module": "vb/action/builtin/ifAction",
      "parameters": {
        "condition": "[[ $variables.value ]]"
      },
      "outcomes": {
        "true": "resetVariablesLinesCreateObj2",
        "false": "resetVariablesLinesCreateObj"
      }
    },
    "resetVariablesLinesCreateObj": {
      "module": "vb/action/builtin/resetVariablesAction",
      "parameters": {
        "variables": [
          "$page.variables.LinesCreateObj.sub_format_name"
        ]
      }
    },
    "resetVariablesLinesCreateObj2": {
      "module": "vb/action/builtin/resetVariablesAction",
      "parameters": {
        "variables": [
          "$page.variables.LinesCreateObj.sub_format_name"
        ]
      },
      "outcomes": {
        "success": "callRestGetSubformatNameByCode"
      }
    },
    "callRestGetSubformatNameByCode": {
      "module": "vb/action/builtin/restAction",
      "parameters": {
        "endpoint": "ordsHbg_integration/GetSubformatNameByCode",
        "uriParams": {
          "P_SUB_FORMAT_CODE": "{{ $variables.value }}"
        }
      },
      "outcomes": {
        "success": "assignVariablesLinesCreateObj"
      }
    },
    "assignVariablesLinesCreateObj": {
      "module": "vb/action/builtin/assignVariablesAction",
      "parameters": {
        "$page.variables.LinesCreateObj": {
          "source": {
            "sub_format_name": "{{ $chain.results.callRestGetSubformatNameByCode.body.items[0].sub_format_name }}"
          },
          "reset": "none",
          "auto": "always"
        }
      }
    }
  },
  "variables": {
    "value": {
      "required": true,
      "type": "any",
      "input": "fromCaller"
    }
  }
}