{
  "description": "",
  "root": "ifBatchIDSearchVar",
  "actions": {
    "fireNotification": {
      "module": "vb/action/builtin/fireNotificationEventAction",
      "parameters": {
        "target": "leaf",
        "summary": "[[ $chain.results.callRestGetPaymentExtensionHbgArPaymentHeader.message.summary ]]",
        "type": "error",
        "displayMode": "persist"
      }
    },
    "callRestGetPaymentExtensionHbgArPaymentHeader": {
      "module": "vb/action/builtin/restAction",
      "parameters": {
        "endpoint": "devOrds/getPaymentExtensionHbg_ar_payment_header",
        "uriParams": {
          "P_BATCH_ID": "{{ $page.variables.BatchIDSearchVar }}"
        }
      },
      "outcomes": {
        "failure": "fireNotification",
        "success": "assignVariablesADPSearchTable"
      }
    },
    "assignVariablesADPSearchTable": {
      "module": "vb/action/builtin/assignVariablesAction",
      "parameters": {
        "$page.variables.ADPSearchTable": {
          "source": {
            "data": "{{ $chain.results.callRestGetPaymentExtensionHbgArPaymentHeader.body.items }}"          },
          "reset": "none",
          "auto": "always",
          "mapping": {
            "$target.data": {
              "source": "$source.data",
              "reset": "empty"
            }
          }
        }
      }
    },
    "ifBatchIDSearchVar": {
      "module": "vb/action/builtin/ifAction",
      "parameters": {
        "condition": "[[ $page.variables.BatchIDSearchVar === null ]]"
      },
      "outcomes": {
        "false": "callRestGetPaymentExtensionHbgArPaymentHeader",
        "true": "callRestGetPaymentExtensionHbgArPaymentHeader2"
      }
    },
    "fireNotification2": {
      "module": "vb/action/builtin/fireNotificationEventAction",
      "parameters": {
        "target": "leaf",
        "summary": "[[ $chain.results.callRestGetPaymentExtensionHbgArPaymentHeader2.message.summary ]]",
        "type": "error",
        "displayMode": "persist"
      }
    },
    "callRestGetPaymentExtensionHbgArPaymentHeader2": {
      "module": "vb/action/builtin/restAction",
      "parameters": {
        "endpoint": "devOrds/getPaymentExtensionHbg_ar_payment_header"
      },
      "outcomes": {
        "failure": "fireNotification2",
        "success": "assignVariablesADPSearchTable2"
      }
    },
    "assignVariablesADPSearchTable2": {
      "module": "vb/action/builtin/assignVariablesAction",
      "parameters": {
        "$page.variables.ADPSearchTable": {
          "source": {
            "data": "{{ $chain.results.callRestGetPaymentExtensionHbgArPaymentHeader2.body.items }}"
          },
          "reset": "none",
          "auto": "always"
        }
      }
    }
  },
  "variables": {}
}