{
  "description": "",
  "root": "resetVariablesClientCreateObj",
  "actions": {

    "fireNotification": {
      "module": "vb/action/builtin/fireNotificationEventAction",
      "parameters": {
        "target": "leaf",
        "summary": "failed to fetch Details",
        "type": "error",
        "displayMode": "transient"
      }
    },
    "callRestGetValueSetDetails": {
      "module": "vb/action/builtin/restAction",
      "parameters": {
        "endpoint": "devOrds/GetValueSetDetails",
        "uriParams": {

          "P_FLEX_VALUE": "{{ $page.variables.ClientCreateObj.cust_owner }}",
          "P_VALUE_SET_NAME": "HBG_Owner"
        }
      },
      "outcomes": {
        "failure": "fireNotification",
        "success": "assignVariablesClientCreateObj"
      }
    },
    "assignVariablesClientCreateObj": {
      "module": "vb/action/builtin/assignVariablesAction",
      "parameters": {
        "$page.variables.ClientCreateObj": {
          "source": {
            "owner_description": "{{ $chain.results.callRestGetValueSetDetails.body.items[0].description }}"
          },
          "reset": "none",
          "auto": "always"
        }
      }
    },
    "resetVariablesClientCreateObj": {
      "module": "vb/action/builtin/resetVariablesAction",
      "parameters": {
        "variables": [
          "$page.variables.ClientCreateObj.owner_description",
          "$page.variables.ClientCreateObj.reporting_group"
        ]
      },
      "outcomes": {
        "success": "callRestGetValueSetDetails"
      }
    }
  },
  "variables": {
    "key": {
      "required": true,
      "type": "any",
      "input": "fromCaller"
    },
    "data": {
      "required": true,
      "type": "any",
      "input": "fromCaller"
    },
    "metadata": {
      "required": true,
      "type": "any",
      "input": "fromCaller"
    }
  }
}