{
    "items": [
        {
            "sf_unassigned_id": 14,
            "type": "default",
            "organization_number": 100000223719120,
            "account_type": "02",
            "description": "AGENCY ACCOUNTS (ABRAMS)",
            "account_prefix": null,
            "owner": null,
            "owner_description": null,
            "reporting_group": null,
            "reporting_group_description": null,
            "bill_to_country": null,
            "bill_to_state": null,
            "ship_to_country": null,
            "ship_to_state": null,
            "final_destination_country": null,
            "sales_force_number": "01",
            "sales_force_name": "HBG ID/WHL SALES",
            "division": "21",
            "division_name": "ID ACCOUNT REPS",
            "territory": "01",
            "territory_name": "North Territory",
            "sales_rep": null,
            "sales_rep_name": null,
            "notes": null,
            "entered_by": "freis@pelotongroup.com",
            "entered_date": "2023-01-30T15:47:38Z",
            "updated_by": "freis@pelotongroup.com",
            "updated_date": "2023-01-30T15:47:38Z",
            "start_date": "0030-01-21T00:00:00Z",
            "end_date": null,
            "status": "Active",
            "sf_assign_id": null,
            "sales_force_id": null,
            "account_number": null,
            "account_name": null
        },
        {
            "sf_unassigned_id": 13,
            "type": "Default",
            "organization_number": 100000234582012,
            "account_type": "02",
            "description": "AGENCY ACCOUNTS (ABRAMS)",
            "account_prefix": "Test",
            "owner": "AB",
            "owner_description": "Abrams Books",
            "reporting_group": "AB58",
            "reporting_group_description": "Harry N. Abrams",
            "bill_to_country": "US",
            "bill_to_state": "IN",
            "ship_to_country": "US",
            "ship_to_state": "IN",
            "final_destination_country": "US",
            "sales_force_number": "SFM1",
            "sales_force_name": "SFM1Name",
            "division": "1",
            "division_name": "DIV1Name",
            "territory": "TER1",
            "territory_name": "Ter1Name",
            "sales_rep": "SR1",
            "sales_rep_name": "SR1Name",
            "notes": "Final Notes",
            "entered_by": "freis@pelotongroup.com",
            "entered_date": "2023-01-23T12:53:30Z",
            "updated_by": "freis@pelotongroup.com",
            "updated_date": "2023-01-23T12:53:30Z",
            "start_date": "0023-01-21T00:00:00Z",
            "end_date": "2023-01-24T00:00:00Z",
            "status": "Inactive",
            "sf_assign_id": null,
            "sales_force_id": null,
            "account_number": "TST_01_11306463-LIBBY'S",
            "account_name": "LIBBY'S"
        },
        {
            "sf_unassigned_id": 15,
            "type": "default",
            "organization_number": 100000224222569,
            "account_type": "03",
            "description": "SS FREE FRT RET WHOLESALER(JOBBER)(3A)",
            "account_prefix": null,
            "owner": null,
            "owner_description": null,
            "reporting_group": null,
            "reporting_group_description": null,
            "bill_to_country": null,
            "bill_to_state": null,
            "ship_to_country": null,
            "ship_to_state": null,
            "final_destination_country": null,
            "sales_force_number": "01",
            "sales_force_name": "HBG ID/WHL SALES",
            "division": "21",
            "division_name": "ID ACCOUNT REPS",
            "territory": "01",
            "territory_name": "North Territory",
            "sales_rep": "02",
            "sales_rep_name": "PAUL LEAHY",
            "notes": null,
            "entered_by": "thastings@pelotongroup.com",
            "entered_date": "2023-01-30T15:59:48Z",
            "updated_by": "thastings@pelotongroup.com",
            "updated_date": "2023-01-30T15:59:48Z",
            "start_date": "0030-01-21T00:00:00Z",
            "end_date": null,
            "status": "Active",
            "sf_assign_id": null,
            "sales_force_id": null,
            "account_number": null,
            "account_name": null
        }
    ],
    "hasMore": false,
    "limit": 100,
    "offset": 0,
    "count": 3,
    "links": [
        {
            "rel": "self",
            "href": "https://10.2.0.169:8081/ords/hbg_integration/salesCredit/UnassignSalesForce"
        },
        {
            "rel": "edit",
            "href": "https://10.2.0.169:8081/ords/hbg_integration/salesCredit/UnassignSalesForce"
        },
        {
            "rel": "describedby",
            "href": "https://10.2.0.169:8081/ords/hbg_integration/metadata-catalog/salesCredit/item"
        },
        {
            "rel": "first",
            "href": "https://10.2.0.169:8081/ords/hbg_integration/salesCredit/UnassignSalesForce"
        }
    ]
}