{
  "title": "main schedule_template",
  "description": "",
  "variables": {

    "getShippingSchedulesShippingScheduleTypeLovListSDP": {
      "type": "vb/ServiceDataProvider",
      "defaultValue": {
        "endpoint": "devOrds/getShippingSchedulesShippingScheduleTypeLov",
        "keyAttributes": "shipping_schedule_type",
        "itemsPath": "items",
        "responseType": "getShippingSchedulesShippingScheduleTypeLovResponse",
        "transformsContext": {
          "vb-textFilterAttributes": [
            "shipping_schedule_type"
          ]
        }
      }
    },
    "ShipSchTemplate": {
      "type": {
        "add_items_automatically": "string",
        "add_items_automatically_dummy": "object[]",
        "cleanup_release_date_editable": "string",
        "cleanup_release_date_editable_dummy": "object[]",
        "cleanup_release_date_required": "string",
        "cleanup_release_date_required_dummy": "object[]",
        "cleanup_release_date_subtract_from_osd": "number",
        "created_by": "string",
        "cutoff_date_editable": "string",
        "cutoff_date_editable_dummy": "object[]",
        "cutoff_date_required": "string",
        "cutoff_date_required_dummy": "object[]",
        "cutoff_date_subtract_from_release_date": "number",
        "last_updated_by": "string",
        "on_sale_date_editable": "string",
        "on_sale_date_editable_dummy": "object[]",
        "on_sale_date_required": "string",
        "on_sale_date_required_dummy": "object[]",
        "release_date_editable": "string",
        "release_date_editable_dummy": "object[]",
        "release_date_required": "string",
        "release_date_required_dummy": "object[]",
        "release_date_subtract_from_osd": "number",
        "remove_items_automatically": "string",
        "remove_items_automatically_dummy": "object[]",
        "shipping_schedule_type": "string"
      }
    }
  },
  "metadata": {},
  "types": {
    "@decorators.getShippingSchedulesShippingScheduleTemplate2": {
      "endpoint": "getShippingSchedulesShippingScheduleTemplate2",
      "service": "devOrds",
      "path": "response"
    },
    "@decorators.getShippingSchedulesShippingScheduleTypeLovResponse": {
      "endpoint": "getShippingSchedulesShippingScheduleTypeLov",
      "service": "devOrds",
      "path": "response"
    },
    "getShippingSchedulesShippingScheduleTemplate2": {
      "items": [
        {
          "add_items_automatically": "string",
          "cleanup_release_date_editable": "string",
          "cleanup_release_date_required": "string",
          "cleanup_release_date_subtract_from_osd": "number",
          "created_by": "string",
          "created_date": "string",
          "cutoff_date_editable": "string",
          "cutoff_date_required": "string",
          "cutoff_date_subtract_from_release_date": "number",
          "last_updated_by": "string",
          "last_updated_date": "string",
          "on_sale_date_editable": "string",
          "on_sale_date_required": "string",
          "release_date_editable": "string",
          "release_date_required": "string",
          "release_date_subtract_from_osd": "number",
          "remove_items_automatically": "string",
          "shipping_schedule_type": "string"
        }
      ]
    },
    "getShippingSchedulesShippingScheduleTypeLovResponse": {
      "items": [
        {
          "shipping_schedule_type": "string"
        }
      ]
    }

  },
  "eventListeners": {
    "buttonAction": {
      "chains": [
        {
          "chainId": "BacktoHomePage"
        }
      ]
    },
    "buttonAction2": {
      "chains": [
        {
          "chainId": "ButtonActionChain"
        }
      ]
    },
    "checkboxSetValue": {
      "chains": [
        {
          "chainId": "AddItemsAutoCheckboxSetValueChangeChain",
          "parameters": {
            "value": "{{ $event.detail.value }}"
          }
        }
      ]
    },
    "checkboxSetValue10": {
      "chains": [
        {
          "chainId": "CheckboxSetValueChangeChain",
          "parameters": {
            "value": "{{ $event.detail.value }}"
          }
        }
      ]
    },
    "checkboxSetValue2": {
      "chains": [
        {
          "chainId": "RemoveItemsCheckboxSetValueChangeChain",
          "parameters": {
            "value": "{{ $event.detail.value }}"
          }
        }
      ]
    },
    "checkboxSetValue3": {
      "chains": [
        {
          "chainId": "onSaleDateEditCheckboxSetValueChangeChain",
          "parameters": {
            "value": "{{ $event.detail.value }}"
          }
        }
      ]
    },
    "checkboxSetValue4": {
      "chains": [
        {
          "chainId": "onSaleDateRequiredCheckboxSetValueChangeChain",
          "parameters": {
            "value": "{{ $event.detail.value }}"
          }
        }
      ]
    },
    "checkboxSetValue5": {
      "chains": [
        {
          "chainId": "ReleaseDateEditableCheckboxSetValueChangeChain",
          "parameters": {
            "value": "{{ $event.detail.value }}"
          }
        }
      ]
    },
    "checkboxSetValue6": {
      "chains": [
        {
          "chainId": "ReleaseDateReqCheckboxSetValueChangeChain",
          "parameters": {
            "value": "{{ $event.detail.value }}"
          }
        }
      ]
    },
    "checkboxSetValue7": {
      "chains": [
        {
          "chainId": "CutOffDateEditCheckboxSetValueChangeChain",
          "parameters": {
            "value": "{{ $event.detail.value }}"
          }
        }
      ]
    },
    "checkboxSetValue8": {
      "chains": [
        {
          "chainId": "CutOffDateReqCheckboxSetValueChangeChain",
          "parameters": {
            "value": "{{ $event.detail.value }}"
          }
        }
      ]
    },
    "checkboxSetValue9": {
      "chains": [
        {
          "chainId": "CleanupDateEditCheckboxSetValueChangeChain",
          "parameters": {
            "value": "{{ $event.detail.value }}"
          }
        }
      ]
    },
    "ojSelectSingle3856249211ValueItem": {
      "chains": [
        {
          "chainId": "SelectValueItemChangeChain",
          "parameters": {
            "key": "{{$event.detail.value.key}}",
            "data": "{{$event.detail.value.data}}",
            "metadata": "{{$event.detail.value.metadata}}"
          }
        }
      ]
    },
    "toggleDrawer": {
      "chains": [
        {
          "chainId": "application:toggleDrawerHandler"
        }
      ]
    }

  },
  "imports": {
    "components": {
      "oj-button": {
        "path": "ojs/ojbutton"
      },
      "oj-checkboxset": {
        "path": "ojs/ojcheckboxset"
      },
      "oj-form-layout": {
        "path": "ojs/ojformlayout"
      },
      "oj-highlight-text": {
        "path": "ojs/ojhighlighttext"
      },
      "oj-input-number": {
        "path": "ojs/ojinputnumber"
      },
      "oj-option": {
        "path": "ojs/ojoption"
      },
      "oj-select-single": {
        "path": "ojs/ojselectsingle"
      }
    }
  }
}