{
  "title": "main schedule_template",
  "description": "",
  "variables": {
    "getShippingSchedulesShippingSchRelTypeLOVListSDP": {
      "type": "vb/ServiceDataProvider",
      "defaultValue": {
        "endpoint": "devOrds/getShippingSchedulesShippingSchRelTypeLOV",
        "keyAttributes": "shipping_schedule_rel_type",
        "itemsPath": "items",
        "responseType": "getShippingSchedulesShippingSchRelTypeLOVResponse",
        "transformsContext": {
          "vb-textFilterAttributes": [
            "shipping_schedule_rel_type"
          ]
        }
      }
    }
  },
  "metadata": {},
  "types": {
    "@decorators.getShippingSchedulesShippingSchRelTypeLOVResponse": {
      "endpoint": "getShippingSchedulesShippingSchRelTypeLOV",
      "service": "devOrds",
      "path": "response"
    },
    "getShippingSchedulesShippingSchRelTypeLOVResponse": {
      "items": [
        {
          "shipping_schedule_rel_type": "string"
        }
      ]
    }
  },
  "eventListeners": {
    "buttonAction": {
      "chains": [
        {
          "chainId": "BacktoHomePage"
        }
      ]
    },
    "toggleDrawer": {
      "chains": [
        {
          "chainId": "application:toggleDrawerHandler"
        }
      ]
    }

  },
  "imports": {
    "components": {
      "oj-button": {
        "path": "ojs/ojbutton"
      },
      "oj-checkboxset": {
        "path": "ojs/ojcheckboxset"
      },
      "oj-form-layout": {
        "path": "ojs/ojformlayout"
      },
      "oj-highlight-text": {
        "path": "ojs/ojhighlighttext"
      },
      "oj-input-number": {
        "path": "ojs/ojinputnumber"
      },
      "oj-option": {
        "path": "ojs/ojoption"
      },
      "oj-radioset": {
        "path": "ojs/ojradioset"
      },
      "oj-select-single": {
        "path": "ojs/ojselectsingle"
      }
    }
  }
}