{
  "root": "callRestGetFamilyCodeFormat2",
  "description": "",
  "variables": {},
  "actions": {
    "fireNotification": {
      "module": "vb/action/builtin/fireNotificationEventAction",
      "parameters": {
        "target": "leaf",
        "summary": "Failed to fetch Format Details",
        "type": "error",
        "displayMode": "persist"
      }
    },
    "callRestGetFamilyCodeFormat2": {
      "module": "vb/action/builtin/restAction",
      "parameters": {
        "endpoint": "devOrds/getFamilyCodeFormat2",
        "uriParams": {
          "P_FORMAT_ABBR": "{{ \"\" }}",
          "P_FORMAT_CODE": "{{ \"\" }}",
          "P_FORMAT_NAME": "{{ \"\" }}"
        }
      },
      "outcomes": {
        "failure": "fireNotification",
        "success": "assignVariablesFormatADP"
      }
    },
    "assignVariablesFormatADP": {
      "module": "vb/action/builtin/assignVariablesAction",
      "parameters": {
        "$page.variables.FormatADP": {
          "source": {
            "data": "{{ $chain.results.callRestGetFamilyCodeFormat2.body.items }}"
          },
          "reset": "none",
          "auto": "always",
          "mapping": {
            "$target.data": {
              "source": "$source.data",
              "reset": "empty"
            }
          }
        }
      }
    }
  }
}