{
  "description": "",
  "root": "resetVariablesRowTemplateId",
  "actions": {
    "callChainFetchHeaders": {
      "module": "vb/action/builtin/callChainAction",
      "parameters": {
        "id": "FetchHeaders"
      }
    },
    "resetVariablesRowTemplateId": {
      "module": "vb/action/builtin/resetVariablesAction",
      "parameters": {
        "variables": [
          "$page.variables.RowTemplateId",
          "$page.variables.LinesTblADP.data"
        ]
      },
      "outcomes": {
        "success": "callChainFetchHeaders"
      }
    }
  },
  "variables": {}
}