{
    "items": [
        {
            "dist_cnt": 1
        }
    ],
    "hasMore": false,
    "limit": 100,
    "offset": 0,
    "count": 1,
    "links": [
        {
            "rel": "self",
            "href": "https://10.2.0.169:8081/ords/hbg_integration/salesCredit/validateDistributionChannel?p_dist_channel_id=1021&p_reporting_group=01&p_owner=HB"
        },
        {
            "rel": "describedby",
            "href": "https://10.2.0.169:8081/ords/hbg_integration/metadata-catalog/salesCredit/item"
        },
        {
            "rel": "first",
            "href": "https://10.2.0.169:8081/ords/hbg_integration/salesCredit/validateDistributionChannel?p_dist_channel_id=1021&p_reporting_group=01&p_owner=HB"
        }
    ]
}