{
  "openapi": "3.0.0",
  "info": {
    "title": "ORDSConn",
    "version": "1.0.0"
  },
  "servers": [
    {
      "url": "https://egovbbg64prhugbnnfel6wocw4.apigateway.us-ashburn-1.oci.customer-oci.com/dev/ords/hbg_integration",
      "description": "Ords Hbg Integration",
      "x-vb": {
        "authentication": {
          "authenticated": {
            "type": "oauth2_client_credentials",
            "clientIdCredentials": "vb_5755e871-2a76-4b8a-a177-df6419d3dbd6",
            "authUrl": "https://egovbbg64prhugbnnfel6wocw4.apigateway.us-ashburn-1.oci.customer-oci.com/dev/ords/hbg_integration/oauth/token"
          }
        },
        "forceProxy": "cors"
      }
    }
  ],
  "paths": {
    "/arCustMaintenance/searchTransactions": {
      "post": {
        "operationId": "postArCustMaintenanceSearchTransactions",
        "requestBody": {
          "content": {
            "application/json": {
              "schema": {
                "$ref": "#/components/schemas/PostArCustMaintenanceSearchTransactionsRequest"
              },
              "examples": {
                "vb": {
                  "externalValue": "./examples/postArCustMaintenanceSearchTransactions/request_application_json_vb.json",
                  "summary": "Example stored by VB User"
                }
              }
            }
          }
        },
        "responses": {
          "default": {
            "description": "Response for default",
            "content": {
              "application/json": {
                "schema": {
                  "$ref": "#/components/schemas/PostArCustMaintenanceSearchTransactionsResponse"
                },
                "examples": {
                  "vb": {
                    "summary": "Example stored by VB User",
                    "externalValue": "./examples/postArCustMaintenanceSearchTransactions/response_default_application_json_vb.json"
                  }
                }
              }
            }
          }
        },
        "x-vb": {
          "actionHint": "create"
        }
      }
    },
    "/arCustMaintenance/createActivities": {
      "post": {
        "operationId": "PostCollapseData",
        "requestBody": {
          "content": {
            "application/json": {
              "schema": {
                "$ref": "#/components/schemas/PostArCustMaintenanceCreateActivitiesRequest"
              },
              "examples": {
                "vb": {
                  "externalValue": "./examples/PostCollapseData/request_application_json_vb.json"
                }
              }
            }
          }
        },
        "responses": {
          "default": {
            "description": "Response for default",
            "content": {
              "application/json": {
                "schema": {
                  "$ref": "#/components/schemas/PostArCustMaintenanceCreateActivitiesResponse"
                },
                "examples": {
                  "vb": {
                    "summary": "Example stored by VB User",
                    "externalValue": "./examples/PostCollapseData/response_default_application_json_vb.json"
                  }
                }
              }
            }
          }
        },
        "x-vb": {
          "actionHint": "create"
        }
      }
    },
    "/arCustMaintenance/getCustomerbyAcctNum": {
      "get": {
        "operationId": "GetCustomerDetails",
        "responses": {
          "default": {
            "description": "Response for default",
            "content": {
              "application/json": {
                "schema": {
                  "$ref": "#/components/schemas/GetArCustMaintenanceGetCustomerbyAcctNum"
                },
                "examples": {
                  "vb": {
                    "summary": "Example stored by VB User",
                    "externalValue": "./examples/GetCustomerDetails/response_default_application_json_vb.json"
                  }
                }
              }
            }
          }
        },
        "x-vb": {
          "actionHint": "getMany"
        },
        "parameters": [
{
            "name": "p_acct_num",
            "in": "query",
            "schema": {
              "type": "string"
            }
          },
          {
            "name": "p_acct_name",
            "in": "query",
            "schema": {
              "type": "string"
            }
          }          ,
          {
            "name": "p_org_name",
            "in": "query",
            "schema": {
              "type": "string"
            }
          }
        ]
      }
    },
    "/arCustMaintenance/createSession": {
      "post": {
        "operationId": "CreateSession",
        "parameters": [],
        "responses": {
          "default": {
            "description": "Response for default",
            "content": {
              "application/json": {
                "schema": {
                  "$ref": "#/components/schemas/PostArCustMaintenanceCreateSessionResponse"
                },
                "examples": {
                  "vb": {
                    "summary": "Example stored by VB User",
                    "externalValue": "./examples/CreateSession/response_default_application_json_vb.json"
                  }
                }
              }
            }
          }
        },
        "x-vb": {
          "actionHint": "getMany"
        },
        "requestBody": {
          "content": {
            "application/json": {
              "schema": {
                "$ref": "#/components/schemas/PostArCustMaintenanceCreateSessionRequest"
              },
              "examples": {
                "vb": {
                  "externalValue": "./examples/CreateSession/request_application_json_vb.json"
                }
              }
            }
          }
        }
      }
    },
    "/arCustMaintenance/storeSelectedRecords": {
      "post": {
        "operationId": "storeSelectedRecords",
        "requestBody": {
          "description": "Request for application/json",
          "content": {
            "application/json": {
              "schema": {
                "$ref": "#/components/schemas/PostArCustMaintenanceStoreSelectedRecordsRequest"
              },
              "examples": {
                "vb": {
                  "summary": "Example stored by VB User",
                  "externalValue": "./examples/storeSelectedRecords/request_application_json_vb.json"
                }
              }
            }
          }
        },
        "responses": {
          "default": {
            "description": "Response for default",
            "content": {
              "application/json": {
                "schema": {
                  "$ref": "#/components/schemas/PostArCustMaintenanceStoreSelectedRecordsResponse"
                },
                "examples": {
                  "vb": {
                    "summary": "Example stored by VB User",
                    "externalValue": "./examples/storeSelectedRecords/response_default_application_json_vb.json"
                  }
                }
              }
            }
          }
        },
        "x-vb": {
          "actionHint": "create"
        }
      }
    },
    "/arCustMaintenance/retrieveSelectedRecords": {
      "post": {
        "operationId": "postRetrieveSelectedRecords",
        "requestBody": {
          "content": {
            "application/json": {
              "schema": {
                "$ref": "#/components/schemas/PostRetrieveSelectedRecordsRequest"
              },
              "examples": {
                "vb": {
                  "externalValue": "./examples/postRetrieveSelectedRecords/request_application_json_vb.json"
                }
              }
            }
          }
        },
        "responses": {
          "default": {
            "description": "Response for default",
            "content": {
              "application/json": {
                "schema": {
                  "$ref": "#/components/schemas/PostArCustMaintenanceRetrieveSelectedRecordsResponse"
                },
                "examples": {
                  "vb": {
                    "summary": "Example stored by VB User",
                    "externalValue": "./examples/postRetrieveSelectedRecords/response_default_application_json_vb.json"
                  }
                }
              }
            }
          }
     },
        "x-vb": {
          "actionHint": "getMany"
        }
      }
    },
    "/arCustMaintenance/deleteSelectedRecords": {
      "post": {
        "operationId": "postArCustMaintenanceDeleteSelectedRecords",
        "requestBody": {
          "content": {
            "application/json": {
              "schema": {
                "$ref": "#/components/schemas/PostArCustMaintenanceDeleteSelectedRecordsRequest"
              },
              "examples": {
                "vb": {
                  "externalValue": "./examples/postArCustMaintenanceDeleteSelectedRecords/request_application_json_vb.json"
                }
              }
            }
          }
        },
        "responses": {
          "default": {
            "description": "Default response",
            "content": {
              "application/json": {
                "schema": {
                  "$ref": "#/components/schemas/PostArCustMaintenanceDeleteSelectedRecordsResponse"
                },
                "examples": {
                  "vb": {
                    "summary": "Example stored by VB User",
                    "externalValue": "./examples/postArCustMaintenanceDeleteSelectedRecords/response_default_application_json_vb.json"
                  }
                }
              }
            }
          }
        },
        "x-vb": {
          "actionHint": "getMany"
        },
        "parameters": [
          {
            "name": "curr_user",
            "in": "query",
            "schema": {
              "type": "string"
            }
          }
        ]
      }
    },
    "/arCustMaintenance/getCustomerbyOrgNum": {
      "get": {
        "operationId": "GetCustomerbyOrgNum",
        "parameters": [
          {
            "name": "p_org_num",
            "in": "header",
            "schema": {
              "type": "string"
            }
          }
        ],
        "responses": {
          "default": {
            "description": "Response for default",
            "content": {
              "application/json": {
                "schema": {
                  "$ref": "#/components/schemas/GetArCustMaintenanceGetCustomerbyOrgNum"
                },
                "examples": {
                  "vb": {
                    "summary": "Example stored by VB User",
                    "externalValue": "./examples/GetCustomerbyOrgNum/response_default_application_json_vb.json"
                  }
                }
              }
            }
          }
        },
        "x-vb": {
          "actionHint": "getMany"
        }
      }
    },
    "/arCustMaintenance/getTransactionCodes": {
      "get": {
        "operationId": "GetTransactionCodes",
        "responses": {
          "default": {
            "description": "Response for default",
            "content": {
              "application/json": {
                "schema": {
                  "$ref": "#/components/schemas/GetArCustMaintenanceGetTransactionCodes"
                },
                "examples": {
                  "vb": {
                    "summary": "Example stored by VB User",
                    "externalValue": "./examples/GetTransactionCodes/response_default_application_json_vb.json"
                  }
                }
              }
            }
          }
        },
        "x-vb": {
          "actionHint": "getMany"
        }
      }
    },
    "/arCustMaintenance/getCollapseTrxsDetails": {
      "get": {
        "operationId": "GetCollapseTrxsDetails",
        "parameters": [
          {
            "name": "p_process_id",
            "in": "header",
            "schema": {
              "type": "string"
            }
          },
          {
            "name": "p_trx_number",
            "in": "header",
            "schema": {
              "type": "string"
            }
          }
        ],
        "responses": {
          "default": {
            "description": "Response for default",
            "content": {
              "application/json": {
                "schema": {
                  "$ref": "#/components/schemas/GetArCustMaintenanceGetCollapseTrxsDetails"
                },
                "examples": {
                  "vb": {
                    "summary": "Example stored by VB User",
                    "externalValue": "./examples/GetCollapseTrxsDetails/response_default_application_json_vb.json"
                  }
                }
              }
            }
          }
        },
        "x-vb": {
          "actionHint": "getMany"
        }
      }
    },
    "/arCustMaintenance/getTransactionType": {
      "get": {
        "operationId": "getTransactionType",
        "responses": {
          "default": {
            "description": "Response for default",
            "content": {
              "application/json": {
                "schema": {
                  "$ref": "#/components/schemas/GetArCustMaintenanceGetTransactionType"
                },
                "examples": {
                  "vb": {
                    "summary": "Example stored by VB User",
                    "externalValue": "./examples/getTransactionType/response_default_application_json_vb.json"
                  }
                }
              }
            }
          }
        },
        "x-vb": {
          "actionHint": "getMany"
        }
      }
    },
    "/arCustMaintenance/getReceivableActivities": {
      "get": {
        "operationId": "GetReceivableActivities",
        "responses": {
          "default": {
            "description": "Response for default",
            "content": {
              "application/json": {
                "schema": {
                  "$ref": "#/components/schemas/GetArCustMaintenanceGetReceivableActivities"
                },
                "examples": {
                  "vb": {
                    "summary": "Example stored by VB User",
                    "externalValue": "./examples/GetReceivableActivities/response_default_application_json_vb.json"
                  }
                }
              }
            }
          }
        },
        "x-vb": {
          "actionHint": "getMany"
        }
      }
    },
    "/arCustMaintenance/createWriteOffTrxs": {
      "post": {
        "operationId": "CreateWriteOffTrxs",
        "parameters": [],
        "requestBody": {
          "content": {
            "application/json": {
              "schema": {
                "$ref": "#/components/schemas/PostArCustMaintenanceCreateWriteOffTrxsRequest"
              },
              "examples": {
                "vb": {
                  "externalValue": "./examples/CreateWriteOffTrxs/request_application_json_vb.json"
                }
              }
            }
          }
        },
        "responses": {
          "default": {
            "description": "Response for default",
            "content": {
              "application/json": {
                "schema": {
                  "$ref": "#/components/schemas/PostArCustMaintenanceCreateWriteOffTrxsResponse"
                },
                "examples": {
                  "vb": {
                    "summary": "Example stored by VB User",
                    "externalValue": "./examples/CreateWriteOffTrxs/response_default_application_json_vb.json"
                  }
                }
              }
            }
          }
        },
        "x-vb": {
          "actionHint": "create"
        }
      }
    },
    "/arCustMaintenance/getAccountBalance": {
      "get": {
        "operationId": "GetAccountBalance",
        "parameters": [
          {
            "name": "p_acct_nbr",
            "in": "query",
            "schema": {
              "type": "string"
            }
          },
          {
            "name": "p_org",
            "in": "query",
            "schema": {
              "type": "string"
            }
          }
        ],
        "responses": {
          "default": {
            "description": "Response for default",
            "content": {
              "application/json": {
                "schema": {
                  "$ref": "#/components/schemas/GetArCustMaintenanceGetAccountBalance"
                },
                "examples": {
                  "vb": {
                    "summary": "Example stored by VB User",
                    "externalValue": "./examples/GetAccountBalance/response_default_application_json_vb.json"
                  }
                }
              }
            }
          }
        },
        "x-vb": {
          "actionHint": "getMany"
        }
      }
    }
  },
  "components": {
    "schemas": {
      "PostSearchTransactionsRequest": {
        "type": "object",
        "properties": {
          "acct_nbr": {
            "type": "string"
          },
          "org_name": {
            "nullable": true
          }
        }
      },
      "PostArCustMaintenanceSearchTransactionsResponse": {
        "type": "object",
        "properties": {
          "transactions": {
            "type": "array",
            "items": {
              "type": "object",
              "properties": {
                "org_number": {
                  "type": "string"
                },
                "org_name": {
                  "type": "string"
                },
                "account_balance": {
                  "type": "number"
                },
                "unapplied_amount": {
                  "type": "number"
                },
                "invoice_total": {
                  "type": "integer"
                },
                "claim_total": {
                  "type": "integer"
                },
                "credit_total": {
                  "type": "integer"
                },
                "tier": {
                  "type": "string"
                },
                "tax_exempt": {
                  "nullable": true
                },
                "currency": {
                  "nullable": true
                },
                "transaction_details": {
                  "type": "array",
                  "items": {
                    "type": "object",
                    "properties": {
                      "trx_key": {
                        "type": "integer"
                      },
                      "transaction_id": {
                        "type": "integer"
                      },
                      "cust_account_id": {
                        "type": "integer"
                      },
                      "party_id": {
                        "type": "integer"
                      },
                      "account_number": {
                        "type": "string"
                      },
                      "account_name": {
                        "type": "string"
                      },
                      "org_nbr": {
                        "type": "string"
                      },
                      "trx_code": {
                        "type": "string"
                      },
                      "trx_type": {
                        "type": "string"
                      },
                      "flag_code": {
                        "type": "string"
                      },
                      "claim_number": {
                        "type": "string"
                      },
                      "invoice_ref_num": {
                        "type": "string"
                      },
                      "invoice_po_number": {
                        "type": "string",
                        "nullable": true
                      },
                      "invoice_number": {
                        "type": "string",
                        "nullable": true
                      },
                      "amount": {
                        "type": "integer"
                      },
                      "due_date": {
                        "type": "string",
                        "nullable": true
                      },
                      "trx_date": {
                        "type": "string"
                      },
                      "aging_cat": {
                        "type": "string",
                        "nullable": true
                      },
                      "status": {
                        "type": "string"
                      },
                      "payment_terms": {
                        "type": "string"
                      },
                      "edi_trans_date": {
                        "type": "string"
                      },
                      "edi_ack_date": {
                        "type": "string"
                      },
                      "edi_remit_date": {
                        "type": "string"
                      },
                      "trx_class": {
                        "type": "string"
                      },
                      "submitted_by": {
                        "nullable": true
                      },
                      "closed_date": {
                        "type": "string"
                      },
                      "process_id": {
                        "type": "integer"
                      }
                    }
                  }
                }

              }
            }
          },
          "ret_status": {
            "type": "string"
          }
        }
      },
      "PostArCustMaintenanceSearchTransactionsRequest": {
        "type": "object",
        "properties": {

          "status": {
            "type": "string"
          },
          "acct_nbr": {
            "type": "string"
          },
          "include_claim": {
            "type": "string"
          },
          "include_cm": {
            "type": "string"
          },
          "include_inv": {
            "type": "string"
          },
          "include_receipts": {
            "type": "string"
          },
          "org_name": {
            "type": "string"
          },
          "held_by_othrs_data": {
            "type": "string"
          },
          "loggedin_user": {
            "type": "string"
          }
        }
      },
      "PostArCustMaintenanceCreateActivitiesRequest": {
        "type": "object",
        "properties": {
          "transactions": {
            "type": "array",
            "items": {
              "type": "object",
              "properties": {
                "transaction": {
                  "type": "object",
                  "properties": {
                    "customerTrxId": {
                      "type": "integer"
                    },
                    "custAccountId": {
                      "type": "integer"
                    },
                    "accountNumber": {
                      "nullable": true
                    },
                    "partyName": {
                      "nullable": true
                    },
                    "partyId": {
                      "nullable": true
                    },
                    "orgNbr": {
                      "nullable": true
                    },
                    "invoiceNumber": {
                      "nullable": true
                    },
                    "flagCode": {
                      "nullable": true
                    },
                    "trxCode": {
                      "nullable": true
                    },
                    "trxType": {
                      "nullable": true
                    },
                    "claimNumber": {
                      "nullable": true
                    },
                    "amount": {
                      "nullable": true
                    },
                    "amountApplied": {
                      "nullable": true
                    },
                    "balance": {
                      "nullable": true
                    },
                    "dueDate": {
                      "nullable": true
                    },
                    "newTrxCode": {
                      "nullable": true
                    },
                    "newClaimNumber": {
                      "nullable": true
                    },
                    "glAccountNumberNew": {
                      "nullable": true
                    },
                    "glAccountNumber": {
                      "nullable": true
                    },
                    "trxDate": {
                      "nullable": true
                    },
                    "invoicePoNumber": {
                      "nullable": true
                    },
                    "agingCat": {
                      "nullable": true
                    },
                    "transactionClass": {
                      "nullable": true
                    },
                    "action": {
                      "nullable": true
                    },
                    "submittedBy": {
                      "nullable": true
                    },
                    "submissionDate": {
                      "nullable": true
                    }
                  }
                }
              }
            }
          }
        }
      },
      "GetArCustMaintenanceGetCustomerDetails": {
        "type": "object",
        "properties": {
          "items": {
            "type": "array",
            "items": {
              "type": "object",
              "properties": {
                "accountnumber": {
                  "type": "string"
                },
                "accountname": {
                  "type": "string"
                },
                "party_name": {
                  "type": "string"
                }
              }
            }
          },
          "hasMore": {
            "type": "boolean"
          },
          "limit": {
            "type": "integer"
          },
          "offset": {
            "type": "integer"
          },
          "count": {
            "type": "integer"
          },
          "links": {
            "type": "array",
            "items": {
              "type": "object",
              "properties": {
                "rel": {
                  "type": "string"
                },
                "href": {
                  "type": "string"
                }
              }
            }
          }
        }
      },
      "GetArCustMaintenanceGetCustomerbyAcctNum": {
        "type": "object",
        "properties": {
          "items": {
            "type": "array",
            "items": {
              "type": "object",
              "properties": {
                "accountnumber": {
                  "type": "string"
                },
                "accountname": {
                  "type": "string"
                },
                "party_number": {
                  "type": "string"
                }
              }
            }
          },
          "hasMore": {
            "type": "boolean"
          },
          "limit": {
            "type": "integer"
          },
          "offset": {
            "type": "integer"
          },
          "count": {
            "type": "integer"
          },
          "links": {
            "type": "array",
            "items": {
              "type": "object",
              "properties": {
                "rel": {
                  "type": "string"
                },
                "href": {
                  "type": "string"
                }
              }
            }
          }
        }
      },
      "GetArCustMaintenanceGetCustomerbyOrgName": {
        "type": "object",
        "properties": {
          "items": {
            "type": "array",
            "items": {
              "type": "object",
              "properties": {
                "accountnumber": {
                  "type": "string"
                },
                "accountname": {
                  "type": "string"
                },
                "party_name": {
                  "type": "string"
                }
              }
            }
          },
          "hasMore": {
            "type": "boolean"
          },
          "limit": {
            "type": "integer"
          },
          "offset": {
            "type": "integer"
          },
          "count": {
            "type": "integer"
          },
          "links": {
            "type": "array",
            "items": {
              "type": "object",
              "properties": {
                "rel": {
                  "type": "string"
                },
                "href": {
                  "type": "string"
                }
              }
            }
          }
        }
      },
      "PostArCustMaintenanceCreateSessionResponse": {
        "type": "object",
        "properties": {
          "p_session": {
            "type": "string"
          },
          "p_status": {
            "type": "string"
          }
        }
      },
      "PostArCustMaintenanceCreateSessionRequest": {
        "type": "object",
        "properties": {
          "p_user": {
            "type": "string"
          }
        }
      },
      "PostArCustMaintenanceCreateActivitiesResponse": {
        "type": "object",
        "properties": {
          "status": {
            "type": "string"
          },
          "process_id": {
            "type": "string"
          }
        }
      },
      "PostArCustMaintenanceStoreSelectedRecordsRequest": {
        "type": "object",
        "properties": {
          "transactions": {
            "type": "array",
            "items": {
              "type": "object",
              "properties": {
                "account_name": {
                  "type": "string"
                },
                "account_number": {
                  "type": "string"
                },
                "aging_cat": {
                  "type": "string"
                },
                "amount": {
                  "type": "string"
                },
                "amount_applied": {
                  "type": "string"
                },
                "balance": {
                  "type": "string"
                },
                "claim_number": {
                  "type": "string"
                },
                "cust_account_id": {
                  "type": "string"
                },
                "due_date": {
                  "type": "string"
                },
                "edi_ack_date": {
                  "type": "string"
                },
                "edi_remit_date": {
                  "type": "string"
                },
                "edi_trans_date": {
                  "type": "string"
                },
                "flag_code": {
                  "type": "string"
                },
                "invoice_number": {
                  "type": "string"
                },
                "invoice_po_number": {
                  "type": "string"
                },
                "invoice_ref_number": {
                  "type": "string"
                },
                "org_nbr": {
                  "type": "string"
                },
                "party_id": {
                  "type": "string"
                },
                "payment_terms": {
                  "type": "string"
                },
                "trx_key": {
                  "type": "string"
                },
                "tranaction_id": {
                  "type": "string"
                },
                "new_trx_code": {
                  "type": "string"
                },
                "new_claim_number": {
                  "type": "string"
                },
                "gl_account_number_new": {
                  "type": "string"
                },
                "gl_account_number": {
                  "type": "string"
                },
                "trx_date": {
                  "type": "string"
                },
                "transaction_class": {
                  "type": "string"
                },
                "session_id": {
                  "type": "string"
                },
                "submitted_by": {
                  "type": "string"
                },
                "submission_date": {
                  "type": "string"
                }
              }
            }
          }
        }
      },
      "PostArCustMaintenanceStoreSelectedRecordsResponse": {
        "type": "object",
        "properties": {
          "status": {
            "type": "string"
          }
        }
      },
      "PostRetrieveSelectedRecordsRequest": {
        "type": "object",
        "properties": {
          "acct_nbr": {
            "type": "string"
          },
          "loggedin_user": {
            "type": "string"
          },
          "org_name": {
            "type": "string"
          }
        }
      },
      "PostArCustMaintenanceRetrieveSelectedRecordsResponse": {
        "type": "object",
        "properties": {
          "transactions": {
            "type": "array",
            "items": {
              "type": "object",
              "properties": {
                "org_number": {
                  "type": "string"
                },
                "org_name": {
                  "type": "string"
                },
                "account_balance": {
                  "type": "integer"
                },
                "unapplied_amount": {
                  "type": "integer"
                },
                "invoice_total": {
                  "type": "integer"
                },
                "claim_total": {
                  "type": "integer"
                },
                "credit_total": {
                  "type": "integer"
                },
                "tier": {
                  "nullable": true
                },
                "tax_exempt": {
                  "nullable": true
                },
                "currency": {
                  "nullable": true
                },
                "transaction_details": {
                  "type": "array",
                  "items": {
                    "type": "object",
                    "properties": {
                      "trx_key": {
                        "type": "integer"
                      },
                      "transaction_id": {
                        "type": "integer"
                      },
                      "cust_account_id": {
                        "type": "integer"
                      },
                      "party_id": {
                        "type": "integer"
                      },
                      "account_number": {
                        "type": "string"
                      },
                      "account_name": {
                        "type": "string"
                      },
                      "org_nbr": {
                        "type": "string"
                      },
                      "trx_code": {
                        "type": "string"
                      },
                      "trx_type": {
                        "type": "string"
                      },
                      "flag_code": {
                        "type": "string"
                      },
                      "claim_number": {
                        "type": "string"
                      },
                      "invoice_ref_num": {
                        "nullable": true
                      },
                      "invoice_po_number": {
                        "type": "string"
                      },
                      "invoice_number": {
                        "type": "string"
                      },
                      "amount": {
                        "type": "integer"
                      },
                      "due_date": {
                        "type": "string"
                      },
                      "trx_date": {
                        "type": "string"
                      },
                      "aging_cat": {
                        "type": "string"
                      },
                      "status": {
                        "type": "string"
                      },
                      "payment_terms": {
                        "type": "string"
                      },
                      "edi_trans_date": {
                        "type": "string"
                      },
                      "edi_ack_date": {
                        "type": "string"
                      },
                      "edi_remit_date": {
                        "type": "string"
                      },
                      "trx_class": {
                        "type": "string"
                      }
                    }
                  }
                }
              }
            }
          },
          "ret_status": {
            "type": "string"
          }
        }
      },
      "PostArCustMaintenanceDeleteSelectedRecordsRequest": {
        "type": "object",
        "properties": {
          "transactions": {
            "type": "array",
            "items": {
              "type": "object",
              "properties": {
                "transaction": {
                  "type": "object",
                  "properties": {
                    "customerTrxId": {
                      "type": "integer"
                    },
                    "custAccountId": {
                      "type": "integer"
                    },
                    "accountNumber": {
                      "nullable": true
                    },
                    "partyName": {
                      "nullable": true
                    },
                    "partyId": {
                      "nullable": true
                    },
                    "orgNbr": {
                      "nullable": true
                    },
                    "invoiceNumber": {
                      "nullable": true
                    },
                    "flagCode": {
                      "nullable": true
                    },
                    "trxCode": {
                      "nullable": true
                    },
                    "trxType": {
                      "nullable": true
                    },
                    "claimNumber": {
                      "nullable": true
                    },
                    "amount": {
                      "nullable": true
                    },
                    "amountApplied": {
                      "nullable": true
                    },
                    "balance": {
                      "nullable": true
                    },
                    "dueDate": {
                      "nullable": true
                    },
                    "newTrxCode": {
                      "nullable": true
                    },
                    "newClaimNumber": {
                      "nullable": true
                    },
                    "glAccountNumberNew": {
                      "nullable": true
                    },
                    "glAccountNumber": {
                      "nullable": true
                    },
                    "trxDate": {
                      "nullable": true
                    },
                    "invoicePoNumber": {
                      "nullable": true
                    },
                    "agingCat": {
                      "nullable": true
                    },
                    "transactionClass": {
                      "nullable": true
                    },
                    "action": {
                      "nullable": true
                    },
                    "submittedBy": {
                      "nullable": true
                    },
                    "submissionDate": {
                      "nullable": true
                    }
                  }
                }
              }
            }
          }
        }
      },
      "PostArCustMaintenanceDeleteSelectedRecordsResponse": {
        "type": "object",
        "properties": {
          "status": {
            "type": "string"
          }
        }
      },
      "GetArCustMaintenanceGetCustomerbyOrgNum": {
        "type": "object",
        "properties": {
          "items": {
            "type": "array",
            "items": {
              "type": "object",
              "properties": {
                "party_number": {
                  "type": "string"
                },
                "party_name": {
                  "type": "string"
                }
              }
            }
          },
          "hasMore": {
            "type": "boolean"
          },
          "limit": {
            "type": "integer"
          },
          "offset": {
            "type": "integer"
          },
          "count": {
            "type": "integer"
          },
          "links": {
            "type": "array",
            "items": {
              "type": "object",
              "properties": {
                "rel": {
                  "type": "string"
                },
                "href": {
                  "type": "string"
                }
              }
            }
          }
        }
      },
      "GetArCustMaintenanceGetTransactionCodes": {
        "type": "object",
        "properties": {
          "items": {
            "type": "array",
            "items": {
              "type": "object",
              "properties": {
                "transaction_code": {
                  "type": "string"
                },
                "type_desc": {
                  "type": "string"
                },
                "tran_type": {
                  "type": "string"
                },
                "description": {
                  "type": "string"
                },
                "tran_record_type": {
                  "type": "string"
                },
                "batch_user": {
                  "type": "string"
                },
                "creation_date": {
                  "type": "string"
                },
                "created_by": {
                  "type": "string"
                },
                "last_update_date": {
                  "type": "string"
                },
                "last_updated_by": {
                  "type": "string"
                }
              }
            }
          },
          "hasMore": {
            "type": "boolean"
          },
          "limit": {
            "type": "integer"
          },
          "offset": {
            "type": "integer"
          },
          "count": {
            "type": "integer"
          },
          "links": {
            "type": "array",
            "items": {
              "type": "object",
              "properties": {
                "rel": {
                  "type": "string"
                },
                "href": {
                  "type": "string"
                }
              }
            }
          }
        }
      },
      "GetArCustMaintenanceGetCollapseTrxsDetails": {
        "type": "object",
        "properties": {
          "items": {
            "type": "array",
            "items": {
              "type": "object",
              "properties": {
                "account_number": {
                  "type": "string"
                },
                "target_account_number": {
                  "type": "string"
                },
                "org_nbr": {
                  "type": "string"
                },
                "invoice_number": {
                  "type": "string"
                },
                "new_trx_number": {
                  "type": "string"
                },
                "amount": {
                  "type": "string"
                },
                "trx_date": {
                  "type": "string"
                },
                "submitted_by": {
                  "type": "string"
                },
                "submission_date": {
                  "type": "string"
                },
                "orcl_status": {
                  "type": "string"
                },
                "orcl_err_message": {
                  "nullable": true
                },
                "process_id": {
                  "type": "integer"
                }
              }
            }
          },
          "hasMore": {
            "type": "boolean"
          },
          "limit": {
            "type": "integer"
          },
          "offset": {
            "type": "integer"
          },
          "count": {
            "type": "integer"
          },
          "links": {
            "type": "array",
            "items": {
              "type": "object",
              "properties": {
                "rel": {
                  "type": "string"
                },
                "href": {
                  "type": "string"
                }
              }
            }
          }
        }
      },
      "GetArCustMaintenanceGetTransactionType": {
        "type": "object",
        "properties": {
          "items": {
            "type": "array",
            "items": {
              "type": "object",
              "properties": {
                "trxtype": {
                  "type": "string",
                  "nullable": true
                },
                "trxcodes": {
                  "type": "string",
                  "nullable": true
                }
              }
            }
          },
          "hasMore": {
            "type": "boolean"
          },
          "limit": {
            "type": "integer"
          },
          "offset": {
            "type": "integer"
          },
          "count": {
            "type": "integer"
          },
          "links": {
            "type": "array",
            "items": {
              "type": "object",
              "properties": {
                "rel": {
                  "type": "string"
                },
                "href": {
                  "type": "string"
                }
              }
            }
          }
        }
      },
      "GetArCustMaintenanceGetReceivableActivities": {
        "type": "object",
        "properties": {
          "items": {
            "type": "array",
            "items": {
              "type": "object",
              "properties": {
                "receivables_trx_id": {
                  "type": "integer"
                },
                "type": {
                  "type": "string"
                },
                "code_combination_id": {
                  "type": "integer"
                },
                "last_update_date": {
                  "type": "string"
                },
                "name": {
                  "type": "string"
                },
                "seg_name": {
                  "type": "string"
                },
                "seg_desc": {
                  "type": "string"
                }
              }
            }
          },
          "hasMore": {
            "type": "boolean"
          },
          "limit": {
            "type": "integer"
          },
          "offset": {
            "type": "integer"
          },
          "count": {
            "type": "integer"
          },
          "links": {
            "type": "array",
            "items": {
              "type": "object",
              "properties": {
                "rel": {
                  "type": "string"
                },
                "href": {
                  "type": "string"
                }
              }
            }
          }
        }
      },
      "PostArCustMaintenanceCreateWriteOffTrxsRequest": {
        "type": "object",
        "properties": {
          "transactions": {
            "type": "array",
            "items": {
              "type": "object",
              "properties": {
                "process_id": {
                  "type": "string"
                },
                "cust_account_id": {
                  "type": "string"
                },
                "account_number": {
                  "type": "string"
                },
                "party_id": {
                  "type": "string"
                },
                "org_nbr": {
                  "type": "string"
                },
                "amount": {
                  "type": "string"
                },
                "gl_acc_number": {
                  "type": "string"
                },
                "gl_acc_name": {
                  "type": "string"
                },
                "je_reason": {
                  "type": "string"
                },
                "je_batch_name": {
                  "type": "string"
                },
                "je_header_name": {
                  "type": "string"
                },
                "trx_date": {
                  "type": "string"
                },
                "action": {
                  "type": "string"
                },
                "submitted_by": {
                  "type": "string"
                },
                "submission_date": {
                  "type": "string"
                }
              }
            }
          }
        }
      },
      "PostArCustMaintenanceCreateWriteOffTrxsResponse": {
        "type": "object",
        "properties": {
          "status": {
            "type": "string"
          }
        }
      },
      "GetArCustMaintenanceGetAccountBalance": {
        "type": "object",
        "properties": {
          "items": {
            "type": "array",
            "items": {
              "type": "object",
              "properties": {
                "account_balnce": {
                  "type": "number"
                }
              }
            }
          },
          "hasMore": {
            "type": "boolean"
          },
          "limit": {
            "type": "integer"
          },
          "offset": {
            "type": "integer"
          },
          "count": {
            "type": "integer"
          },
          "links": {
            "type": "array",
            "items": {
              "type": "object",
              "properties": {
                "rel": {
                  "type": "string"
                },
                "href": {
                  "type": "string"
                }
              }
            }
          }
        }
      }
    }
  }
}