{
    "items": [
        {
            "cust_account_id": 100000223719194,
            "country": "US",
            "address1": "9999 TST Ln.",
            "city": "Mesa",
            "postal_code": "85210",
            "state": "AZ",
            "province": null,
            "ship_to_number": "987659 - Customer FBDI 1",
            "ship_to_name": null
        }
    ],
    "hasMore": false,
    "limit": 100,
    "offset": 0,
    "count": 1,
    "links": [
        {
            "rel": "self",
            "href": "https://10.2.0.169:8081/ords/hbg_integration/salesCredit/getBillandShipInfo?CUST_ACCOUNT_ID=100000223719194&USECODE=BILL_TO"
        },
        {
            "rel": "describedby",
            "href": "https://10.2.0.169:8081/ords/hbg_integration/metadata-catalog/salesCredit/item"
        },
        {
            "rel": "first",
            "href": "https://10.2.0.169:8081/ords/hbg_integration/salesCredit/getBillandShipInfo?CUST_ACCOUNT_ID=100000223719194&USECODE=BILL_TO"
        }
    ]
}