{
    "openapi": "3.0.0",
    "info": {
        "title": "Dev Ords",
        "version": "1.0.0"
    },
    "servers": [
        {
            "url": "https://egovbbg64prhugbnnfel6wocw4.apigateway.us-ashburn-1.oci.customer-oci.com/dev/ords/hbg_integration",
            "description": "Dev Ords",
            "x-vb": {
                "authentication": {
                    "authenticated": {
                        "type": "oauth2_client_credentials",
                        "clientIdCredentials": "vb_c432c8e7-ab1b-45af-b3ce-9cd4cb1f5058",
                        "authUrl": "https://egovbbg64prhugbnnfel6wocw4.apigateway.us-ashburn-1.oci.customer-oci.com/dev/ords/hbg_integration/oauth/token"
                    }
                },
                "forceProxy": "cors"
            }
        }
    ],
    "paths": {
        "/salesCredit/getAllAccounts": {
            "get": {
                "operationId": "getSalesCreditGetAllAccounts2",
                "responses": {
                    "default": {
                        "description": "Response for default",
                        "content": {
                            "application/json": {
                                "schema": {
                                    "$ref": "#/components/schemas/GetSalesCreditGetAllAccounts"
                                },
                                "examples": {
                                    "vb": {
                                        "summary": "Example stored by VB User",
                                        "externalValue": "./examples/getSalesCreditGetAllAccounts2/response_default_application_json_vb.json"
                                    }
                                }
                            }
                        }
                    }
                },
                "x-vb": {
                    "actionHint": "getMany"
                },
                "parameters": [
                    {
                        "name": "party_id",
                        "in": "query",
                        "schema": {
                            "type": "string"
                        }
                    },
                    {
                        "name": "p_acct_number",
                        "in": "query",
                        "schema": {
                            "type": "string"
                        }
                    }
                ]
            }
        },
        "/salesCredit/getAccountTypeinfo": {
            "get": {
                "operationId": "getSalesCreditGetAccountTypeinfo",
                "parameters": [
                    {
                        "name": "P_VALUE_SET_NAME",
                        "in": "query",
                        "schema": {
                            "type": "string"
                        },
                        "x-vb": {
                            "defaultValue": "HBG_ACCOUNT_TYPE"
                        }
                    }
                ],
                "responses": {
                    "default": {
                        "description": "Response for default",
                        "content": {
                            "application/json": {
                                "schema": {
                                    "$ref": "#/components/schemas/GetSalesCreditGetAccountTypeinfo"
                                },
                                "examples": {
                                    "vb": {
                                        "summary": "Example stored by VB User",
                                        "externalValue": "./examples/getSalesCreditGetAccountTypeinfo/response_default_application_json_vb.json"
                                    }
                                }
                            }
                        }
                    }
                },
                "x-vb": {
                    "actionHint": "getMany"
                }
            }
        },
        "/DistributionTitleRights/getValueSetsInfo": {
            "get": {
                "operationId": "getValueSetInfo",
                "parameters": [
                    {
                        "name": "P_VALUE_SET_NAME",
                        "in": "query",
                        "schema": {
                            "type": "string"
                        }
                    }
                ],
                "responses": {
                    "default": {
                        "description": "Response for default",
                        "content": {
                            "application/json": {
                                "schema": {
                                    "$ref": "#/components/schemas/GetDistributionTitleRightsGetValueSetsInfo"
                                },
                                "examples": {
                                    "vb": {
                                        "summary": "Example stored by VB User",
                                        "externalValue": "./examples/getValueSetInfo/response_default_application_json_vb.json"
                                    }
                                }
                            }
                        }
                    }
                },
                "x-vb": {
                    "actionHint": "getMany"
                }
            }
        },
        "/DistributionTitleRights/getLookupValuesInfo": {
            "get": {
                "operationId": "getlookupValueInfo",
                "parameters": [
                    {
                        "name": "P_LOOKUP_TYPE",
                        "in": "query",
                        "schema": {
                            "type": "string"
                        }
                    },
                    {
                        "name": "P_TAG",
                        "in": "query",
                        "schema": {
                            "type": "string"
                        }
                    }
                ],
                "responses": {
                    "default": {
                        "description": "Response for default",
                        "content": {
                            "application/json": {
                                "schema": {
                                    "$ref": "#/components/schemas/GetDistributionTitleRightsGetLookupValuesInfo"
                                },
                                "examples": {
                                    "vb": {
                                        "summary": "Example stored by VB User",
                                        "externalValue": "./examples/getlookupValueInfo/response_default_application_json_vb.json"
                                    }
                                }
                            }
                        }
                    }
                },
                "x-vb": {
                    "actionHint": "getMany"
                }
            }
        },
        "/salesCredit/getallISBN": {
            "get": {
                "operationId": "GetAllISBNS",
                "responses": {
                    "default": {
                        "description": "Response for default",
                        "content": {
                            "application/json": {
                                "schema": {
                                    "$ref": "#/components/schemas/GetSalesCreditGetallISBN"
                                },
                                "examples": {
                                    "vb": {
                                        "summary": "Example stored by VB User",
                                        "externalValue": "./examples/GetAllISBNS/response_default_application_json_vb.json"
                                    }
                                }
                            }
                        }
                    }
                },
                "x-vb": {
                    "actionHint": "getMany"
                }
            }
        },
        "/salesCredit/getOrgCode": {
            "get": {
                "operationId": "getSalesCreditGetOrgCode",
                "responses": {
                    "default": {
                        "description": "Response for default",
                        "content": {
                            "application/json": {
                                "schema": {
                                    "$ref": "#/components/schemas/GetSalesCreditGetOrgCode"
                                },
                                "examples": {
                                    "vb": {
                                        "summary": "Example stored by VB User",
                                        "externalValue": "./examples/getSalesCreditGetOrgCode/response_default_application_json_vb.json"
                                    }
                                }
                            }
                        }
                    }
                },
                "x-vb": {
                    "actionHint": "getMany"
                },
                "parameters": []
            }
        },
        "/salesCredit/getAllPONums": {
            "get": {
                "operationId": "getPoNumbers",
                "responses": {
                    "default": {
                        "description": "Response for default",
                        "content": {
                            "application/json": {
                                "schema": {
                                    "$ref": "#/components/schemas/GetSalesCreditGetAllPONums"
                                },
                                "examples": {
                                    "vb": {
                                        "summary": "Example stored by VB User",
                                        "externalValue": "./examples/getPoNumbers/response_default_application_json_vb.json"
                                    }
                                }
                            }
                        }
                    }
                },
                "x-vb": {
                    "actionHint": "getMany"
                }
            }
        },
        "/salesCredit/getRefNumList": {
            "get": {
                "operationId": "getRefNumList",
                "responses": {
                    "default": {
                        "description": "Response for default",
                        "content": {
                            "application/json": {
                                "schema": {
                                    "$ref": "#/components/schemas/GetSalesCreditGetRefNumList"
                                },
                                "examples": {
                                    "vb": {
                                        "summary": "Example stored by VB User",
                                        "externalValue": "./examples/getRefNumList/response_default_application_json_vb.json"
                                    }
                                }
                            }
                        }
                    }
                },
                "x-vb": {
                    "actionHint": "getMany"
                }
            }
        },
        "/salesCredit/getOrderStatus": {
            "get": {
                "operationId": "OrderStatusLOV",
                "responses": {
                    "default": {
                        "description": "Response for default",
                        "content": {
                            "application/json": {
                                "schema": {
                                    "$ref": "#/components/schemas/GetSalesCreditGetOrderStatus"
                                },
                                "examples": {
                                    "vb": {
                                        "summary": "Example stored by VB User",
                                        "externalValue": "./examples/OrderStatusLOV/response_default_application_json_vb.json"
                                    }
                                }
                            }
                        }
                    }
                },
                "x-vb": {
                    "actionHint": "getMany"
                }
            }
        },
        "/salesCredit/getStoreNumber": {
            "get": {
                "operationId": "StoreNumberLov",
                "parameters": [
                    {
                        "name": "p_party_site_name",
                        "in": "query",
                        "schema": {
                            "type": "string"
                        }
                    }
                ],
                "responses": {
                    "default": {
                        "description": "Response for default",
                        "content": {
                            "application/json": {
                                "schema": {
                                    "$ref": "#/components/schemas/GetSalesCreditGetStoreNumber"
                                },
                                "examples": {
                                    "vb": {
                                        "summary": "Example stored by VB User",
                                        "externalValue": "./examples/StoreNumberLov/response_default_application_json_vb.json"
                                    }
                                }
                            }
                        }
                    }
                },
                "x-vb": {
                    "actionHint": "getMany"
                }
            }
        },
        "/salesCredit/CriteriaFetchAction": {
        },
        "/SoMasterUpdate/FetchCriteriaAction": {
            "post": {
                "operationId": "FetchCriterioSearchAction",
                "parameters": [
                    {
                        "name": "p_organization_id",
                        "in": "query",
                        "schema": {
                            "type": "string"
                        }
                    },
                    {
                        "name": "p_invetory_item_id",
                        "in": "query",
                        "schema": {
                            "type": "string"
                        }
                    },
                    {
                        "name": "p_cust_account_id",
                        "in": "query",
                        "schema": {
                            "type": "string"
                        },
                        "x-vb": {
                            "defaultValue": ""
                        }
                    },
                    {
                        "name": "p_ex_cust_account_id",
                        "in": "query",
                        "schema": {
                            "type": "string"
                        }
                    },
                    {
                        "name": "p_line_status",
                        "in": "query",
                        "schema": {
                            "type": "string"
                        }
                    },
                    {
                        "name": "p_order_status",
                        "in": "query",
                        "schema": {
                            "type": "string"
                        },
                        "x-vb": {
                            "defaultValue": ""
                        }
                    },
                    {
                        "name": "p_from_ordered_qty",
                        "in": "query",
                        "schema": {
                            "type": "string"
                        }
                    },
                    {
                        "name": "p_to_ordered_qty",
                        "in": "query",
                        "schema": {
                            "type": "string"
                        }
                    },
                    {
                        "name": "p_po_number",
                        "in": "query",
                        "schema": {
                            "type": "string"
                        }
                    },
                    {
                        "name": "p_hdr_reason_code",
                        "in": "query",
                        "schema": {
                            "type": "string"
                        }
                    },
                    {
                        "name": "p_release_reason_code",
                        "in": "query",
                        "schema": {
                            "type": "string"
                        }
                    },
                    {
                        "name": "p_received_from_date",
                        "in": "query",
                        "schema": {
                            "type": "string"
                        }
                    },
{
                        "name": "p_received_to_date",
                        "in": "query",
                        "schema": {
                            "type": "string"
                        }
                    },
{
                        "name": "p_header_id",
                        "in": "query",
                        "schema": {
                            "type": "string"
                        }
                    },
                    {
                        "name": "p_order_number",
                        "in": "query",
                        "schema": {
                            "type": "string"
                        }
                    }                    ,
{
                        "name": "p_item_number",
                        "in": "query",
                        "schema": {
                            "type": "string"
                        }
                    },
                    {
                        "name": "p_owner_id",
                        "in": "query",
                        "schema": {
                            "type": "string"
                        }
                    }                    ,
                    {
                        "name": "p_rpg_grp",
                        "in": "query",
                        "schema": {
                            "type": "string"
                        }
                    }                    ,
                    {
                        "name": "p_cat1",
                        "in": "query",
                        "schema": {
                            "type": "string"
                        }
                    }                    ,
                    {
                        "name": "p_cat2",
                        "in": "query",
                        "schema": {
                            "type": "string"
                        }
                    }                    ,
                    {
                        "name": "p_party_site_id",
                        "in": "query",
                        "schema": {
                            "type": "string"
                        }
                    }                    ,
                    {
                        "name": "p_from_ord_net_value",
                        "in": "query",
                        "schema": {
                            "type": "string"
                        }
                    }                    ,
                    {
                        "name": "p_offer_code",
                        "in": "query",
                        "schema": {
                            "type": "string"
                        }
                    }                    ,
{
                        "name": "p_to_ord_net_value",
                        "in": "query",
                        "schema": {
                            "type": "string"
                        }
                    },
{
                        "name": "p_apply_reason_code",
                        "in": "query",
                        "schema": {
                            "type": "string"
                        }
                    },
                    {
                        "name": "p_org_name",
                        "in": "query",
                        "schema": {
                            "type": "string"
                        }
                    }
                ],
                "responses": {
                    "default": {
                        "description": "Response for default",
                        "content": {
                            "application/json": {
                                "schema": {
                                    "$ref": "#/components/schemas/PostSoMasterUpdateFetchCriteriaActionResponse"
                                },
                                "examples": {
                                    "vb": {
                                        "summary": "Example stored by VB User",
                                        "externalValue": "./examples/FetchCriterioSearchAction/response_default_application_json_vb.json"
                                    }
                                }
                            }
                        }
                    }
                },
                "x-vb": {
                    "actionHint": "create"
                }
            }
        },
        "/SoMasterUpdate/getNewSOs": {
            "get": {
                "operationId": "getSoMasterUpdateGetNewSOs",
                "parameters": [
                    {
                        "name": "p_batch_id",
                        "in": "query",
                        "schema": {
                            "type": "string"
                        }
                    }
                ],
                "responses": {
                    "default": {
                        "description": "Response for default",
                        "content": {
                            "application/json": {
                                "schema": {
                                    "$ref": "#/components/schemas/GetSoMasterUpdateGetNewSOs"
                                },
                                "examples": {
                                    "vb": {
                                        "summary": "Example stored by VB User",
                                        "externalValue": "./examples/getSoMasterUpdateGetNewSOs/response_default_application_json_vb.json"
                                    }
                                }
                            }
                        }
                    }
                },
                "x-vb": {
                    "actionHint": "getMany"
                }
            }
        },
        "/SoMasterUpdate/getHoldCodes": {
            "get": {
                "operationId": "getSoMasterUpdateGetHoldCodes",
                "responses": {
                    "default": {
                        "description": "Response for default",
                        "content": {
                            "application/json": {
                                "schema": {
                                    "$ref": "#/components/schemas/GetSoMasterUpdateGetHoldCodes"
                                },
                                "examples": {
                                    "vb": {
                                        "summary": "Example stored by VB User",
                                        "externalValue": "./examples/getSoMasterUpdateGetHoldCodes/response_default_application_json_vb.json"
                                    }
                                }
                            }
                        }
                    }
                },
                "x-vb": {
                    "actionHint": "getMany"
                }
            }
        },
        "/SoMasterUpdate/getReleasecodes": {
            "get": {
                "operationId": "getSoMasterUpdateGetReleasecodes",
                "responses": {
                    "default": {
                        "description": "Response for default",
                        "content": {
                            "application/json": {
                                "schema": {
                                    "$ref": "#/components/schemas/GetSoMasterUpdateGetReleasecodes"
                                },
                                "examples": {
                                    "vb": {
                                        "summary": "Example stored by VB User",
                                        "externalValue": "./examples/getSoMasterUpdateGetReleasecodes/response_default_application_json_vb.json"
                                    }
                                }
                            }
                        }
                    }
                },
                "x-vb": {
                    "actionHint": "getMany"
                }
            }
        },
        "/SoMasterUpdate/getfreightCode": {
            "get": {
                "operationId": "getFrieghtCode",
                "responses": {
                    "default": {
                        "description": "Response for default",
                        "content": {
                            "application/json": {
                                "schema": {
                                    "$ref": "#/components/schemas/GetSoMasterUpdateGetfreightCode"
                                },
                                "examples": {
                                    "vb": {
                                        "summary": "Example stored by VB User",
                                        "externalValue": "./examples/getFrieghtCode/response_default_application_json_vb.json"
                                    }
                                }
                            }
                        }
                    }
                },
                "x-vb": {
                    "actionHint": "getMany"
                }
            }
        },
        "/SoMasterUpdate/getOrganizations": {
            "get": {
                "operationId": "getOrganizations",
                "responses": {
                    "default": {
                        "description": "Response for default",
                        "content": {
                            "application/json": {
                                "schema": {
                                    "$ref": "#/components/schemas/GetSoMasterUpdateGetOrganizations"
                                },
                                "examples": {
                                    "vb": {
                                        "summary": "Example stored by VB User",
                                        "externalValue": "./examples/getOrganizations/response_default_application_json_vb.json"
                                    }
                                }
                            }
                        }
                    }
                },
                "x-vb": {
                    "actionHint": "getMany"
                },
                "parameters": [
                    {
                        "name": "part_number",
                        "in": "query",
                        "schema": {
                            "type": "string"
                        }
                    }
                ]
            }
        },
        "/SoMasterUpdate/getApplyCode": {
            "get": {
                "operationId": "getSoMasterUpdateGetApplyCode",
                "responses": {
                    "default": {
                        "description": "Response for default",
                        "content": {
                            "application/json": {
                                "schema": {
                                    "$ref": "#/components/schemas/GetSoMasterUpdateGetApplyCode"
                                },
                                "examples": {
                                    "vb": {
                                        "summary": "Example stored by VB User",
                                        "externalValue": "./examples/getSoMasterUpdateGetApplyCode/response_default_application_json_vb.json"
                                    }
                                }
                            }
                        }
                    }
                },
                "x-vb": {
                    "actionHint": "getMany"
                }
            }
        },
        "/SoMasterUpdate/getStgReleaseCodes": {
            "get": {
                "operationId": "getStageReleaseCodes",
                "responses": {
                    "default": {
                        "description": "Response for default",
                        "content": {
                            "application/json": {
                                "schema": {
                                    "$ref": "#/components/schemas/GetSoMasterUpdateGetStgReleaseCodes"
                                },
                                "examples": {
                                    "vb": {
                                        "summary": "Example stored by VB User",
                                        "externalValue": "./examples/getStageReleaseCodes/response_default_application_json_vb.json"
                                    }
                                }
                            }
                        }
                    }
                },
                "x-vb": {
                    "actionHint": "getMany"
                }
            }
        },
        "/SoMasterUpdate/getLineStatus": {
            "get": {
                "operationId": "getLineStatusLOV",
                "responses": {
                    "default": {
                        "description": "Response for default",
                        "content": {
                            "application/json": {
                                "schema": {
                                    "$ref": "#/components/schemas/GetSoMasterUpdateGetLineStatus"
                                },
                                "examples": {
                                    "vb": {
                                        "summary": "Example stored by VB User",
                                        "externalValue": "./examples/getLineStatusLOV/response_default_application_json_vb.json"
                                    }
                                }
                            }
                        }
                    }
                },
                "x-vb": {
                    "actionHint": "getMany"
                }
            }
        },
        "/SoMasterUpdate/getStageLinesStatus": {
            "get": {
                "operationId": "getSoMasterUpdateGetStageLinesStatus",
                "responses": {
                    "default": {
                        "description": "Response for default",
                        "content": {
                            "application/json": {
                                "schema": {
                                    "$ref": "#/components/schemas/GetSoMasterUpdateGetStageLinesStatus"
                                },
                                "examples": {
                                    "vb": {
                                        "summary": "Example stored by VB User",
                                        "externalValue": "./examples/getSoMasterUpdateGetStageLinesStatus/response_default_application_json_vb.json"
                                    }
                                }
                            }
                        }
                    }
                },
                "x-vb": {
                    "actionHint": "getMany"
                }
            }
        },
        "/Common/getOwners": {
            "get": {
                "operationId": "getOwners",
                "parameters": [
                    {
                        "name": "owner_code",
                        "in": "query",
                        "schema": {
                            "type": "string"
                        }
                    }
                ],
                "responses": {
                    "default": {
                        "description": "Response for default",
                        "content": {
                            "application/json": {
                                "schema": {
                                    "$ref": "#/components/schemas/GetCommonGetOwners"
                                },
                                "examples": {
                                    "vb": {
                                        "summary": "Example stored by VB User",
                                        "externalValue": "./examples/getOwners/response_default_application_json_vb.json"
                                    }
                                }
                            }
                        }
                    }
                },
                "x-vb": {
                    "actionHint": "getMany"
                }
            }
        },
        "/Common/getReportingGroup": {
            "get": {
                "operationId": "getReportingGroup",
                "parameters": [
                    {
                        "name": "P_REPORTING_CODE",
                        "in": "query",
                        "schema": {
                            "type": "string"
                        }
                    },
                    {
                        "name": "P_OWNER_ID",
                        "in": "query",
                        "schema": {
                            "type": "string"
                        }
                    }
                ],
                "responses": {
                    "default": {
                        "description": "Response for default",
                        "content": {
                            "application/json": {
                                "schema": {
                                    "$ref": "#/components/schemas/GetCommonGetReportingGroup"
                                },
                                "examples": {
                                    "vb": {
                                        "summary": "Example stored by VB User",
                                        "externalValue": "./examples/getReportingGroup/response_default_application_json_vb.json"
                                    }
                                }
                            }
                        }
                    }
                },
                "x-vb": {
                    "actionHint": "getMany"
                }
            }
        },
        "/Common/getCategory1": {
            "get": {
                "operationId": "getCategory1",
                "parameters": [
                    {
                        "name": "P_REPORTING_GROUP_ID",
                        "in": "query",
                        "schema": {
                            "type": "string"
                        }
                    },
                    {
                        "name": "P_CATEGORY_CODE",
                        "in": "query",
                        "schema": {
                            "type": "string"
                        }
                    }
                ],
                "responses": {
                    "default": {
                        "description": "Response for default",
                        "content": {
                            "application/json": {
                                "schema": {
                                    "$ref": "#/components/schemas/GetCommonGetCategory1"
                                },
                                "examples": {
                                    "vb": {
                                        "summary": "Example stored by VB User",
                                        "externalValue": "./examples/getCategory1/response_default_application_json_vb.json"
                                    }
                                }
                            }
                        }
                    }
                },
                "x-vb": {
                    "actionHint": "getMany"
                }
            }
        },
        "/Common/getCategory2": {
            "get": {
                "operationId": "getcategory2",
                "parameters": [
                    {
                        "name": "P_CATEGORY1_ID",
                        "in": "query",
                        "schema": {
                            "type": "string"
                        }
                    },
                    {
                        "name": "P_CATEGORY_CODE",
                        "in": "query",
                        "schema": {
                            "type": "string"
                        }
                    }
                ],
                "responses": {
                    "default": {
                        "description": "Response for default",
                        "content": {
                            "application/json": {
                                "schema": {
                                    "$ref": "#/components/schemas/GetCommonGetCategory2"
                                },
                                "examples": {
                                    "vb": {
                                        "summary": "Example stored by VB User",
                                        "externalValue": "./examples/getcategory2/response_default_application_json_vb.json"
                                    }
                                }
                            }
                        }
                    }
                },
                "x-vb": {
                    "actionHint": "getMany"
                }
            }
        },
        "/salesCredit/getOrganizationNameBynumber": {
            "get": {
                "operationId": "getOrganizationNameId",
                "parameters": [
                    {
                        "name": "part_number",
                        "in": "query",
                        "schema": {
                            "type": "string"
                        }
                    }
                ],
                "responses": {
                    "default": {
                        "description": "Response for default",
                        "content": {
                            "application/json": {
                                "schema": {
                                    "$ref": "#/components/schemas/GetSalesCreditGetOrganizationNameBynumber"
                                },
                                "examples": {
                                    "vb": {
                                        "summary": "Example stored by VB User",
                                        "externalValue": "./examples/getOrganizationNameId/response_default_application_json_vb.json"
                                    }
                                }
                            }
                        }
                    }
                },
                "x-vb": {
                    "actionHint": "getMany"
                }
            }
        }
    },
    "components": {
        "schemas": {
            "GetSalesCreditGetAllAccounts": {
                "type": "object",
                "properties": {
                    "items": {
                        "type": "array",
                        "items": {
                            "type": "object",
                            "properties": {
                                "cust_account_id": {
                                    "type": "integer"
                                },
                                "account_number": {
                                    "type": "string"
                                },
                                "account_name": {
                                    "type": "string",
                                    "nullable": true
                                }
                            }
                        }
                    },
                    "hasMore": {
                        "type": "boolean"
                    },
                    "limit": {
                        "type": "integer"
                    },
                    "offset": {
                        "type": "integer"
                    },
                    "count": {
                        "type": "integer"
                    },
                    "links": {
                        "type": "array",
                        "items": {
                            "type": "object",
                            "properties": {
                                "rel": {
                                    "type": "string"
                                },
                                "href": {
                                    "type": "string"
                                }
                            }
                        }
                    }
                }
            },
            "GetSalesCreditGetAccountTypeinfo": {
                "type": "object",
                "properties": {
                    "items": {
                        "type": "array",
                        "items": {
                            "type": "object",
                            "properties": {
                                "value_set_name": {
                                    "type": "string"
                                },
                                "flex_value": {
                                    "type": "string"
                                },
                                "description": {
                                    "type": "string"
                                },
                                "enabled_flag": {
                                    "type": "string"
                                },
                                "start_date_active": {
                                    "nullable": true
                                },
                                "end_date_active": {
                                    "nullable": true
                                },
                                "created_by": {
                                    "type": "string"
                                },
                                "creation_date": {
                                    "type": "string"
                                },
                                "last_updated_by": {
                                    "type": "string"
                                },
                                "last_update_date": {
                                    "type": "string"
                                }
                            }
                        }
                    },
                    "hasMore": {
                        "type": "boolean"
                    },
                    "limit": {
                        "type": "integer"
                    },
                    "offset": {
                        "type": "integer"
                    },
                    "count": {
                        "type": "integer"
                    },
                    "links": {
                        "type": "array",
                        "items": {
                            "type": "object",
                            "properties": {
                                "rel": {
                                    "type": "string"
                                },
                                "href": {
                                    "type": "string"
                                }
                            }
                        }
                    }
                }
            },
            "GetDistributionTitleRightsGetValueSetsInfo": {
                "type": "object",
                "properties": {
                    "items": {
                        "type": "array",
                        "items": {
                            "type": "object",
                            "properties": {
                                "value_set_name": {
                                    "type": "string"
                                },
                                "flex_value": {
                                    "type": "string"
                                },
                                "description": {
                                    "type": "string"
                                },
                                "enabled_flag": {
                                    "type": "string"
                                },
                                "start_date_active": {
                                    "nullable": true
                                },
                                "end_date_active": {
                                    "nullable": true
                                },
                                "created_by": {
                                    "type": "string"
                                },
                                "creation_date": {
                                    "type": "string"
                                },
                                "last_updated_by": {
                                    "type": "string"
                                },
                                "last_update_date": {
                                    "type": "string"
                                }
                            }
                        }
                    },
                    "hasMore": {
                        "type": "boolean"
                    },
                    "limit": {
                        "type": "integer"
                    },
                    "offset": {
                        "type": "integer"
                    },
                    "count": {
                        "type": "integer"
                    },
                    "links": {
                        "type": "array",
                        "items": {
                            "type": "object",
                            "properties": {
                                "rel": {
                                    "type": "string"
                                },
                                "href": {
                                    "type": "string"
                                }
                            }
                        }
                    }
                }
            },
            "GetDistributionTitleRightsGetLookupValuesInfo": {
                "type": "object",
                "properties": {
                    "items": {
                        "type": "array",
                        "items": {
                            "type": "object",
                            "properties": {
                                "lookup_type": {
                                    "type": "string"
                                },
                                "lookup_code": {
                                    "type": "string"
                                },
                                "meaning": {
                                    "type": "string"
                                },
                                "description": {
                                    "type": "string"
                                },
                                "enabled_flag": {
                                    "type": "string"
                                },
                                "display_sequence": {
                                    "type": "integer"
                                },
                                "created_by": {
                                    "type": "string"
                                },
                                "creation_date": {
                                    "type": "string"
                                },
                                "last_updated_by": {
                                    "type": "string"
                                },
                                "last_update_date": {
                                    "type": "string"
                                },
                                "tag": {
                                    "type": "string"
                                }
                            }
                        }
                    },
                    "hasMore": {
                        "type": "boolean"
                    },
                    "limit": {
                        "type": "integer"
                    },
                    "offset": {
                        "type": "integer"
                    },
                    "count": {
                        "type": "integer"
                    },
                    "links": {
                        "type": "array",
                        "items": {
                            "type": "object",
                            "properties": {
                                "rel": {
                                    "type": "string"
                                },
                                "href": {
                                    "type": "string"
                                }
                            }
                        }
                    }
                }
            },
            "GetSalesCreditGetallISBN": {
                "type": "object",
                "properties": {
                    "items": {
                        "type": "array",
                        "items": {
                            "type": "object",
                            "properties": {
                                "item_number": {
                                    "type": "string"
                                }
                            }
                        }
                    },
                    "hasMore": {
                        "type": "boolean"
                    },
                    "limit": {
                        "type": "integer"
                    },
                    "offset": {
                        "type": "integer"
                    },
                    "count": {
                        "type": "integer"
                    },
                    "links": {
                        "type": "array",
                        "items": {
                            "type": "object",
                            "properties": {
                                "rel": {
                                    "type": "string"
                                },
                                "href": {
                                    "type": "string"
                                }
                            }
                        }
                    }
                }
            },
            "GetSalesCreditGetOrgCode": {
                "type": "object",
                "properties": {
                    "items": {
                        "type": "array",
                        "items": {
                            "type": "object",
                            "properties": {
                                "organization_id": {
                                    "type": "integer"
                                },
                                "organization_code": {
                                    "type": "string"
                                }

                            }
                        }
                    },
                    "hasMore": {
                        "type": "boolean"
                    },
                    "limit": {
                        "type": "integer"
                    },
                    "offset": {
                        "type": "integer"
                    },
                    "count": {
                        "type": "integer"
                    },
                    "links": {
                        "type": "array",
                        "items": {
                            "type": "object",
                            "properties": {
                                "rel": {
                                    "type": "string"
                                },
                                "href": {
                                    "type": "string"
                                }
                            }
                        }
                    }
                }
            },
            "GetSalesCreditGetAllPONums": {
                "type": "object",
                "properties": {
                    "items": {
                        "type": "array",
                        "items": {
                            "type": "object",
                            "properties": {
                                "customer_po_number": {
                                    "type": "string",
                                    "nullable": true
                                }
                            }
                        }
                    },
                    "hasMore": {
                        "type": "boolean"
                    },
                    "limit": {
                        "type": "integer"
                    },
                    "offset": {
                        "type": "integer"
                    },
                    "count": {
                        "type": "integer"
                    },
                    "links": {
                        "type": "array",
                        "items": {
                            "type": "object",
                            "properties": {
                                "rel": {
                                    "type": "string"
                                },
                                "href": {
                                    "type": "string"
                                }
                            }
                        }
                    }
                }
            },
            "GetSalesCreditGetRefNumList": {
                "type": "object",
                "properties": {
                    "items": {
                        "type": "array",
                        "items": {
                            "type": "object",
                            "properties": {
                                "order_number": {
                                    "type": "string"
                                },
                                "header_id": {
                                    "type": "integer"
                                }
                            }
                        }
                    },
                    "hasMore": {
                        "type": "boolean"
                    },
                    "limit": {
                        "type": "integer"
                    },
                    "offset": {
                        "type": "integer"
                    },
                    "count": {
                        "type": "integer"
                    },
                    "links": {
                        "type": "array",
                        "items": {
                            "type": "object",
                            "properties": {
                                "rel": {
                                    "type": "string"
                                },
                                "href": {
                                    "type": "string"
                                }
                            }
                        }
                    }
                }
            },
            "GetSalesCreditGetOrderStatus": {
                "type": "object",
                "properties": {
                    "items": {
                        "type": "array",
                        "items": {
                            "type": "object",
                            "properties": {
                                "value": {
                                    "type": "string"
                                },
                                "name": {
                                    "type": "string"
                                }
                            }
                        }
                    },
                    "hasMore": {
                        "type": "boolean"
                    },
                    "limit": {
                        "type": "integer"
                    },
                    "offset": {
                        "type": "integer"
                    },
                    "count": {
                        "type": "integer"
                    },
                    "links": {
                        "type": "array",
                        "items": {
                            "type": "object",
                            "properties": {
                                "rel": {
                                    "type": "string"
                                },
                                "href": {
                                    "type": "string"
                                }
                            }
                        }
                    }
                }
            },
            "GetSalesCreditGetStoreNumber": {
                "type": "object",
                "properties": {
                    "items": {
                        "type": "array",
                        "items": {
                            "type": "object",
                            "properties": {
                                "party_site_name": {
                                    "type": "string"
                                },
                                "party_site_id": {
                                    "type": "integer"
                                }
                            }
                        }
                    },
                    "hasMore": {
                        "type": "boolean"
                    },
                    "limit": {
                        "type": "integer"
                    },
                    "offset": {
                        "type": "integer"
                    },
                    "count": {
                        "type": "integer"
                    },
                    "links": {
                        "type": "array",
                        "items": {
                            "type": "object",
                            "properties": {
                                "rel": {
                                    "type": "string"
                                },
                                "href": {
                                    "type": "string"
                                }
                            }
                        }
                    }
                }
            },
            "GetSalesCreditCriteriaFetchAction": {
                "type": "object",
                "properties": {
                    "items": {
                        "type": "array",
                        "items": {
                            "type": "object",
                            "properties": {
                                "inventory_organization_id": {
                                    "type": "integer"
                                },
                                "inventory_item_id": {
                                    "type": "integer"
                                },
                                "account_number": {
                                    "type": "string"
                                },
                                "header_order_status": {
                                    "type": "string"
                                },
                                "request_cancel_date": {
                                    "nullable": true
                                },
                                "freight_terms_code": {
                                    "nullable": true
                                },
                                "actual_ship_date": {
                                    "nullable": true
                                },
                                "request_arrival_date": {
                                    "nullable": true
                                },
                                "ordered_qty": {
                                    "type": "integer"
                                },
                                "item_number": {
                                    "type": "string"
                                },
                                "customer_po_number": {
                                    "type": "string"
                                },
                                "header_reson_code": {
                                    "type": "string"
                                },
                                "line_reson_code": {
                                    "type": "string"
                                },
                                "line_status_code": {
                                    "type": "string"
                                }
                            }
                        }
                    },
                    "hasMore": {
                        "type": "boolean"
                    },
                    "limit": {
                        "type": "integer"
                    },
                    "offset": {
                        "type": "integer"
                    },
                    "count": {
                        "type": "integer"
                    },
                    "links": {
                        "type": "array",
                        "items": {
                            "type": "object",
                            "properties": {
                                "rel": {
                                    "type": "string"
                                },
                                "href": {
                                    "type": "string"
                                }
                            }
                        }
                    }
                }
            },
            "PostSoMasterUpdateFetchCriteriaActionResponse": {
                "type": "object",
                "properties": {
                    "x_staus_code": {
                        "type": "string"
                    }
                }
            },
            "GetSoMasterUpdateGetNewSOs": {
                "type": "object",
                "properties": {
                    "items": {
                        "type": "array",
                        "items": {
                            "type": "object",
                            "properties": {
                                "order number": {
                                    "type": "string"
                                },
                                "ordered date": {
                                    "type": "string"
                                },
                                "line number": {
                                    "type": "string"
                                },
                                "customer name": {
                                    "type": "string"
                                },
                                "customer account number": {
                                    "type": "string"
                                },
                                "item number": {
                                    "type": "string"
                                },
                                "inventory org": {
                                    "type": "string"
                                },
                                "freight terms code": {
                                    "type": "string"
                                },
                                "ordered quantity": {
                                    "type": "string"
                                },
                                "line status": {
                                    "type": "string"
                                },
                                "ordered net quantity": {
                                    "type": "string"
                                },
                                "customer po number": {
                                    "type": "string"
                                },
                                "hold reson code": {
                                    "type": "string"
                                },
                                "owner code": {
                                    "type": "string"
                                },
                                "reporting group": {
                                    "type": "string"
                                },
                                "category1": {
                                    "type": "string"
                                },
                                "category2": {
                                    "type": "string"
                                },
                                "offer code": {
                                    "type": "string"
                                }
                            }
                        }
                    },
                    "hasMore": {
                        "type": "boolean"
                    },
                    "limit": {
                        "type": "integer"
                    },
                    "offset": {
                        "type": "integer"
                    },
                    "count": {
                        "type": "integer"
                    },
                    "links": {
                        "type": "array",
                        "items": {
                            "type": "object",
                            "properties": {
                                "rel": {
                                    "type": "string"
                                },
                                "href": {
                                    "type": "string"
                                }
                            }
                        }
                    }
                }
            },
            "GetSoMasterUpdateGetHoldCodes": {
                "type": "object",
                "properties": {
                    "items": {
                        "type": "array",
                        "items": {
                            "type": "object",
                            "properties": {
                                "hold_code": {
                                    "type": "string"
                                },
                                "hold_name": {
                                    "type": "string"
                                }
                            }
                        }
                    },
                    "hasMore": {
                        "type": "boolean"
                    },
                    "limit": {
                        "type": "integer"
                    },
                    "offset": {
                        "type": "integer"
                    },
                    "count": {
                        "type": "integer"
                    },
                    "links": {
                        "type": "array",
                        "items": {
                            "type": "object",
                            "properties": {
                                "rel": {
                                    "type": "string"
                                },
                                "href": {
                                    "type": "string"
                                }
                            }
                        }
                    }
                }
            },
            "GetSoMasterUpdateGetReleasecodes": {
                "type": "object",
                "properties": {
                    "items": {
                        "type": "array",
                        "items": {
                            "type": "object",
                            "properties": {
                                "lookup_code": {
                                    "type": "string"
                                },
                                "meaning": {
                                    "type": "string"
                                }
                            }
                        }
                    },
                    "hasMore": {
                        "type": "boolean"
                    },
                    "limit": {
                        "type": "integer"
                    },
                    "offset": {
                        "type": "integer"
                    },
                    "count": {
                        "type": "integer"
                    },
                    "links": {
                        "type": "array",
                        "items": {
                            "type": "object",
                            "properties": {
                                "rel": {
                                    "type": "string"
                                },
                                "href": {
                                    "type": "string"
                                }
                            }
                        }
                    }
                }
            },
            "GetSoMasterUpdateGetfreightCode": {
                "type": "object",
                "properties": {
                    "items": {
                        "type": "array",
                        "items": {
                            "type": "object",
                            "properties": {
                                "freight_terms_code": {
                                    "nullable": true
                                }
                            }
                        }
                    },
                    "hasMore": {
                        "type": "boolean"
                    },
                    "limit": {
                        "type": "integer"
                    },
                    "offset": {
                        "type": "integer"
                    },
                    "count": {
                        "type": "integer"
                    },
                    "links": {
                        "type": "array",
                        "items": {
                            "type": "object",
                            "properties": {
                                "rel": {
                                    "type": "string"
                                },
                                "href": {
                                    "type": "string"
                                }
                            }
                        }
                    }
                }
            },
            "GetSoMasterUpdateGetOrganizations": {
                "type": "object",
                "properties": {
                    "items": {
                        "type": "array",
                        "items": {
                            "type": "object",
                            "properties": {
                                "party_id": {
                                    "type": "integer"
                                },
                                "party_name": {
                                    "type": "string"
                                },
                                "party_number": {
                                    "type": "string"
                                }
                            }
                        }
                    },
                    "hasMore": {
                        "type": "boolean"
                    },
                    "limit": {
                        "type": "integer"
                    },
                    "offset": {
                        "type": "integer"
                    },
                    "count": {
                        "type": "integer"
                    },
                    "links": {
                        "type": "array",
                        "items": {
                            "type": "object",
                            "properties": {
                                "rel": {
                                    "type": "string"
                                },
                                "href": {
                                    "type": "string"
                                }
                            }
                        }
                    }
                }
            },
            "GetSoMasterUpdateGetApplyCode": {
                "type": "object",
                "properties": {
                    "items": {
                        "type": "array",
                        "items": {
                            "type": "object",
                            "properties": {
                                "apply_reson_code": {
                                    "nullable": true
                                }
                            }
                        }
                    },
                    "hasMore": {
                        "type": "boolean"
                    },
                    "limit": {
                        "type": "integer"
                    },
                    "offset": {
                        "type": "integer"
                    },
                    "count": {
                        "type": "integer"
                    },
                    "links": {
                        "type": "array",
                        "items": {
                            "type": "object",
                            "properties": {
                                "rel": {
                                    "type": "string"
                                },
                                "href": {
                                    "type": "string"
                                }
                            }
                        }
                    }
                }
            },
            "GetSoMasterUpdateGetStgReleaseCodes": {
                "type": "object",
                "properties": {
                    "items": {
                        "type": "array",
                        "items": {
                            "type": "object",
                            "properties": {
                                "release_reson_code": {
                                    "nullable": true
                                }
                            }
                        }
                    },
                    "hasMore": {
                        "type": "boolean"
                    },
                    "limit": {
                        "type": "integer"
                    },
                    "offset": {
                        "type": "integer"
                    },
                    "count": {
                        "type": "integer"
                    },
                    "links": {
                        "type": "array",
                        "items": {
                            "type": "object",
                            "properties": {
                                "rel": {
                                    "type": "string"
                                },
                                "href": {
                                    "type": "string"
                                }
                            }
                        }
                    }
                }
            },
            "GetSoMasterUpdateGetLineStatus": {
                "type": "object",
                "properties": {
                    "items": {
                        "type": "array",
                        "items": {
                            "type": "object",
                            "properties": {
                                "line_status": {
                                    "type": "string"
                                }
                            }
                        }
                    },
                    "hasMore": {
                        "type": "boolean"
                    },
                    "limit": {
                        "type": "integer"
                    },
                    "offset": {
                        "type": "integer"
                    },
                    "count": {
                        "type": "integer"
                    },
                    "links": {
                        "type": "array",
                        "items": {
                            "type": "object",
                            "properties": {
                                "rel": {
                                    "type": "string"
                                },
                                "href": {
                                    "type": "string"
                                }
                            }
                        }
                    }
                }
            },
            "GetSoMasterUpdateGetStageLinesStatus": {
                "type": "object",
                "properties": {
                    "items": {
                        "type": "array",
                        "items": {
                            "type": "object",
                            "properties": {
                                "line_status_code": {
                                    "type": "string"
                                }
                            }
                        }
                    },
                    "hasMore": {
                        "type": "boolean"
                    },
                    "limit": {
                        "type": "integer"
                    },
                    "offset": {
                        "type": "integer"
                    },
                    "count": {
                        "type": "integer"
                    },
                    "links": {
                        "type": "array",
                        "items": {
                            "type": "object",
                            "properties": {
                                "rel": {
                                    "type": "string"
                                },
                                "href": {
                                    "type": "string"
                                }
                            }
                        }
                    }
                }
            },
            "GetCommonGetOwners": {
                "type": "object",
                "properties": {
                    "items": {
                        "type": "array",
                        "items": {
                            "type": "object",
                            "properties": {
                                "owner_id": {
                                    "type": "integer"
                                },
                                "flex_value": {
                                    "type": "string"
                                },
                                "owner_code": {
                                    "type": "string"
                                }
                            }
                        }
                    },
                    "hasMore": {
                        "type": "boolean"
                    },
                    "limit": {
                        "type": "integer"
                    },
                    "offset": {
                        "type": "integer"
                    },
                    "count": {
                        "type": "integer"
                    },
                    "links": {
                        "type": "array",
                        "items": {
                            "type": "object",
                            "properties": {
                                "rel": {
                                    "type": "string"
                                },
                                "href": {
                                    "type": "string"
                                }
                            }
                        }
                    }
                }
            },
            "GetCommonGetReportingGroup": {
                "type": "object",
                "properties": {
                    "items": {
                        "type": "array",
                        "items": {
                            "type": "object",
                            "properties": {
                                "reporting_group_id": {
                                    "type": "integer"
                                },
                                "flex_value": {
                                    "type": "string"
                                },
                                "reporting_grp_code": {
                                    "type": "string"
                                }
                            }
                        }
                    },
                    "hasMore": {
                        "type": "boolean"
                    },
                    "limit": {
                        "type": "integer"
                    },
                    "offset": {
                        "type": "integer"
                    },
                    "count": {
                        "type": "integer"
                    },
                    "links": {
                        "type": "array",
                        "items": {
                            "type": "object",
                            "properties": {
                                "rel": {
                                    "type": "string"
                                },
                                "href": {
                                    "type": "string"
                                }
                            }
                        }
                    }
                }
            },
            "GetCommonGetCategory1": {
                "type": "object",
                "properties": {
                    "items": {
                        "type": "array",
                        "items": {
                            "type": "object",
                            "properties": {
                                "reporting_group_id": {
                                    "type": "integer"
                                },
                                "category1_id": {
                                    "type": "integer"
                                },
                                "flex_value": {
                                    "type": "string"
                                },
                                "category1_code": {
                                    "type": "string"
                                },
                                "category1_name": {
                                    "type": "string"
                                }
                            }
                        }
                    },
                    "hasMore": {
                        "type": "boolean"
                    },
                    "limit": {
                        "type": "integer"
                    },
                    "offset": {
                        "type": "integer"
                    },
                    "count": {
                        "type": "integer"
                    },
                    "links": {
                        "type": "array",
                        "items": {
                            "type": "object",
                            "properties": {
                                "rel": {
                                    "type": "string"
                                },
                                "href": {
                                    "type": "string"
                                }
                            }
                        }
                    }
                }
            },
            "GetCommonGetCategory2": {
                "type": "object",
                "properties": {
                    "items": {
                        "type": "array",
                        "items": {
                            "type": "object",
                            "properties": {
                                "category1_id": {
                                    "type": "integer"
                                },
                                "category2_id": {
                                    "type": "integer"
                                },
                                "flex_value": {
                                    "type": "string"
                                },
                                "category2_code": {
                                    "type": "string"
                                }
                            }
                        }
                    },
                    "hasMore": {
                        "type": "boolean"
                    },
                    "limit": {
                        "type": "integer"
                    },
                    "offset": {
                        "type": "integer"
                    },
                    "count": {
                        "type": "integer"
                    },
                    "links": {
                        "type": "array",
                        "items": {
                            "type": "object",
                            "properties": {
                                "rel": {
                                    "type": "string"
                                },
                                "href": {
                                    "type": "string"
                                }
                            }
                        }
                    }
                }
            },
            "GetSalesCreditGetOrganizationNameBynumber": {
                "type": "object",
                "properties": {
                    "items": {
                        "type": "array",
                        "items": {
                            "type": "object",
                            "properties": {
                                "party_id": {
                                    "type": "integer"
                                },
                                "party_name": {
                                    "type": "string"
                                },
                                "party_number": {
                                    "type": "string"
                                }
                            }
                        }
                    },
                    "hasMore": {
                        "type": "boolean"
                    },
                    "limit": {
                        "type": "integer"
                    },
                    "offset": {
                        "type": "integer"
                    },
                    "count": {
                        "type": "integer"
                    },
                    "links": {
                        "type": "array",
                        "items": {
                            "type": "object",
                            "properties": {
                                "rel": {
                                    "type": "string"
                                },
                                "href": {
                                    "type": "string"
                                }
                            }
                        }
                    }
                }
            }
        }
    }
}