{
  "description": "",
  "root": "ifValue",
  "actions": {
    "ifValue": {
      "module": "vb/action/builtin/ifAction",
      "parameters": {
        "condition": "[[ $variables.value === 'Standard' ]]"
      },
      "outcomes": {

        "false": "callChainInputTextValueChangeChainAccNumber",
        "true": "assignVariablesBlankRowBuffer"
      }
    },
    "callChainInputTextValueChangeChainAccNumber": {
      "module": "vb/action/builtin/callChainAction",
      "parameters": {
        "id": "InputTextValueChangeChainAccNumber"
      }
    },
    "assignVariablesBlankRowBuffer": {
      "module": "vb/action/builtin/assignVariablesAction",
      "parameters": {
        "$page.variables.blankRowBuffer": {
          "source": {
            "P_GL_ACCOUNT": "{{ $page.variables.blankVariable }}"
          },
          "reset": "none",
          "auto": "always"
        }
      }
    }
  },
  "variables": {
    "value": {
      "required": true,
      "type": "any",
      "input": "fromCaller"
    },
    "key": {
      "required": true,
      "type": "any",
      "input": "fromCaller"
    },
    "index": {
      "required": true,
      "type": "number",
      "input": "fromCaller"
    },
    "current": {
      "required": true,
      "type": "any",
      "input": "fromCaller"
    }
  }
}