{
  "description": "",
  "root": "ifCurrentRowBuffer",
  "actions": {
    "ifCurrentRowBuffer": {
      "module": "vb/action/builtin/ifAction",
      "parameters": {
        "condition": "[[ $page.variables.currentRowBuffer.P_PAYMENT_TYPE === \"Standard\" ]]"
      },
      "outcomes": {
        "true": "assignVariablesCurrentRowBuffer",
        "false": "callChainInputTextValueChangeChainEditAccNumber"
      }
    },
    "assignVariablesCurrentRowBuffer": {
      "module": "vb/action/builtin/assignVariablesAction",
      "parameters": {
        "$page.variables.currentRowBuffer": {
          "source": {
            "P_GL_ACCOUNT": "{{ $page.variables.blankVariable }}"
          },
          "reset": "none",
          "auto": "always"
        }
      }
    },
    "callChainInputTextValueChangeChainEditAccNumber": {
      "module": "vb/action/builtin/callChainAction",
      "parameters": {
        "id": "InputTextValueChangeChainEditAccNumber"
      }
    }
  },
  "variables": {
    "value": {
      "required": true,
      "type": "any",
      "input": "fromCaller"
    },
    "key": {
      "required": true,
      "type": "any",
      "input": "fromCaller"
    },
    "index": {
      "required": true,
      "type": "number",
      "input": "fromCaller"
    },
    "current": {
      "required": true,
      "type": "any",
      "input": "fromCaller"
    }
  }
}