{
  "description": "",
  "root": "ifValue",
  "actions": {
    "ifValue": {
      "module": "vb/action/builtin/ifAction",
      "parameters": {
        "condition": "[[ $variables.value === 'HBG US BU' ]]"
      },
      "outcomes": {
        "true": "assignVariablesBlankRowBuffer",
        "false": "assignVariablesBlankRowBuffer2"
      }
    },
    "assignVariablesBlankRowBuffer": {
      "module": "vb/action/builtin/assignVariablesAction",
      "parameters": {
        "$page.variables.blankRowBuffer": {
          "source": {
            "P_CURRENCY": "USD"
          },
          "reset": "none",
          "auto": "always"
        }
      }
    },
    "assignVariablesBlankRowBuffer2": {
      "module": "vb/action/builtin/assignVariablesAction",
      "parameters": {
        "$page.variables.blankRowBuffer": {
          "source": {
            "P_CURRENCY": "CAD"
          },
          "reset": "none",
          "auto": "always"
        }
      }
    }
  },
  "variables": {
    "value": {
      "required": true,
      "type": "any",
      "input": "fromCaller"
    },
    "key": {
      "required": true,
      "type": "any",
      "input": "fromCaller"
    },
    "index": {
      "required": true,
      "type": "number",
      "input": "fromCaller"
    },
    "current": {
      "required": true,
      "type": "any",
      "input": "fromCaller"
    }
  }
}