{
  "description": "",
  "root": "if",
  "actions": {
    "fireNotification": {
      "module": "vb/action/builtin/fireNotificationEventAction",
      "parameters": {
        "target": "leaf",
        "summary": "[[ $chain.results.callRestGetPaymentExtensionGetCustomerbyAcctNum.message.summary ]]",
        "type": "error",
        "displayMode": "persist"
      }
    },
    "callRestGetPaymentExtensionGetCustomerbyAcctNum": {
      "module": "vb/action/builtin/restAction",
      "parameters": {
        "endpoint": "devOrds/getPaymentExtensionGetCustomerbyAcctNum",
        "uriParams": {
          "p_acct_num": "{{ $variables.value }}"
        }
      },
      "outcomes": {
        "failure": "fireNotification",
        "success": "assignVariablesBlankRowBuffer"
      }
    },
    "assignVariablesBlankRowBuffer": {
      "module": "vb/action/builtin/assignVariablesAction",
      "parameters": {
        "$page.variables.blankRowBuffer": {
          "source": {
            "P_ACCOUNT_NAME": "{{ $chain.results.callRestGetPaymentExtensionGetCustomerbyAcctNum.body.accountname }}"
          },
          "reset": "none",
          "auto": "always"
        }
      }
    },
    "if": {
      "module": "vb/action/builtin/ifAction",
      "parameters": {
        "condition": "[[ $page.variables.blankRowBuffer.P_PAYMENT_TYPE === \"Miscellaneous\" || $variables.value === '' || $variables.value === undefined ]]"
      },
      "outcomes": {
        "false": "callRestGetPaymentExtensionGetCustomerbyAcctNum",
        "true": "assignVariablesBlankRowBuffer3"
      }
    },
    "assignVariablesBlankRowBuffer3": {
      "module": "vb/action/builtin/assignVariablesAction",
      "parameters": {
        "$page.variables.blankRowBuffer": {
          "source": {
            "P_ACCOUNT_NUMBER": "{{ $variables.value }}",
            "P_ACCOUNT_NAME": "{{ $variables.value }}"
          },
          "reset": "none",
          "auto": "always"
        }
      }
    }
  },
  "variables": {
    "value": {
      "required": true,
      "type": "any",
      "input": "fromCaller"
    },
    "key": {
      "required": true,
      "type": "any",
      "input": "fromCaller"
    },
    "index": {
      "required": true,
      "type": "number",
      "input": "fromCaller"
    },
    "current": {
      "required": true,
      "type": "any",
      "input": "fromCaller"
    }
  }
}