{
  "description": "",
  "variables": {
    "rowKey": {
      "required": true,
      "type": "any",
      "input": "fromCaller"
    },
    "rowData": {
      "type": "create_hbg_ar_payments_lines_type",
      "required": true,
      "input": "fromCaller"
    },
    "event": {
      "type": "any",
      "required": true,
      "input": "fromCaller"
    },
    "originalRowData": {
      "type": "create_hbg_ar_payments_lines_type",
      "required": true,
      "input": "fromCaller"
    }
  },
  "root": "checkWhetherEventIsBeingIgnored",
  "actions": {
    "checkWhetherEventIsBeingIgnored": {
      "module": "vb/action/builtin/ifAction",
      "parameters": {
        "condition": "[[ $page.variables.disableRowEditExit || !$page.functions.isFormValid($chain.variables.event.detail, $chain.variables.event, 'editRow')  || $chain.variables.event.detail.cancelEdit || $page.variables.isCurrentRowBeingDeleted ]]"
      },
      "outcomes": {
        "false": "fireDataProviderEventPaymentsADP"
      }
    },
    "fireDataProviderEventPaymentsADP": {
      "module": "vb/action/builtin/fireDataProviderEventAction",
      "parameters": {
        "target": "[[ $page.variables.paymentsADP ]]",
        "update": {
          "data": "{{ $variables.rowData }}",
          "keys": [
            "{{ $variables.rowData.id }}"
          ]
        }
      }
    }
  }
}