{
  "description": "",
  "root": "if",
  "actions": {

    "resetVariablesBlankRowBuffer": {
      "module": "vb/action/builtin/resetVariablesAction",
      "parameters": {
        "variables": [
          "$page.variables.blankRowBuffer"
        ]
      },
      "outcomes": {
        "success": "assignVariablesNoChangesToSave"
      }
    },
    "callFunctionGetNextId": {
      "module": "vb/action/builtin/callModuleFunctionAction",
      "parameters": {
        "module": "[[ $functions ]]",
        "functionName": "getNextId"
      },
      "outcomes": {
        "success": "assignVariablesBlankRowBuffer"
      }
    },
    "assignVariablesNoChangesToSave": {
      "module": "vb/action/builtin/assignVariablesAction",
      "parameters": {
        "$page.variables.noChangesToSave": {
          "source": false
        }
      }
    },
    "assignVariablesBlankRowBuffer": {
      "module": "vb/action/builtin/assignVariablesAction",
      "parameters": {
        "$page.variables.blankRowBuffer": {
          "source": {
            "id": "{{ $chain.results.callFunctionGetNextId }}",
            "P_BATCH_ID": "{{ $page.variables.BatchNumberInpt }}",
            "P_PAYMENT_DATE": "{{ $page.variables.blankRowBuffer.P_PAYMENT_DATE+ \"T23:30:30.000Z\" }}"
          },
          "reset": "none",
          "auto": "always"
        }
      },
      "outcomes": {
        "success": "assignVariablesPaymentsADP"
      }
    },
    "if": {
      "module": "vb/action/builtin/ifAction",
      "parameters": {
        "condition": "[[ !$page.functions.isFormValid($chain.variables.event.detail, $chain.variables.event, 'addRow')  || $chain.variables.event.detail.cancelAdd ]]"
      },
      "outcomes": {
        "false": "callFunctionGetNextId"
      }
    },
    "assignVariablesPaymentsADP": {
      "module": "vb/action/builtin/assignVariablesAction",
      "parameters": {
        "$page.variables.paymentsADP": {
          "source": {
            "data": [
              "{{ $page.variables.blankRowBuffer }}"
            ]
          },
          "reset": "none",
          "auto": "always"
        }
      },
      "outcomes": {
        "success": "callFunctionLog"
      }
    },
    "callFunctionLog": {
      "module": "vb/action/builtin/callModuleFunctionAction",
      "parameters": {
        "module": "[[ $functions ]]",
        "functionName": "log",
        "params": [
          "{{ $page.variables.paymentsADP }}"
        ]
      },
      "outcomes": {
        "success": "resetVariablesBlankRowBuffer"
      }
    }
  },
  "variables": {
    "event": {
      "type": "any",
      "required": true,
      "input": "fromCaller"
    }
  }
}