{
  "root": "callRestGetPaymentExtensionHbgArBatch",
  "description": "",
  "variables": {},
  "actions": {
    "fireNotification": {
      "module": "vb/action/builtin/fireNotificationEventAction",
      "parameters": {
        "target": "leaf",
        "summary": "[[ $chain.results.callRestGetPaymentExtensionHbgArBatch.message.summary ]]",
        "type": "error",
        "displayMode": "persist"
      }
    },
    "callRestGetPaymentExtensionHbgArBatch": {
      "module": "vb/action/builtin/restAction",
      "parameters": {
        "endpoint": "devOrds/getPaymentExtensionHbg_ar_batch"
      },
      "outcomes": {
        "failure": "fireNotification",
        "success": "assignVariablesBatchNumberInpt"
      }
    },
    "assignVariablesBatchNumberInpt": {
      "module": "vb/action/builtin/assignVariablesAction",
      "parameters": {
        "$page.variables.BatchNumberInpt": {
          "source": "{{ $chain.results.callRestGetPaymentExtensionHbgArBatch.body.nextval }}"
        }
      },
      "outcomes": {
        "success": "callFunctionSysdateMMDDYYYY"
      }
    },
    "callFunctionSysdateMMDDYYYY": {
      "module": "vb/action/builtin/callModuleFunctionAction",
      "parameters": {
        "module": "[[ $functions ]]",
        "functionName": "sysdateMMDDYYYY"
      }
    }
  }
}