{
  "description": "",
  "root": "resetVariablesJSONFromJs",
  "actions": {
    "resetVariablesJSONFromJs": {
      "module": "vb/action/builtin/resetVariablesAction",
      "parameters": {
        "variables": [
          "$page.variables.JSONFromJs"
        ]
      },
      "outcomes": {
        "success": "callFunctionClearSelection"
      }
    },
    "callFunctionClearSelection": {
      "module": "vb/action/builtin/callModuleFunctionAction",
      "parameters": {
        "module": "[[ $functions ]]",
        "functionName": "clearSelection"
      }
    }
  },
  "variables": {}
}