{
  "description": "",
  "root": "openUrlCurrent",
  "actions": {
    "openUrlCurrent": {
      "module": "vb/action/builtin/openUrlAction",
      "parameters": {
        "windowName": "_blank",
        "url": "[[ 'https://fa-ehfx-dev3-saasfaprod1.fa.ocs.oraclecloud.com/fscmUI/faces/FndOverview?fnd=%252FWEB-INF%252Foracle%252Fapps%252Fscm%252Fcjm%252Fclaims%252Fmanagement%252Fui%252Fflow%252FViewARTransactionFlow.xml%2523ViewARTransactionFlow%3BtxnType%253Dreceipt%253BparamCashReceiptId%253D'+$variables.current.item.data.transaction_id+'%253BeventClassCode%253DTRANSACTIONS%3B%3BView%2BTransaction%3Bfalse%3B256%3B%3B%3B&fndGlobalItemNodeId=itemNode_order_management_DeductionsandSettlement' ]]"
      }
    }
  },
  "variables": {
    "key": {
      "required": true,
      "type": "any",
      "input": "fromCaller"
    },
    "index": {
      "required": true,
      "type": "number",
      "input": "fromCaller"
    },
    "current": {
      "required": true,
      "type": "any",
      "input": "fromCaller"
    }
  }
}