{
  "description": "",
  "root": "fireNotificationValue",
  "actions": {
    "fireNotificationValue": {
      "module": "vb/action/builtin/fireNotificationEventAction",
      "parameters": {
        "target": "leaf",
        "summary": "[[ $variables.detail.header ]]",
        "message": "[[ $variables.detail.direction ]]",
        "type": "info"
      },
      "outcomes": {
        "success": "callFunctionSortByKey"
      }
    },
    "callFunctionSortByKey": {
      "module": "vb/action/builtin/callModuleFunctionAction",
      "parameters": {
        "module": "[[ $functions ]]",
        "functionName": "sortByKey",
        "params": [
          "{{ $page.variables.TransactionTblADP.data }}",
          "{{ $variables.detail.header }}",
          "{{ $variables.detail.direction }}"
        ]
      },
      "outcomes": {
        "success": "callComponentMainResultsTableRefresh"
      }
    },
    "fireDataProviderEventTransactionTblADP": {
      "module": "vb/action/builtin/fireDataProviderEventAction",
      "parameters": {
        "target": "[[ $page.variables.TransactionTblADP ]]",
        "add": {
          "data": "{{ $chain.results.callFunctionSortByKey }}"
        }
      }
    },
    "resetVariablesTransactionTblADP": {
      "module": "vb/action/builtin/resetVariablesAction",
      "parameters": {
        "variables": [
          "$page.variables.TransactionTblADP"
        ]
      },
      "outcomes": {
        "success": "fireDataProviderEventTransactionTblADP"
      }
    },
    "callComponentMainResultsTableRefresh": {
      "module": "vb/action/builtin/callComponentMethodAction",
      "parameters": {
        "component": "{{ document.getElementById('main-results-table') }}",
        "method": "refresh"
      },
      "outcomes": {
        "success": "resetVariablesTransactionTblADP"
      }
    }
  },
  "variables": {
    "detail": {
      "type": "any",
      "input": "fromCaller"
    }
  }
}