{
  "description": "",
  "root": "callFunctionFilterData",
  "actions": {
    "callFunctionFilterData": {
      "module": "vb/action/builtin/callModuleFunctionAction",
      "parameters": {
        "module": "[[ $functions ]]",
        "functionName": "filterData",
        "params": [
          "{{ $variables.selected }}",
          "{{ $page.variables.TransactionTblADP.data }}",
          "{{ $variables.keys }}"
        ]
      },
      "outcomes": {
        "success": "assignVariablesJSONFromJs"
      }
    },
    "assignVariablesJSONFromJs": {
      "module": "vb/action/builtin/assignVariablesAction",
      "parameters": {
        "$page.variables.JSONFromJs": {
          "source": {
            "data": "{{ $chain.results.callFunctionFilterData }}"
          },
          "reset": "none",
          "auto": "always"
        }
      }
    }
  },
  "variables": {
    "keys": {
      "required": true,
      "type": "any[]",
      "input": "fromCaller"
    },
    "selected": {
      "required": true,
      "type": "any",
      "input": "fromCaller"
    }
  }
}