{
    "items": [
        {
            "add_items_automatically": "Y",
            "remove_items_automatically": "Y",
            "on_sale_date_editable": "Y",
            "on_sale_date_required": "Y",
            "release_date_editable": "Y",
            "release_date_required": "N",
            "release_date_subtract_from_osd": 10,
            "cutoff_date_editable": "Y",
            "cutoff_date_required": "Y",
            "cutoff_date_subtract_from_release_date": 10,
            "cleanup_release_date_editable": "Y",
            "cleanup_release_date_required": "N",
            "cleanup_release_date_subtract_from_osd": 10,
            "shipping_schedule_type": "Test",
            "created_by": "SCHELLOJU",
            "created_date": "2023-04-18T06:53:31Z",
            "last_updated_by": "SCHELLOJU",
            "last_updated_date": "2023-04-18T07:34:59Z"
        }
    ],
    "hasMore": false,
    "limit": 25,
    "offset": 0,
    "count": 1,
    "links": [
        {
            "rel": "self",
            "href": "https://10.2.0.169:8081/ords/hbg_integration/ShippingSchedules/ShippingScheduleTemplate?p_shipping_schedule_type=Test"
        },
        {
            "rel": "edit",
            "href": "https://10.2.0.169:8081/ords/hbg_integration/ShippingSchedules/ShippingScheduleTemplate?p_shipping_schedule_type=Test"
        },
        {
            "rel": "describedby",
            "href": "https://10.2.0.169:8081/ords/hbg_integration/metadata-catalog/ShippingSchedules/item"
        },
        {
            "rel": "first",
            "href": "https://10.2.0.169:8081/ords/hbg_integration/ShippingSchedules/ShippingScheduleTemplate?p_shipping_schedule_type=Test"
        }
    ]
}