{
  "title": "",
  "description": "",
  "variables": {
    "createCountryGroupObj": {
      "type": "flow:getCountryGroupList"
    },
    "currentSelection": {
      "type": "string",
      "defaultValue": ""
    },
    "EditCountryGroupObj": {
      "type": "flow:getCountryGroupList"
    },
    "EditCountryListObj": {
      "type": "flow:getCountriesList"
    },
    "getCountryAssocListADP": {
      "type": "vb/ArrayDataProvider2",
      "defaultValue": {
        "itemType": "flow:getCountryAssocList",
        "keyAttributes": "country_id"
      }
    },
    "getCountryAssocListObj": {
      "type": "flow:getCountryAssocList"
    },
    "p_comments": {
      "type": "string"
    },
    "p_country_group": {
      "type": "number"
    },
    "p_country_group_code": {
      "type": "string"
    },
    "p_country_group_name": {
      "type": "string"
    },
    "p_enabled_flag": {
      "type": "string"
    },
    "rowData": {
      "type": "object[]"
    }

  },
  "metadata": {},
  "types": {
  },
  "eventListeners": {
    "buttonAction": {
      "chains": [
        {
          "chainId": "SearchActionChain"
        }
      ]
    },
    "buttonAction10": {
      "chains": [
        {
          "chainId": "OpenCreateGroupActionPopup"
        }
      ]
    },
    "buttonAction11": {
      "chains": [
        {
          "chainId": "CloseCreateGroupActionPopup"
        }
      ]
    },
    "buttonAction12": {
      "chains": [
        {
          "chainId": "createCountryGroup"
        }
      ]
    },
    "buttonAction13": {
      "chains": [
        {
          "chainId": "CopyEditCountryGroupPopupOpen"
        }
      ]
    },
    "buttonAction14": {
      "chains": [
        {
          "chainId": "CloseCopyEditPopupScreen"
        }
      ]
    },
    "buttonAction15": {
      "chains": [
        {
          "chainId": "CopyEditCountryGroupSave"
        }
      ]
    },
    "buttonAction2": {
      "chains": [
        {
          "chainId": "DeleteActionChain"
        }
      ]
    },
    "buttonAction3": {
      "chains": [
        {
          "chainId": "CallEditPopup"
        }
      ]
    },
    "buttonAction4": {
      "chains": [
        {
          "chainId": "ClosePopUpAction"
        }
      ]
    },
    "buttonAction5": {
      "chains": [
        {
          "chainId": "UpdateCountryGroupHeader"
        }
      ]
    },
    "buttonAction6": {
      "chains": [
        {
          "chainId": "AddCountriesClosePopup"
        }
      ]
    },
    "buttonAction7": {
      "chains": [
        {
          "chainId": "AddCountriesOpenPopup"
        }
      ]
    },
    "buttonAction8": {
      "chains": [
        {
          "chainId": "AddCountryandCreateAnother"
        }
      ]
    },
    "buttonAction9": {
      "chains": [
        {
          "chainId": "AddCountryandClosePopup"
        }
      ]
    },
    "ojSelectSingle5934268781ValueItem": {
      "chains": [
        {
          "chainId": "getCountryGroupDetails",
          "parameters": {
            "key": "{{$event.detail.value.key}}",
            "data": "{{$event.detail.value.data}}",
            "metadata": "{{$event.detail.value.metadata}}"
          }
        }
      ]
    },
    "tableSelected": {
      "chains": [
        {
          "chainId": "MultiRowSelectedChain",
          "parameters": {

            "selected": "[[ $event.detail.value ]]"
          }
        }
      ]
    },
    "toggleDrawer": {
      "chains": [
        {
          "chainId": "application:toggleDrawerHandler"
        }
      ]
    }

  },
  "imports": {
    "components": {
      "oj-button": {
        "path": "ojs/ojbutton"
      },
      "oj-checkboxset": {
        "path": "ojs/ojcheckboxset"
      },
      "oj-dialog": {
        "path": "ojs/ojdialog"
      },
      "oj-form-layout": {
        "path": "ojs/ojformlayout"
      },
      "oj-highlight-text": {
        "path": "ojs/ojhighlighttext"
      },
      "oj-input-text": {
        "path": "ojs/ojinputtext"
      },
      "oj-label": {
        "path": "ojs/ojlabel"
      },
      "oj-option": {
        "path": "ojs/ojoption"
      },
      "oj-radioset": {
        "path": "ojs/ojradioset"
      },
      "oj-sample-export-data": {
        "path": "oj-sample/export-data/loader"
      },
      "oj-select-single": {
        "path": "ojs/ojselectsingle"
      },
      "oj-table": {
        "path": "ojs/ojtable"
      },
      "oj-text-area": {
        "path": "ojs/ojinputtext"
      }

    }
  }
}