{
    "items": [
        {
            "organization_number": "64759328",
            "organization_name": "TAYLOR HASTINGS BOOK CO."
        },
        {
            "organization_number": "13716912-2",
            "organization_name": "OTG MANAGEMENT"
        },
        {
            "organization_number": "96296389",
            "organization_name": "THE CROCKETT BOOK CO."
        },
        {
            "organization_number": "96299803",
            "organization_name": "AMAZON EU SARL"
        },
        {
            "organization_number": "229650",
            "organization_name": "Walch Books Organization"
        },
        {
            "organization_number": "254651",
            "organization_name": "AWBC (BAM)"
        },
        {
            "organization_number": "247650",
            "organization_name": "HBG US Customer"
        },
        {
            "organization_number": "243659",
            "organization_name": "READERLINK"
        },
        {
            "organization_number": "254670",
            "organization_name": "READERLINK OTHER"
        },
        {
            "organization_number": "254659",
            "organization_name": "HBG FIELD GROUPS"
        },
        {
            "organization_number": "90001403",
            "organization_name": "AMAZON"
        },
        {
            "organization_number": "96314340",
            "organization_name": "MEDIA"
        },
        {
            "organization_number": "96261164",
            "organization_name": "WAUCOMA BOOKSTORE INC"
        },
        {
            "organization_number": "310981",
            "organization_name": "POS JOBBER OTHER"
        },
        {
            "organization_number": "254660",
            "organization_name": "CANADA"
        },
        {
            "organization_number": "227650",
            "organization_name": "Bedeschi Books Inc"
        },
        {
            "organization_number": "254665",
            "organization_name": "TARGET"
        },
        {
            "organization_number": "235655",
            "organization_name": "REZZIN BOOKS"
        },
        {
            "organization_number": "96327690",
            "organization_name": "TRACTOR SUPPLY"
        },
        {
            "organization_number": "90000651",
            "organization_name": "BAKER & TAYLOR"
        },
        {
            "organization_number": "90002074",
            "organization_name": "INDIGO BOOKS & MUSIC CTR"
        },
        {
            "organization_number": "239651",
            "organization_name": "Taylor Hastings"
        },
        {
            "organization_number": "243661",
            "organization_name": "AMAZON CANADA"
        },
        {
            "organization_number": "254657",
            "organization_name": "GLOBAL DISTRIBUTION"
        },
        {
            "organization_number": "254658",
            "organization_name": "BRODART"
        },
        {
            "organization_number": "254672",
            "organization_name": "INGRAM"
        },
        {
            "organization_number": "238650",
            "organization_name": "BT Books"
        },
        {
            "organization_number": "254664",
            "organization_name": "COSTCO"
        },
        {
            "organization_number": "96303953",
            "organization_name": "OTG MANAGEMENT"
        },
        {
            "organization_number": "90000916",
            "organization_name": "BARNES & NOBLE INC"
        },
        {
            "organization_number": "90000398",
            "organization_name": "BOULDER BOOKSTORE"
        },
        {
            "organization_number": "310980",
            "organization_name": "POS BAKER & TAYLOR"
        },
        {
            "organization_number": "254667",
            "organization_name": "SAM'S"
        },
        {
            "organization_number": "228651",
            "organization_name": "Jessica's Books"
        },
        {
            "organization_number": "262652",
            "organization_name": "Chronicle Books"
        },
        {
            "organization_number": "254654",
            "organization_name": "BOOKAZINE"
        },
        {
            "organization_number": "96303688",
            "organization_name": "ERIC PINDER"
        },
        {
            "organization_number": "96296554",
            "organization_name": "AMAZON.COM.CA, INC."
        },
        {
            "organization_number": "260651",
            "organization_name": "Bill's Books"
        },
        {
            "organization_number": "274527",
            "organization_name": "FOLLETT"
        },
        {
            "organization_number": "254663",
            "organization_name": "CBA CHANNEL"
        },
        {
            "organization_number": "258650",
            "organization_name": "Test1111"
        },
        {
            "organization_number": "270652",
            "organization_name": "US OTHER"
        },
        {
            "organization_number": "260650",
            "organization_name": "Tome Raider"
        },
        {
            "organization_number": "90001368",
            "organization_name": "READERLINK DISTRIBUTION"
        },
        {
            "organization_number": "x96314340",
            "organization_name": "ANSIBLE MEDIA"
        },
        {
            "organization_number": "190000424",
            "organization_name": "1TJX OPERATING COMPANIES"
        },
        {
            "organization_number": "90000424",
            "organization_name": "TJX OPERATING COMPANIES"
        },
        {
            "organization_number": "96303953-3",
            "organization_name": "OTG MANAGEMENT"
        },
        {
            "organization_number": "238653",
            "organization_name": "LINDER BOOKS"
        },
        {
            "organization_number": "14221327-2",
            "organization_name": "OTG MANAGEMENT"
        },
        {
            "organization_number": "96299804",
            "organization_name": "AMAZON EU SARL ***"
        },
        {
            "organization_number": "254666",
            "organization_name": "BJ’S"
        },
        {
            "organization_number": "248658",
            "organization_name": "HBG TUS Customer"
        },
        {
            "organization_number": "CUS248659",
            "organization_name": "HBG BAM Customer"
        },
        {
            "organization_number": "249650",
            "organization_name": "HBG BAM Credit Customer"
        },
        {
            "organization_number": "228654",
            "organization_name": "BM"
        },
        {
            "organization_number": "228652",
            "organization_name": "AZ"
        },
        {
            "organization_number": "263652",
            "organization_name": "HBG US Customer Rel"
        },
        {
            "organization_number": "X90000916X",
            "organization_name": "B & N"
        },
        {
            "organization_number": "90001159",
            "organization_name": "BRODART CO"
        },
        {
            "organization_number": "261662",
            "organization_name": "WOLIVEIRA PARTIES T"
        },
        {
            "organization_number": "228656",
            "organization_name": "CC"
        },
        {
            "organization_number": "248662",
            "organization_name": "HBG Credit New Customer"
        },
        {
            "organization_number": "243656",
            "organization_name": "AMAZON"
        },
        {
            "organization_number": "228657",
            "organization_name": "Readerlink"
        },
        {
            "organization_number": "246654",
            "organization_name": "TSCO"
        },
        {
            "organization_number": "228655",
            "organization_name": "BNN"
        },
        {
            "organization_number": "259657",
            "organization_name": "Test"
        },
        {
            "organization_number": "29220",
            "organization_name": "BARNES & NOBLE INC"
        },
        {
            "organization_number": "270654",
            "organization_name": "INDIGO"
        },
        {
            "organization_number": "254671",
            "organization_name": "OTHER"
        },
        {
            "organization_number": "230650",
            "organization_name": "Vertleyb Books Org"
        },
        {
            "organization_number": "259654",
            "organization_name": "Test CRP Organization"
        },
        {
            "organization_number": "254661",
            "organization_name": "SPECIAL MKTS"
        },
        {
            "organization_number": "310982",
            "organization_name": "POS INGRAM"
        },
        {
            "organization_number": "987654",
            "organization_name": "Customer FBDI "
        },
        {
            "organization_number": "96303953-1",
            "organization_name": "OTG MANAGEMENT"
        },
        {
            "organization_number": "90002019",
            "organization_name": "LIBRI GMBH"
        },
        {
            "organization_number": "90001899",
            "organization_name": "VANCOUVER KIDSBOOKS"
        },
        {
            "organization_number": "254669",
            "organization_name": "RDS AIRPORTS"
        },
        {
            "organization_number": "96267782",
            "organization_name": "CALENDAR HOLDINGS LLC"
        },
        {
            "organization_number": "248663",
            "organization_name": "HBG Credit High Risk"
        },
        {
            "organization_number": "96299450",
            "organization_name": "AMAZON.COM JAPAN"
        },
        {
            "organization_number": "C-248654",
            "organization_name": "HBG Test US CAD Customer"
        },
        {
            "organization_number": "254662",
            "organization_name": "INTERNATIONAL"
        },
        {
            "organization_number": "254668",
            "organization_name": "WALMART"
        },
        {
            "organization_number": "254655",
            "organization_name": "BAKER & TAYLOR"
        },
        {
            "organization_number": "247651",
            "organization_name": "HBG Canada Customer"
        },
        {
            "organization_number": "270653",
            "organization_name": "JOBBER OTHER"
        },
        {
            "organization_number": "96434314",
            "organization_name": "SHOPIFY-WORKMAN"
        }
    ],
    "hasMore": false,
    "limit": 10000,
    "offset": 0,
    "count": 91,
    "links": [
        {
            "rel": "self",
            "href": "https://10.2.0.169:8081/ords/hbg_integration/AutomaticHolds/getOrganizationName"
        },
        {
            "rel": "describedby",
            "href": "https://10.2.0.169:8081/ords/hbg_integration/metadata-catalog/AutomaticHolds/item"
        },
        {
            "rel": "first",
            "href": "https://10.2.0.169:8081/ords/hbg_integration/AutomaticHolds/getOrganizationName?limit=10000"
        }
    ]
}