{
    "items": [
        {
            "item_code": 9780064300957,
            "isbn_on_book": 9780064300957,
            "short_title": "Test Item",
            "status": "Active",
            "reservation_type": "Regular",
            "print_number": 1234,
            "inventory_organization": "Test Organization",
            "lot_number": 1234,
            "subinventory": "test sub_inv",
            "requested_quantity": 20,
            "reserved_quantity": 30,
            "released_via_cuid": 50,
            "available_reserved": 100,
            "ip_only": "Yes",
            "pre_reserved_balance": 50,
            "usable_balance": 50,
            "end_balance": 50,
            "created_by": "user",
            "created_date": "2022-12-22T08:14:09Z",
            "last_updated_by": "user",
            "last_update_date": "2022-12-22T08:14:09Z",
            "reservation_number": 101010101010
        },
        {
            "item_code": 9780064300957,
            "isbn_on_book": 9780064300957,
            "short_title": "Test Item",
            "status": "Active",
            "reservation_type": "Regular",
            "print_number": 1234,
            "inventory_organization": "Test Organization",
            "lot_number": 1234,
            "subinventory": "test sub_inv",
            "requested_quantity": 20,
            "reserved_quantity": 30,
            "released_via_cuid": 50,
            "available_reserved": 100,
            "ip_only": "Yes",
            "pre_reserved_balance": 50,
            "usable_balance": 50,
            "end_balance": 50,
            "created_by": "user",
            "created_date": "2022-12-22T08:15:11Z",
            "last_updated_by": "user",
            "last_update_date": "2022-12-22T08:15:11Z",
            "reservation_number": 101010101010
        },
        {
            "item_code": 9780064300957,
            "isbn_on_book": 9780064300957,
            "short_title": "Test Item",
            "status": "Active",
            "reservation_type": "Regular",
            "print_number": 1234,
            "inventory_organization": "Test Organization",
            "lot_number": 1234,
            "subinventory": "test sub_inv",
            "requested_quantity": 20,
            "reserved_quantity": 30,
            "released_via_cuid": 50,
            "available_reserved": 100,
            "ip_only": "Yes",
            "pre_reserved_balance": 50,
            "usable_balance": 50,
            "end_balance": 50,
            "created_by": "user",
            "created_date": "2022-12-08T11:08:06Z",
            "last_updated_by": "user",
            "last_update_date": "2022-12-08T11:08:06Z",
            "reservation_number": 101010101010
        },
        {
            "item_code": 9780064300957,
            "isbn_on_book": 9780064300957,
            "short_title": "Test Item",
            "status": "Active",
            "reservation_type": "Regular",
            "print_number": 1234,
            "inventory_organization": "Test Organization",
            "lot_number": 1234,
            "subinventory": "test sub_inv",
            "requested_quantity": 20,
            "reserved_quantity": 30,
            "released_via_cuid": 50,
            "available_reserved": 100,
            "ip_only": "Yes",
            "pre_reserved_balance": 50,
            "usable_balance": 50,
            "end_balance": 50,
            "created_by": "user",
            "created_date": "2022-12-22T08:13:11Z",
            "last_updated_by": "user",
            "last_update_date": "2022-12-22T08:13:11Z",
            "reservation_number": 101010101010
        },
        {
            "item_code": 9780064300957,
            "isbn_on_book": 9780064300957,
            "short_title": "Test Item",
            "status": "Active",
            "reservation_type": "Regular",
            "print_number": 1234,
            "inventory_organization": "Test Organization",
            "lot_number": 1234,
            "subinventory": "test sub_inv",
            "requested_quantity": 20,
            "reserved_quantity": 30,
            "released_via_cuid": 50,
            "available_reserved": 100,
            "ip_only": "Yes",
            "pre_reserved_balance": 50,
            "usable_balance": 50,
            "end_balance": 50,
            "created_by": "user",
            "created_date": "2022-12-22T08:13:55Z",
            "last_updated_by": "user",
            "last_update_date": "2022-12-22T08:13:55Z",
            "reservation_number": 101010101010
        }
    ],
    "hasMore": false,
    "limit": 25,
    "offset": 0,
    "count": 5,
    "links": [
        {
            "rel": "self",
            "href": "https://10.2.0.169:8081/ords/hbg_integration/ReservationsUI/ReservationLine?p_reservation_number=101010101010"
        },
        {
            "rel": "edit",
            "href": "https://10.2.0.169:8081/ords/hbg_integration/ReservationsUI/ReservationLine?p_reservation_number=101010101010"
        },
        {
            "rel": "describedby",
            "href": "https://10.2.0.169:8081/ords/hbg_integration/metadata-catalog/ReservationsUI/item"
        },
        {
            "rel": "first",
            "href": "https://10.2.0.169:8081/ords/hbg_integration/ReservationsUI/ReservationLine?p_reservation_number=101010101010"
        }
    ]
}