{
  "description": "",
  "root": "callFunctionValidateCreatePayload",
  "actions": {

    "fireNotification": {
      "module": "vb/action/builtin/fireNotificationEventAction",
      "parameters": {
        "target": "leaf",
        "summary": "[[ $chain.results.callRestPostAutomaticHoldsCreateHoldRule.message.summary ]]",
        "type": "error",
        "displayMode": "persist"
      },
      "outcomes": {
        "success": "callComponentOjDialogPopupClose"
      }
    },
    "callComponentOjDialogPopupOpen": {
      "module": "vb/action/builtin/callComponentMethodAction",
      "parameters": {
        "component": "{{ document.getElementById('oj-dialog-popup') }}",
        "method": "open"
      },
      "outcomes": {
        "success": "assignVariablesCreateRulesInfoObj"
      }
    },
    "callComponentOjDialogPopupClose": {
      "module": "vb/action/builtin/callComponentMethodAction",
      "parameters": {
        "component": "{{ document.getElementById('oj-dialog-popup') }}",
        "method": "close"
      }
    },
    "callComponentOjDialogPopupClose2": {
      "module": "vb/action/builtin/callComponentMethodAction",
      "parameters": {
        "component": "{{ document.getElementById('oj-dialog-popup') }}",
        "method": "close"
      },
      "outcomes": {
        "success": "if"
      }
    },
    "navigateToCreationCreationStart": {
      "module": "vb/action/builtin/navigateAction",
      "parameters": {
        "target": "parent",
        "flow": "creation",
        "page": "creation-start"
      },
      "outcomes": {},
      "@dt": {
        "targetType": "flow"
      }
    },
    "assignVariablesDialogText": {
      "module": "vb/action/builtin/assignVariablesAction",
      "parameters": {
        "$page.variables.dialogText": {
          "source": "Creating Rule.."
        }
      },
      "outcomes": {
        "success": "callComponentOjDialogPopupOpen"
      }
    },
    "if": {
      "module": "vb/action/builtin/ifAction",
      "parameters": {
        "condition": "[[ $chain.results.callRestPostAutomaticHoldsCreateHoldRule.body.x_return_status == 'SUCCESS' ]]"
      },
      "outcomes": {
        "true": "callComponentOjDialogPopupClose4",
        "false": "callComponentOjDialogPopupClose3"
      }
    },
    "callComponentOjDialogPopupClose3": {
      "module": "vb/action/builtin/callComponentMethodAction",
      "parameters": {
        "component": "{{ document.getElementById('oj-dialog-popup') }}",
        "method": "close"
      },
      "outcomes": {
        "success": "fireNotification3"
      }
    },
    "callComponentOjDialogPopupClose4": {
      "module": "vb/action/builtin/callComponentMethodAction",
      "parameters": {
        "component": "{{ document.getElementById('oj-dialog-popup') }}",
        "method": "close"
      },
      "outcomes": {
        "success": "navigateToCreationCreationStart"
      }
    },
    "fireNotification3": {
      "module": "vb/action/builtin/fireNotificationEventAction",
      "parameters": {
        "target": "leaf",
        "summary": "Insertion Failed",
        "message": "[[ $chain.results.callRestPostAutomaticHoldsCreateHoldRule.body.x_return_status ]]",
        "type": "error",
        "displayMode": "transient"
      }
    },
    "callRestPostAutomaticHoldsCreateHoldRule": {
      "module": "vb/action/builtin/restAction",
      "parameters": {
        "endpoint": "ordsHbg_integration/postAutomaticHoldsCreateHoldRule",
        "body": "{{ $chain.results.callFunctionPreparePayloadUpdateDateORDSObj }}"
      },
      "outcomes": {
        "failure": "fireNotification",
        "success": "callComponentOjDialogPopupClose2"
      }
    },
    "fireNotification4": {
      "module": "vb/action/builtin/fireNotificationEventAction",
      "parameters": {
        "target": "leaf",
        "summary": "Information Message",
        "message": "[[ $chain.results.callFunctionValidateCreatePayload ]]",
        "displayMode": "transient",
        "type": "info"
      }
    },
    "callFunctionPreparePayloadUpdateDateORDSObj": {
      "module": "vb/action/builtin/callModuleFunctionAction",
      "parameters": {
        "module": "[[ $functions ]]",
        "functionName": "preparePayload_UpdateDateORDSObj",
        "params": [
          "{{ $page.variables.createRulesInfoObj }}"
        ]
      },
      "outcomes": {
        "success": "callRestPostAutomaticHoldsCreateHoldRule"
      }
    },
    "assignVariablesCreateRulesInfoObj": {
      "module": "vb/action/builtin/assignVariablesAction",
      "parameters": {
        "$page.variables.createRulesInfoObj": {
          "source": {
            "created_by": "{{ $application.user.username }}",
            "last_updated_by": "{{ $application.user.username }}"
          },
          "reset": "none",
          "auto": "always"
        }
      },
      "outcomes": {
        "success": "callFunctionPreparePayloadUpdateDateORDSObj"
      }
    },
    "callFunctionValidateCreatePayload": {
      "module": "vb/action/builtin/callModuleFunctionAction",
      "parameters": {
        "module": "[[ $functions ]]",
        "functionName": "ValidateCreatePayload",
        "params": [
          "{{ $page.variables.createRulesInfoObj }}"
        ]
      },
      "outcomes": {
        "success": "if3"
      }
    },
    "if3": {
      "module": "vb/action/builtin/ifAction",
      "parameters": {
        "condition": "[[ $chain.results.callFunctionValidateCreatePayload != 'SUCCESS' ]]"
      },
      "outcomes": {
        "false": "assignVariablesDialogText",
        "true": "fireNotification4"
      }
    }
  },
  "variables": {}
}