{
  "description": "",
  "root": "if4",
  "actions": {

    "fireNotification": {
      "module": "vb/action/builtin/fireNotificationEventAction",
      "parameters": {
        "target": "leaf",
        "summary": "[[ $chain.results.callRestGetAutomaticHoldsGetItemInfo.message.summary ]]",
        "type": "error",
        "displayMode": "persist"
      }
    },
    "callRestGetAutomaticHoldsGetItemInfo": {
      "module": "vb/action/builtin/restAction",
      "parameters": {
        "endpoint": "ordsHbg_integration/getAutomaticHoldsGetItemInfo",
        "uriParams": {
          "P_ITEM_NUMBER": "{{ $page.variables.createRulesInfoObj.item_number }}"
        }
      },
      "outcomes": {
        "failure": "fireNotification",
        "success": "if3"
      }
    },
    "if": {
      "module": "vb/action/builtin/ifAction",
      "parameters": {
        "condition": "[[ $page.variables.createRulesInfoObj.item_number== null || $page.variables.createRulesInfoObj.item_number == 'undefined' || $page.variables.createRulesInfoObj.item_number == '' ]]"
      },
      "outcomes": {
        "false": "callRestGetAutomaticHoldsGetItemInfo"
      }
    },
    "if3": {
      "module": "vb/action/builtin/ifAction",
      "parameters": {
        "condition": "[[ $chain.results.callRestGetAutomaticHoldsGetItemInfo.body.count == 0 ]]"
      },
      "outcomes": {
        "false": "assignVariablesCreateRulesInfoObj",
        "true": "resetVariablesCreateRulesInfoObj2"
      }
    },
    "fireNotification3": {
      "module": "vb/action/builtin/fireNotificationEventAction",
      "parameters": {
        "target": "leaf",
        "summary": "Information Message",
        "message": "Please Select the Valid Item Number",
        "displayMode": "transient",
        "type": "info"
      }
    },
    "resetVariablesCreateRulesInfoObj": {
      "module": "vb/action/builtin/resetVariablesAction",
      "parameters": {
        "variables": [
          "$page.variables.createRulesInfoObj.author",
          "$page.variables.createRulesInfoObj.short_title"
        ]
      },
      "outcomes": {
        "success": "if"
      }
    },
    "assignVariablesCreateRulesInfoObj": {
      "module": "vb/action/builtin/assignVariablesAction",
      "parameters": {
        "$page.variables.createRulesInfoObj": {
          "source": {
            "author": "{{ $chain.results.callRestGetAutomaticHoldsGetItemInfo.body.items[0].author }}",
            "short_title": "{{ $chain.results.callRestGetAutomaticHoldsGetItemInfo.body.items[0].short_title }}"
          },
          "reset": "none",
          "auto": "always"
        }
      }
    },
    "if4": {
      "module": "vb/action/builtin/ifAction",
      "parameters": {
        "condition": "[[ $page.variables.createRulesInfoObj.author != null && $page.variables.createRulesInfoObj.author != '' && $page.variables.createRulesInfoObj.author != 'undefined' && $page.variables.createRulesInfoObj.item_number != null && $page.variables.createRulesInfoObj.item_number != '' && $page.variables.createRulesInfoObj.item_number != 'undefined' ]]"
      },
      "outcomes": {
        "false": "resetVariablesCreateRulesInfoObj"
      }
    },
    "resetVariablesCreateRulesInfoObj2": {
      "module": "vb/action/builtin/resetVariablesAction",
      "parameters": {
        "variables": [
          "$page.variables.createRulesInfoObj.item_number"
        ]
      },
      "outcomes": {
        "success": "fireNotification3"
      }
    }
  },
  "variables": {
    "value": {
      "required": true,
      "type": "any",
      "input": "fromCaller"
    }
  }
}