{
  "description": "",
  "root": "callComponentItemNumberSearchOpen",
  "actions": {
    "callComponentItemNumberSearchOpen": {
      "module": "vb/action/builtin/callComponentMethodAction",
      "parameters": {
        "component": "{{ document.getElementById('ItemNumberSearch') }}",
        "method": "open"
      },
      "outcomes": {
        "success": "resetVariablesCreateRulesInfoObj"
      }
    },
    "resetVariablesCreateRulesInfoObj": {
      "module": "vb/action/builtin/resetVariablesAction",
      "parameters": {
        "variables": [
          "$page.variables.createRulesInfoObj.item_number",
          "$page.variables.p_item_number",
          "$page.variables.createRulesInfoObj.short_title",
          "$page.variables.createRulesInfoObj.author",
          "$flow.variables.getItemInfoSDP.data"
        ]
      }
    }
  },
  "variables": {}
}