{
  "description": "",
  "root": "assignVariables",
  "actions": {
    "assignVariables": {
      "module": "vb/action/builtin/assignVariablesAction",
      "parameters": {
        "$page.variables.createRulesInfoObj": {
          "source": {
            "organization": "{{ $page.variables.CurrentOrganizationInfoObj.organization_number }}",
            "organization_name": "{{ $page.variables.CurrentOrganizationInfoObj.organization_name }}"
          },
          "reset": "none",
          "auto": "always"
        }
      },
      "outcomes": {
        "success": "callComponentOrganizationNumberSearchClose"
      }
    },
    "callComponentOrganizationNumberSearchClose": {
      "module": "vb/action/builtin/callComponentMethodAction",
      "parameters": {
        "component": "{{ document.getElementById('OrganizationNumberSearch') }}",
        "method": "close"
      }
    }
  },
  "variables": {}
}