{
  "description": "",
  "root": "resetVariablesGetPostalCodesSDP",
  "actions": {

    "fireNotification": {
      "module": "vb/action/builtin/fireNotificationEventAction",
      "parameters": {
        "target": "leaf",
        "summary": "[[ $chain.results.callRestGetAutomaticHoldsGetPostalCodes2.message.summary ]]",
        "type": "error",
        "displayMode": "persist"
      }
    },
    "callRestGetAutomaticHoldsGetPostalCodes2": {
      "module": "vb/action/builtin/restAction",
      "parameters": {
        "endpoint": "ordsHbg_integration/getAutomaticHoldsGetPostalCodes2",
        "uriParams": {
          "P_COUNTRY_CODE": "{{ $page.variables.createRulesInfoObj.country }}",
          "P_GEOGRAPHY_NAME": "{{ $variables.CurrentValue }}"
        }
      },
      "outcomes": {
        "failure": "fireNotification",
        "success": "assignVariablesGetPostalCodesSDP"
      }
    },
    "assignVariablesGetPostalCodesSDP": {
      "module": "vb/action/builtin/assignVariablesAction",
      "parameters": {
        "$page.variables.getPostalCodesSDP": {
          "source": {
            "data": "{{ $chain.results.callRestGetAutomaticHoldsGetPostalCodes2.body.items }}"
          },
          "reset": "none",
          "auto": "always"
        }
      }
    },
    "resetVariablesGetPostalCodesSDP": {
      "module": "vb/action/builtin/resetVariablesAction",
      "parameters": {
        "variables": [
          "$page.variables.getPostalCodesSDP.data"
        ]
      },
      "outcomes": {
        "success": "ifCurrentValue"
      }
    },
    "ifCurrentValue": {
      "module": "vb/action/builtin/ifAction",
      "parameters": {
        "condition": "[[ $variables.CurrentValue.length >=3 ]]"
      },
      "outcomes": {
        "true": "callRestGetAutomaticHoldsGetPostalCodes2"
      }
    }
  },
  "variables": {
    "CurrentKey": {
      "type": "string",
      "input": "fromCaller"
    },
    "CurrentValue": {
      "type": "string",
      "input": "fromCaller"
    }
  }
}