{
  "description": "",
  "root": "resetVariablesCreateRulesInfoObj",
  "actions": {

    "callChainVbEnterAction": {
      "module": "vb/action/builtin/callChainAction",
      "parameters": {
        "id": "VbEnterAction"
      }
    },
    "resetVariablesCreateRulesInfoObj": {
      "module": "vb/action/builtin/resetVariablesAction",
      "parameters": {
        "variables": [
          "$page.variables.createRulesInfoObj"
        ]
      },
      "outcomes": {
        "success": "callChainVbEnterAction"
      }
    }
  },
  "variables": {}
}