{
  "root": "callFunctionGetCurrMonth",
  "description": "",
  "actions": {
    "callFunctionGetCurrMonth": {
      "module": "vb/action/builtin/callModuleFunctionAction",
      "parameters": {
        "module": "[[ $functions ]]",
        "functionName": "getCurrMonth",
        "returnType": "string"
      },
      "outcomes": {
        "success": "assignVariablesCreateRulesInfoObj"
      }
    },
    "assignVariablesCreateRulesInfoObj": {
      "module": "vb/action/builtin/assignVariablesAction",
      "parameters": {
        "$page.variables.createRulesInfoObj": {
          "source": {
            "start_date": "{{ $chain.results.callFunctionGetCurrMonth }}"
          },
          "reset": "none",
          "auto": "always"
        }
      }
    }
  }
}