{
    "openapi": "3.0.0",
    "info": {
        "version": "v01",
        "title": "INTS_03_10_HBG_AUTO_HOLD_TABL_RU",
        "x-vb": {
            "serviceType": "ics"
        }
    },
    "servers": [
        {
            "url": "vb-catalog://backends/ics/ic/api/integration/v1/flows/rest"
        }
    ],
    "paths": {
        "/INTS_03_10_HBG_AUTO_HOLD_TABL_RU/1.0/getTableRules": {
            "get": {
                "tags": [
                    "HBGAutomaticHolds/INTS_03_10_HBG_AUTO_HOLD_TABL_RU|01.00.0000",
                    "HBGAutomaticHolds"
                ],
                "operationId": "getINTS_03_10_HBG_AUTO_HOLD_TABL_RU1_0GetTableRules",
                "parameters": [
                    {
                        "name": "p_category1",
                        "in": "query",
                        "required": false,
                        "schema": {
                            "type": "string"
                        }
                    },
                    {
                        "name": "p_short_title",
                        "in": "query",
                        "required": false,
                        "schema": {
                            "type": "string"
                        }
                    }                    ,
                    {
                        "name": "p_category2",
                        "in": "query",
                        "required": false,
                        "schema": {
                            "type": "string"
                        }
                    }                    ,
                    {
                        "name": "p_organization_name",
                        "in": "query",
                        "required": false,
                        "schema": {
                            "type": "string"
                        }
                    }                    ,
                    {
                        "name": "p_state",
                        "in": "query",
                        "required": false,
                        "schema": {
                            "type": "string"
                        }
                    }                    ,
                    {
                        "name": "p_short_author",
                        "in": "query",
                        "required": false,
                        "schema": {
                            "type": "string"
                        }
                    }                    ,
                    {
                        "name": "p_reporting_group",
                        "in": "query",
                        "required": false,
                        "schema": {
                            "type": "string"
                        }
                    }                    ,
                    {
                        "name": "p_holdname",
                        "in": "query",
                        "required": false,
                        "schema": {
                            "type": "string"
                        }
                    }                    ,
                    {
                        "name": "p_autoreleaseflag",
                        "in": "query",
                        "required": false,
                        "schema": {
                            "type": "string"
                        }
                    }                    ,
                    {
                        "name": "p_owner",
                        "in": "query",
                        "required": false,
                        "schema": {
                            "type": "string"
                        }
                    }                    ,
                    {
                        "name": "p_organization",
                        "in": "query",
                        "required": false,
                        "schema": {
                            "type": "string"
                        }
                    }                    ,
                    {
                        "name": "p_country",
                        "in": "query",
                        "required": false,
                        "schema": {
                            "type": "string"
                        }
                    }                    ,
                    {
                        "name": "p_account_number",
                        "in": "query",
                        "required": false,
                        "schema": {
                            "type": "string"
                        }
                    }                    ,
                    {
                        "name": "p_shipto_name",
                        "in": "query",
                        "required": false,
                        "schema": {
                            "type": "string"
                        }
                    }                    ,
                    {
                        "name": "p_item_number",
                        "in": "query",
                        "required": false,
                        "schema": {
                            "type": "string"
                        }
                    }                    ,
                    {
                        "name": "p_shipto",
                        "in": "query",
                        "required": false,
                        "schema": {
                            "type": "string"
                        }
                    }                    ,
                    {
                        "name": "p_account_name",
                        "in": "query",
                        "required": false,
                        "schema": {
                            "type": "string"
                        }
                    }
               ],
                "responses": {
                    "500": {
                        "description": "Faults",
                        "content": {
                            "application/json": {
                                "schema": {
                                    "$ref": "#/components/schemas/APIInvocationError"
                                }
                            }
                        }
                    },
                    "default": {
                        "description": "A sample description of the Response",
                        "content": {
                            "application/json": {
                                "schema": {
                                    "$ref": "#/components/schemas/response-wrapper"
                                }
                            }
                        }
                    }
                },
                "security": [
                    {
                        "oauth2Authentication": []
                    },
                    {
                        "basicAuthentication": []
                    }
                ]
            }
        },
        "/INT_03_11_HBG_AUT_HOL_TAB_RUL_UP/1.0/getTableRules": {
            "post": {
                "tags": [
                    "HBGAutomaticHolds/INT_03_11_HBG_AUT_HOL_TAB_RUL_UP|01.00.0000",
                    "HBGAutomaticHolds"
                ],
                "operationId": "postINT_03_11_HBG_AUT_HOL_TAB_RUL_UP1_0GetTableRules",
                "parameters": [],
                "requestBody": {
                    "content": {
                        "application/json": {
                            "schema": {
                                "$ref": "#/components/schemas/request-wrapper"
                            }
                        }
                    },
                    "required": false
                },
                "responses": {
                    "204": {
                        "description": "No content defined for this response"
                    }
                },
                "security": [
                    {
                        "oauth2Authentication": []
                    },
                    {
                        "basicAuthentication": []
                    }
                ]
            }
        },
        "/INT_03_11_HBG_AUT_HOL_TAB_RUL_CR/1.0/getTableRules": {
            "post": {
                "tags": [
                    "HBGAutomaticHolds/INT_03_11_HBG_AUT_HOL_TAB_RUL_CR|01.00.0000",
                    "HBGAutomaticHolds"
                ],
                "operationId": "postINT_03_11_HBG_AUT_HOL_TAB_RUL_CR1_0GetTableRules",
                "parameters": [],
                "requestBody": {
                    "content": {
                        "application/json": {
                            "schema": {
                                "$ref": "#/components/schemas/request-wrapper-1"
                            }
                        }
                    },
                    "required": false
                },
                "responses": {
                    "500": {
                        "description": "Faults",
                        "content": {
                            "application/json": {
                                "schema": {
                                    "$ref": "#/components/schemas/APIInvocationError-1"
                                }
                            }
                        }
                    },
                    "default": {
                        "description": "A sample description of the Response",
                        "content": {
                            "application/json": {
                                "schema": {
                                    "$ref": "#/components/schemas/response-wrapper-1"
                                }
                            }
                        }
                    }
                },
                "security": [
                    {
                        "oauth2Authentication": []
                    },
                    {
                        "basicAuthentication": []
                    }
                ]
            }
        },
        "/INT_03_13_HBG_AUT_HOL_TAB_RUL_UP/1.0/getTableRules": {
            "post": {
                "tags": [
                    "HBGAutomaticHolds/INT_03_13_HBG_AUT_HOL_TAB_RUL_UP|01.00.0000",
                    "HBGAutomaticHolds"
                ],
                "operationId": "postINT_03_13_HBG_AUT_HOL_TAB_RUL_UP1_0GetTableRules",
                "parameters": [],
                "requestBody": {
                    "content": {
                        "application/json": {
                            "schema": {
                                "$ref": "#/components/schemas/request-wrapper-2"
                            }
                        }
                    },
                    "required": false
                },
                "responses": {
                    "204": {
                        "description": "No content defined for this response"
                    }
                },
                "security": [
                    {
                        "oauth2Authentication": []
                    },
                    {
                        "basicAuthentication": []
                    }
                ]
            }
        }
    },
    "components": {
        "schemas": {
            "APIInvocationError": {
                "type": "object",
                "required": [
                    "detail",
                    "errorCode",
                    "errorDetails",
                    "title",
                    "type"
                ],
                "properties": {
                    "type": {
                        "type": "string"
                    },
                    "title": {
                        "type": "string"
                    },
                    "detail": {
                        "type": "string"
                    },
                    "errorCode": {
                        "type": "string"
                    },
                    "errorDetails": {
                        "type": "array",
                        "items": {
                            "type": "object",
                            "properties": {
                                "type": {
                                    "type": "string"
                                },
                                "instance": {
                                    "type": "string"
                                },
                                "title": {
                                    "type": "string"
                                },
                                "errorPath": {
                                    "type": "string"
                                },
                                "errorCode": {
                                    "type": "string"
                                }
                            },
                            "required": [
                                "errorCode",
                                "errorPath",
                                "instance",
                                "title",
                                "type"
                            ]
                        },
                        "minItems": 1
                    }
                }
            },
            "response-wrapper": {
                "type": "object",
                "required": [
                    "tabledata"
                ],
                "properties": {
                    "tabledata": {
                        "type": "array",
                        "items": {
                            "type": "object",
                            "properties": {
                                "OWNER_NAME": {
                                    "type": "string"
                                },
                                "REPORTING_GROUP": {
                                    "type": "string"
                                },
                                "CATEGORY_1": {
                                    "type": "string"
                                },
                                "CATEGORY_2": {
                                    "type": "string"
                                },
                                "ITEM_NUMBER": {
                                    "type": "string"
                                },
                                "AUTHOR": {
                                    "type": "string"
                                },
                                "SHORT_TITLE": {
                                    "type": "string"
                                },
                                "ORGANIZATION": {
                                    "type": "string"
                                },
                                "SET_NAME": {
                                    "type": "string"
                                },
                                "ACCOUNT_NUMBER": {
                                    "type": "string"
                                },
                                "ACCOUNT_NAME": {
                                    "type": "string"
                                },
                                "SHIP_TO_SITE": {
                                    "type": "string"
                                },
                                "PARTY_SITE_NAME": {
                                    "type": "string"
                                },
                                "COUNTRY": {
                                    "type": "string"
                                },
                                "STATE": {
                                    "type": "string"
                                },
                                "HOLD_NAME": {
                                    "type": "string"
                                },
                                "HOLD_COMMENTS": {
                                    "type": "string"
                                },
                                "START_DATE": {
                                    "type": "string"
                                },
                                "END_DATE": {
                                    "type": "string"
                                },
                                "AUTO_RELEASE_FLAG": {
                                    "type": "string"
                                },
                                "COMMENTS": {
                                    "type": "string"
                                },
                                "RULE_ID": {
                                    "type": "string"
                                }
                            },
                            "required": [
                                "ACCOUNT_NAME",
                                "ACCOUNT_NUMBER",
                                "AUTHOR",
                                "AUTO_RELEASE_FLAG",
                                "CATEGORY_1",
                                "CATEGORY_2",
                                "COMMENTS",
                                "COUNTRY",
                                "END_DATE",
                                "HOLD_COMMENTS",
                                "HOLD_NAME",
                                "ITEM_NUMBER",
                                "ORGANIZATION",
                                "OWNER_NAME",
                                "PARTY_SITE_NAME",
                                "REPORTING_GROUP",
                                "RULE_ID",
                                "SET_NAME",
                                "SHIP_TO_SITE",
                                "SHORT_TITLE",
                                "START_DATE",
                                "STATE"
                            ]
                        },
                        "minItems": 1
                    }
                }
            },
            "GetINTS_03_10_HBG_AUTO_HOLD_TABL_RU1_0GetTableRules": {
                "type": "object",
                "properties": {
                    "tabledata": {
                        "type": "array",
                        "items": {
                            "type": "object",
                            "properties": {
                                "OWNER_NAME": {
                                    "type": "string"
                                },
                                "REPORTING_GROUP": {
                                    "type": "string"
                                },
                                "CATEGORY_1": {
                                    "type": "string"
                                },
                                "CATEGORY_2": {
                                    "type": "string"
                                },
                                "ITEM_NUMBER": {
                                    "type": "string"
                                },
                                "AUTHOR": {
                                    "type": "string"
                                },
                                "SHORT_TITLE": {
                                    "type": "string"
                                },
                                "ORGANIZATION": {
                                    "type": "string"
                                },
                                "SET_NAME": {
                                    "type": "string"
                                },
                                "ACCOUNT_NUMBER": {
                                    "type": "string"
                                },
                                "ACCOUNT_NAME": {
                                    "type": "string"
                                },
                                "SHIP_TO_SITE": {
                                    "type": "string"
                                },
                                "PARTY_SITE_NAME": {
                                    "type": "string"
                                },
                                "COUNTRY": {
                                    "type": "string"
                                },
                                "STATE": {
                                    "type": "string"
                                },
                                "HOLD_NAME": {
                                    "type": "string"
                                },
                                "HOLD_COMMENTS": {
                                    "type": "string"
                                },
                                "START_DATE": {
                                    "type": "string"
                                },
                                "END_DATE": {
                                    "type": "string"
                                },
                                "AUTO_RELEASE_FLAG": {
                                    "type": "string"
                                },
                                "COMMENTS": {
                                    "type": "string"
                                },
                                "RULE_ID": {
                                    "type": "string"
                                }
                            }
                        }
                    }
                }
            },
            "request-wrapper": {
                "type": "object",
                "required": [
                    "AutoReleaseFlag",
                    "Comments",
                    "End_Date",
                    "Rule_id"
                ],
                "properties": {
                    "Rule_id": {
                        "type": "string"
                    },
                    "Comments": {
                        "type": "string"
                    },
                    "AutoReleaseFlag": {
                        "type": "string"
                    },
                    "End_Date": {
                        "type": "string"
                    }
                }
            },
            "request-wrapper-1": {
                "type": "object",
                "required": [
                    "AccountNumber",
                    "AutoReleaseFlag",
                    "Category1",
                    "Category2",
                    "Comments",
                    "Country",
                    "EndDate",
                    "HoldComments",
                    "HoldName",
                    "ItemNumber",
                    "OrganizationNumber",
                    "OwnerName",
                    "ReportingGroup",
                    "ShiptoSite",
                    "StartDate",
                    "State"
                ],
                "properties": {
                    "OwnerName": {
                        "type": "string"
                    },
                    "ReportingGroup": {
                        "type": "string"
                    },
                    "Category1": {
                        "type": "string"
                    },
                    "Category2": {
                        "type": "string"
                    },
                    "ItemNumber": {
                        "type": "string"
                    },
                    "OrganizationNumber": {
                        "type": "string"
                    },
                    "AccountNumber": {
                        "type": "string"
                    },
                    "ShiptoSite": {
                        "type": "string"
                    },
                    "Country": {
                        "type": "string"
                    },
                    "State": {
                        "type": "string"
                    },
                    "HoldName": {
                        "type": "string"
                    },
                    "HoldComments": {
                        "type": "string"
                    },
                    "StartDate": {
                        "type": "string"
                    },
                    "EndDate": {
                        "type": "string"
                    },
                    "AutoReleaseFlag": {
                        "type": "string"
                    },
                    "Comments": {
                        "type": "string"
                    }
                }
            },
            "APIInvocationError-1": {
                "type": "object",
                "required": [
                    "detail",
                    "errorCode",
                    "errorDetails",
                    "title",
                    "type"
                ],
                "properties": {
                    "type": {
                        "type": "string"
                    },
                    "title": {
                        "type": "string"
                    },
                    "detail": {
                        "type": "string"
                    },
                    "errorCode": {
                        "type": "string"
                    },
                    "errorDetails": {
                        "type": "array",
                        "items": {
                            "type": "object",
                            "properties": {
                                "type": {
                                    "type": "string"
                                },
                                "instance": {
                                    "type": "string"
                                },
                                "title": {
                                    "type": "string"
                                },
                                "errorPath": {
                                    "type": "string"
                                },
                                "errorCode": {
                                    "type": "string"
                                }
                            },
                            "required": [
                                "errorCode",
                                "errorPath",
                                "instance",
                                "title",
                                "type"
                            ]
                        },
                        "minItems": 1
                    }
                }
            },
            "response-wrapper-1": {
                "type": "object",
                "required": [
                    "Status"
                ],
                "properties": {
                    "Status": {
                        "type": "string"
                    }
                }
            },
            "request-wrapper-2": {
                "type": "object",
                "required": [
                    "AutoReleaseFlag",
                    "Comments",
                    "End_Date",
                    "Rule_id"
                ],
                "properties": {
                    "Rule_id": {
                        "type": "string"
                    },
                    "Comments": {
                        "type": "string"
                    },
                    "AutoReleaseFlag": {
                        "type": "string"
                    },
                    "End_Date": {
                        "type": "string"
                    }
                }
            }
        }
    }
}