{
  "description": "",
  "root": "assignVariablesRowsalesforce",
  "actions": {
    "assignVariablesRowsalesforce": {
      "module": "vb/action/builtin/assignVariablesAction",
      "parameters": {
        "$page.variables.rowsalesforce": {
          "source": "{{ $variables.rowData.sales_force }}"
        },
        "$page.variables.SelectedSFnumber": {
          "source": "{{ $variables.rowData.sales_force }}"
        }
      },
      "outcomes": {
        "success": "callChainFetchMappingTblData"
      }
    },
    "callChainFetchMappingTblData": {
      "module": "vb/action/builtin/callChainAction",
      "parameters": {
        "id": "FetchMappingTblData"
      }
    }
  },
  "variables": {
    "rowKey": {
      "required": true,
      "type": "any",
      "input": "fromCaller"
    },
    "rowData": {
      "required": true,
      "type": "any",
      "input": "fromCaller"
    }
  }
}