{
  "description": "",
  "root": "resetVariablesSalesAssignCreatObj",
  "actions": {

    "fireNotification": {
      "module": "vb/action/builtin/fireNotificationEventAction",
      "parameters": {
        "target": "leaf",
        "summary": "failed to fetch Details",
        "type": "error",
        "displayMode": "transient"
      }
    },
    "callRestGetLookupValueDetails": {
      "module": "vb/action/builtin/restAction",
      "parameters": {
        "endpoint": "devOrds/GetLookupValueDetails",
        "uriParams": {
          "P_LOOKUP_TYPE": "HBG_CATEGORY_2",
          "P_LOOKUP_CODE": "{{ $page.variables.salesAssignCreatObj.category_2 }}"
        }
      },
      "outcomes": {
        "failure": "fireNotification",
        "success": "assignVariablesSalesAssignCreatObj"
      }
    },
    "resetVariablesSalesAssignCreatObj": {
      "module": "vb/action/builtin/resetVariablesAction",
      "parameters": {
        "variables": [
          "$page.variables.salesAssignCreatObj.category_2_description"
        ]
      },
      "outcomes": {
        "success": "callRestGetLookupValueDetails"
      }
    },
    "assignVariablesSalesAssignCreatObj": {
      "module": "vb/action/builtin/assignVariablesAction",
      "parameters": {
        "$page.variables.salesAssignCreatObj": {
          "source": {
            "category_2_description": "{{ $chain.results.callRestGetLookupValueDetails.body.items[0].meaning }}"
          },
          "reset": "none",
          "auto": "always"
        }
      }
    }
  },
  "variables": {
    "key": {
      "required": true,
      "type": "any",
      "input": "fromCaller"
    },
    "data": {
      "required": true,
      "type": "any",
      "input": "fromCaller"
    },
    "metadata": {
      "required": true,
      "type": "any",
      "input": "fromCaller"
    }
  }
}