{
  "description": "",
  "root": "ifMappingDlg",
  "actions": {

    "resetVariablesMappingCreateObj": {
      "module": "vb/action/builtin/resetVariablesAction",
      "parameters": {
        "variables": [
          "$page.variables.MappingCreateObj.category_2_description"

         
        ]
      },
      "outcomes": {
        "success": "callChainFetchcategory2Desc"
      }
    },
    "callChainFetchcategory2Desc": {
      "module": "vb/action/builtin/callChainAction",
      "parameters": {
        "id": "fetchcategory2Desc"
      }
    },
    "ifMappingDlg": {
      "module": "vb/action/builtin/ifAction",
      "parameters": {
        "condition": "[[ $page.variables.mappingDlg === \"Create\" ]]"
      },
      "outcomes": {
        "true": "resetVariablesMappingCreateObj",
        "false": "callChainFetchcategory2Desc"
      }
    }
  },
  "variables": {
    "key": {
      "required": true,
      "type": "any",
      "input": "fromCaller"
    },
    "data": {
      "required": true,
      "type": "any",
      "input": "fromCaller"
    },
    "metadata": {
      "required": true,
      "type": "any",
      "input": "fromCaller"
    }
  }
}