{
  "description": "",
  "root": "callFunctionValidateGroup",
  "actions": {
    "assignVariablesMappingCreateObj": {
      "module": "vb/action/builtin/assignVariablesAction",
      "parameters": {
        "$page.variables.MappingCreateObj": {
          "source": {
            "updated_by": "{{ $application.user.email }}",
            "entered_by": "{{ $application.user.email }}"
          },
          "reset": "none",
          "auto": "always"
        }
      },
      "outcomes": {
        "success": "callRestPostSalesCreditSFMapping"
      }
    },
    "callComponentCreatemappingClose": {
      "module": "vb/action/builtin/callComponentMethodAction",
      "parameters": {
        "component": "{{ document.getElementById('createmapping') }}",
        "method": "close"
      },
      "outcomes": {
        "success": "callChainFetchMappingTblData"
      }
    },
    "fireNotification": {
      "module": "vb/action/builtin/fireNotificationEventAction",
      "parameters": {
        "target": "leaf",
        "summary": "[[ $chain.results.callRestPostSalesCreditSFMapping.body.p_return_status ]]",
        "type": "error",
        "displayMode": "transient"
      }
    },
    "callRestPostSalesCreditSFMapping": {
      "module": "vb/action/builtin/restAction",
      "parameters": {
        "endpoint": "devOrds/postSalesCreditSFMapping",
        "body": "{{ $page.variables.MappingCreateObj }}"
      },
      "outcomes": {
        "failure": "fireNotification",
        "success": "fireNotification3"
      }
    },
    "fireNotification3": {
      "module": "vb/action/builtin/fireNotificationEventAction",
      "parameters": {
        "target": "leaf",
        "summary": "Mapping Created Successfully",
        "displayMode": "transient",
        "type": "confirmation"
      },
      "outcomes": {
        "success": "callComponentCreatemappingClose"
      }
    },
    "callFunctionValidateGroup": {
      "module": "vb/action/builtin/callModuleFunctionAction",
      "parameters": {
        "module": "[[ $application.functions ]]",
        "functionName": "validateGroup",
        "params": [
          "mappingvalidation"
        ]
      },
      "outcomes": {
        "success": "if"
      }
    },
    "if": {
      "module": "vb/action/builtin/ifAction",
      "parameters": {
        "condition": "[[ $chain.results.callFunctionValidateGroup === 'valid' ]]"
      },
      "outcomes": {
        "true": "assignVariablesMappingCreateObj",
        "false": "callChainFetchMappingTblData"
      }
    },
    "callChainFetchMappingTblData": {
      "module": "vb/action/builtin/callChainAction",
      "parameters": {
        "id": "FetchMappingTblData"
      }
    }
  },
  "variables": {}
}