{
  "description": "",
  "root": "callRestDeleteSalesCreditAssignAccountTypeSalesForce2",
  "actions": {

    "fireNotification": {
      "module": "vb/action/builtin/fireNotificationEventAction",
      "parameters": {
        "target": "leaf",
        "summary": "Failed to Delete Account Type",
        "type": "error",
        "displayMode": "transient"
      }
    },
    "callRestDeleteSalesCreditAssignAccountTypeSalesForce2": {
      "module": "vb/action/builtin/restAction",
      "parameters": {
        "endpoint": "devOrds/deleteSalesCreditAssignAccountTypeSalesForce2",
        "uriParams": {
          "SF_ACCOUNT_ID": "{{ $variables.current.row.sf_account_id }}"
        }
      },
      "outcomes": {
        "failure": "fireNotification",
        "success": "fireNotification3"
      }
    },
    "callChainFetchAssignAccountAction": {
      "module": "vb/action/builtin/callChainAction",
      "parameters": {
        "id": "FetchAssignAccountAction"
      }
    },
    "fireNotification3": {
      "module": "vb/action/builtin/fireNotificationEventAction",
      "parameters": {
        "target": "leaf",
        "summary": "Successfully Deleted Assign Account Type",
        "displayMode": "transient",
        "type": "confirmation"
      },
      "outcomes": {
        "success": "callChainFetchAssignAccountAction"
      }
    }
  },
  "variables": {
    "key": {
      "required": true,
      "type": "any",
      "input": "fromCaller"
    },
    "index": {
      "required": true,
      "type": "number",
      "input": "fromCaller"
    },
    "current": {
      "required": true,
      "type": "any",
      "input": "fromCaller"
    }
  }
}