{
  "description": "",
  "root": "ifData",
  "actions": {
    "fireNotification": {
      "module": "vb/action/builtin/fireNotificationEventAction",
      "parameters": {
        "target": "leaf",
        "summary": "[[ $chain.results.callRestGetSalesCreditGetsalesNamebySalesForce.message.summary ]]",
        "type": "error",
        "displayMode": "transient"
      }
    },
    "callRestGetSalesCreditGetsalesNamebySalesForce": {
      "module": "vb/action/builtin/restAction",
      "parameters": {
        "endpoint": "devOrds/getSalesCreditGetsalesNamebySalesForce",
        "uriParams": {
          "SALES_FORCE_NUMBER": "{{ $variables.data.sales_force_number }}"
        }
      },
      "outcomes": {
        "failure": "fireNotification",
        "success": "assignVariablesAccountTypeRowData"
      }
    },
    "assignVariablesAccountTypeRowData": {
      "module": "vb/action/builtin/assignVariablesAction",
      "parameters": {
        "$page.variables.AccountTypeRowData": {
          "source": {
            "sales_force_name": "{{ $chain.results.callRestGetSalesCreditGetsalesNamebySalesForce.body.items[0].sales_force_name }}"
          },
          "reset": "none",
          "auto": "always"
        }
      }
    },
    "ifData": {
      "module": "vb/action/builtin/ifAction",
      "parameters": {
        "condition": "[[ $variables.data.sales_force_number ]]"
      },
      "outcomes": {
        "true": "callRestGetSalesCreditGetsalesNamebySalesForce",
        "false": "resetVariablesAccountTypeRowData"
      }
    },
    "resetVariablesAccountTypeRowData": {
      "module": "vb/action/builtin/resetVariablesAction",
      "parameters": {
        "variables": [
          "$page.variables.AccountTypeRowData.sales_force_name"
        ]
      }
    }
  },
  "variables": {
    "key": {
      "required": true,
      "type": "any",
      "input": "fromCaller"
    },
    "data": {
      "required": true,
      "type": "any",
      "input": "fromCaller"
    },
    "metadata": {
      "required": true,
      "type": "any",
      "input": "fromCaller"
    }
  }
}