{
    "items": [
        {
            "external_pub_code": "pu",
            "external_pub_name": "name",
            "external_pub_abbr": "abbr"
        }
    ],
    "hasMore": false,
    "limit": 25,
    "offset": 0,
    "count": 1,
    "links": [
        {
            "rel": "self",
            "href": "https://10.2.0.169:8081/ords/hbg_integration/familyCode/PublisherLOV"
        },
        {
            "rel": "describedby",
            "href": "https://10.2.0.169:8081/ords/hbg_integration/metadata-catalog/familyCode/item"
        },
        {
            "rel": "first",
            "href": "https://10.2.0.169:8081/ords/hbg_integration/familyCode/PublisherLOV"
        }
    ]
}