{
  "description": "",
  "root": "resetVariablesClientCreateObj",
  "actions": {
    "resetVariablesClientCreateObj": {
      "module": "vb/action/builtin/resetVariablesAction",
      "parameters": {
        "variables": [
          "$page.variables.ClientCreateObj"
        ]
      },
      "outcomes": {
        "success": "assignVariablesClientinfoDlglabel"
      }
    },
    "assignVariablesClientinfoDlglabel": {
      "module": "vb/action/builtin/assignVariablesAction",
      "parameters": {
        "$page.variables.ClientinfoDlglabel": {
          "source": "Create"
        }
      },
      "outcomes": {
        "success": "callComponentClientinfoOpen"
      }
    },
    "callComponentClientinfoOpen": {
      "module": "vb/action/builtin/callComponentMethodAction",
      "parameters": {
        "component": "{{ document.getElementById('clientinfo') }}",
        "method": "open"
      }
    }
  },
  "variables": {}
}