{
  "description": "",
  "root": "assignVariablesEdiDlglabel",
  "actions": {
    "assignVariablesEdiDlglabel": {
      "module": "vb/action/builtin/assignVariablesAction",
      "parameters": {
        "$page.variables.ediDlglabel": {
          "source": "Create"
        }
      },
      "outcomes": {
        "success": "callComponentEdiprofileOpen"
      }
    },
    "callComponentEdiprofileOpen": {
      "module": "vb/action/builtin/callComponentMethodAction",
      "parameters": {
        "component": "{{ document.getElementById('ediprofile') }}",
        "method": "open"
      }
    }
  },
  "variables": {}
}