{
  "description": "",
  "root": "ifValue",
  "actions": {
    "ifValue": {
      "module": "vb/action/builtin/ifAction",
      "parameters": {
        "condition": "[[ $variables.value ]]"
      },
      "outcomes": {
        "true": "if",
        "false": "resetVariables2"
      }
    },
    "resetVariables2": {
      "module": "vb/action/builtin/resetVariablesAction",
      "parameters": {      "variables": [
          "$page.variables.ClientCreateObj.category1_description",
          "$page.variables.ClientCreateObj.category2",
          "$page.variables.ClientCreateObj.category2_description",
          "$page.variables.category2Array"
        ]}
    },
    "resetVariablesClientCreateObj": {
      "module": "vb/action/builtin/resetVariablesAction",
      "parameters": {
        "variables": [
          "$page.variables.ClientCreateObj.category1_description",
          "$page.variables.ClientCreateObj.category2",
          "$page.variables.ClientCreateObj.category2_description",
          "$page.variables.Rowcategory1",
          "$page.variables.category2Array"
        ]
      },
      "outcomes": {
        "success": "callRestGetCat1NamebyCode"
      }
    },
    "callRestGetCat1NamebyCode": {
      "module": "vb/action/builtin/restAction",
      "parameters": {
        "endpoint": "devOrds/GetCat1NamebyCode",
        "uriParams": {
          "P_CATEGORY1_CODE": "{{ $variables.value }}",
          "P_REPORTING_GROUP_ID": "{{ $page.variables.ClientCreateObj.ReportinggroupId }}"
        }
      },
      "outcomes": {
        "success": "callRestGetCategory2"
      }
    },
    "assignVariablesClientCreateObj": {
      "module": "vb/action/builtin/assignVariablesAction",
      "parameters": {
        "$page.variables.ClientCreateObj": {
          "source": {
            "cat1Id": "{{ $chain.results.callRestGetCat1NamebyCode.body.items[0].category1_id }}",
            "category1_description": "{{ $chain.results.callRestGetCat1NamebyCode.body.items[0].category1_name }}"
          },
          "reset": "none",
          "auto": "always"
        },
        "$page.variables.category2Array": {
          "source": "{{ $chain.results.callRestGetCategory2.body.items }}"
        }
 
      }
    },
    "if": {
      "module": "vb/action/builtin/ifAction",
      "parameters": {
        "condition": "[[ $variables.value !== $page.variables.Rowcategory1 ]]"
      },
      "outcomes": {
        "true": "resetVariablesClientCreateObj",
        "false": "callRestGetCat1NamebyCode"
      }
    },
    "callRestGetCategory2": {
      "module": "vb/action/builtin/restAction",
      "parameters": {
        "endpoint": "devOrds/GetCategory2",
        "uriParams": {
          "P_CATEGORY1_ID": "{{ $chain.results.callRestGetCat1NamebyCode.body.items[0].category1_id }}",
          "P_CATEGORY_CODE": "{{ \"\" }}"
        }
      },
      "outcomes": {
        "success": "assignVariablesClientCreateObj"
      }
    }
  },
  "variables": {
    "value": {
      "required": true,
      "type": "any",
      "input": "fromCaller"
    }
  }
}