{
  "description": "",
  "root": "callFunctionArraytoString",
  "actions": {

    "callComponentClientinfoOpen": {
      "module": "vb/action/builtin/callComponentMethodAction",
      "parameters": {
        "component": "{{ document.getElementById('clientinfo') }}",
        "method": "open"
      }
    },
    "callFunctionArraytoString": {
      "module": "vb/action/builtin/callModuleFunctionAction",
      "parameters": {
        "module": "[[ $functions ]]",
        "functionName": "ArraytoString",
        "params": [
          "{{ $variables.current.row.default_account_type_owners }}"
        ]
      },
      "outcomes": {
        "success": "assignVariablesClientinfoDlglabel"
      }
    },
    "assignVariablesClientinfoDlglabel": {
      "module": "vb/action/builtin/assignVariablesAction",
      "parameters": {
        "$page.variables.ClientinfoDlglabel": {
          "source": "Edit"
        },
        "$page.variables.Rowcategory1": {
          "source": "{{ $variables.current.row.category1 }}"
        },
        "$page.variables.Rowcategory2": {
          "source": "{{ $variables.current.row.category2 }}"
        },
        "$page.variables.RowOwner": {
          "source": "{{ $variables.current.row.cust_owner }}"
        },
        "$page.variables.RowReportingGroup": {
          "source": "{{ $variables.current.row.reporting_group }}"
        },
        "$page.variables.ClientCreateObj": {
          "source": "{{ $variables.current.row }}",
          "auto": "always"
        }
      },
      "outcomes": {
        "success": "assignVariablesClientCreateObj"
      }
    },
    "assignVariablesClientCreateObj": {
      "module": "vb/action/builtin/assignVariablesAction",
      "parameters": {
        "$page.variables.ClientCreateObj": {
          "source": {
            "default_account_type_owners_array": "{{ $chain.results.callFunctionArraytoString }}"
          },
          "reset": "none",
          "auto": "always"
        }
      },
      "outcomes": {
        "success": "callComponentClientinfoOpen"
      }
    }
  },
  "variables": {
    "key": {
      "required": true,
      "type": "any",
      "input": "fromCaller"
    },
    "index": {
      "required": true,
      "type": "number",
      "input": "fromCaller"
    },
    "current": {
      "required": true,
      "type": "any",
      "input": "fromCaller"
    }
  }
}