{
  "description": "",
  "root": "resetVariablesInventorySearchObj",
  "actions": {
    "resetVariablesInventorySearchObj": {
      "module": "vb/action/builtin/resetVariablesAction",
      "parameters": {
        "variables": [
          "$page.variables.inventorySearchObj"
        ]
      },
      "outcomes": {
        "success": "callComponentInventoryClose"
      }
    },
    "callComponentInventoryClose": {
      "module": "vb/action/builtin/callComponentMethodAction",
      "parameters": {
        "component": "{{ document.getElementById('inventory') }}",
        "method": "close"
      }
    }
  },
  "variables": {}
}