{
  "description": "",
  "root": "callFunctionValidateGroup",
  "actions": {
    "callFunctionValidateGroup": {
      "module": "vb/action/builtin/callModuleFunctionAction",
      "parameters": {
        "module": "[[ $application.functions ]]",
        "functionName": "validateGroup",
        "params": [
          "inventoryValidation"
        ]
      },
      "outcomes": {
        "success": "if"
      }
    },
    "if": {
      "module": "vb/action/builtin/ifAction",
      "parameters": {
        "condition": "[[ $chain.results.callFunctionValidateGroup === 'valid' ]]"
      },
      "outcomes": {
        "true": "ifInvmappingDlglabel"
      }
    },
    "ifInvmappingDlglabel": {
      "module": "vb/action/builtin/ifAction",
      "parameters": {
        "condition": "[[ $page.variables.invmappingDlglabel === \"Create\" ]]"
      },
      "outcomes": {
        "true": "assignVariablesInventorySearchObj",
        "false": "assignVariablesInventorySearchObj2"
      }
    },
    "assignVariablesInventorySearchObj": {
      "module": "vb/action/builtin/assignVariablesAction",
      "parameters": {
        "$page.variables.inventorySearchObj": {
          "source": {
            "updated_by": "{{ $application.user.email }}",
            "entered_by": "{{ $application.user.email }}",
            "party_number": "{{ $page.variables.flowPartyNumber }}",
            "cust_account_id": "{{ $page.variables.SelectedNavCustAccId }}"
          },
          "reset": "none",
          "auto": "always"
        }
      },
      "outcomes": {
        "success": "callRestPostInventoryTypeMapping"
      }
    },
    "assignVariablesInventorySearchObj2": {
      "module": "vb/action/builtin/assignVariablesAction",
      "parameters": {
        "$page.variables.inventorySearchObj": {
          "source": {
            "updated_by": "{{ $application.user.email }}"
          },
          "auto": "always",
          "reset": "none"
        }
      },
      "outcomes": {
        "success": "callRestPutInventoryTypeMapping"
      }
    },
    "callChainFetchInventoryTblAction": {
      "module": "vb/action/builtin/callChainAction",
      "parameters": {
        "id": "FetchInventoryTblAction"
      },
      "outcomes": {
        "success": "callChainCloseInventoryTypeDlgAction"
      }
    },
    "callChainFetchInventoryTblAction2": {
      "module": "vb/action/builtin/callChainAction",
      "parameters": {
        "id": "FetchInventoryTblAction"
      },
      "outcomes": {
        "success": "callChainCloseInventoryTypeDlgAction2"
      }
    },
    "callChainCloseInventoryTypeDlgAction": {
      "module": "vb/action/builtin/callChainAction",
      "parameters": {
        "id": "CloseInventoryTypeDlgAction"
      }
    },
    "callChainCloseInventoryTypeDlgAction2": {
      "module": "vb/action/builtin/callChainAction",
      "parameters": {
        "id": "CloseInventoryTypeDlgAction"
      }
    },
    "fireNotification": {
      "module": "vb/action/builtin/fireNotificationEventAction",
      "parameters": {
        "target": "leaf",
        "summary": "Failed to Create Inventory Type Mapping",
        "type": "error",
        "displayMode": "persist"
      }
    },
    "callRestPostInventoryTypeMapping": {
      "module": "vb/action/builtin/restAction",
      "parameters": {
        "endpoint": "devOrds/PostInventoryTypeMapping",
        "body": "{{ $page.variables.inventorySearchObj }}"
      },
      "outcomes": {
        "failure": "fireNotification",
        "success": "if3"
      }
    },
    "if3": {
      "module": "vb/action/builtin/ifAction",
      "parameters": {
        "condition": "[[ $chain.results.callRestPostInventoryTypeMapping.body.p_return_status === \"SUCCESS\" ]]"
      },
      "outcomes": {
        "true": "fireNotification3",
        "false": "fireNotification4"
      }
    },
    "fireNotification4": {
      "module": "vb/action/builtin/fireNotificationEventAction",
      "parameters": {
        "target": "leaf",
        "summary": "[[ $chain.results.callRestPostInventoryTypeMapping.body.p_return_status ]]",
        "displayMode": "transient"
      }
    },
    "fireNotification3": {
      "module": "vb/action/builtin/fireNotificationEventAction",
      "parameters": {
        "target": "leaf",
        "displayMode": "transient",
        "type": "confirmation",
        "summary": "Inventory Type Mapping Created Successfully"
      },
      "outcomes": {
        "success": "callChainFetchInventoryTblAction"
      }
    },
    "callRestPutInventoryTypeMapping": {
      "module": "vb/action/builtin/restAction",
      "parameters": {
        "endpoint": "devOrds/putInventoryTypeMapping",
        "body": "{{ $page.variables.inventorySearchObj }}"
      },
      "outcomes": {
        "failure": "fireNotification6",
        "success": "if4"
      }
    },
    "if4": {
      "module": "vb/action/builtin/ifAction",
      "parameters": {
        "condition": "[[ $chain.results.callRestPutInventoryTypeMapping.body.p_return_status === \"SUCCESS\" ]]"
      },
      "outcomes": {
        "true": "fireNotification7",
        "false": "fireNotification5"
      }
    },
    "fireNotification7": {
      "module": "vb/action/builtin/fireNotificationEventAction",
      "parameters": {
        "target": "leaf",
        "summary": "Inventory Type Mapping Updated Successfully",
        "displayMode": "transient",
        "type": "confirmation"
      },
      "outcomes": {
        "success": "callChainFetchInventoryTblAction2"
      }
    },
    "fireNotification5": {
      "module": "vb/action/builtin/fireNotificationEventAction",
      "parameters": {
        "target": "leaf",
        "summary": "[[ $chain.results.callRestPutInventoryTypeMapping.body.p_return_status ]]",
        "displayMode": "transient"
      }
    },
    "fireNotification6": {
      "module": "vb/action/builtin/fireNotificationEventAction",
      "parameters": {
        "target": "leaf",
        "summary": "Failed to Update Inventory Type Mapping",
        "type": "error",
        "displayMode": "transient"
      }
    }
  },
  "variables": {}
}