{
  "description": "",
  "root": "assignVariablesEdiDlglabel",
  "actions": {
    "callComponentEdiprofileOpen": {
      "module": "vb/action/builtin/callComponentMethodAction",
      "parameters": {
        "component": "{{ document.getElementById('ediprofile') }}",
        "method": "open"
      }
    },
    "assignVariablesEdiDlglabel": {
      "module": "vb/action/builtin/assignVariablesAction",
      "parameters": {
        "$page.variables.ediDlglabel": {
          "source": "Edit"
        }
      },
      "outcomes": {
        "success": "callComponentEdiprofileOpen"
      }
    }
  },
  "variables": {
    "key": {
      "required": true,
      "type": "any",
      "input": "fromCaller"
    },
    "index": {
      "required": true,
      "type": "number",
      "input": "fromCaller"
    },
    "current": {
      "required": true,
      "type": "any",
      "input": "fromCaller"
    }
  }
}