{
  "description": "",
  "root": "ifValue",
  "actions": {
    "ifValue": {
      "module": "vb/action/builtin/ifAction",
      "parameters": {
        "condition": "[[ $variables.value ]]"
      },
      "outcomes": {
        "true": "if",
        "false": "resetVariablesClientCreateObj2"
      }
    },
    "resetVariablesClientCreateObj": {
      "module": "vb/action/builtin/resetVariablesAction",
      "parameters": {
        "variables": [
          "$page.variables.inventorySearchObj.category_2_description"
        ]
      },
      "outcomes": {
        "success": "callRestGetcat2NameByCode"
      }
    },
    "resetVariablesClientCreateObj2": {
      "module": "vb/action/builtin/resetVariablesAction",
      "parameters": {
        "variables": [
          "$page.variables.inventorySearchObj.category_2_description"
        ]
      }
    },
    "callRestGetcat2NameByCode": {
      "module": "vb/action/builtin/restAction",
      "parameters": {
        "endpoint": "devOrds/Getcat2NameByCode",
        "uriParams": {
          "P_CATEGORY2_CODE": "{{ $variables.value }}",
          "P_CATEGORY1_ID": "{{ $page.variables.inventorySearchObj.cat1Id }}"
        }
      },
      "outcomes": {
        "success": "assignVariablesClientCreateObj"
      }
    },
    "assignVariablesClientCreateObj": {
      "module": "vb/action/builtin/assignVariablesAction",
      "parameters": {
        "$page.variables.inventorySearchObj": {
          "source": {
            "cat2ID": "{{ $chain.results.callRestGetcat2NameByCode.body.items[0].category2_id }}",
            "category_2_description": "{{ $chain.results.callRestGetcat2NameByCode.body.items[0].category2_name }}"
          },
          "reset": "none",
          "auto": "always"
        }
      }
    },
    "if": {
      "module": "vb/action/builtin/ifAction",
      "parameters": {
        "condition": "[[ $variables.value !== $page.variables.Rowcategory2 ]]"
      },
      "outcomes": {
        "true": "resetVariablesClientCreateObj",
        "false": "callRestGetcat2NameByCode"
      }
    }
  },
  "variables": {
    "value": {
      "required": true,
      "type": "any",
      "input": "fromCaller"
    }
  }
}