{
  "description": "",
  "root": "assignVariablesSelectedTab",
  "actions": {
    "assignVariablesSelectedTab": {
      "module": "vb/action/builtin/assignVariablesAction",
      "parameters": {
        "$page.variables.selectedTab": {
          "source": "Inventory Type Family Mapping"
        }
      },
      "outcomes": {
        "success": "callChainFetchInventoryTblAction"
      }
    },
    "callChainFetchInventoryTblAction": {
      "module": "vb/action/builtin/callChainAction",
      "parameters": {
        "id": "FetchInventoryTblAction"
      }
    }
  },
  "variables": {}
}