{
  "description": "",
  "root": "callRestDeleteSalesCreditSFMapping",
  "actions": {
    "fireNotification": {
      "module": "vb/action/builtin/fireNotificationEventAction",
      "parameters": {
        "target": "leaf",
        "summary": "Failed to Delete Mapping",
        "type": "error",
        "displayMode": "transient"
      }
    },
    "callRestDeleteSalesCreditSFMapping": {
      "module": "vb/action/builtin/restAction",
      "parameters": {
        "endpoint": "devOrds/deleteSalesCreditSFMapping",
        "uriParams": {
          "SF_MAPPING_ID": "{{ $variables.current.row.sf_mapping_id }}"
        }
      },
      "outcomes": {
        "failure": "fireNotification",
        "success": "fireNotification3"
      }
    },
    "fireNotification3": {
      "module": "vb/action/builtin/fireNotificationEventAction",
      "parameters": {
        "target": "leaf",
        "summary": "Mapping Deleted Successfully",
        "displayMode": "transient",
        "type": "confirmation"
      },
      "outcomes": {
        "success": "callChainFetchSalesAssignTbl"
      }
    },
    "callChainFetchSalesAssignTbl": {
      "module": "vb/action/builtin/callChainAction",
      "parameters": {
        "id": "FetchSalesAssignTbl"
      }
    }
  },
  "variables": {
    "key": {
      "required": true,
      "type": "any",
      "input": "fromCaller"
    },
    "index": {
      "required": true,
      "type": "number",
      "input": "fromCaller"
    },
    "current": {
      "required": true,
      "type": "any",
      "input": "fromCaller"
    }
  }
}