{
  "description": "",
  "root": "if",
  "actions": {
    "fireNotification": {
      "module": "vb/action/builtin/fireNotificationEventAction",
      "parameters": {
        "target": "leaf",
        "summary": "Failed to Fetch Sales Force Name",
        "type": "error",
        "displayMode": "transient"
      }
    },
    "callRestGetSalesCreditGetsalesNamebySalesForce": {
      "module": "vb/action/builtin/restAction",
      "parameters": {
        "endpoint": "devOrds/getSalesCreditGetsalesNamebySalesForce",
        "uriParams": {
          "SALES_FORCE_NUMBER": "{{ $variables.data.sales_force_number }}"
        }
      },
      "outcomes": {
        "failure": "fireNotification",
        "success": "assignVariablesMappingCreateObj"
      }
    },
    "assignVariablesMappingCreateObj": {
      "module": "vb/action/builtin/assignVariablesAction",
      "parameters": {
        "$page.variables.MappingCreateObj": {
          "source": {
            "sales_force_id": "{{ $chain.results.callRestGetSalesCreditGetsalesNamebySalesForce.body.items[0].sales_force_id }}",
            "sales_force_name": "{{ $chain.results.callRestGetSalesCreditGetsalesNamebySalesForce.body.items[0].sales_force_name }}"
          },
          "reset": "none",
          "auto": "always"
        }
      }
    },
    "if": {
      "module": "vb/action/builtin/ifAction",
      "parameters": {
        "condition": "[[ $variables.data.sales_force_number !== \"\" && $variables.data.sales_force_number !== null && typeof $variables.data.sales_force_number !== \"undefined\" ]]"
      },
      "outcomes": {
        "true": "callRestGetSalesCreditGetsalesNamebySalesForce"
      }
    }
  },
  "variables": {
    "key": {
      "required": true,
      "type": "any",
      "input": "fromCaller"
    },
    "data": {
      "required": true,
      "type": "any",
      "input": "fromCaller"
    },
    "metadata": {
      "required": true,
      "type": "any",
      "input": "fromCaller"
    }
  }
}