{
  "root": "resetVariablesAccountTypeTblADP",
  "description": "",
  "variables": {},
  "actions": {

    "callChainFetchAssignAccountAction": {
      "module": "vb/action/builtin/callChainAction",
      "parameters": {
        "id": "FetchAssignAccountAction"
      },
      "outcomes": {
        "success": "callRestGetDistributionTitleRightsGetValueSetsInfo"
      }
    },
    "resetVariablesAccountTypeTblADP": {
      "module": "vb/action/builtin/resetVariablesAction",
      "parameters": {
        "variables": [
          "$page.variables.AccountTypeTblADP.data"
        ]
      },
      "outcomes": {
        "success": "callChainFetchAssignAccountAction"
      }
    },
    "callRestGetDistributionTitleRightsGetValueSetsInfo": {
      "module": "vb/action/builtin/restAction",
      "parameters": {
        "endpoint": "devOrds/getDistributionTitleRightsGetValueSetsInfo",
        "uriParams": {
          "P_VALUE_SET_NAME": "HBG_Owner"
        }
      },
      "outcomes": {
        "success": "assignVariablesOwnerArray"
      }
    },
    "assignVariablesOwnerArray": {
      "module": "vb/action/builtin/assignVariablesAction",
      "parameters": {
        "$page.variables.OwnerArray": {
          "source": "{{ $chain.results.callRestGetDistributionTitleRightsGetValueSetsInfo.body.items }}"
        }
      }
    }
  }
}