{
  "id": "main",
  "description": "Flow main",
  "defaultPage": "main-create-batch",
  "services": {},
  "types": {
    "@decorators.getPaymentExtensionHbg_cust_info": {
      "endpoint": "getPaymentExtensionHbg_cust_info",
      "service": "devOrds",
      "path": "response"
    },
    "getPaymentExtensionHbgCustInfoResponse": {
      "account_name": "string",
      "account_number": "string"
    }
  },
  "variables": {
    "CustomerInfoArray": {
      "type": "getPaymentExtensionHbgCustInfoResponse[]"
    }
  }
}