{
  "description": "",
  "root": "ifValue",
  "actions": {
    "ifValue": {
      "module": "vb/action/builtin/ifAction",
      "parameters": {
        "condition": "[[ $variables.value ]]"
      },
      "outcomes": {
        "true": "callRestGetOwnerName",
        "false": "resetVariablesHeadersCreateObj"
      }
    },
    "callRestGetOwnerName": {
      "module": "vb/action/builtin/restAction",
      "parameters": {
        "endpoint": "ordsHbg_integration/getOwnerName",
        "uriParams": {
          "OWNER_CODE": "{{ $variables.value }}"
        }
      },
      "outcomes": {
        "success": "assignVariablesHeadersCreateObj"
      }
    },
    "assignVariablesHeadersCreateObj": {
      "module": "vb/action/builtin/assignVariablesAction",
      "parameters": {
        "$page.variables.HeadersCreateObj": {
          "source": {
            "owner_name": "{{ $chain.results.callRestGetOwnerName.body.items[0].owner_name }}"
          },
          "reset": "none",
          "auto": "always"
        }
      }
    },
    "resetVariablesHeadersCreateObj": {
      "module": "vb/action/builtin/resetVariablesAction",
      "parameters": {
        "variables": [
          "$page.variables.HeadersCreateObj.owner_name"
        ]
      }
    }
  },
  "variables": {
    "value": {
      "required": true,
      "type": "any",
      "input": "fromCaller"
    }
  }
}