{
  "root": "runInParallel",
  "description": "",
  "variables": {},
  "actions": {
    "fireNotification": {
      "module": "vb/action/builtin/fireNotificationEventAction",
      "parameters": {
        "target": "leaf",
        "summary": "failed to Fetch Headers",
        "type": "error",
        "displayMode": "transient"
      }
    },
    "callRestGetGetTemplateHeaders": {
      "module": "vb/action/builtin/restAction",
      "parameters": {
        "endpoint": "ordsHbg_integration/getGetTemplateHeaders",
        "uriParams": {
          "P_TEMPLATE_DESCRIPTION": "{{ $page.variables.SearchHeaderDesc ? $page.variables.SearchHeaderDesc : \"\" }}",
          "P_TEMPLATE_NAME": "{{ $page.variables.SearchHeaderName ? $page.variables.SearchHeaderName : \"\" }}"
        }
      },
      "outcomes": {
        "failure": "fireNotification",
        "success": "assignVariablesHeadersTblADP"
      }
    },
    "assignVariablesHeadersTblADP": {
      "module": "vb/action/builtin/assignVariablesAction",
      "parameters": {
        "$page.variables.HeadersTblADP": {
          "source": {
            "data": "{{ $chain.results.callRestGetGetTemplateHeaders.body.items }}"
          },
          "reset": "none",
          "auto": "always",
          "mapping": {
            "$target.data": {
              "source": "$source.data",
              "reset": "empty"
            }
          }
        }

      }
    },
    "runInParallel": {
      "module": "vb/action/builtin/forkAction",
      "parameters": {
        "actions": {
          "callRestGetGetTemplateHeaders": "callRestGetGetTemplateHeaders",
          "callRest": "callRestGetGetTemplateHeaders2"
        }
      }
    },
    "callRestGetGetTemplateHeaders2": {
      "module": "vb/action/builtin/restAction",
      "parameters": {
        "endpoint": "ordsHbg_integration/getGetTemplateHeaders",
        "uriParams": {
          "P_TEMPLATE_DESCRIPTION": "{{ \"\" }}",
          "P_TEMPLATE_NAME": "{{ \"\" }}"
        }
      },
      "outcomes": {
        "success": "assignVariablesHeadersLOV"
      }
    },
    "assignVariablesHeadersLOV": {
      "module": "vb/action/builtin/assignVariablesAction",
      "parameters": {
        "$page.variables.HeadersLOV": {
          "source": "{{ $chain.results.callRestGetGetTemplateHeaders2.body.items }}"
        }
      }
    }
  }
}