{
  "description": "",
  "root": "assignVariablesRowTemplateId",
  "actions": {
    "assignVariablesRowTemplateId": {
      "module": "vb/action/builtin/assignVariablesAction",
      "parameters": {
        "$page.variables.RowTemplateId": {
          "source": "{{ $variables.rowData.template_id }}"
        }
      },
      "outcomes": {
        "success": "callChainFetchLines"
      }
    },
    "callChainFetchLines": {
      "module": "vb/action/builtin/callChainAction",
      "parameters": {
        "id": "FetchLines"
      }
    }
  },
  "variables": {
    "rowKey": {
      "required": true,
      "type": "any",
      "input": "fromCaller"
    },
    "rowData": {
      "required": true,
      "type": "any",
      "input": "fromCaller"
    }
  }
}