{
    "items": [
        {
            "shipping_schedule_rel_type": "Backlist"
        },
        {
            "shipping_schedule_rel_type": "Cleanup"
        },
        {
            "shipping_schedule_rel_type": "Initial"
        },
        {
            "shipping_schedule_rel_type": "New Book"
        },
        {
            "shipping_schedule_rel_type": "One Day Laydown"
        }
    ],
    "hasMore": false,
    "limit": 25,
    "offset": 0,
    "count": 5,
    "links": [
        {
            "rel": "self",
            "href": "https://10.2.0.169:8081/ords/hbg_integration/ShippingSchedules/ShippingSchRelTypeLOV"
        },
        {
            "rel": "describedby",
            "href": "https://10.2.0.169:8081/ords/hbg_integration/metadata-catalog/ShippingSchedules/item"
        },
        {
            "rel": "first",
            "href": "https://10.2.0.169:8081/ords/hbg_integration/ShippingSchedules/ShippingSchRelTypeLOV"
        }
    ]
}