{
    "items": [
        {
            "account_number": "10001",
            "account_name": null
        },
        {
            "account_number": "10002",
            "account_name": "Kyle Meredith"
        },
        {
            "account_number": "1001",
            "account_name": null
        },
        {
            "account_number": "10012",
            "account_name": null
        },
        {
            "account_number": "1002",
            "account_name": null
        },
        {
            "account_number": "1003",
            "account_name": null
        },
        {
            "account_number": "10100003-Alabama Office",
            "account_name": "Alabama Office Supply"
        },
        {
            "account_number": "10100009-GIRL SCOUTS OF",
            "account_name": "GIRL SCOUTS OF NORTH"
        },
        {
            "account_number": "10100012-THREAD",
            "account_name": "THREAD"
        },
        {
            "account_number": "10100015-NONA RUTH",
            "account_name": "NONA RUTH"
        },
        {
            "account_number": "10100016-ASHLEY GILBREA",
            "account_name": "ASHLEY GILBREATH"
        },
        {
            "account_number": "10100018-REGENERATIVE M",
            "account_name": "REGENERATIVE MEDICINE"
        },
        {
            "account_number": "10100019-THE PLAID GIRA",
            "account_name": "THE PLAID GIRAFFE"
        },
        {
            "account_number": "10100020-Sarah B Atchis",
            "account_name": "Sarah B Atchisons"
        },
        {
            "account_number": "10100021-Beverly Rufff ",
            "account_name": "Beverly Rufff Antiques"
        },
        {
            "account_number": "10100023-PRINTERS & STA",
            "account_name": "PRINTERS & STATIONERS"
        },
        {
            "account_number": "10100025-Monograms Plus",
            "account_name": "Monograms Plus"
        },
        {
            "account_number": "10100029-THE MONKEY'S U",
            "account_name": "THE MONKEY'S UNCLE"
        },
        {
            "account_number": "10100031-CARTER AND COM",
            "account_name": "CARTER AND COMPANY"
        },
        {
            "account_number": "10100036-SOUTHERN SERVI",
            "account_name": "SOUTHERN SERVICE"
        },
        {
            "account_number": "10100043-ZIGGY ZELDA",
            "account_name": "ZIGGY ZELDA"
        },
        {
            "account_number": "10100045-D W MCMILLAN M",
            "account_name": "D W MCMILLAN MEM HOSP"
        },
        {
            "account_number": "10100050-ZOO FOUNDATION",
            "account_name": "ZOO FOUNDATION INC,"
        },
        {
            "account_number": "10100060-ROSA PARKS MUS",
            "account_name": "ROSA PARKS MUSEUM"
        },
        {
            "account_number": "10100075-DARBY'S VILLAG",
            "account_name": "DARBY'S VILLAGE PHARMACY"
        }
    ],
    "hasMore": true,
    "limit": 25,
    "offset": 0,
    "count": 25,
    "links": [
        {
            "rel": "self",
            "href": "https://10.2.0.169:8081/ords/hbg_integration/ReservationsUI/getCustAccountNumber"
        },
        {
            "rel": "describedby",
            "href": "https://10.2.0.169:8081/ords/hbg_integration/metadata-catalog/ReservationsUI/item"
        },
        {
            "rel": "first",
            "href": "https://10.2.0.169:8081/ords/hbg_integration/ReservationsUI/getCustAccountNumber"
        },
        {
            "rel": "next",
            "href": "https://10.2.0.169:8081/ords/hbg_integration/ReservationsUI/getCustAccountNumber?offset=25"
        }
    ]
}