{
  "root": "callRestGetSalesCreditGetallSalesforceNumbers",
  "description": "",
  "variables": {},
  "actions": {
    "fireNotification": {
      "module": "vb/action/builtin/fireNotificationEventAction",
      "parameters": {
        "target": "leaf",
        "summary": "Failed to fetch Sales Force Numbers",
        "type": "error",
        "displayMode": "persist"
      }
    },
    "callRestGetSalesCreditGetallSalesforceNumbers": {
      "module": "vb/action/builtin/restAction",
      "parameters": {
        "endpoint": "devOrds/getSalesCreditGetallSalesforceNumbers"
      },
      "outcomes": {
        "failure": "fireNotification",
        "success": "assignVariablesSalesForceADP"
      }
    },
    "assignVariablesSalesForceADP": {
      "module": "vb/action/builtin/assignVariablesAction",
      "parameters": {
        "$page.variables.SalesForceADP": {
          "source": {
            "data": "{{ $chain.results.callRestGetSalesCreditGetallSalesforceNumbers.body.items }}"
          },
          "reset": "none",
          "auto": "always"
        }
      }
    }
  }
}