{
  "description": "",
  "root": "resetVariablesUnAssignRowData",
  "actions": {
    "assignVariablesUnAssignRowData": {
      "module": "vb/action/builtin/assignVariablesAction",
      "parameters": {
        "$page.variables.unAssignRowData": {
          "source": {
            "description": "{{ $variables.data.description }}"
          },
          "reset": "none",
          "auto": "always"
        }
      }
    },
    "resetVariablesUnAssignRowData": {
      "module": "vb/action/builtin/resetVariablesAction",
      "parameters": {
        "variables": [
          "$page.variables.unAssignRowData.description"
        ]
      },
      "outcomes": {
        "success": "assignVariablesUnAssignRowData"
      }
    }
  },
  "variables": {
    "key": {
      "required": true,
      "type": "any",
      "input": "fromCaller"
    },
    "data": {
      "required": true,
      "type": "any",
      "input": "fromCaller"
    },
    "metadata": {
      "required": true,
      "type": "any",
      "input": "fromCaller"
    },
    "index": {
      "required": true,
      "type": "number",
      "input": "fromCaller"
    },
    "current": {
      "required": true,
      "type": "any",
      "input": "fromCaller"
    }
  }
}