{
  "description": "",
  "root": "callFunctionValidateGroup",
  "actions": {
    "assignVariablesUnAssignCreateObj": {
      "module": "vb/action/builtin/assignVariablesAction",
      "parameters": {
        "$page.variables.unAssignCreateObj": {
          "source": {
            "entered_by": "{{ $application.user.email }}",
            "updated_by": "{{ $application.user.email }}"
          },
          "reset": "none",
          "auto": "always"
        }
      },
      "outcomes": {
        "success": "callRestPostSalesCreditUnassignSalesForce"
      }
    },
    "fireNotification": {
      "module": "vb/action/builtin/fireNotificationEventAction",
      "parameters": {
        "target": "leaf",
        "summary": "Failed to Create UnAssign Sales Force",
        "type": "error",
        "displayMode": "transient"
      }
    },
    "callRestPostSalesCreditUnassignSalesForce": {
      "module": "vb/action/builtin/restAction",
      "parameters": {
        "endpoint": "devOrds/postSalesCreditUnassignSalesForce",
        "body": "{{ $page.variables.unAssignCreateObj }}"
      },
      "outcomes": {
        "failure": "fireNotification",
        "success": "if3"
      }
    },
    "callFunctionValidateGroup": {
      "module": "vb/action/builtin/callModuleFunctionAction",
      "parameters": {
        "module": "[[ $application.functions ]]",
        "functionName": "validateGroup",
        "params": [
          "unassignSalesvalidation"
        ]
      },
      "outcomes": {
        "success": "if"
      }
    },
    "if": {
      "module": "vb/action/builtin/ifAction",
      "parameters": {
        "condition": "[[ $chain.results.callFunctionValidateGroup === 'valid' ]]"
      },
      "outcomes": {
        "true": "runInParallel"
      }
    },
    "fireNotification3": {
      "module": "vb/action/builtin/fireNotificationEventAction",
      "parameters": {
        "target": "leaf",
        "summary": "UnAssign Sales Force Created Successfully",
        "displayMode": "transient",
        "type": "confirmation"
      },
      "outcomes": {
        "success": "callChainFetchUnAssignTblAction"
      }
    },
    "callChainFetchUnAssignTblAction": {
      "module": "vb/action/builtin/callChainAction",
      "parameters": {
        "id": "fetchUnAssignTblAction"
      },
      "outcomes": {
        "success": "callComponentUnassignsalesforceClose"
      }
    },
    "callComponentUnassignsalesforceClose": {
      "module": "vb/action/builtin/callComponentMethodAction",
      "parameters": {
        "component": "{{ document.getElementById('unassignsalesforce') }}",
        "method": "close"
      },
      "outcomes": {
        "success": "resetVariablesUnAssignCreateObj"
      }
    },
    "resetVariablesUnAssignCreateObj": {
      "module": "vb/action/builtin/resetVariablesAction",
      "parameters": {
        "variables": [
          "$page.variables.unAssignCreateObj"
        ]
      },
      "outcomes": {
      }
    },
    "runInParallel": {
      "module": "vb/action/builtin/forkAction",
      "parameters": {
        "actions": {
          "if2": "ifUnAssignCreateObj",
          "if3": "ifUnAssignCreateObj2"
        }
      },
      "outcomes": {
        "join": "callFunctionGetstatusvalidated"
      }
    },
    "ifUnAssignCreateObj": {
      "module": "vb/action/builtin/ifAction",
      "parameters": {
        "condition": "[[ $page.variables.unAssignCreateObj.start_date ]]"
      },
      "outcomes": {
        "true": "callFunctionDateformatter"
      }
    },
    "callFunctionDateformatter": {
      "module": "vb/action/builtin/callModuleFunctionAction",
      "parameters": {
        "module": "[[ $functions ]]",
        "functionName": "dateformatter",
        "params": [
          "{{ $page.variables.unAssignCreateObj.start_date }}"
        ]
      },
      "outcomes": {
        "success": "assignVariablesUnAssignCreateObj2"
      }
    },
    "ifUnAssignCreateObj2": {
      "module": "vb/action/builtin/ifAction",
      "parameters": {
        "condition": "[[ $page.variables.unAssignCreateObj.end_date ]]"
      },
      "outcomes": {
        "true": "callFunctionDateformatter2"
      }
    },
    "callFunctionDateformatter2": {
      "module": "vb/action/builtin/callModuleFunctionAction",
      "parameters": {
        "module": "[[ $functions ]]",
        "functionName": "dateformatter",
        "params": [
          "{{ $page.variables.unAssignCreateObj.end_date }}"
        ]
      },
      "outcomes": {
        "success": "assignVariablesUnAssignCreateObj3"
      }
    },
    "assignVariablesUnAssignCreateObj2": {
      "module": "vb/action/builtin/assignVariablesAction",
      "parameters": {
        "$page.variables.unAssignCreateObj": {
          "source": {
            "start_date": "{{ $chain.results.callFunctionDateformatter }}"
          },
          "reset": "none",
          "auto": "always"
        }
      }
    },
    "assignVariablesUnAssignCreateObj3": {
      "module": "vb/action/builtin/assignVariablesAction",
      "parameters": {
        "$page.variables.unAssignCreateObj": {
          "source": {
            "end_date": "{{ $chain.results.callFunctionDateformatter2 }}"
          },
          "reset": "none",
          "auto": "always"
        }
      }
    },
    "if3": {
      "module": "vb/action/builtin/ifAction",
      "parameters": {
        "condition": "[[ $chain.results.callRestPostSalesCreditUnassignSalesForce.body.p_return_status === \"SUCCESS\" ]]"
      },
      "outcomes": {
        "true": "fireNotification3",
        "false": "fireNotification4"
      }
    },
    "fireNotification4": {
      "module": "vb/action/builtin/fireNotificationEventAction",
      "parameters": {
        "target": "leaf",
        "summary": "[[ $chain.results.callRestPostSalesCreditUnassignSalesForce.body.p_return_status ]]",
        "displayMode": "transient"
      },
      "outcomes": {
        "success": "callChainFetchUnAssignTblAction"
      }
    },
    "ifDlgLabel": {
      "module": "vb/action/builtin/ifAction",
      "parameters": {
        "condition": "[[ $page.variables.DlgLabel === \"Create\" ]]"
      },
      "outcomes": {
        "true": "assignVariablesUnAssignCreateObj",
        "false": "assignVariablesUnAssignCreateObj5"
      }
    },
    "assignVariablesUnAssignCreateObj5": {
      "module": "vb/action/builtin/assignVariablesAction",
      "parameters": {
        "$page.variables.unAssignCreateObj": {
          "source": {
            "updated_by": "{{ $application.user.email }}"
          },
          "reset": "none",
          "auto": "always"
        }
      },
      "outcomes": {
        "success": "callRestPutSalesCreditUnassignSalesForce"
      }
    },
    "callRestPutSalesCreditUnassignSalesForce": {
      "module": "vb/action/builtin/restAction",
      "parameters": {
        "endpoint": "devOrds/putSalesCreditUnassignSalesForce",
        "uriParams": {
          "SF_UNASSIGNED_ID": "{{ $page.variables.unAssignCreateObj.sf_unassigned_id }}"
        },
        "body": "{{ $page.variables.unAssignCreateObj }}"
      },
      "outcomes": {
        "failure": "fireNotification5",
        "success": "if4"
      }
    },
    "fireNotification5": {
      "module": "vb/action/builtin/fireNotificationEventAction",
      "parameters": {
        "target": "leaf",
        "summary": "failed to update unAssigne Sales Force",
        "type": "error",
        "displayMode": "persist"
      }
    },
    "if4": {
      "module": "vb/action/builtin/ifAction",
      "parameters": {
        "condition": "[[ $chain.results.callRestPutSalesCreditUnassignSalesForce.body.p_return_status === \"SUCCESS\" ]]"
      },
      "outcomes": {
        "true": "fireNotification6",
        "false": "fireNotification7"
      }
    },
    "fireNotification6": {
      "module": "vb/action/builtin/fireNotificationEventAction",
      "parameters": {
        "target": "leaf",
        "summary": "UnAssign Sales Force Updated Successfully",
        "displayMode": "transient",
        "type": "confirmation"
      },
      "outcomes": {
        "success": "callChainFetchUnAssignTblAction"
      }
    },
    "fireNotification7": {
      "module": "vb/action/builtin/fireNotificationEventAction",
      "parameters": {
        "target": "leaf",
        "summary": "[[ $chain.results.callRestPutSalesCreditUnassignSalesForce.body.p_return_status ]]",
        "displayMode": "transient"
      },
      "outcomes": {
        "success": "callChainFetchUnAssignTblAction"
      }
    },
    "assignVariablesUnAssignCreateObj4": {
      "module": "vb/action/builtin/assignVariablesAction",
      "parameters": {
        "$page.variables.unAssignCreateObj": {
          "source": {
            "status": "{{ $chain.results.callFunctionGetstatusvalidated }}"
          },
          "reset": "none",
          "auto": "always"
        }
      },
      "outcomes": {
        "success": "ifDlgLabel"
      }
    },
    "callFunctionGetstatusvalidated": {
      "module": "vb/action/builtin/callModuleFunctionAction",
      "parameters": {
        "module": "[[ $functions ]]",
        "functionName": "getstatusvalidated",
        "params": [
          "{{ $page.variables.unAssignCreateObj.start_date }}",
          "{{ $page.variables.unAssignCreateObj.end_date }}"
        ]
      },
      "outcomes": {
        "success": "assignVariablesUnAssignCreateObj4"
      }
    }
  },
  "variables": {}
}