{
  "title": "",
  "description": "",
  "variables": {
    "createRulesInfoObj": {
      "type": "getHoldRules",
      "defaultValue": {
        "auto_release_flag": "Y"
      }
    },
    "CurrentOrganizationInfoObj": {
      "type": "flow:getOrganizationName"
    },
    "dialogText": {
      "type": "string"
    },
    "getItemInfoObj": {
      "type": "flow:getItemInfo"
    },
    "getPostalCodesSDP": {
      "type": "vb/ArrayDataProvider2",
      "defaultValue": {
        "itemType": "getPostalCodes",
        "keyAttributes": "postal_code"
      }
    },
    "p_item_number": {
      "type": "string"
    },
    "p_org_name": {
      "type": "string",
      "defaultValue": ""
    },
    "p_org_number": {
      "type": "string",
      "defaultValue": ""
    }

  },
  "metadata": {},
  "types": {
    "@decorators.getHoldRules": {
      "endpoint": "getAutomaticHoldsGetHoldRules",
      "service": "ordsHbg_integration",
      "path": "response"
    },
    "@decorators.getPostalCodes": {
      "endpoint": "getAutomaticHoldsGetPostalCodes2",
      "service": "ordsHbg_integration",
      "path": "response"
    },
    "getHoldRules": {
          "account_name": "any",
          "account_number": "any",
          "author": "any",
          "auto_release_flag": "string",
          "category_1": "string",
          "category_1_desc": "string",
          "category_2": "string",
          "category_2_desc": "string",
          "comments": "any",
          "country": "any",
          "created_by": "any",
          "creation_date": "string",
          "end_date": "any",
          "hold_comments": "string",
          "hold_name": "string",
          "item_number": "any",
          "last_update_date": "string",
          "last_updated_by": "string",
          "organization": "any",
          "organization_name": "any",
          "owner_name": "string",
          "owner_name_desc": "string",
          "party_site_name": "any",
          "reporting_group": "string",
          "reporting_group_desc": "string",
          "rule_id": "number",
          "ship_to_site": "any",
          "short_title": "any",
          "start_date": "any",
          "state": "any",
      "zip_code": "string"
       
    },
    "getPostalCodes": {
      
          "postal_code": "string"
     
    }


  },
  "eventListeners": {
    "accountNumberValueItem": {
      "chains": [
        {
          "chainId": "CustomerNameChain",
          "parameters": {
            "key": "{{$event.detail.value.key}}",
            "data": "{{$event.detail.value.data}}",
            "metadata": "{{$event.detail.value.metadata}}"
          }
        }
      ]
    },
    "buttonAction": {
      "chains": [
      
        {
          "chainId": "CreateRuleActionChainORDS"
        }
      ]
    },
    "buttonAction10": {
      "chains": [
        {
          "chainId": "OrganizationNumberSearchPopupClose"
        }
      ]
    },
    "buttonAction11": {
      "chains": [
        {
          "chainId": "OrganizationNumberSearchResetAction"
        }
      ]
    },
    "buttonAction12": {
      "chains": [
        {
          "chainId": "OrganizationNumberSearchAction"
        }
      ]
    },
    "buttonAction13": {
      "chains": [
        {
          "chainId": "OrganizationNumberSearchOKAction"
        }
      ]
    },
    "buttonAction2": {
      "chains": [
        {
          "chainId": "CancelButtonAction"
        }
      ]
    },
    "buttonAction3": {
      "chains": [
        {
          "chainId": "ResetVariables"
        }
      ]
    },
    "buttonAction4": {
      "chains": [
        {
          "chainId": "ItemNumberSearchPopUpOpen"
        }
      ]
    },
    "buttonAction5": {
      "chains": [
        {
          "chainId": "ItemNumberSearchPopupClose"
        }
      ]
    },
    "buttonAction6": {
      "chains": [
        {
          "chainId": "ItemNumberSearchResetAction"
        }
      ]
    },
    "buttonAction7": {
      "chains": [
        {
          "chainId": "ItemNumberSearchAction"
        }
      ]
    },
    "buttonAction8": {
      "chains": [
        {
          "chainId": "ItemNumberSearchOKAction"
        }
      ]
    },
    "buttonAction9": {
      "chains": [
        {
          "chainId": "OrganizationNumberSearchPopupOpen"
        }
      ]
    },
    "comboKeyup": {
      "chains": [
        {
          "chainId": "PostalCodeComboKeyupChain",
          "parameters": {
            "CurrentKey": "[[ $event.key ]]",
            "CurrentValue": "[[ $event.srcElement.value ]]"
          }
        }
      ]
    },
    "comboValue": {
      "chains": [
        {
          "chainId": "PostalCodeComboValueChangeChain",
          "parameters": {
            "value": "{{ $event.detail.value }}"
          }
        }
      ]
    },
    "iconClick": {
      "chains": [
        {
          "chainId": "IconClickChain"
        }
      ]
    },
    "inputTextValue": {
      "chains": [
        {
          "chainId": "getItemInfo",
          "parameters": {
            "value": "{{ $event.detail.value }}"
          }
        }
      ]
    },
    "organizationNumberValue": {
      "chains": [
        {
          "chainId": "OrganizationNameChain"
        }
      ]
    },
    "organizationNumberValueItem": {
      "chains": [
        {
          "chainId": "OrganizationNameChain",
          "parameters": {
            "key": "{{$event.detail.value.key}}",
            "data": "{{$event.detail.value.data}}",
            "metadata": "{{$event.detail.value.metadata}}"
          }
        }
      ]
    },
    "selectValueItem": {
      "chains": [
        {
          "chainId": "shiptonameaction",
          "parameters": {
            "key": "{{$event.detail.value.key}}",
            "data": "{{$event.detail.value.data}}",
            "metadata": "{{$event.detail.value.metadata}}"
          }
        }
      ]
    },
    "selectValueItem2": {
      "chains": [
        {
          "chainId": "itemNumberAction",
          "parameters": {
            "key": "{{$event.detail.value.key}}",
            "data": "{{$event.detail.value.data}}",
            "metadata": "{{$event.detail.value.metadata}}"
          }
        }
      ]
    },
    "selectValueItem3": {
      "chains": [
        {
          "chainId": "ResetCustomerDetailsonCountrySelect"
        }
      ]
    },
    "selectValueItem4": {
      "chains": [
        {
          "chainId": "getOwnerDependentValues",
          "parameters": {
            "key": "{{$event.detail.value.key}}",
            "data": "{{$event.detail.value.data}}",
            "metadata": "{{$event.detail.value.metadata}}"
          }
        }
      ]
    },
    "selectValueItem5": {
      "chains": [
        {
          "chainId": "getReportingGroupDendependentValues",
          "parameters": {
            "key": "{{$event.detail.value.key}}",
            "data": "{{$event.detail.value.data}}",
            "metadata": "{{$event.detail.value.metadata}}"
          }
        }
      ]
    },
    "selectValueItem6": {
      "chains": [
        {
          "chainId": "getCategory1DepedentValues",
          "parameters": {
            "key": "{{$event.detail.value.key}}",
            "data": "{{$event.detail.value.data}}",
            "metadata": "{{$event.detail.value.metadata}}"
          }
        }
      ]
    },
    "selectValueItem7": {
      "chains": [
        {
          "chainId": "geetCategory2DependentValues",
          "parameters": {
            "key": "{{$event.detail.value.key}}",
            "data": "{{$event.detail.value.data}}",
            "metadata": "{{$event.detail.value.metadata}}"
          }
        }
      ]
    },
    "selectValueItem8": {
      "chains": [
        {
          "chainId": "ResetCustomerDetailsonStateSelect"
        }
      ]
    },
    "tableFirstSelectedRow": {
      "chains": [
        {
          "chainId": "ItemNumberSearchCurrentRow",
          "parameters": {
            "rowKey": "{{$event.detail.value.key}}",
            "rowData": "{{$event.detail.value.data}}"
          }
        }
      ]
    },
    "tableFirstSelectedRow2": {
      "chains": [
        {
          "chainId": "OrganizationNumberSearchCurrentRow",
          "parameters": {
            "rowKey": "{{$event.detail.value.key}}",
            "rowData": "{{$event.detail.value.data}}"
          }
        }
      ]
    },
    "toggleDrawer": {
      "chains": [
        {
          "chainId": "application:toggleDrawerHandler"
        }
      ]
    },
    "vbEnter": {
      "chains": [
        {
          "chainId": "VbEnterAction"
        }
      ]
    }

  },
  "imports": {
    "components": {
      "oj-button": {
        "path": "ojs/ojbutton"
      },
      "oj-combobox-many": {
        "path": "ojs/ojselectcombobox"
      },
      "oj-combobox-one": {
        "path": "ojs/ojselectcombobox"
      },
      "oj-dialog": {
        "path": "ojs/ojdialog"
      },
      "oj-form-layout": {
        "path": "ojs/ojformlayout"
      },
      "oj-highlight-text": {
        "path": "ojs/ojhighlighttext"
      },
      "oj-input-date": {
        "path": "ojs/ojdatetimepicker"
      },
      "oj-input-text": {
        "path": "ojs/ojinputtext"
      },
      "oj-menu": {
        "path": "ojs/ojmenu"
      },
      "oj-option": {
        "path": "ojs/ojoption"
      },
      "oj-select-single": {
        "path": "ojs/ojselectsingle"
      },
      "oj-table": {
        "path": "ojs/ojtable"
      },
      "oj-validation-group": {
        "path": "ojs/ojvalidationgroup"
      }

    },
    "modules": {
      "ojValidationDateTime": {
        "path": "ojs/ojvalidation-datetime"
      }
    }
  }
}