{
    "P_BUSINESS_UNIT"   :"P_BUSINESS_UNIT"  
   ,"P_PAYMENT_TYPE"    :"P_PAYMENT_TYPE" 
   ,"P_ACCOUNT_NUMBER"  :"P_ACCOUNT_NUMBER" 
   ,"P_ACCOUNT_NAME"    :"P_ACCOUNT_NAME"   
   ,"P_RECEIPT_NUMBER"  :"P_RECEIPT_NUMBER" 
   ,"P_AMOUNT"          : 12345         
   ,"P_PAYMENT_METHOD"  :"P_PAYMENT_METHOD" 
   ,"P_CURRENCY"        :"P_CURRENCY"       
   ,"P_GL_ACCOUNT"      :"P_GL_ACCOUNT"     
   ,"P_CREATED_BY"      :"P_CREATED_BY"     
   ,"P_LAST_UPDATED_BY" :"P_LAST_UPDATED_BY"
   ,"P_CREATE_STATUS"   :"P_CREATE_STATUS"  
}