{
    "items": [
        {
            "organization_number": "987659",
            "organization_name": "987659 - Customer FBDI "
        },
        {
            "organization_number": "90001403",
            "organization_name": "AMAZON"
        },
        {
            "organization_number": "55555",
            "organization_name": "CUSTOMER CONTACT TST - 55555"
        },
        {
            "organization_number": "666666",
            "organization_name": "CUSTOMER CONTACT TST - 666666"
        },
        {
            "organization_number": "101010",
            "organization_name": "CUSTOMER CONTACT TST - 101010"
        },
        {
            "organization_number": "121212",
            "organization_name": "CUSTOMER CONTACT TST - 121212"
        },
        {
            "organization_number": "131313",
            "organization_name": "CUSTOMER CONTACT TST - 131313"
        },
        {
            "organization_number": "141414",
            "organization_name": "CUSTOMER CONTACT TST - 141414"
        },
        {
            "organization_number": "151515",
            "organization_name": "CUSTOMER CONTACT TST - 151515"
        },
        {
            "organization_number": "161616",
            "organization_name": "CUSTOMER CONTACT TST - 161616"
        },
        {
            "organization_number": "90000478",
            "organization_name": "SCHOLASTIC INC"
        },
        {
            "organization_number": "90000478",
            "organization_name": "SCHOLASTIC INC"
        },
        {
            "organization_number": "90001490",
            "organization_name": "METROPOLITAN MUSEUM"
        },
        {
            "organization_number": "90000916",
            "organization_name": "BARNES & NOBLE INC"
        },
        {
            "organization_number": "90001325",
            "organization_name": "NEIMAN MARCUS GROUP"
        },
        {
            "organization_number": "TST_01_90000003",
            "organization_name": "TST_01_HUCK FINN & COMPANY***"
        },
        {
            "organization_number": "TST_01_90000003",
            "organization_name": "TST_01_HUCK FINN & COMPANY***"
        },
        {
            "organization_number": "TST_01_90000639",
            "organization_name": "TST_01_POWELL'S BOOKSTORE"
        },
        {
            "organization_number": "TST_01_90000910",
            "organization_name": "TST_01_UNIVERSITY OF MINNESOTA"
        },
        {
            "organization_number": "TST_01_96210045",
            "organization_name": "TST_01_PLUMPJACK WINES"
        },
        {
            "organization_number": "TST_01_96210871",
            "organization_name": "TST_01_HARVARD WESTLAKE SCHOOL"
        },
        {
            "organization_number": "TST_01_96209357",
            "organization_name": "TST_01_ARIANNA HUFFINGTON"
        },
        {
            "organization_number": "TST_01_96211984",
            "organization_name": "TST_01_SKYLARK"
        },
        {
            "organization_number": "TST_01_96211685",
            "organization_name": "TST_01_BOUDIN PROPERTIES"
        },
        {
            "organization_number": "TST_01_96211405",
            "organization_name": "TST_01_MOUNTAIN HOME GIFT"
        },
        {
            "organization_number": "TST_01_96211759",
            "organization_name": "TST_01_R/C COUNTRY HOBBIES"
        },
        {
            "organization_number": "TST_01_96211762",
            "organization_name": "TST_01_WINE & ROSES HOTEL & SPA"
        },
        {
            "organization_number": "TST_01_96211880",
            "organization_name": "TST_01_STARK WAXING STUDIO"
        },
        {
            "organization_number": "TST_01_96232277",
            "organization_name": "TST_01_MCMURRAY HATCHERY"
        },
        {
            "organization_number": "TST_01_96232332",
            "organization_name": "TST_01_FRANK LLOYD WRIGHT"
        },
        {
            "organization_number": "TST_01_96232039",
            "organization_name": "TST_01_TREASURE HOUSE"
        },
        {
            "organization_number": "TST_01_96249872",
            "organization_name": "TST_01_CURRIER MUSEUM OF ART"
        },
        {
            "organization_number": "TST_01_96249352",
            "organization_name": "TST_01_TOY CITY"
        },
        {
            "organization_number": "TST_01_96249899",
            "organization_name": "TST_01_STEELES STATIONERS"
        },
        {
            "organization_number": "TST_01_96251027",
            "organization_name": "TST_01_ROSS AND ROSS INC  DBA"
        },
        {
            "organization_number": "TST_01_96251165",
            "organization_name": "TST_01_CALVIN KLEIN/PVH CORP"
        },
        {
            "organization_number": "TST_01_96345000",
            "organization_name": "TST_01_ARCHER HOTEL"
        },
        {
            "organization_number": "TST_01_96344681",
            "organization_name": "TST_01_RESILIENT RESTAURANTS"
        },
        {
            "organization_number": "TST_01_96212915",
            "organization_name": "TST_01_BROWN DESIGN GROUP"
        },
        {
            "organization_number": "TST_01_96213821",
            "organization_name": "TST_01_EASTERN LEAF INC"
        },
        {
            "organization_number": "TST_01_96214663",
            "organization_name": "TST_01_BRAINY ZOO"
        },
        {
            "organization_number": "TST_01_96214133",
            "organization_name": "TST_01_WE OLIVE"
        },
        {
            "organization_number": "TST_01_96214213",
            "organization_name": "TST_01_SOL BABY INC"
        },
        {
            "organization_number": "TST_01_96214277",
            "organization_name": "TST_01_MATZ MARKET"
        },
        {
            "organization_number": "TST_01_96215164",
            "organization_name": "TST_01_ANNIE'S"
        },
        {
            "organization_number": "TST_01_96232732",
            "organization_name": "TST_01_PRAIRIE LIGHTS BOOKS"
        },
        {
            "organization_number": "TST_01_96233493",
            "organization_name": "TST_01_SOUTH UNION SHAKER"
        },
        {
            "organization_number": "TST_01_96233132",
            "organization_name": "TST_01_THE DUSTY BOOKSHELF"
        },
        {
            "organization_number": "TST_01_96233255",
            "organization_name": "TST_01_RSVP IN THE VILLAGE"
        },
        {
            "organization_number": "TST_01_96235858",
            "organization_name": "TST_01_PINECONE AND CHICKADEE"
        },
        {
            "organization_number": "TST_01_96235992",
            "organization_name": "TST_01_ALTERNATE WORLDS"
        },
        {
            "organization_number": "TST_01_96235808",
            "organization_name": "TST_01_STONE SOUP"
        },
        {
            "organization_number": "TST_01_96252543",
            "organization_name": "TST_01_ACCESSORIE STREET"
        },
        {
            "organization_number": "TST_01_96252602",
            "organization_name": "TST_01_YOGAACCESSORIES LLC"
        },
        {
            "organization_number": "TST_01_96253558",
            "organization_name": "TST_01_CITY OF ROSWELL MUSEUM"
        },
        {
            "organization_number": "TST_01_96275250",
            "organization_name": "TST_01_CREME DE LA CREME"
        },
        {
            "organization_number": "TST_01_96277840",
            "organization_name": "TST_01__BUREAU OF FEARLESS IDEA"
        },
        {
            "organization_number": "TST_01_96276321",
            "organization_name": "TST_01_J MATHESON GIFT INC"
        },
        {
            "organization_number": "TST_01_96277909",
            "organization_name": "TST_01_PAPERHAUS"
        },
        {
            "organization_number": "TST_01_96276135",
            "organization_name": "TST_01_WATERMARK BOOK CO"
        },
        {
            "organization_number": "TST_01_96274661",
            "organization_name": "TST_01_O WINSTON LINK MUSEUM"
        },
        {
            "organization_number": "TST_01_96341210",
            "organization_name": "TST_01_DESTIN JEWELERS"
        },
        {
            "organization_number": "TST_01_96341470",
            "organization_name": "TST_01_TERTULIA COFFEE"
        },
        {
            "organization_number": "TST_01_96341164",
            "organization_name": "TST_01_SEJONG BOOKS"
        },
        {
            "organization_number": "TST_01_96341205",
            "organization_name": "TST_01_CHRISTINE KIRK"
        },
        {
            "organization_number": "TST_01_90000257",
            "organization_name": "TST_01_RANCHO LA PUERTA"
        },
        {
            "organization_number": "TST_01_90000600",
            "organization_name": "TST_01_ACE HARDWARE CORP***"
        },
        {
            "organization_number": "TST_01_96338210",
            "organization_name": "TST_01_CATHERINE LEPAGE"
        },
        {
            "organization_number": "TST_01_96337689",
            "organization_name": "TST_01_THE BOOK EXPRESS"
        },
        {
            "organization_number": "TST_01_96338312",
            "organization_name": "TST_01_BARBEQUE JUNCTION"
        },
        {
            "organization_number": "TST_01_96339574",
            "organization_name": "TST_01_TRAIL'S END TRUCK STOP"
        },
        {
            "organization_number": "TST_01_96339133",
            "organization_name": "TST_01_THE CLEARING HOUSE"
        },
        {
            "organization_number": "TST_01_96339682",
            "organization_name": "TST_01_HALLMARK CANADA"
        },
        {
            "organization_number": "TST_01_96340104",
            "organization_name": "TST_01_EAST CITY BOOKSHOP"
        },
        {
            "organization_number": "TST_01_96339476",
            "organization_name": "TST_01_KOAN"
        },
        {
            "organization_number": "TST_01_96339154",
            "organization_name": "TST_01_LISA FRIEDMAN DESIGN"
        },
        {
            "organization_number": "TST_01_96339951",
            "organization_name": "TST_01_MERITAGE COLLECTION"
        },
        {
            "organization_number": "TST_01_96340372",
            "organization_name": "TST_01_STOVER LANE DESIGNS"
        },
        {
            "organization_number": "TST_01_96339646",
            "organization_name": "TST_01_THE SHOP"
        },
        {
            "organization_number": "TST_01_96340375",
            "organization_name": "TST_01_FAIRYTALE JUBILEE"
        },
        {
            "organization_number": "TST_01_96339094",
            "organization_name": "TST_01_AMBLESIDE SCHOOL"
        },
        {
            "organization_number": "TST_01_96340486",
            "organization_name": "TST_01_WE READ BOX"
        },
        {
            "organization_number": "TST_01_96339534",
            "organization_name": "TST_01_COTTONWOOD SALON & SPA"
        },
        {
            "organization_number": "TST_01_96339979",
            "organization_name": "TST_01_HUDSON RIVER WATERSHED"
        },
        {
            "organization_number": "TST_01_96339894",
            "organization_name": "TST_01_THE CRIMSON CAFE"
        },
        {
            "organization_number": "TST_01_96340411",
            "organization_name": "TST_01_YELLOW DOG MARKETPLACE"
        },
        {
            "organization_number": "TST_01_96339122",
            "organization_name": "TST_01_SEAGLASS HOME"
        },
        {
            "organization_number": "TST_01_96343634",
            "organization_name": "TST_01_Szanforlin Ltda Epp"
        },
        {
            "organization_number": "TST_01_96343376",
            "organization_name": "TST_01_HONEYCOMB KITCHEN SHOP"
        },
        {
            "organization_number": "TST_01_96343691",
            "organization_name": "TST_01_ENGLISH YARD IMPORTACAO"
        },
        {
            "organization_number": "TST_01_90000014",
            "organization_name": "TST_01_ALABAMA BOOKSMITH"
        },
        {
            "organization_number": "TST_01_90000026",
            "organization_name": "TST_01_MIRAVAL RESORT"
        },
        {
            "organization_number": "TST_01_96345661",
            "organization_name": "TST_01_QUIOTE"
        },
        {
            "organization_number": "TST_01_96346066",
            "organization_name": "TST_01_E JANE DRAKE"
        },
        {
            "organization_number": "TST_01_90001533",
            "organization_name": "TST_01_NORTH COUNTRY BOOKS"
        },
        {
            "organization_number": "TST_01_90001535",
            "organization_name": "TST_01_MENTAL HEALTH RESOURCES"
        },
        {
            "organization_number": "TST_01_90001535",
            "organization_name": "TST_01_MENTAL HEALTH RESOURCES"
        },
        {
            "organization_number": "TST_01_90001538",
            "organization_name": "TST_01_GEORGE EASTMAN HOUSE"
        },
        {
            "organization_number": "TST_01_90001593",
            "organization_name": "TST_01_ARAMARK/NATIONAL"
        },
        {
            "organization_number": "TST_01_90001593",
            "organization_name": "TST_01_ARAMARK/NATIONAL"
        }
    ],
    "hasMore": true,
    "limit": 100,
    "offset": 0,
    "count": 100,
    "links": [
        {
            "rel": "self",
            "href": "https://10.2.0.169:8081/ords/hbg_integration/AutomaticHolds/getOrganizationName"
        },
        {
            "rel": "describedby",
            "href": "https://10.2.0.169:8081/ords/hbg_integration/metadata-catalog/AutomaticHolds/item"
        },
        {
            "rel": "first",
            "href": "https://10.2.0.169:8081/ords/hbg_integration/AutomaticHolds/getOrganizationName?limit=100"
        },
        {
            "rel": "next",
            "href": "https://10.2.0.169:8081/ords/hbg_integration/AutomaticHolds/getOrganizationName?offset=100&limit=100"
        }
    ]
}