{
    "items": [
        {
            "batch_id": 999,
            "status": null,
            "creation_date": "2023-03-10T19:04:29Z",
            "created_by": null,
            "last_update_date": "2023-03-10T19:04:29Z",
            "last_updated_by": null
        },
        {
            "batch_id": 1002,
            "status": "TES2T2",
            "creation_date": "2023-02-20T18:25:43Z",
            "created_by": "integration",
            "last_update_date": "2023-03-13T02:55:47Z",
            "last_updated_by": "integration"
        },
        {
            "batch_id": 1006,
            "status": "DRAFT",
            "creation_date": "2023-02-20T18:25:43Z",
            "created_by": "integration",
            "last_update_date": "2023-02-20T18:25:43Z",
            "last_updated_by": "integration"
        },
        {
            "batch_id": 371,
            "status": "DRAFT",
            "creation_date": "2023-03-13T13:24:20Z",
            "created_by": "freis@pelotongroup.com",
            "last_update_date": "2023-03-13T13:26:55Z",
            "last_updated_by": "freis@pelotongroup.com"
        },
        {
            "batch_id": 377,
            "status": "DRAFT",
            "creation_date": "2023-03-13T15:06:48Z",
            "created_by": "freis@pelotongroup.com",
            "last_update_date": "2023-03-13T15:06:48Z",
            "last_updated_by": "freis@pelotongroup.com"
        },
        {
            "batch_id": 381,
            "status": "PROCESSING",
            "creation_date": "2023-03-13T15:17:55Z",
            "created_by": "freis@pelotongroup.com",
            "last_update_date": "2023-03-13T15:17:59Z",
            "last_updated_by": "freis@pelotongroup.com"
        },
        {
            "batch_id": 383,
            "status": "PROCESSING",
            "creation_date": "2023-03-13T15:20:33Z",
            "created_by": "freis@pelotongroup.com",
            "last_update_date": "2023-03-13T15:20:33Z",
            "last_updated_by": "freis@pelotongroup.com"
        },
        {
            "batch_id": 384,
            "status": "PROCESSING",
            "creation_date": "2023-03-13T15:21:52Z",
            "created_by": "freis@pelotongroup.com",
            "last_update_date": "2023-03-13T15:21:52Z",
            "last_updated_by": "freis@pelotongroup.com"
        },
        {
            "batch_id": 385,
            "status": "PROCESSING",
            "creation_date": "2023-03-13T15:22:11Z",
            "created_by": "freis@pelotongroup.com",
            "last_update_date": "2023-03-13T15:22:11Z",
            "last_updated_by": "freis@pelotongroup.com"
        },
        {
            "batch_id": 1001,
            "status": null,
            "creation_date": null,
            "created_by": null,
            "last_update_date": null,
            "last_updated_by": null
        },
        {
            "batch_id": 372,
            "status": "DRAFT",
            "creation_date": "2023-03-13T13:40:21Z",
            "created_by": "freis@pelotongroup.com",
            "last_update_date": "2023-03-13T13:40:21Z",
            "last_updated_by": "freis@pelotongroup.com"
        },
        {
            "batch_id": 376,
            "status": "DRAFT",
            "creation_date": "2023-03-13T14:43:01Z",
            "created_by": "freis@pelotongroup.com",
            "last_update_date": "2023-03-13T14:43:01Z",
            "last_updated_by": "freis@pelotongroup.com"
        },
        {
            "batch_id": 378,
            "status": "PROCESSING",
            "creation_date": "2023-03-13T15:10:20Z",
            "created_by": "freis@pelotongroup.com",
            "last_update_date": "2023-03-13T15:11:10Z",
            "last_updated_by": "freis@pelotongroup.com"
        },
        {
            "batch_id": 386,
            "status": "PROCESSING",
            "creation_date": "2023-03-13T18:40:09Z",
            "created_by": "freis@pelotongroup.com",
            "last_update_date": "2023-03-13T18:40:34Z",
            "last_updated_by": "freis@pelotongroup.com"
        },
        {
            "batch_id": 388,
            "status": "PROCESSING",
            "creation_date": "2023-03-13T18:44:38Z",
            "created_by": "freis@pelotongroup.com",
            "last_update_date": "2023-03-13T18:44:35Z",
            "last_updated_by": "freis@pelotongroup.com"
        },
        {
            "batch_id": 389,
            "status": "PROCESSING",
            "creation_date": "2023-03-13T19:40:04Z",
            "created_by": "freis@pelotongroup.com",
            "last_update_date": "2023-03-13T19:40:03Z",
            "last_updated_by": "freis@pelotongroup.com"
        },
        {
            "batch_id": 390,
            "status": "PROCESSING",
            "creation_date": "2023-03-13T19:43:38Z",
            "created_by": "freis@pelotongroup.com",
            "last_update_date": "2023-03-13T19:43:37Z",
            "last_updated_by": "freis@pelotongroup.com"
        },
        {
            "batch_id": 391,
            "status": "PROCESSING",
            "creation_date": "2023-03-13T19:44:45Z",
            "created_by": "freis@pelotongroup.com",
            "last_update_date": "2023-03-13T19:45:12Z",
            "last_updated_by": "freis@pelotongroup.com"
        },
        {
            "batch_id": 392,
            "status": "PROCESSING",
            "creation_date": "2023-03-13T19:46:24Z",
            "created_by": "freis@pelotongroup.com",
            "last_update_date": "2023-03-13T19:46:23Z",
            "last_updated_by": "freis@pelotongroup.com"
        },
        {
            "batch_id": 393,
            "status": "DRAFT",
            "creation_date": "2023-03-13T19:48:07Z",
            "created_by": "freis@pelotongroup.com",
            "last_update_date": "2023-03-13T22:54:10Z",
            "last_updated_by": "freis@pelotongroup.com"
        }
    ],
    "hasMore": false,
    "limit": 0,
    "offset": 0,
    "count": 20,
    "links": [
        {
            "rel": "self",
            "href": "https://10.2.0.169:8081/ords/hbg_integration/PaymentExtension/hbg_ar_payment_header"
        },
        {
            "rel": "edit",
            "href": "https://10.2.0.169:8081/ords/hbg_integration/PaymentExtension/hbg_ar_payment_header"
        },
        {
            "rel": "describedby",
            "href": "https://10.2.0.169:8081/ords/hbg_integration/metadata-catalog/PaymentExtension/item"
        }
    ]
}