{
  "description": "",
  "root": "if",
  "actions": {
    "callComponentEditHeaderInfoOpen": {
      "module": "vb/action/builtin/callComponentMethodAction",
      "parameters": {
        "component": "{{ document.getElementById('EditHeaderInfo') }}",
        "method": "open"
      }
    },
    "resetVariablesEditCountryGroupObj": {
      "module": "vb/action/builtin/resetVariablesAction",
      "parameters": {
        "variables": [
          "$page.variables.EditCountryGroupObj"
        ]
      },
      "outcomes": {
        "success": "callRestGetDistributionTitleRightsGetCountryGroupDetails"
      }
    },
    "fireNotification": {
      "module": "vb/action/builtin/fireNotificationEventAction",
      "parameters": {
        "target": "leaf",
        "summary": "[[ $chain.results.callRestGetDistributionTitleRightsGetCountryGroupDetails.message.summary ]]",
        "type": "error",
        "displayMode": "persist"
      }
    },
    "callRestGetDistributionTitleRightsGetCountryGroupDetails": {
      "module": "vb/action/builtin/restAction",
      "parameters": {
        "endpoint": "ordsHbg_integration/getDistributionTitleRightsGetCountryGroupDetails",
        "uriParams": {
          "P_COUNTRY_GROUP_ID": "{{ $page.variables.p_country_group }}"
        }
      },
      "outcomes": {
        "failure": "fireNotification",
        "success": "assignVariablesEditCountryGroupObj"
      }
    },
    "assignVariablesEditCountryGroupObj": {
      "module": "vb/action/builtin/assignVariablesAction",
      "parameters": {
        "$page.variables.EditCountryGroupObj": {
          "source": "{{ $chain.results.callRestGetDistributionTitleRightsGetCountryGroupDetails.body.items[0] }}",
          "auto": "always"
        }
      },
      "outcomes": {
        "success": "callComponentEditHeaderInfoOpen"
      }
    },
    "if": {
      "module": "vb/action/builtin/ifAction",
      "parameters": {
        "condition": "[[ $page.variables.p_country_group == 'undefined' || $page.variables.p_country_group == null ]]"
      },
      "outcomes": {
        "false": "resetVariablesEditCountryGroupObj",
        "true": "fireNotification3"
      }
    },
    "fireNotification3": {
      "module": "vb/action/builtin/fireNotificationEventAction",
      "parameters": {
        "target": "leaf",
        "summary": "Information Message",
        "message": "Please Select the Country Group to Edit",
        "displayMode": "transient",
        "type": "info"
      }
    }
  },
  "variables": {}
}