{
  "description": "",
  "root": "callFunctionPrepareCreateCountryGroup",
  "actions": {
    "fireNotification": {
      "module": "vb/action/builtin/fireNotificationEventAction",
      "parameters": {
        "target": "leaf",
        "summary": "[[ $chain.results.callRestPostDistributionTitleRightsCreateCountryGroup.message.summary ]]",
        "type": "error",
        "displayMode": "persist"
      }
    },
    "callRestPostDistributionTitleRightsCreateCountryGroup": {
      "module": "vb/action/builtin/restAction",
      "parameters": {
        "endpoint": "ordsHbg_integration/postDistributionTitleRightsCreateCountryGroup",
        "body": "{{ $chain.results.callFunctionPrepareCreateCountryGroup }}"
      },
      "outcomes": {
        "failure": "fireNotification",
        "success": "if"
      }
    },
    "fireNotification3": {
      "module": "vb/action/builtin/fireNotificationEventAction",
      "parameters": {
        "target": "leaf",
        "summary": "Error Message",
        "message": "[[ $chain.results.callRestPostDistributionTitleRightsCreateCountryGroup.body.x_return_status ]]",
        "displayMode": "transient",
        "type": "error"
      }
    },
    "callFunctionPrepareCreateCountryGroup": {
      "module": "vb/action/builtin/callModuleFunctionAction",
      "parameters": {
        "module": "[[ $functions ]]",
        "functionName": "PrepareCreateCountryGroup",
        "params": [
          "{{ $page.variables.createCountryGroupObj }}",
          "{{ $application.user.username }}",
          "{{ $application.user.username }}"
        ]
      },
      "outcomes": {
        "success": "callRestPostDistributionTitleRightsCreateCountryGroup"
      }
    },
    "if": {
      "module": "vb/action/builtin/ifAction",
      "parameters": {
        "condition": "[[ $chain.results.callRestPostDistributionTitleRightsCreateCountryGroup.body.x_return_status == 'SUCCESS' ]]"
      },
      "outcomes": {
        "true": "fireNotification2",
        "false": "fireNotification3"
      }
    },
    "callComponentCreateGroupClose": {
      "module": "vb/action/builtin/callComponentMethodAction",
      "parameters": {
        "component": "{{ document.getElementById('createGroup') }}",
        "method": "close"
      },
      "outcomes": {
        "success": "resetVariablesGetCountryAssocListADP"
      }
    },
    "callChainGetAllListofValues": {
      "module": "vb/action/builtin/callChainAction",
      "parameters": {
        "id": "flow:getAllListofValues"
      },
      "outcomes": {
        "success": "callChainGetCountryGroupDetails"
      }
    },
    "assignVariablesPCountryGroup": {
      "module": "vb/action/builtin/assignVariablesAction",
      "parameters": {
        "$page.variables.p_country_group": {
          "source": "{{ $chain.results.callRestPostDistributionTitleRightsCreateCountryGroup.body.x_country_group_id }}"
        }
      },
      "outcomes": {
        "success": "callChainGetAllListofValues"
      }
    },
    "callChainGetCountryGroupDetails": {
      "module": "vb/action/builtin/callChainAction",
      "parameters": {
        "id": "getCountryGroupDetails"
      }
    },
    "resetVariablesGetCountryAssocListADP": {
      "module": "vb/action/builtin/resetVariablesAction",
      "parameters": {
        "variables": [
          "$page.variables.getCountryAssocListADP"
        ]
      },
      "outcomes": {
        "success": "assignVariablesPCountryGroup"
      }
    },
    "fireNotification2": {
      "module": "vb/action/builtin/fireNotificationEventAction",
      "parameters": {
        "target": "leaf",
        "summary": "Success Message",
        "message": "Country Group Created Successfully",
        "displayMode": "transient",
        "type": "confirmation"
      },
      "outcomes": {
        "success": "callComponentCreateGroupClose"
      }
    }
  },
  "variables": {}
}