{
  "description": "",
  "root": "if",
  "actions": {
    "runInParallel": {
      "module": "vb/action/builtin/forkAction",
      "parameters": {
        "actions": {
          "callRest": "callRestGetDistributionTitleRightsGetCountryGroupDetails"
        }
      }
    },
    "fireNotification": {
      "module": "vb/action/builtin/fireNotificationEventAction",
      "parameters": {
        "target": "leaf",
        "summary": "[[ $chain.results.callRestGetDistributionTitleRightsGetCountryGroupDetails.message.summary ]]",
        "type": "error",
        "displayMode": "persist"
      }
    },
    "callRestGetDistributionTitleRightsGetCountryGroupDetails": {
      "module": "vb/action/builtin/restAction",
      "parameters": {
        "endpoint": "ordsHbg_integration/getDistributionTitleRightsGetCountryGroupDetails",
        "uriParams": {
          "P_COUNTRY_GROUP_ID": "{{ $page.variables.p_country_group }}"
        }
      },
      "outcomes": {
        "failure": "fireNotification",
        "success": "assignVariablesPComments"
      }
    },
    "resetVariablesPComments": {
      "module": "vb/action/builtin/resetVariablesAction",
      "parameters": {
        "variables": [
          "$page.variables.p_comments",
          "$page.variables.p_country_group_name",
          "$page.variables.p_enabled_flag"
        ]
      },
      "outcomes": {
        "success": "runInParallel"
      }
    },
    "assignVariablesPComments": {
      "module": "vb/action/builtin/assignVariablesAction",
      "parameters": {
        "$page.variables.p_comments": {
          "source": "{{ $chain.results.callRestGetDistributionTitleRightsGetCountryGroupDetails.body.items[0].comments }}"
        },
        "$page.variables.p_country_group_name": {
          "source": "{{ $chain.results.callRestGetDistributionTitleRightsGetCountryGroupDetails.body.items[0].country_group_name }}"
        },
        "$page.variables.p_country_group_code": {
          "source": "{{ $chain.results.callRestGetDistributionTitleRightsGetCountryGroupDetails.body.items[0].country_group_code }}"
        },
        "$page.variables.p_enabled_flag": {
          "source": "{{ $chain.results.callRestGetDistributionTitleRightsGetCountryGroupDetails.body.items[0].enabled_flag }}"
        }
      },
      "outcomes": {
        "success": "callChainSearchActionChain"
      }
    },
    "if": {
      "module": "vb/action/builtin/ifAction",
      "parameters": {
        "condition": "[[ $page.variables.p_country_group == 'undefined' || $page.variables.p_country_group == '' || $page.variables.p_country_group == null ]]"
      },
      "outcomes": {
        "false": "resetVariablesPComments",
        "true": "resetVariablesPComments3"
      }
    },
    "callChainSearchActionChain": {
      "module": "vb/action/builtin/callChainAction",
      "parameters": {
        "id": "SearchActionChain"
      }
    },
    "resetVariablesPComments3": {
      "module": "vb/action/builtin/resetVariablesAction",
      "parameters": {
        "variables": [
          "$page.variables.p_comments",
          "$page.variables.p_country_group_name",
          "$page.variables.p_enabled_flag",
          "$page.variables.getCountryAssocListADP"
        ]
      }
    }
  },
  "variables": {}
}