{
  "description": "",
  "root": "callFunctionPreparePayloadUpdateCountryGroup",
  "actions": {
    "callFunctionPreparePayloadUpdateCountryGroup": {
      "module": "vb/action/builtin/callModuleFunctionAction",
      "parameters": {
        "module": "[[ $functions ]]",
        "functionName": "preparePayload_UpdateCountryGroup",
        "params": [
          "{{ $page.variables.EditCountryGroupObj }}"
        ]
      },
      "outcomes": {
        "success": "callRestPostDistributionTitleRightsUpdateCountryGroup"
      }
    },
    "fireNotification": {
      "module": "vb/action/builtin/fireNotificationEventAction",
      "parameters": {
        "target": "leaf",
        "summary": "[[ $chain.results.callRestPostDistributionTitleRightsUpdateCountryGroup.message.summary ]]",
        "type": "error",
        "displayMode": "persist"
      }
    },
    "callRestPostDistributionTitleRightsUpdateCountryGroup": {
      "module": "vb/action/builtin/restAction",
      "parameters": {
        "endpoint": "ordsHbg_integration/postDistributionTitleRightsUpdateCountryGroup",
        "body": "{{ $chain.results.callFunctionPreparePayloadUpdateCountryGroup }}"
      },
      "outcomes": {
        "failure": "fireNotification",
        "success": "if"
      }
    },
    "if": {
      "module": "vb/action/builtin/ifAction",
      "parameters": {
        "condition": "[[ $chain.results.callRestPostDistributionTitleRightsUpdateCountryGroup.body.x_return_status == 'SUCCESS' ]]"
      },
      "outcomes": {
        "true": "callComponentEditHeaderInfoClose",
        "false": "fireNotification3"
      }
    },
    "callComponentEditHeaderInfoClose": {
      "module": "vb/action/builtin/callComponentMethodAction",
      "parameters": {
        "component": "{{ document.getElementById('EditHeaderInfo') }}",
        "method": "close"
      },
      "outcomes": {
        "success": "callChainGetCountryGroupDetails"
      }
    },
    "fireNotification3": {
      "module": "vb/action/builtin/fireNotificationEventAction",
      "parameters": {
        "target": "leaf",
        "summary": "Error in Update",
        "message": "[[ $chain.results.callRestPostDistributionTitleRightsUpdateCountryGroup.body.x_return_status ]]",
        "displayMode": "transient",
        "type": "error"
      }
    },
    "callChainGetCountryGroupDetails": {
      "module": "vb/action/builtin/callChainAction",
      "parameters": {
        "id": "getCountryGroupDetails"
      }
    }
  },
  "variables": {}
}