{
    "items": [
        {
            "account_number": "14222411-NEIMAN MARCUS GROUP L",
            "account_name": "NEIMAN MARCUS GROUP LLC",
            "cust_account_id": 100000230814714
        },
        {
            "account_number": "TST_01_11212583-POWELL'S BOOKS",
            "account_name": "POWELL'S BOOKSTORE",
            "cust_account_id": 100000235729889
        },
        {
            "account_number": "TST_01_12206529-UNIVERSITY OF ",
            "account_name": "UNIVERSITY OF MINNESOTA",
            "cust_account_id": 100000235729890
        },
        {
            "account_number": "TST_01_10448297-PLUMPJACK WINE",
            "account_name": "PLUMPJACK WINES",
            "cust_account_id": 100000235729891
        },
        {
            "account_number": "TST_01_10449284-HARVARD WESTLA",
            "account_name": "HARVARD WESTLAKE SCHOOL",
            "cust_account_id": 100000235729892
        },
        {
            "account_number": "TST_01_10447489-ARIANNA HUFFIN",
            "account_name": "ARIANNA HUFFINGTON",
            "cust_account_id": 100000235729893
        },
        {
            "account_number": "TST_01_10451821-SKYLARK",
            "account_name": "SKYLARK",
            "cust_account_id": 100000235729894
        },
        {
            "account_number": "TST_01_10451014-BOUDIN PROPERT",
            "account_name": "BOUDIN PROPERTIES",
            "cust_account_id": 100000235729895
        },
        {
            "account_number": "TST_01_10450039-MOUNTAIN HOME ",
            "account_name": "MOUNTAIN HOME GIFT",
            "cust_account_id": 100000235729896
        },
        {
            "account_number": "TST_01_10451277-R/C COUNTRY HO",
            "account_name": "R/C COUNTRY HOBBIES",
            "cust_account_id": 100000235729897
        },
        {
            "account_number": "TST_01_10451299-WINE & ROSES H",
            "account_name": "WINE & ROSES HOTEL & SPA",
            "cust_account_id": 100000235729898
        },
        {
            "account_number": "TST_01_10458228-STARK WAXING S",
            "account_name": "STARK WAXING STUDIO",
            "cust_account_id": 100000235729899
        },
        {
            "account_number": "TST_01_11402766-MCMURRAY HATCH",
            "account_name": "MCMURRAY HATCHERY",
            "cust_account_id": 100000235729900
        },
        {
            "account_number": "TST_01_11402828-FRANK LLOYD WR",
            "account_name": "FRANK LLOYD WRIGHT",
            "cust_account_id": 100000235729901
        },
        {
            "account_number": "TST_01_11402397-TREASURE HOUSE",
            "account_name": "TREASURE HOUSE",
            "cust_account_id": 100000235729902
        },
        {
            "account_number": "TST_01_12824000-CURRIER MUSEUM",
            "account_name": "CURRIER MUSEUM OF ART",
            "cust_account_id": 100000235729903
        },
        {
            "account_number": "TST_01_12801754-TOY CITY",
            "account_name": "TOY CITY",
            "cust_account_id": 100000235729904
        },
        {
            "account_number": "TST_01_12863735-STEELES STATIO",
            "account_name": "STEELES STATIONERS",
            "cust_account_id": 100000235729905
        },
        {
            "account_number": "TST_01_12913116-ROSS AND ROSS ",
            "account_name": "ROSS AND ROSS INC  DBA",
            "cust_account_id": 100000235729906
        },
        {
            "account_number": "TST_01_12913267-CALVIN KLEIN/P",
            "account_name": "CALVIN KLEIN/PVH CORP",
            "cust_account_id": 100000235729907
        },
        {
            "account_number": "10002",
            "account_name": "Kyle Meredith",
            "cust_account_id": 300000049343181
        },
        {
            "account_number": "TST_01_12915886-ARCHER HOTEL F",
            "account_name": "ARCHER HOTEL FLORHAM",
            "cust_account_id": 100000235729908
        },
        {
            "account_number": "TST_01_10920881-RESILIENT REST",
            "account_name": "RESILIENT RESTAURANTS",
            "cust_account_id": 100000235729909
        },
        {
            "account_number": "TST_01_10452994-BROWN DESIGN G",
            "account_name": "BROWN DESIGN GROUP",
            "cust_account_id": 100000235729911
        },
        {
            "account_number": "TST_01_10454182-EASTERN LEAF I",
            "account_name": "EASTERN LEAF INC",
            "cust_account_id": 100000235729912
        }
    ],
    "hasMore": true,
    "limit": 25,
    "offset": 0,
    "count": 25,
    "links": [
        {
            "rel": "self",
            "href": "https://10.2.0.169:8081/ords/hbg_integration/Common/getAccountNames"
        },
        {
            "rel": "describedby",
            "href": "https://10.2.0.169:8081/ords/hbg_integration/metadata-catalog/Common/item"
        },
        {
            "rel": "first",
            "href": "https://10.2.0.169:8081/ords/hbg_integration/Common/getAccountNames"
        },
        {
            "rel": "next",
            "href": "https://10.2.0.169:8081/ords/hbg_integration/Common/getAccountNames?offset=25"
        }
    ]
}