{
    "items": [
        {
            "inventory_item_id": 100000000602367,
            "organization_id": 300000006031104,
            "item_number": "9780000000880",
            "author": "John Villani",
            "short_title": "DEL-100 Best S"
        }
    ],
    "hasMore": false,
    "limit": 10000,
    "offset": 0,
    "count": 1,
    "links": [
        {
            "rel": "self",
            "href": "https://10.2.0.169:8081/ords/hbg_integration/DistributionTitleRights/getItemInfo?P_ITEM_NUMBER=9780000000880"
        },
        {
            "rel": "describedby",
            "href": "https://10.2.0.169:8081/ords/hbg_integration/metadata-catalog/DistributionTitleRights/item"
        },
        {
            "rel": "first",
            "href": "https://10.2.0.169:8081/ords/hbg_integration/DistributionTitleRights/getItemInfo?P_ITEM_NUMBER=9780000000880&limit=10000"
        }
    ]
}