{
    "items": [
        {
            "organization_id": 300000006031104,
            "organization_code": "ITEM_MASTER"
        },
        {
            "organization_id": 300000013421448,
            "organization_code": "GEN"
        },
        {
            "organization_id": 300000013421465,
            "organization_code": "IND"
        },
        {
            "organization_id": 300000013421482,
            "organization_code": "CAN"
        },
        {
            "organization_id": 300000022184120,
            "organization_code": "HBG"
        },
        {
            "organization_id": 300000045771718,
            "organization_code": "HXR"
        },
        {
            "organization_id": 300000045777163,
            "organization_code": "EXT"
        },
        {
            "organization_id": 300000045784312,
            "organization_code": "INDY"
        }
    ],
    "hasMore": false,
    "limit": 25,
    "offset": 0,
    "count": 8,
    "links": [
        {
            "rel": "self",
            "href": "https://10.2.0.169:8081/ords/hbg_integration/ReservationsUI/getInventoryOrg"
        },
        {
            "rel": "describedby",
            "href": "https://10.2.0.169:8081/ords/hbg_integration/metadata-catalog/ReservationsUI/item"
        },
        {
            "rel": "first",
            "href": "https://10.2.0.169:8081/ords/hbg_integration/ReservationsUI/getInventoryOrg"
        }
    ]
}