{
  "description": "",
  "root": "if",
  "actions": {
    "if": {
      "module": "vb/action/builtin/ifAction",
      "parameters": {
        "condition": "[[ $page.variables.EditCountryListObj.country_id == null || $page.variables.EditCountryListObj.country_id == 'undefined' ]]"
      },
      "outcomes": {
        "true": "fireNotification",
        "false": "callFunctionPreparePayloadAssignCountry"
      }
    },
    "fireNotification": {
      "module": "vb/action/builtin/fireNotificationEventAction",
      "parameters": {
        "target": "leaf",
        "summary": "Information Message",
        "message": "Please select the country to create the association",
        "displayMode": "transient",
        "type": "info"
      }
    },
    "callFunctionPreparePayloadAssignCountry": {
      "module": "vb/action/builtin/callModuleFunctionAction",
      "parameters": {
        "module": "[[ $functions ]]",
        "functionName": "preparePayload_AssignCountry",
        "params": [
          "{{ $page.variables.EditCountryListObj }}",
          "{{ $page.variables.EditCountryGroupObj }}",
          "{{ $application.user.username }}",
          "{{ $application.user.username }}"
        ]
      },
      "outcomes": {
        "success": "callRestPostDistributionTitleRightsCreateCountryAssociation2"
      }
    },
    "fireNotification2": {
      "module": "vb/action/builtin/fireNotificationEventAction",
      "parameters": {
        "target": "leaf",
        "summary": "[[ $chain.results.callRestPostDistributionTitleRightsCreateCountryAssociation2.message.summary ]]",
        "type": "error",
        "displayMode": "transient",
        "message": "Failed in Invocation on Rest Call"
      }
    },
    "callRestPostDistributionTitleRightsCreateCountryAssociation2": {
      "module": "vb/action/builtin/restAction",
      "parameters": {
        "endpoint": "ordsHbg_integration/postDistributionTitleRightsCreateCountryAssociation2",
        "body": "{{ $chain.results.callFunctionPreparePayloadAssignCountry }}"
      },
      "outcomes": {
        "failure": "fireNotification2",
        "success": "if3"
      }
    },
    "if3": {
      "module": "vb/action/builtin/ifAction",
      "parameters": {
        "condition": "[[ $chain.results.callRestPostDistributionTitleRightsCreateCountryAssociation2.body.x_return_status == 'SUCCESS' ]]"
      },
      "outcomes": {
        "false": "fireNotification4",
        "true": "fireNotification3"
      }
    },
    "fireNotification4": {
      "module": "vb/action/builtin/fireNotificationEventAction",
      "parameters": {
        "target": "leaf",
        "summary": "Error Message",
        "message": "[[ $chain.results.callRestPostDistributionTitleRightsCreateCountryAssociation2.body.x_return_status ]]",
        "displayMode": "transient",
        "type": "error"
      }
    },
    "resetVariablesEditCountryListObj": {
      "module": "vb/action/builtin/resetVariablesAction",
      "parameters": {
        "variables": [
          "$page.variables.EditCountryListObj"
        ]
      },
      "outcomes": {
        "success": "callComponentAddCountriesClose"
      }
    },
    "callComponentAddCountriesClose": {
      "module": "vb/action/builtin/callComponentMethodAction",
      "parameters": {
        "component": "{{ document.getElementById('AddCountries') }}",
        "method": "close"
      },
      "outcomes": {
        "success": "callChainSearchActionChain"
      }
    },
    "callChainSearchActionChain": {
      "module": "vb/action/builtin/callChainAction",
      "parameters": {
        "id": "SearchActionChain"
      }
    },
    "fireNotification3": {
      "module": "vb/action/builtin/fireNotificationEventAction",
      "parameters": {
        "target": "leaf",
        "summary": "Success Message",
        "message": "Country Association is Successful",
        "displayMode": "transient",
        "type": "confirmation"
      },
      "outcomes": {
        "success": "resetVariablesEditCountryListObj"
      }
    }
  },
  "variables": {}
}