{
  "description": "",
  "root": "callFunctionPrepareCopyEditCountryGroup",
  "actions": {
    "callFunctionPrepareCopyEditCountryGroup": {
      "module": "vb/action/builtin/callModuleFunctionAction",
      "parameters": {
        "module": "[[ $functions ]]",
        "functionName": "PrepareCopyEditCountryGroup",
        "params": [
          "{{ $page.variables.EditCountryGroupObj }}",
          "{{ $application.user.username }}",
          "{{ $application.user.username }}"
        ]
      },
      "outcomes": {
        "success": "callRestPostDistributionTitleRightsCopyEditCountryGroup"
      }
    },
    "fireNotification": {
      "module": "vb/action/builtin/fireNotificationEventAction",
      "parameters": {
        "target": "leaf",
        "summary": "[[ $chain.results.callRestPostDistributionTitleRightsCopyEditCountryGroup.message.summary ]]",
        "type": "error",
        "displayMode": "persist"
      }
    },
    "callRestPostDistributionTitleRightsCopyEditCountryGroup": {
      "module": "vb/action/builtin/restAction",
      "parameters": {
        "endpoint": "ordsHbg_integration/postDistributionTitleRightsCopyEditCountryGroup",
        "body": "{{ $chain.results.callFunctionPrepareCopyEditCountryGroup }}"
      },
      "outcomes": {
        "failure": "fireNotification",
        "success": "if"
      }
    },
    "if": {
      "module": "vb/action/builtin/ifAction",
      "parameters": {
        "condition": "[[ $chain.results.callRestPostDistributionTitleRightsCopyEditCountryGroup.body.x_return_status == 'SUCCESS' ]]"
      },
      "outcomes": {
        "false": "fireNotification2",
        "true": "fireNotification4"
      }
    },
    "fireNotification4": {
      "module": "vb/action/builtin/fireNotificationEventAction",
      "parameters": {
        "target": "leaf",
        "summary": "Success Message",
        "message": "Copy and Edit of Country Group is Successfully completed",
        "displayMode": "transient",
        "type": "confirmation"
      },
      "outcomes": {
        "success": "callComponentCopyEditHeaderInfoClose"
      }
    },
    "callComponentCopyEditHeaderInfoClose": {
      "module": "vb/action/builtin/callComponentMethodAction",
      "parameters": {
        "component": "{{ document.getElementById('CopyEditHeaderInfo') }}",
        "method": "close"
      },
      "outcomes": {
        "success": "assignVariablesPCountryGroup"
      }
    },
    "assignVariablesPCountryGroup": {
      "module": "vb/action/builtin/assignVariablesAction",
      "parameters": {
        "$page.variables.p_country_group": {
          "source": "{{ $chain.results.callRestPostDistributionTitleRightsCopyEditCountryGroup.body.x_country_group_id }}"
        }
      },
      "outcomes": {
        "success": "callChainSearchActionChain"
      }
    },
    "callChainGetAllListofValues": {
      "module": "vb/action/builtin/callChainAction",
      "parameters": {
        "id": "flow:getAllListofValues"
      },
      "outcomes": {
        "success": "callChainGetCountryGroupDetails"
      }
    },
    "callChainGetCountryGroupDetails": {
      "module": "vb/action/builtin/callChainAction",
      "parameters": {
        "id": "getCountryGroupDetails"
      }
    },
    "callChainSearchActionChain": {
      "module": "vb/action/builtin/callChainAction",
      "parameters": {
        "id": "SearchActionChain"
      },
      "outcomes": {
        "success": "callChainGetAllListofValues"
      }
    },
    "fireNotification2": {
      "module": "vb/action/builtin/fireNotificationEventAction",
      "parameters": {
        "target": "leaf",
        "message": "[[ $chain.results.callRestPostDistributionTitleRightsCopyEditCountryGroup.body.x_return_status ]]",
        "summary": "Error Message",
        "displayMode": "transient",
        "type": "error"
      }
    }
  },
  "variables": {}
}