{
  "description": "",
  "root": "resetVariablesRowData",
  "actions": {
    "resetVariablesRowData": {
      "module": "vb/action/builtin/resetVariablesAction",
      "parameters": {
        "variables": [
          "$page.variables.rowData"
        ]
      },
      "outcomes": {
        "success": "callFunctionSelectedChangedListener"
      }
    },
    "callFunctionSelectedChangedListener": {
      "module": "vb/action/builtin/callModuleFunctionAction",
      "parameters": {
        "module": "[[ $functions ]]",
        "functionName": "selectedChangedListener",
        "params": [
          "{{ $variables.selected }}"
        ]
      },
      "outcomes": {
        "success": "assignVariablesCurrentSelection"
      }
    },
    "assignVariablesCurrentSelection": {
      "module": "vb/action/builtin/assignVariablesAction",
      "parameters": {
        "$page.variables.currentSelection": {
          "source": "{{ $chain.results.callFunctionSelectedChangedListener }}"
        }
      }
    }
  },
  "variables": {

    "selected": {
      "required": true,
      "type": "any",
      "input": "fromCaller"
    }
  }
}