{
  "description": "",
  "root": "resetVariablesGetCountriesListADP",
  "actions": {
    "resetVariablesGetCountriesListADP": {
      "module": "vb/action/builtin/resetVariablesAction",
      "parameters": {
        "variables": [
          "$page.variables.getCountryAssocListADP"
        ]
      },
      "outcomes": {
        "success": "callRestGetDistributionTitleRightsGetCountryAssocList"
      }
    },
    "fireNotification": {
      "module": "vb/action/builtin/fireNotificationEventAction",
      "parameters": {
        "target": "leaf",
        "summary": "[[ $chain.results.callRestGetDistributionTitleRightsGetCountryAssocList.message.summary ]]",
        "type": "error",
        "displayMode": "persist"
      }
    },
    "callRestGetDistributionTitleRightsGetCountryAssocList": {
      "module": "vb/action/builtin/restAction",
      "parameters": {
        "endpoint": "ordsHbg_integration/getDistributionTitleRightsGetCountryAssocList",
        "uriParams": {
          "P_COUNTRY_GROUP_ID": "{{ $page.variables.p_country_group }}"
        }
      },
      "outcomes": {
        "failure": "fireNotification",
        "success": "if"
      }
    },
    "if": {
      "module": "vb/action/builtin/ifAction",
      "parameters": {
        "condition": "[[ $chain.results.callRestGetDistributionTitleRightsGetCountryAssocList.body.count == 0 ]]"
      },
      "outcomes": {
        "false": "assignVariablesGetCountryAssocListADP",
        "true": "fireNotification3"
      }
    },
    "fireNotification3": {
      "module": "vb/action/builtin/fireNotificationEventAction",
      "parameters": {
        "target": "leaf",
        "summary": "Information Message",
        "message": "No Country has been Associated to this Group, Please use the Add Country Functionality to Assign the Countries",
        "displayMode": "transient",
        "type": "info"
      }
    },
    "assignVariablesGetCountryAssocListADP": {
      "module": "vb/action/builtin/assignVariablesAction",
      "parameters": {
        "$page.variables.getCountryAssocListADP": {
          "source": {
            "data": "{{ $chain.results.callRestGetDistributionTitleRightsGetCountryAssocList.body.items }}"
          },
          "reset": "none",
          "auto": "always",
          "mapping": {
            "$target.data": {
              "source": "$source.data",
              "reset": "empty"
            }
          }
        }
      }
    }
  },
  "variables": {}
}