{
    "items": [
        {
            "value_set_name": "HBG_ACCOUNT_TYPE",
            "flex_value": "02",
            "description": "AGENCY ACCOUNTS (ABRAMS)",
            "enabled_flag": "Y",
            "start_date_active": null,
            "end_date_active": null,
            "created_by": "thastings@pelotongroup.com",
            "creation_date": "2022-12-14T15:33:21.116Z",
            "last_updated_by": "thastings@pelotongroup.com",
            "last_update_date": "2022-12-14T15:33:21.326Z"
        },
        {
            "value_set_name": "HBG_ACCOUNT_TYPE",
            "flex_value": "03",
            "description": "SS FREE FRT RET WHOLESALER(JOBBER)(3A)",
            "enabled_flag": "Y",
            "start_date_active": null,
            "end_date_active": null,
            "created_by": "thastings@pelotongroup.com",
            "creation_date": "2022-12-14T15:33:21.123Z",
            "last_updated_by": "thastings@pelotongroup.com",
            "last_update_date": "2022-12-14T15:33:21.333Z"
        },
        {
            "value_set_name": "HBG_ACCOUNT_TYPE",
            "flex_value": "04",
            "description": "SS FREE FRT NONRET RETAILER",
            "enabled_flag": "Y",
            "start_date_active": null,
            "end_date_active": null,
            "created_by": "thastings@pelotongroup.com",
            "creation_date": "2022-12-14T15:33:21.129Z",
            "last_updated_by": "thastings@pelotongroup.com",
            "last_update_date": "2022-12-14T15:33:21.337Z"
        },
        {
            "value_set_name": "HBG_ACCOUNT_TYPE",
            "flex_value": "05",
            "description": "SS FREE FRT NONRET WHOLESALER",
            "enabled_flag": "Y",
            "start_date_active": null,
            "end_date_active": null,
            "created_by": "thastings@pelotongroup.com",
            "creation_date": "2022-12-14T15:33:21.137Z",
            "last_updated_by": "thastings@pelotongroup.com",
            "last_update_date": "2022-12-14T15:33:21.339Z"
        },
        {
            "value_set_name": "HBG_ACCOUNT_TYPE",
            "flex_value": "06",
            "description": "ABRAMS NET PRICING",
            "enabled_flag": "Y",
            "start_date_active": null,
            "end_date_active": null,
            "created_by": "thastings@pelotongroup.com",
            "creation_date": "2022-12-14T15:33:21.147Z",
            "last_updated_by": "thastings@pelotongroup.com",
            "last_update_date": "2022-12-14T15:33:21.341Z"
        },
        {
            "value_set_name": "HBG_ACCOUNT_TYPE",
            "flex_value": "07",
            "description": "SUNSET E ACCOUNTS",
            "enabled_flag": "Y",
            "start_date_active": null,
            "end_date_active": null,
            "created_by": "thastings@pelotongroup.com",
            "creation_date": "2022-12-14T15:33:21.155Z",
            "last_updated_by": "thastings@pelotongroup.com",
            "last_update_date": "2022-12-14T15:33:21.343Z"
        },
        {
            "value_set_name": "HBG_ACCOUNT_TYPE",
            "flex_value": "08",
            "description": "SUNSET 3B ACCTS SS PAYS FREIGHT BOTH WAY",
            "enabled_flag": "Y",
            "start_date_active": null,
            "end_date_active": null,
            "created_by": "thastings@pelotongroup.com",
            "creation_date": "2022-12-14T15:33:21.162Z",
            "last_updated_by": "thastings@pelotongroup.com",
            "last_update_date": "2022-12-14T15:33:21.345Z"
        },
        {
            "value_set_name": "HBG_ACCOUNT_TYPE",
            "flex_value": "09",
            "description": "SUNSET 4C ACCTS *NO SERVICE",
            "enabled_flag": "Y",
            "start_date_active": null,
            "end_date_active": null,
            "created_by": "thastings@pelotongroup.com",
            "creation_date": "2022-12-14T15:33:21.170Z",
            "last_updated_by": "thastings@pelotongroup.com",
            "last_update_date": "2022-12-14T15:33:21.347Z"
        },
        {
            "value_set_name": "HBG_ACCOUNT_TYPE",
            "flex_value": "10",
            "description": "SUNSET RETAILERS",
            "enabled_flag": "Y",
            "start_date_active": null,
            "end_date_active": null,
            "created_by": "thastings@pelotongroup.com",
            "creation_date": "2022-12-14T14:43:23.305Z",
            "last_updated_by": "thastings@pelotongroup.com",
            "last_update_date": "2022-12-14T14:43:24.981Z"
        },
        {
            "value_set_name": "HBG_ACCOUNT_TYPE",
            "flex_value": "11",
            "description": "SUNSET WHOLESALERS (JOBBERS)",
            "enabled_flag": "Y",
            "start_date_active": null,
            "end_date_active": null,
            "created_by": "thastings@pelotongroup.com",
            "creation_date": "2022-12-14T14:43:23.313Z",
            "last_updated_by": "thastings@pelotongroup.com",
            "last_update_date": "2022-12-14T14:43:24.983Z"
        },
        {
            "value_set_name": "HBG_ACCOUNT_TYPE",
            "flex_value": "12",
            "description": "SUNSET NONRETURNABLE RETAILERS",
            "enabled_flag": "Y",
            "start_date_active": null,
            "end_date_active": null,
            "created_by": "thastings@pelotongroup.com",
            "creation_date": "2022-12-14T14:43:23.321Z",
            "last_updated_by": "thastings@pelotongroup.com",
            "last_update_date": "2022-12-14T14:43:24.985Z"
        },
        {
            "value_set_name": "HBG_ACCOUNT_TYPE",
            "flex_value": "13",
            "description": "SUNSET NONRETURNABLE WHOLESALER",
            "enabled_flag": "Y",
            "start_date_active": null,
            "end_date_active": null,
            "created_by": "thastings@pelotongroup.com",
            "creation_date": "2022-12-14T14:43:23.345Z",
            "last_updated_by": "thastings@pelotongroup.com",
            "last_update_date": "2022-12-14T14:43:24.986Z"
        },
        {
            "value_set_name": "HBG_ACCOUNT_TYPE",
            "flex_value": "14",
            "description": "SUNSET NON-RET RET DIST CTR",
            "enabled_flag": "Y",
            "start_date_active": null,
            "end_date_active": null,
            "created_by": "thastings@pelotongroup.com",
            "creation_date": "2022-12-14T14:43:23.354Z",
            "last_updated_by": "thastings@pelotongroup.com",
            "last_update_date": "2022-12-14T14:43:24.989Z"
        },
        {
            "value_set_name": "HBG_ACCOUNT_TYPE",
            "flex_value": "15",
            "description": "CANADIAN LB NON-RETURNABLE WHOLESALERS",
            "enabled_flag": "Y",
            "start_date_active": null,
            "end_date_active": null,
            "created_by": "thastings@pelotongroup.com",
            "creation_date": "2022-12-14T14:43:23.361Z",
            "last_updated_by": "thastings@pelotongroup.com",
            "last_update_date": "2022-12-14T14:43:24.991Z"
        },
        {
            "value_set_name": "HBG_ACCOUNT_TYPE",
            "flex_value": "16",
            "description": "CANADIAN LB NON-RETURNABLE RETAILERS",
            "enabled_flag": "Y",
            "start_date_active": null,
            "end_date_active": null,
            "created_by": "thastings@pelotongroup.com",
            "creation_date": "2022-12-14T14:43:23.370Z",
            "last_updated_by": "thastings@pelotongroup.com",
            "last_update_date": "2022-12-14T14:43:24.995Z"
        },
        {
            "value_set_name": "HBG_ACCOUNT_TYPE",
            "flex_value": "17",
            "description": "CANADIAN LB BOOK CLUBS",
            "enabled_flag": "Y",
            "start_date_active": null,
            "end_date_active": null,
            "created_by": "thastings@pelotongroup.com",
            "creation_date": "2022-12-14T14:43:23.378Z",
            "last_updated_by": "thastings@pelotongroup.com",
            "last_update_date": "2022-12-14T14:43:24.998Z"
        },
        {
            "value_set_name": "HBG_ACCOUNT_TYPE",
            "flex_value": "18",
            "description": "CANADIAN LB COLLEGE BOOKSTORES",
            "enabled_flag": "Y",
            "start_date_active": null,
            "end_date_active": null,
            "created_by": "thastings@pelotongroup.com",
            "creation_date": "2022-12-14T14:43:23.385Z",
            "last_updated_by": "thastings@pelotongroup.com",
            "last_update_date": "2022-12-14T14:43:25.001Z"
        },
        {
            "value_set_name": "HBG_ACCOUNT_TYPE",
            "flex_value": "19",
            "description": "HOME IMPROVEMENT NON-WHOLESALER",
            "enabled_flag": "Y",
            "start_date_active": null,
            "end_date_active": null,
            "created_by": "thastings@pelotongroup.com",
            "creation_date": "2022-12-14T14:43:23.393Z",
            "last_updated_by": "thastings@pelotongroup.com",
            "last_update_date": "2022-12-14T14:43:25.004Z"
        },
        {
            "value_set_name": "HBG_ACCOUNT_TYPE",
            "flex_value": "1A",
            "description": "RETURNABLE WHOLESALERS (SPECIAL MRKTS)",
            "enabled_flag": "Y",
            "start_date_active": null,
            "end_date_active": null,
            "created_by": "thastings@pelotongroup.com",
            "creation_date": "2022-12-14T14:43:23.400Z",
            "last_updated_by": "thastings@pelotongroup.com",
            "last_update_date": "2022-12-14T14:43:25.008Z"
        },
        {
            "value_set_name": "HBG_ACCOUNT_TYPE",
            "flex_value": "20",
            "description": "MEDICAL JOURNAL ACCOUNTS",
            "enabled_flag": "Y",
            "start_date_active": null,
            "end_date_active": null,
            "created_by": "thastings@pelotongroup.com",
            "creation_date": "2022-12-14T14:43:23.407Z",
            "last_updated_by": "thastings@pelotongroup.com",
            "last_update_date": "2022-12-14T14:43:25.011Z"
        },
        {
            "value_set_name": "HBG_ACCOUNT_TYPE",
            "flex_value": "21",
            "description": "CANADIAN LB COLLEGE LIBRARIES",
            "enabled_flag": "Y",
            "start_date_active": null,
            "end_date_active": null,
            "created_by": "thastings@pelotongroup.com",
            "creation_date": "2022-12-14T14:43:23.414Z",
            "last_updated_by": "thastings@pelotongroup.com",
            "last_update_date": "2022-12-14T14:43:25.014Z"
        },
        {
            "value_set_name": "HBG_ACCOUNT_TYPE",
            "flex_value": "22",
            "description": "AUTOMATIC DISTRIBUTION//GIFTING",
            "enabled_flag": "Y",
            "start_date_active": null,
            "end_date_active": null,
            "created_by": "thastings@pelotongroup.com",
            "creation_date": "2022-12-14T14:43:23.421Z",
            "last_updated_by": "thastings@pelotongroup.com",
            "last_update_date": "2022-12-14T14:43:25.017Z"
        },
        {
            "value_set_name": "HBG_ACCOUNT_TYPE",
            "flex_value": "23",
            "description": "DISNEY COMPANIES",
            "enabled_flag": "Y",
            "start_date_active": null,
            "end_date_active": null,
            "created_by": "thastings@pelotongroup.com",
            "creation_date": "2022-12-14T14:43:23.428Z",
            "last_updated_by": "thastings@pelotongroup.com",
            "last_update_date": "2022-12-14T14:43:25.021Z"
        },
        {
            "value_set_name": "HBG_ACCOUNT_TYPE",
            "flex_value": "24",
            "description": "CANADIAN LB LIBRARIES",
            "enabled_flag": "Y",
            "start_date_active": null,
            "end_date_active": null,
            "created_by": "thastings@pelotongroup.com",
            "creation_date": "2022-12-14T14:43:23.435Z",
            "last_updated_by": "thastings@pelotongroup.com",
            "last_update_date": "2022-12-14T14:43:25.026Z"
        },
        {
            "value_set_name": "HBG_ACCOUNT_TYPE",
            "flex_value": "25",
            "description": "CANADIAN LB RETAIL BOOKSTORES",
            "enabled_flag": "Y",
            "start_date_active": null,
            "end_date_active": null,
            "created_by": "thastings@pelotongroup.com",
            "creation_date": "2022-12-14T14:43:23.441Z",
            "last_updated_by": "thastings@pelotongroup.com",
            "last_update_date": "2022-12-14T14:43:25.028Z"
        },
        {
            "value_set_name": "HBG_ACCOUNT_TYPE",
            "flex_value": "26",
            "description": "CANADIAN LB WHOLESALERS",
            "enabled_flag": "Y",
            "start_date_active": null,
            "end_date_active": null,
            "created_by": "thastings@pelotongroup.com",
            "creation_date": "2022-12-14T14:43:23.448Z",
            "last_updated_by": "thastings@pelotongroup.com",
            "last_update_date": "2022-12-14T14:43:25.031Z"
        },
        {
            "value_set_name": "HBG_ACCOUNT_TYPE",
            "flex_value": "27",
            "description": "CANADIAN LB JOBBERS",
            "enabled_flag": "Y",
            "start_date_active": null,
            "end_date_active": null,
            "created_by": "thastings@pelotongroup.com",
            "creation_date": "2022-12-14T14:43:23.455Z",
            "last_updated_by": "thastings@pelotongroup.com",
            "last_update_date": "2022-12-14T14:43:25.033Z"
        },
        {
            "value_set_name": "HBG_ACCOUNT_TYPE",
            "flex_value": "28",
            "description": "CANADIAN LB INDUSTRY AND GOVERNMENT",
            "enabled_flag": "Y",
            "start_date_active": null,
            "end_date_active": null,
            "created_by": "thastings@pelotongroup.com",
            "creation_date": "2022-12-14T14:43:23.462Z",
            "last_updated_by": "thastings@pelotongroup.com",
            "last_update_date": "2022-12-14T14:43:25.035Z"
        },
        {
            "value_set_name": "HBG_ACCOUNT_TYPE",
            "flex_value": "29",
            "description": "CANADIAN LB INDIVIDUALS",
            "enabled_flag": "Y",
            "start_date_active": null,
            "end_date_active": null,
            "created_by": "thastings@pelotongroup.com",
            "creation_date": "2022-12-14T14:43:23.469Z",
            "last_updated_by": "thastings@pelotongroup.com",
            "last_update_date": "2022-12-14T14:43:25.037Z"
        },
        {
            "value_set_name": "HBG_ACCOUNT_TYPE",
            "flex_value": "30",
            "description": "WHOLESALE NEWS ACCOUNTS",
            "enabled_flag": "Y",
            "start_date_active": null,
            "end_date_active": null,
            "created_by": "thastings@pelotongroup.com",
            "creation_date": "2022-12-14T14:43:23.476Z",
            "last_updated_by": "thastings@pelotongroup.com",
            "last_update_date": "2022-12-14T14:43:25.039Z"
        },
        {
            "value_set_name": "HBG_ACCOUNT_TYPE",
            "flex_value": "31",
            "description": "PREPAID WARNER ACCOUNT",
            "enabled_flag": "Y",
            "start_date_active": null,
            "end_date_active": null,
            "created_by": "thastings@pelotongroup.com",
            "creation_date": "2022-12-14T14:43:23.485Z",
            "last_updated_by": "thastings@pelotongroup.com",
            "last_update_date": "2022-12-14T14:43:25.042Z"
        },
        {
            "value_set_name": "HBG_ACCOUNT_TYPE",
            "flex_value": "32",
            "description": "CANADIAN WARNER WHOLESALE ACCOUNTS",
            "enabled_flag": "Y",
            "start_date_active": null,
            "end_date_active": null,
            "created_by": "thastings@pelotongroup.com",
            "creation_date": "2022-12-14T14:43:23.493Z",
            "last_updated_by": "thastings@pelotongroup.com",
            "last_update_date": "2022-12-14T14:43:25.044Z"
        },
        {
            "value_set_name": "HBG_ACCOUNT_TYPE",
            "flex_value": "33",
            "description": "H B FENN (CANADA)",
            "enabled_flag": "Y",
            "start_date_active": null,
            "end_date_active": null,
            "created_by": "thastings@pelotongroup.com",
            "creation_date": "2022-12-14T14:43:23.502Z",
            "last_updated_by": "thastings@pelotongroup.com",
            "last_update_date": "2022-12-14T14:43:25.046Z"
        },
        {
            "value_set_name": "HBG_ACCOUNT_TYPE",
            "flex_value": "34",
            "description": "FOREIGN WARNER ACCOUNTS",
            "enabled_flag": "Y",
            "start_date_active": null,
            "end_date_active": null,
            "created_by": "thastings@pelotongroup.com",
            "creation_date": "2022-12-14T14:43:23.511Z",
            "last_updated_by": "thastings@pelotongroup.com",
            "last_update_date": "2022-12-14T14:43:25.049Z"
        },
        {
            "value_set_name": "HBG_ACCOUNT_TYPE",
            "flex_value": "35",
            "description": "FUTURE WARNER ACCOUNT TYPE",
            "enabled_flag": "Y",
            "start_date_active": null,
            "end_date_active": null,
            "created_by": "thastings@pelotongroup.com",
            "creation_date": "2022-12-14T14:43:23.520Z",
            "last_updated_by": "thastings@pelotongroup.com",
            "last_update_date": "2022-12-14T14:43:25.053Z"
        },
        {
            "value_set_name": "HBG_ACCOUNT_TYPE",
            "flex_value": "36",
            "description": "FUTURE WARNER ACCOUNT TYPE",
            "enabled_flag": "Y",
            "start_date_active": null,
            "end_date_active": null,
            "created_by": "thastings@pelotongroup.com",
            "creation_date": "2022-12-14T14:43:23.527Z",
            "last_updated_by": "thastings@pelotongroup.com",
            "last_update_date": "2022-12-14T14:43:25.055Z"
        },
        {
            "value_set_name": "HBG_ACCOUNT_TYPE",
            "flex_value": "37",
            "description": "FUTURE WARNER ACCOUNT TYPE",
            "enabled_flag": "Y",
            "start_date_active": null,
            "end_date_active": null,
            "created_by": "thastings@pelotongroup.com",
            "creation_date": "2022-12-14T14:43:23.536Z",
            "last_updated_by": "thastings@pelotongroup.com",
            "last_update_date": "2022-12-14T14:43:25.058Z"
        },
        {
            "value_set_name": "HBG_ACCOUNT_TYPE",
            "flex_value": "38",
            "description": "FUTURE WARNER ACCOUNT TYPE",
            "enabled_flag": "Y",
            "start_date_active": null,
            "end_date_active": null,
            "created_by": "thastings@pelotongroup.com",
            "creation_date": "2022-12-14T14:43:23.544Z",
            "last_updated_by": "thastings@pelotongroup.com",
            "last_update_date": "2022-12-14T14:43:25.060Z"
        },
        {
            "value_set_name": "HBG_ACCOUNT_TYPE",
            "flex_value": "39",
            "description": "FUTURE WARNER ACCOUNT TYPE",
            "enabled_flag": "Y",
            "start_date_active": null,
            "end_date_active": null,
            "created_by": "thastings@pelotongroup.com",
            "creation_date": "2022-12-14T14:43:23.555Z",
            "last_updated_by": "thastings@pelotongroup.com",
            "last_update_date": "2022-12-14T14:43:25.062Z"
        },
        {
            "value_set_name": "HBG_ACCOUNT_TYPE",
            "flex_value": "3P",
            "description": "HBG THIRD PARTY RESELLER",
            "enabled_flag": "Y",
            "start_date_active": null,
            "end_date_active": null,
            "created_by": "thastings@pelotongroup.com",
            "creation_date": "2022-12-14T14:43:23.563Z",
            "last_updated_by": "thastings@pelotongroup.com",
            "last_update_date": "2022-12-14T14:43:25.064Z"
        },
        {
            "value_set_name": "HBG_ACCOUNT_TYPE",
            "flex_value": "40",
            "description": "HMO'S",
            "enabled_flag": "Y",
            "start_date_active": null,
            "end_date_active": null,
            "created_by": "thastings@pelotongroup.com",
            "creation_date": "2022-12-14T14:43:23.571Z",
            "last_updated_by": "thastings@pelotongroup.com",
            "last_update_date": "2022-12-14T14:43:25.066Z"
        },
        {
            "value_set_name": "HBG_ACCOUNT_TYPE",
            "flex_value": "41",
            "description": "HPSG -- HOSPITAL PROFESSIONALS",
            "enabled_flag": "Y",
            "start_date_active": null,
            "end_date_active": null,
            "created_by": "thastings@pelotongroup.com",
            "creation_date": "2022-12-14T14:43:23.578Z",
            "last_updated_by": "thastings@pelotongroup.com",
            "last_update_date": "2022-12-14T14:43:25.069Z"
        },
        {
            "value_set_name": "HBG_ACCOUNT_TYPE",
            "flex_value": "42",
            "description": "HOME IMPROVEMENT WHOLESALERS",
            "enabled_flag": "Y",
            "start_date_active": null,
            "end_date_active": null,
            "created_by": "thastings@pelotongroup.com",
            "creation_date": "2022-12-14T14:43:23.585Z",
            "last_updated_by": "thastings@pelotongroup.com",
            "last_update_date": "2022-12-14T14:43:25.072Z"
        },
        {
            "value_set_name": "HBG_ACCOUNT_TYPE",
            "flex_value": "43",
            "description": "UNIVERSITIES/COLLEGES",
            "enabled_flag": "Y",
            "start_date_active": null,
            "end_date_active": null,
            "created_by": "thastings@pelotongroup.com",
            "creation_date": "2022-12-14T14:43:23.591Z",
            "last_updated_by": "thastings@pelotongroup.com",
            "last_update_date": "2022-12-14T14:43:25.074Z"
        },
        {
            "value_set_name": "HBG_ACCOUNT_TYPE",
            "flex_value": "44",
            "description": "CATALOG HOUSES",
            "enabled_flag": "Y",
            "start_date_active": null,
            "end_date_active": null,
            "created_by": "thastings@pelotongroup.com",
            "creation_date": "2022-12-14T14:43:23.601Z",
            "last_updated_by": "thastings@pelotongroup.com",
            "last_update_date": "2022-12-14T14:43:25.076Z"
        },
        {
            "value_set_name": "HBG_ACCOUNT_TYPE",
            "flex_value": "45",
            "description": "TV STATIONS",
            "enabled_flag": "Y",
            "start_date_active": null,
            "end_date_active": null,
            "created_by": "thastings@pelotongroup.com",
            "creation_date": "2022-12-14T14:43:23.613Z",
            "last_updated_by": "thastings@pelotongroup.com",
            "last_update_date": "2022-12-14T14:43:25.079Z"
        },
        {
            "value_set_name": "HBG_ACCOUNT_TYPE",
            "flex_value": "46",
            "description": "LAW SCHOOL LIBRARIES",
            "enabled_flag": "Y",
            "start_date_active": null,
            "end_date_active": null,
            "created_by": "thastings@pelotongroup.com",
            "creation_date": "2022-12-14T14:43:23.628Z",
            "last_updated_by": "thastings@pelotongroup.com",
            "last_update_date": "2022-12-14T14:43:25.081Z"
        },
        {
            "value_set_name": "HBG_ACCOUNT_TYPE",
            "flex_value": "47",
            "description": "QUALIFIED CUSTOMER PLAN",
            "enabled_flag": "Y",
            "start_date_active": null,
            "end_date_active": null,
            "created_by": "thastings@pelotongroup.com",
            "creation_date": "2022-12-14T14:43:23.638Z",
            "last_updated_by": "thastings@pelotongroup.com",
            "last_update_date": "2022-12-14T14:43:25.083Z"
        },
        {
            "value_set_name": "HBG_ACCOUNT_TYPE",
            "flex_value": "48",
            "description": "AFFILIATED EMPLOYEES",
            "enabled_flag": "Y",
            "start_date_active": null,
            "end_date_active": null,
            "created_by": "thastings@pelotongroup.com",
            "creation_date": "2022-12-14T14:43:23.646Z",
            "last_updated_by": "thastings@pelotongroup.com",
            "last_update_date": "2022-12-14T14:43:25.086Z"
        },
        {
            "value_set_name": "HBG_ACCOUNT_TYPE",
            "flex_value": "49",
            "description": "TRADE/MEDICAL WHLSLRS",
            "enabled_flag": "Y",
            "start_date_active": null,
            "end_date_active": null,
            "created_by": "thastings@pelotongroup.com",
            "creation_date": "2022-12-14T14:43:23.655Z",
            "last_updated_by": "thastings@pelotongroup.com",
            "last_update_date": "2022-12-14T14:43:25.088Z"
        },
        {
            "value_set_name": "HBG_ACCOUNT_TYPE",
            "flex_value": "50",
            "description": "COLLEGE BOOKSTORES",
            "enabled_flag": "Y",
            "start_date_active": null,
            "end_date_active": null,
            "created_by": "thastings@pelotongroup.com",
            "creation_date": "2022-12-14T14:43:23.664Z",
            "last_updated_by": "thastings@pelotongroup.com",
            "last_update_date": "2022-12-14T14:43:25.091Z"
        },
        {
            "value_set_name": "HBG_ACCOUNT_TYPE",
            "flex_value": "51",
            "description": "RETAIL BOOKSTORES (TRADE)",
            "enabled_flag": "Y",
            "start_date_active": null,
            "end_date_active": null,
            "created_by": "thastings@pelotongroup.com",
            "creation_date": "2022-12-14T14:43:23.676Z",
            "last_updated_by": "thastings@pelotongroup.com",
            "last_update_date": "2022-12-14T14:43:25.093Z"
        },
        {
            "value_set_name": "HBG_ACCOUNT_TYPE",
            "flex_value": "52",
            "description": "LAW RETAILERS",
            "enabled_flag": "Y",
            "start_date_active": null,
            "end_date_active": null,
            "created_by": "thastings@pelotongroup.com",
            "creation_date": "2022-12-14T14:43:23.685Z",
            "last_updated_by": "thastings@pelotongroup.com",
            "last_update_date": "2022-12-14T14:43:25.096Z"
        },
        {
            "value_set_name": "HBG_ACCOUNT_TYPE",
            "flex_value": "53",
            "description": "MEDICAL WHOLESALERS",
            "enabled_flag": "Y",
            "start_date_active": null,
            "end_date_active": null,
            "created_by": "thastings@pelotongroup.com",
            "creation_date": "2022-12-14T14:43:23.694Z",
            "last_updated_by": "thastings@pelotongroup.com",
            "last_update_date": "2022-12-14T14:43:25.098Z"
        },
        {
            "value_set_name": "HBG_ACCOUNT_TYPE",
            "flex_value": "54",
            "description": "RETURNABLE WHOLESALER (TRADE)",
            "enabled_flag": "Y",
            "start_date_active": null,
            "end_date_active": null,
            "created_by": "thastings@pelotongroup.com",
            "creation_date": "2022-12-14T14:43:23.704Z",
            "last_updated_by": "thastings@pelotongroup.com",
            "last_update_date": "2022-12-14T14:43:25.101Z"
        },
        {
            "value_set_name": "HBG_ACCOUNT_TYPE",
            "flex_value": "55",
            "description": "LAW FIRMS/LIBRARIES",
            "enabled_flag": "Y",
            "start_date_active": null,
            "end_date_active": null,
            "created_by": "thastings@pelotongroup.com",
            "creation_date": "2022-12-14T14:43:23.714Z",
            "last_updated_by": "thastings@pelotongroup.com",
            "last_update_date": "2022-12-14T14:43:25.104Z"
        },
        {
            "value_set_name": "HBG_ACCOUNT_TYPE",
            "flex_value": "56",
            "description": "CORPORATIONS",
            "enabled_flag": "Y",
            "start_date_active": null,
            "end_date_active": null,
            "created_by": "thastings@pelotongroup.com",
            "creation_date": "2022-12-14T14:43:23.723Z",
            "last_updated_by": "thastings@pelotongroup.com",
            "last_update_date": "2022-12-14T14:43:25.106Z"
        },
        {
            "value_set_name": "HBG_ACCOUNT_TYPE",
            "flex_value": "57",
            "description": "CORPORATION QTY SALE",
            "enabled_flag": "Y",
            "start_date_active": null,
            "end_date_active": null,
            "created_by": "thastings@pelotongroup.com",
            "creation_date": "2022-12-14T14:43:23.731Z",
            "last_updated_by": "thastings@pelotongroup.com",
            "last_update_date": "2022-12-14T14:43:25.108Z"
        },
        {
            "value_set_name": "HBG_ACCOUNT_TYPE",
            "flex_value": "58",
            "description": "INSTITUTIONS",
            "enabled_flag": "Y",
            "start_date_active": null,
            "end_date_active": null,
            "created_by": "thastings@pelotongroup.com",
            "creation_date": "2022-12-14T14:43:23.741Z",
            "last_updated_by": "thastings@pelotongroup.com",
            "last_update_date": "2022-12-14T14:43:25.111Z"
        },
        {
            "value_set_name": "HBG_ACCOUNT_TYPE",
            "flex_value": "59",
            "description": "SCHOOLS",
            "enabled_flag": "Y",
            "start_date_active": null,
            "end_date_active": null,
            "created_by": "thastings@pelotongroup.com",
            "creation_date": "2022-12-14T14:43:23.750Z",
            "last_updated_by": "thastings@pelotongroup.com",
            "last_update_date": "2022-12-14T14:43:25.114Z"
        },
        {
            "value_set_name": "HBG_ACCOUNT_TYPE",
            "flex_value": "60",
            "description": "TEACHERS",
            "enabled_flag": "Y",
            "start_date_active": null,
            "end_date_active": null,
            "created_by": "thastings@pelotongroup.com",
            "creation_date": "2022-12-14T14:43:23.757Z",
            "last_updated_by": "thastings@pelotongroup.com",
            "last_update_date": "2022-12-14T14:43:25.118Z"
        },
        {
            "value_set_name": "HBG_ACCOUNT_TYPE",
            "flex_value": "61",
            "description": "LIBRARIES",
            "enabled_flag": "Y",
            "start_date_active": null,
            "end_date_active": null,
            "created_by": "thastings@pelotongroup.com",
            "creation_date": "2022-12-14T14:43:23.766Z",
            "last_updated_by": "thastings@pelotongroup.com",
            "last_update_date": "2022-12-14T14:43:25.121Z"
        },
        {
            "value_set_name": "HBG_ACCOUNT_TYPE",
            "flex_value": "63",
            "description": "INDIVIDUALS",
            "enabled_flag": "Y",
            "start_date_active": null,
            "end_date_active": null,
            "created_by": "thastings@pelotongroup.com",
            "creation_date": "2022-12-14T14:43:23.775Z",
            "last_updated_by": "thastings@pelotongroup.com",
            "last_update_date": "2022-12-14T14:43:25.123Z"
        },
        {
            "value_set_name": "HBG_ACCOUNT_TYPE",
            "flex_value": "64",
            "description": "INDIVIDUAL CONVENTION SALES",
            "enabled_flag": "Y",
            "start_date_active": null,
            "end_date_active": null,
            "created_by": "thastings@pelotongroup.com",
            "creation_date": "2022-12-14T14:43:23.782Z",
            "last_updated_by": "thastings@pelotongroup.com",
            "last_update_date": "2022-12-14T14:43:25.126Z"
        },
        {
            "value_set_name": "HBG_ACCOUNT_TYPE",
            "flex_value": "65",
            "description": "STATE, CITY TOWN GOVERNMENT AGENCIES",
            "enabled_flag": "Y",
            "start_date_active": null,
            "end_date_active": null,
            "created_by": "thastings@pelotongroup.com",
            "creation_date": "2022-12-14T14:43:23.791Z",
            "last_updated_by": "thastings@pelotongroup.com",
            "last_update_date": "2022-12-14T14:43:25.131Z"
        },
        {
            "value_set_name": "HBG_ACCOUNT_TYPE",
            "flex_value": "66",
            "description": "FEDERAL GOVERNMENT AGENCIES",
            "enabled_flag": "Y",
            "start_date_active": null,
            "end_date_active": null,
            "created_by": "thastings@pelotongroup.com",
            "creation_date": "2022-12-14T14:43:23.800Z",
            "last_updated_by": "thastings@pelotongroup.com",
            "last_update_date": "2022-12-14T14:43:25.134Z"
        },
        {
            "value_set_name": "HBG_ACCOUNT_TYPE",
            "flex_value": "67",
            "description": "PRINTER/BINDERY CHARGEBACK",
            "enabled_flag": "Y",
            "start_date_active": null,
            "end_date_active": null,
            "created_by": "thastings@pelotongroup.com",
            "creation_date": "2022-12-14T14:43:23.807Z",
            "last_updated_by": "thastings@pelotongroup.com",
            "last_update_date": "2022-12-14T14:43:25.137Z"
        },
        {
            "value_set_name": "HBG_ACCOUNT_TYPE",
            "flex_value": "68",
            "description": "CANADIAN LB CHAIN RETAILERS",
            "enabled_flag": "Y",
            "start_date_active": null,
            "end_date_active": null,
            "created_by": "thastings@pelotongroup.com",
            "creation_date": "2022-12-14T14:43:23.815Z",
            "last_updated_by": "thastings@pelotongroup.com",
            "last_update_date": "2022-12-14T14:43:25.140Z"
        },
        {
            "value_set_name": "HBG_ACCOUNT_TYPE",
            "flex_value": "69",
            "description": "INTERNATIONAL (NOT CANADA)",
            "enabled_flag": "Y",
            "start_date_active": null,
            "end_date_active": null,
            "created_by": "thastings@pelotongroup.com",
            "creation_date": "2022-12-14T14:43:23.824Z",
            "last_updated_by": "thastings@pelotongroup.com",
            "last_update_date": "2022-12-14T14:43:25.144Z"
        },
        {
            "value_set_name": "HBG_ACCOUNT_TYPE",
            "flex_value": "70",
            "description": "CANADA",
            "enabled_flag": "Y",
            "start_date_active": null,
            "end_date_active": null,
            "created_by": "thastings@pelotongroup.com",
            "creation_date": "2022-12-14T14:43:23.832Z",
            "last_updated_by": "thastings@pelotongroup.com",
            "last_update_date": "2022-12-14T14:43:25.146Z"
        },
        {
            "value_set_name": "HBG_ACCOUNT_TYPE",
            "flex_value": "71",
            "description": "CREDIT CARD / PAY WITH ORDER INDIVIDUALS",
            "enabled_flag": "Y",
            "start_date_active": null,
            "end_date_active": null,
            "created_by": "thastings@pelotongroup.com",
            "creation_date": "2022-12-14T14:43:23.840Z",
            "last_updated_by": "thastings@pelotongroup.com",
            "last_update_date": "2022-12-14T14:43:25.149Z"
        },
        {
            "value_set_name": "HBG_ACCOUNT_TYPE",
            "flex_value": "72",
            "description": "AUTHORS & CONTRIBUTORS",
            "enabled_flag": "Y",
            "start_date_active": null,
            "end_date_active": null,
            "created_by": "thastings@pelotongroup.com",
            "creation_date": "2022-12-14T14:43:23.849Z",
            "last_updated_by": "thastings@pelotongroup.com",
            "last_update_date": "2022-12-14T14:43:25.151Z"
        },
        {
            "value_set_name": "HBG_ACCOUNT_TYPE",
            "flex_value": "73",
            "description": "EMPLOYEES",
            "enabled_flag": "Y",
            "start_date_active": null,
            "end_date_active": null,
            "created_by": "thastings@pelotongroup.com",
            "creation_date": "2022-12-14T14:43:23.856Z",
            "last_updated_by": "thastings@pelotongroup.com",
            "last_update_date": "2022-12-14T14:43:25.153Z"
        },
        {
            "value_set_name": "HBG_ACCOUNT_TYPE",
            "flex_value": "74",
            "description": "BOOK CLUB",
            "enabled_flag": "Y",
            "start_date_active": null,
            "end_date_active": null,
            "created_by": "thastings@pelotongroup.com",
            "creation_date": "2022-12-14T14:43:23.864Z",
            "last_updated_by": "thastings@pelotongroup.com",
            "last_update_date": "2022-12-14T14:43:25.156Z"
        },
        {
            "value_set_name": "HBG_ACCOUNT_TYPE",
            "flex_value": "75",
            "description": "NON-RETURNABLE RETAILERS (TRADE)",
            "enabled_flag": "Y",
            "start_date_active": null,
            "end_date_active": null,
            "created_by": "thastings@pelotongroup.com",
            "creation_date": "2022-12-14T14:43:23.872Z",
            "last_updated_by": "thastings@pelotongroup.com",
            "last_update_date": "2022-12-14T14:43:25.158Z"
        },
        {
            "value_set_name": "HBG_ACCOUNT_TYPE",
            "flex_value": "76",
            "description": "NON-RETURNABLE WHOLESALERS (SPCL MRKTS)",
            "enabled_flag": "Y",
            "start_date_active": null,
            "end_date_active": null,
            "created_by": "thastings@pelotongroup.com",
            "creation_date": "2022-12-14T14:43:23.880Z",
            "last_updated_by": "thastings@pelotongroup.com",
            "last_update_date": "2022-12-14T14:43:25.160Z"
        },
        {
            "value_set_name": "HBG_ACCOUNT_TYPE",
            "flex_value": "77",
            "description": "OTHER PUBLISHERS",
            "enabled_flag": "Y",
            "start_date_active": null,
            "end_date_active": null,
            "created_by": "thastings@pelotongroup.com",
            "creation_date": "2022-12-14T14:43:23.887Z",
            "last_updated_by": "thastings@pelotongroup.com",
            "last_update_date": "2022-12-14T14:43:25.163Z"
        },
        {
            "value_set_name": "HBG_ACCOUNT_TYPE",
            "flex_value": "78",
            "description": "NON-RETURNABLE WHOLESALERS (TRADE)",
            "enabled_flag": "Y",
            "start_date_active": null,
            "end_date_active": null,
            "created_by": "thastings@pelotongroup.com",
            "creation_date": "2022-12-14T14:43:23.894Z",
            "last_updated_by": "thastings@pelotongroup.com",
            "last_update_date": "2022-12-14T14:43:25.165Z"
        },
        {
            "value_set_name": "HBG_ACCOUNT_TYPE",
            "flex_value": "79",
            "description": "NON-RETURNABLE MEDICAL DIVISION",
            "enabled_flag": "Y",
            "start_date_active": null,
            "end_date_active": null,
            "created_by": "thastings@pelotongroup.com",
            "creation_date": "2022-12-14T14:43:23.901Z",
            "last_updated_by": "thastings@pelotongroup.com",
            "last_update_date": "2022-12-14T14:43:25.167Z"
        },
        {
            "value_set_name": "HBG_ACCOUNT_TYPE",
            "flex_value": "80",
            "description": "NON RETURNABLE SPECIAL MARKETS RETAILER",
            "enabled_flag": "Y",
            "start_date_active": null,
            "end_date_active": null,
            "created_by": "thastings@pelotongroup.com",
            "creation_date": "2022-12-14T14:43:23.908Z",
            "last_updated_by": "thastings@pelotongroup.com",
            "last_update_date": "2022-12-14T14:43:25.169Z"
        },
        {
            "value_set_name": "HBG_ACCOUNT_TYPE",
            "flex_value": "81",
            "description": "INDIVIDUAL-CHECK",
            "enabled_flag": "Y",
            "start_date_active": null,
            "end_date_active": null,
            "created_by": "thastings@pelotongroup.com",
            "creation_date": "2022-12-14T14:43:23.916Z",
            "last_updated_by": "thastings@pelotongroup.com",
            "last_update_date": "2022-12-14T14:43:25.171Z"
        },
        {
            "value_set_name": "HBG_ACCOUNT_TYPE",
            "flex_value": "82",
            "description": "SPECIAL JOBBERS",
            "enabled_flag": "Y",
            "start_date_active": null,
            "end_date_active": null,
            "created_by": "thastings@pelotongroup.com",
            "creation_date": "2022-12-14T14:43:23.924Z",
            "last_updated_by": "thastings@pelotongroup.com",
            "last_update_date": "2022-12-14T14:43:25.173Z"
        },
        {
            "value_set_name": "HBG_ACCOUNT_TYPE",
            "flex_value": "83",
            "description": "CANADIAN LB WAREHOUSE CLUBS",
            "enabled_flag": "Y",
            "start_date_active": null,
            "end_date_active": null,
            "created_by": "thastings@pelotongroup.com",
            "creation_date": "2022-12-14T14:43:23.932Z",
            "last_updated_by": "thastings@pelotongroup.com",
            "last_update_date": "2022-12-14T14:43:25.176Z"
        },
        {
            "value_set_name": "HBG_ACCOUNT_TYPE",
            "flex_value": "84",
            "description": "CANADIAN LB AUTHORS",
            "enabled_flag": "Y",
            "start_date_active": null,
            "end_date_active": null,
            "created_by": "thastings@pelotongroup.com",
            "creation_date": "2022-12-14T14:43:23.940Z",
            "last_updated_by": "thastings@pelotongroup.com",
            "last_update_date": "2022-12-14T14:43:25.179Z"
        },
        {
            "value_set_name": "HBG_ACCOUNT_TYPE",
            "flex_value": "85",
            "description": "SIERRA CLUB RETURNABLE",
            "enabled_flag": "Y",
            "start_date_active": null,
            "end_date_active": null,
            "created_by": "thastings@pelotongroup.com",
            "creation_date": "2022-12-14T14:43:23.949Z",
            "last_updated_by": "thastings@pelotongroup.com",
            "last_update_date": "2022-12-14T14:43:25.181Z"
        },
        {
            "value_set_name": "HBG_ACCOUNT_TYPE",
            "flex_value": "86",
            "description": "GALLERY (PHAIDON)",
            "enabled_flag": "Y",
            "start_date_active": null,
            "end_date_active": null,
            "created_by": "thastings@pelotongroup.com",
            "creation_date": "2022-12-14T14:43:23.960Z",
            "last_updated_by": "thastings@pelotongroup.com",
            "last_update_date": "2022-12-14T14:43:25.183Z"
        },
        {
            "value_set_name": "HBG_ACCOUNT_TYPE",
            "flex_value": "87",
            "description": "NON-RETURNABLE RDC",
            "enabled_flag": "Y",
            "start_date_active": null,
            "end_date_active": null,
            "created_by": "thastings@pelotongroup.com",
            "creation_date": "2022-12-14T14:43:23.968Z",
            "last_updated_by": "thastings@pelotongroup.com",
            "last_update_date": "2022-12-14T14:43:25.185Z"
        },
        {
            "value_set_name": "HBG_ACCOUNT_TYPE",
            "flex_value": "88",
            "description": "CANADIAN LB EDUCATIONAL INSTITUTIONS",
            "enabled_flag": "Y",
            "start_date_active": null,
            "end_date_active": null,
            "created_by": "thastings@pelotongroup.com",
            "creation_date": "2022-12-14T14:43:23.976Z",
            "last_updated_by": "thastings@pelotongroup.com",
            "last_update_date": "2022-12-14T14:43:25.188Z"
        },
        {
            "value_set_name": "HBG_ACCOUNT_TYPE",
            "flex_value": "89",
            "description": "RETURNABLE SPECIAL MARKETS RETAILER",
            "enabled_flag": "Y",
            "start_date_active": null,
            "end_date_active": null,
            "created_by": "thastings@pelotongroup.com",
            "creation_date": "2022-12-14T14:43:23.986Z",
            "last_updated_by": "thastings@pelotongroup.com",
            "last_update_date": "2022-12-14T14:43:25.190Z"
        },
        {
            "value_set_name": "HBG_ACCOUNT_TYPE",
            "flex_value": "90",
            "description": "OVERSEAS SUBSIDIARY (LB TITLES)",
            "enabled_flag": "Y",
            "start_date_active": null,
            "end_date_active": null,
            "created_by": "thastings@pelotongroup.com",
            "creation_date": "2022-12-14T14:43:23.996Z",
            "last_updated_by": "thastings@pelotongroup.com",
            "last_update_date": "2022-12-14T14:43:25.193Z"
        },
        {
            "value_set_name": "HBG_ACCOUNT_TYPE",
            "flex_value": "91",
            "description": "OVERSEAS SUBSIDIARY (DISTRIBUTEES)",
            "enabled_flag": "Y",
            "start_date_active": null,
            "end_date_active": null,
            "created_by": "thastings@pelotongroup.com",
            "creation_date": "2022-12-14T14:43:24.005Z",
            "last_updated_by": "thastings@pelotongroup.com",
            "last_update_date": "2022-12-14T14:43:25.196Z"
        },
        {
            "value_set_name": "HBG_ACCOUNT_TYPE",
            "flex_value": "92",
            "description": "CONVENTION INVENTORY",
            "enabled_flag": "Y",
            "start_date_active": null,
            "end_date_active": null,
            "created_by": "thastings@pelotongroup.com",
            "creation_date": "2022-12-14T14:43:24.015Z",
            "last_updated_by": "thastings@pelotongroup.com",
            "last_update_date": "2022-12-14T14:43:25.198Z"
        },
        {
            "value_set_name": "HBG_ACCOUNT_TYPE",
            "flex_value": "93",
            "description": "PREMIUM ACCOUNT",
            "enabled_flag": "Y",
            "start_date_active": null,
            "end_date_active": null,
            "created_by": "thastings@pelotongroup.com",
            "creation_date": "2022-12-14T14:43:24.024Z",
            "last_updated_by": "thastings@pelotongroup.com",
            "last_update_date": "2022-12-14T14:43:25.201Z"
        },
        {
            "value_set_name": "HBG_ACCOUNT_TYPE",
            "flex_value": "94",
            "description": "OXMOOR HOUSE AUTHORS",
            "enabled_flag": "Y",
            "start_date_active": null,
            "end_date_active": null,
            "created_by": "thastings@pelotongroup.com",
            "creation_date": "2022-12-14T14:43:24.033Z",
            "last_updated_by": "thastings@pelotongroup.com",
            "last_update_date": "2022-12-14T14:43:25.203Z"
        },
        {
            "value_set_name": "HBG_ACCOUNT_TYPE",
            "flex_value": "95",
            "description": "MAXX",
            "enabled_flag": "Y",
            "start_date_active": null,
            "end_date_active": null,
            "created_by": "thastings@pelotongroup.com",
            "creation_date": "2022-12-14T14:43:24.041Z",
            "last_updated_by": "thastings@pelotongroup.com",
            "last_update_date": "2022-12-14T14:43:25.205Z"
        },
        {
            "value_set_name": "HBG_ACCOUNT_TYPE",
            "flex_value": "96",
            "description": "FUNDRAISING ACCOUNTS",
            "enabled_flag": "Y",
            "start_date_active": null,
            "end_date_active": null,
            "created_by": "thastings@pelotongroup.com",
            "creation_date": "2022-12-14T14:43:24.052Z",
            "last_updated_by": "thastings@pelotongroup.com",
            "last_update_date": "2022-12-14T14:43:25.208Z"
        },
        {
            "value_set_name": "HBG_ACCOUNT_TYPE",
            "flex_value": "97",
            "description": "GIFTING ACCOUNT",
            "enabled_flag": "Y",
            "start_date_active": null,
            "end_date_active": null,
            "created_by": "thastings@pelotongroup.com",
            "creation_date": "2022-12-14T14:43:24.060Z",
            "last_updated_by": "thastings@pelotongroup.com",
            "last_update_date": "2022-12-14T14:43:25.211Z"
        },
        {
            "value_set_name": "HBG_ACCOUNT_TYPE",
            "flex_value": "98",
            "description": "TRANSPORTATION COMPANIES",
            "enabled_flag": "Y",
            "start_date_active": null,
            "end_date_active": null,
            "created_by": "thastings@pelotongroup.com",
            "creation_date": "2022-12-14T14:43:24.067Z",
            "last_updated_by": "thastings@pelotongroup.com",
            "last_update_date": "2022-12-14T14:43:25.213Z"
        },
        {
            "value_set_name": "HBG_ACCOUNT_TYPE",
            "flex_value": "99",
            "description": "HBG SUBSCRIPTION BOX",
            "enabled_flag": "Y",
            "start_date_active": null,
            "end_date_active": null,
            "created_by": "thastings@pelotongroup.com",
            "creation_date": "2022-12-14T14:43:24.074Z",
            "last_updated_by": "thastings@pelotongroup.com",
            "last_update_date": "2022-12-14T14:43:25.216Z"
        },
        {
            "value_set_name": "HBG_ACCOUNT_TYPE",
            "flex_value": "AL",
            "description": "ABRAMS LIBRARY APPROVAL PLAN",
            "enabled_flag": "Y",
            "start_date_active": null,
            "end_date_active": null,
            "created_by": "thastings@pelotongroup.com",
            "creation_date": "2022-12-14T14:43:24.082Z",
            "last_updated_by": "thastings@pelotongroup.com",
            "last_update_date": "2022-12-14T14:43:25.218Z"
        }
    ],
    "hasMore": true,
    "limit": 100,
    "offset": 0,
    "count": 100,
    "links": [
        {
            "rel": "self",
            "href": "https://10.2.0.169:8081/ords/hbg_integration/salesCredit/getAccountTypeinfo?P_VALUE_SET_NAME=HBG_ACCOUNT_TYPE"
        },
        {
            "rel": "describedby",
            "href": "https://10.2.0.169:8081/ords/hbg_integration/metadata-catalog/salesCredit/item"
        },
        {
            "rel": "first",
            "href": "https://10.2.0.169:8081/ords/hbg_integration/salesCredit/getAccountTypeinfo?P_VALUE_SET_NAME=HBG_ACCOUNT_TYPE"
        },
        {
            "rel": "next",
            "href": "https://10.2.0.169:8081/ords/hbg_integration/salesCredit/getAccountTypeinfo?P_VALUE_SET_NAME=HBG_ACCOUNT_TYPE&offset=100"
        }
    ]
}