{
  "title": "",
  "description": "",
  "variables": {
    "currentDistributionRulesObj": {
      "type": "flow:getDistributionRules",
      "defaultValue": {
        "edition": ""
      }
    },
    "dialogText": {
      "type": "string"
    },
    "distributionRulesOutcomListSDP": {
      "type": "vb/ServiceDataProvider",
      "defaultValue": {
        "endpoint": "businessObjects/getall_DistributionRulesOutcom",
        "keyAttributes": "outcome",
        "itemsPath": "items",
        "responseType": "getallDistributionRulesOutcomResponse",
        "transformsContext": {
          "vb-textFilterAttributes": [
            "outcome"
          ]
        }
      }
    },
    "EditDistributionRulesObj": {
      "type": "flow:getDistributionRules",
      "defaultValue": {
        "edition": ""
      }
    },
    "getCountryGroupAssocADP": {
      "type": "vb/ArrayDataProvider2",
      "defaultValue": {
        "itemType": "getCountryAssocList",
        "keyAttributes": "country_id"
      }
    },
    "getDistributionRulesObj": {
      "type": "flow:getDistributionRules",
      "defaultValue": {
        "account_number": "",
        "owner": "",
        "edition": ""
      }
    },
    "p_show_only_active": {
      "type": "string",
      "defaultValue": "Y"
    },
    "searchDistributionRuleObj": {
      "type": "flow:getDistributionRules",
      "defaultValue": {
        "owner": "",
        "account_number": "",
        "account_type": "",
        "category_1": "",
        "category_1_description": "",
        "category_2": "",
        "category_2_description": "",
        "comments": "",
        "country_code": "",
        "country_group": "",
        "default_account_type": "",
        "end_date": "",
        "format": "",
        "format_description": "",
        "from_pub_date": "",
        "group_rule": "",
        "item_number": "",
        "last_update_date": "",
        "last_updated_by": "",
        "outcome": "",
        "owner_description": "",
        "precedence_level": "",
        "reporting_group": "",
        "reporting_group_description": "",
        "short_author": "",
        "short_title": "",
        "start_date": "",
        "subformat": "",
        "subformat_description": "",
        "to_pub_date": "",
        "distribution_right_id": "",
        "edition": ""
      }
    }

  },
  "metadata": {},
  "types": {
    "@decorators.getallDistributionRulesOutcomResponse": {
      "endpoint": "getall_DistributionRulesOutcom",
      "service": "businessObjects",
      "path": "response"
    },
    "@decorators.getCountryAssocList": {
      "endpoint": "getDistributionTitleRightsGetCountryAssocList",
      "service": "ordsHbg_integration",
      "path": "response"
    },
    "getallDistributionRulesOutcomResponse": {
      "items": [
        {
          "outcome": "string"
        }
      ]
    },
    "getCountryAssocList": {
    
          "concat_country_code": "string",
          "country_code": "string",
          "country_id": "number",
          "country_name": "string"
     
    }
  },
  "eventListeners": {
    "buttonAction": {
      "chains": [
        {
          "chainId": "NavigatetoCreateScreen"
        }
      ]
    },
    "buttonAction2": {
      "chains": [
        {
          "chainId": "SearchButtonAction"
        }
      ]
    },
    "buttonAction3": {
      "chains": [
        {
          "chainId": "ResetButtonAction"
        }
      ]
    },
    "buttonAction4": {
      "chains": [
        {
          "chainId": "AbouthisRecordOpen",
          "parameters": {
            "key": "{{ $current.key }}",
            "index": "{{ $current.index }}",
            "current": "{{ $current }}"
          }
        }
      ]
    },
    "buttonAction5": {
      "chains": [
        {
          "chainId": "AboutthisRecordClose"
        }
      ]
    },
    "buttonAction6": {
      "chains": [
        {
          "chainId": "SaveActionChain",
          "parameters": {
            "key": "{{ $current.key }}",
            "index": "{{ $current.index }}",
            "current": "{{ $current }}"
          }
        }
      ]
    },
    "buttonAction7": {
      "chains": [
        {
          "chainId": "CountryGroupHyperlinkClose"
        }
      ]
    },
    "hyperlinkClick": {
      "chains": [
        {
          "chainId": "CountryGroupHyperLink",
          "parameters": {
            "key": "{{ $current.key }}",
            "index": "{{ $current.index }}",
            "current": "{{ $current }}"
          }
        }
      ]
    },
    "radiosetValue": {
      "chains": [
        {
          "chainId": "ShowActiveRadioButtonAction",
          "parameters": {
            "value": "{{ $event.detail.value }}"
          }
        }
      ]
    },
    "tableBeforeRowEdit": {
      "chains": [
        {
          "chainId": "RowBeforeEditChain",
          "parameters": {
            "rowKey": "{{$event.detail.rowContext.status.rowKey}}",
            "rowIndex": "{{$event.detail.rowContext.status.rowIndex}}",
            "rowData": "{{$event.detail.rowContext.componentElement.getDataForVisibleRow($event.detail.rowContext.status.rowIndex).data}}"
          }
        }
      ]
    },
    "tableBeforeRowEditEnd": {
      "chains": [
        {
          "chainId": "BeforeRowEditEndChain",
          "parameters": {
            "cancelEdit": "{{$event.detail.cancelEdit}}",
            "rowKey": "{{$event.detail.rowContext.status.rowKey}}",
            "rowIndex": "{{$event.detail.rowContext.status.rowIndex}}",
            "rowData": "{{$event.detail.rowContext.componentElement.getDataForVisibleRow($event.detail.rowContext.status.rowIndex).data}}"
          }
        }
      ]
    },
    "tableFirstSelectedRow": {
      "chains": [
        {
          "chainId": "CurrentRowData",
          "parameters": {
            "rowKey": "{{$event.detail.value.key}}",
            "rowData": "{{$event.detail.value.data}}"
          }
        }
      ]
    },
    "toggleDrawer": {
      "chains": [
        {
          "chainId": "application:toggleDrawerHandler"
        }
      ]
    },
    "vbEnter": {
      "chains": [

        {
          "parameters": {},
          "chainId": "VBPageEnter"
        }
      ]
    }

  },
  "imports": {
    "components": {
      "oj-button": {
        "path": "ojs/ojbutton"
      },
      "oj-dialog": {
        "path": "ojs/ojdialog"
      },
      "oj-input-text": {
        "path": "ojs/ojinputtext"
      },
      "oj-input-date": {
        "path": "ojs/ojdatetimepicker"
      },
      "oj-sample-export-data": {
        "path": "oj-sample/export-data/loader"
      },
      "oj-select-single": {
        "path": "ojs/ojselectsingle"
      },
      "oj-table": {
        "path": "ojs/ojtable"
      },
      "oj-input-number": {
        "path": "ojs/ojinputnumber"
      },
      "oj-highlight-text": {
        "path": "ojs/ojhighlighttext"
      },
      "oj-option": {
        "path": "ojs/ojoption"
      },
      "oj-radioset": {
        "path": "ojs/ojradioset"
      }

    },
    "modules": {
      "ojValidationDateTime": {
        "path": "ojs/ojvalidation-datetime"
      },
      "ojValidationNumber": {
        "path": "ojs/ojvalidation-number"
      }
    }
  }
}