{
    "items": [
        {
            "rule_id": 1,
            "organization_id": null,
            "organization_name": "test",
            "organization_number": null,
            "account_number": null,
            "account_description": null,
            "cust_account_id": null,
            "destination_account": "test",
            "department_id": null,
            "sales_channel": "test",
            "start_date": null,
            "end_date": null,
            "entered_date": null,
            "updated_date": null,
            "entered_by": null,
            "updated_by": null
        }
    ],
    "hasMore": false,
    "limit": 25,
    "offset": 0,
    "count": 1,
    "links": [
        {
            "rel": "self",
            "href": "https://10.2.0.169:8081/ords/hbg_integration/CustomeOrders/getRuleHeaders"
        },
        {
            "rel": "describedby",
            "href": "https://10.2.0.169:8081/ords/hbg_integration/metadata-catalog/CustomeOrders/item"
        },
        {
            "rel": "first",
            "href": "https://10.2.0.169:8081/ords/hbg_integration/CustomeOrders/getRuleHeaders"
        }
    ]
}