{
    "items": [
        {
            "sf_unassigned_id": 31,
            "type": "Default",
            "organization_number": 96419253,
            "account_type": "02",
            "description": "AGENCY ACCOUNTS (ABRAMS)",
            "account_prefix": null,
            "owner": "HB",
            "owner_description": "Hachette Books",
            "reporting_group": "01",
            "reporting_group_description": "HBG Books, Inc.",
            "bill_to_country": null,
            "bill_to_state": null,
            "ship_to_country": null,
            "ship_to_state": null,
            "final_destination_country": null,
            "sales_force_number": "88",
            "sales_force_name": "Taylor",
            "division": "21",
            "division_name": "Taylor 21",
            "territory": "01",
            "territory_name": "Taylor 01",
            "sales_rep": "01",
            "sales_rep_name": "Taylor 0101",
            "notes": null,
            "entered_by": "freis@pelotongroup.com",
            "entered_date": "2023-03-06T14:33:07Z",
            "updated_by": "freis@pelotongroup.com",
            "updated_date": "2023-03-06T14:33:07Z",
            "start_date": "2023-03-06",
            "end_date": null,
            "status": "Active",
            "sf_assign_id": null,
            "sales_force_id": 92,
            "account_number": null,
            "account_name": null
        },
        {
            "sf_unassigned_id": 30,
            "type": "Default",
            "organization_number": 9000,
            "account_type": "02",
            "description": "AGENCY ACCOUNTS (ABRAMS)",
            "account_prefix": "MR-14",
            "owner": "AB",
            "owner_description": "Abrams Books",
            "reporting_group": "58",
            "reporting_group_description": "Harry N. Abrams",
            "bill_to_country": null,
            "bill_to_state": null,
            "ship_to_country": null,
            "ship_to_state": null,
            "final_destination_country": null,
            "sales_force_number": "MR-14",
            "sales_force_name": "MR-14",
            "division": "MR-DIV1",
            "division_name": "MR-DIV1",
            "territory": "MR-TER1",
            "territory_name": "MR-TER1",
            "sales_rep": "MR-SR1",
            "sales_rep_name": "MR-SR1",
            "notes": "MR-14",
            "entered_by": "freis@pelotongroup.com",
            "entered_date": "2023-03-02T10:47:26Z",
            "updated_by": "thastings@pelotongroup.com",
            "updated_date": "2023-03-03T21:17:27Z",
            "start_date": "2023-03-02",
            "end_date": "2023-03-03",
            "status": "Inactive",
            "sf_assign_id": null,
            "sales_force_id": 83,
            "account_number": null,
            "account_name": null
        },
        {
            "sf_unassigned_id": 29,
            "type": "Default",
            "organization_number": 90001403,
            "account_type": "02",
            "description": "AGENCY ACCOUNTS (ABRAMS)",
            "account_prefix": "Acc_Pre",
            "owner": "AB",
            "owner_description": "Abrams Books",
            "reporting_group": "58",
            "reporting_group_description": "Harry N. Abrams",
            "bill_to_country": null,
            "bill_to_state": null,
            "ship_to_country": null,
            "ship_to_state": null,
            "final_destination_country": null,
            "sales_force_number": "MR-SF1",
            "sales_force_name": "MR-SF1",
            "division": "MR-DIV1",
            "division_name": "MR-DIV1",
            "territory": "MR-TER1",
            "territory_name": "MR-TER1",
            "sales_rep": "MR-SR1",
            "sales_rep_name": "MR-SR1",
            "notes": "Test Default",
            "entered_by": "freis@pelotongroup.com",
            "entered_date": "2023-03-01T06:58:14Z",
            "updated_by": "freis@pelotongroup.com",
            "updated_date": "2023-03-01T06:58:14Z",
            "start_date": "2023-03-01",
            "end_date": "2023-03-22",
            "status": "Inactive",
            "sf_assign_id": null,
            "sales_force_id": 64,
            "account_number": null,
            "account_name": null
        },
        {
            "sf_unassigned_id": 25,
            "type": "Unassign",
            "organization_number": 90001403,
            "account_type": "02",
            "description": "AGENCY ACCOUNTS (ABRAMS)",
            "account_prefix": null,
            "owner": "AB",
            "owner_description": "Abrams Books",
            "reporting_group": "58",
            "reporting_group_description": "Harry N. Abrams",
            "bill_to_country": "US",
            "bill_to_state": "WA",
            "ship_to_country": "US",
            "ship_to_state": "MA",
            "final_destination_country": null,
            "sales_force_number": "MR01",
            "sales_force_name": "MR01",
            "division": "MR01-DIV",
            "division_name": "MR01-DIV",
            "territory": "MR01-TER02",
            "territory_name": "MR01-TER02",
            "sales_rep": "MR01-REP02",
            "sales_rep_name": "MR01-REP02",
            "notes": null,
            "entered_by": "freis@pelotongroup.com",
            "entered_date": "2023-02-23T13:54:25Z",
            "updated_by": "freis@pelotongroup.com",
            "updated_date": "2023-02-24T08:21:51Z",
            "start_date": "2023-02-23",
            "end_date": "2023-02-25",
            "status": "Inactive",
            "sf_assign_id": 0,
            "sales_force_id": 65,
            "account_number": "14605017-AMAZON.COM",
            "account_name": "AMAZON.COM"
        }
    ],
    "hasMore": false,
    "limit": 10000,
    "offset": 0,
    "count": 4,
    "links": [
        {
            "rel": "self",
            "href": "https://10.2.0.169:8081/ords/hbg_integration/salesCredit/UnassignSalesForce"
        },
        {
            "rel": "edit",
            "href": "https://10.2.0.169:8081/ords/hbg_integration/salesCredit/UnassignSalesForce"
        },
        {
            "rel": "describedby",
            "href": "https://10.2.0.169:8081/ords/hbg_integration/metadata-catalog/salesCredit/item"
        },
        {
            "rel": "first",
            "href": "https://10.2.0.169:8081/ords/hbg_integration/salesCredit/UnassignSalesForce"
        }
    ]
}