{
    "items": [
        {
            "category1_code": "06"
        },
        {
            "category1_code": "07"
        },
        {
            "category1_code": "08"
        },
        {
            "category1_code": "09"
        },
        {
            "category1_code": "10"
        },
        {
            "category1_code": "11"
        },
        {
            "category1_code": "12"
        },
        {
            "category1_code": "13"
        },
        {
            "category1_code": "14"
        },
        {
            "category1_code": "15"
        },
        {
            "category1_code": "16"
        },
        {
            "category1_code": "17"
        },
        {
            "category1_code": "18"
        },
        {
            "category1_code": "19"
        },
        {
            "category1_code": "20"
        },
        {
            "category1_code": "21"
        },
        {
            "category1_code": "22"
        },
        {
            "category1_code": "23"
        },
        {
            "category1_code": "24"
        },
        {
            "category1_code": "25"
        },
        {
            "category1_code": "26"
        },
        {
            "category1_code": "27"
        },
        {
            "category1_code": "28"
        },
        {
            "category1_code": "29"
        },
        {
            "category1_code": "30"
        },
        {
            "category1_code": "31"
        },
        {
            "category1_code": "32"
        },
        {
            "category1_code": "33"
        },
        {
            "category1_code": "01"
        },
        {
            "category1_code": "02"
        },
        {
            "category1_code": "03"
        },
        {
            "category1_code": "04"
        },
        {
            "category1_code": "05"
        },
        {
            "category1_code": "34"
        },
        {
            "category1_code": "35"
        },
        {
            "category1_code": "36"
        },
        {
            "category1_code": "37"
        },
        {
            "category1_code": "38"
        },
        {
            "category1_code": "39"
        },
        {
            "category1_code": "40"
        },
        {
            "category1_code": "41"
        },
        {
            "category1_code": "42"
        },
        {
            "category1_code": "43"
        },
        {
            "category1_code": "44"
        },
        {
            "category1_code": "45"
        },
        {
            "category1_code": "46"
        },
        {
            "category1_code": "47"
        },
        {
            "category1_code": "48"
        },
        {
            "category1_code": "49"
        },
        {
            "category1_code": "50"
        },
        {
            "category1_code": "51"
        },
        {
            "category1_code": "52"
        },
        {
            "category1_code": "53"
        },
        {
            "category1_code": "54"
        },
        {
            "category1_code": "55"
        },
        {
            "category1_code": "56"
        },
        {
            "category1_code": "57"
        },
        {
            "category1_code": "58"
        },
        {
            "category1_code": "59"
        },
        {
            "category1_code": "60"
        },
        {
            "category1_code": "61"
        },
        {
            "category1_code": "62"
        },
        {
            "category1_code": "63"
        },
        {
            "category1_code": "64"
        },
        {
            "category1_code": "65"
        },
        {
            "category1_code": "66"
        },
        {
            "category1_code": "67"
        },
        {
            "category1_code": "68"
        },
        {
            "category1_code": "69"
        },
        {
            "category1_code": "70"
        },
        {
            "category1_code": "71"
        },
        {
            "category1_code": "72"
        },
        {
            "category1_code": "73"
        },
        {
            "category1_code": "74"
        },
        {
            "category1_code": "75"
        },
        {
            "category1_code": "76"
        },
        {
            "category1_code": "77"
        },
        {
            "category1_code": "78"
        },
        {
            "category1_code": "79"
        },
        {
            "category1_code": "80"
        },
        {
            "category1_code": "81"
        },
        {
            "category1_code": "82"
        },
        {
            "category1_code": "83"
        },
        {
            "category1_code": "84"
        },
        {
            "category1_code": "85"
        },
        {
            "category1_code": "86"
        },
        {
            "category1_code": "95"
        },
        {
            "category1_code": "99"
        },
        {
            "category1_code": "A2"
        },
        {
            "category1_code": "A6"
        },
        {
            "category1_code": "C6"
        },
        {
            "category1_code": "D7"
        },
        {
            "category1_code": "D8"
        },
        {
            "category1_code": "D9"
        },
        {
            "category1_code": "E1"
        },
        {
            "category1_code": "E2"
        },
        {
            "category1_code": "E3"
        },
        {
            "category1_code": "E4"
        },
        {
            "category1_code": "E6"
        },
        {
            "category1_code": "E9"
        },
        {
            "category1_code": "F1"
        },
        {
            "category1_code": "F2"
        },
        {
            "category1_code": "F3"
        },
        {
            "category1_code": "F4"
        },
        {
            "category1_code": "F5"
        },
        {
            "category1_code": "F6"
        },
        {
            "category1_code": "F7"
        },
        {
            "category1_code": "F8"
        },
        {
            "category1_code": "F9"
        },
        {
            "category1_code": "G1"
        },
        {
            "category1_code": "G3"
        },
        {
            "category1_code": "G6"
        },
        {
            "category1_code": "G7"
        },
        {
            "category1_code": "G8"
        }
    ],
    "hasMore": false,
    "limit": 10000,
    "offset": 0,
    "count": 114,
    "links": [
        {
            "rel": "self",
            "href": "https://10.2.0.169:8081/ords/hbg_integration/CustomeOrders/getNVLCategory1?REPORTING_GROUP_ID=4055410720"
        },
        {
            "rel": "describedby",
            "href": "https://10.2.0.169:8081/ords/hbg_integration/metadata-catalog/CustomeOrders/item"
        },
        {
            "rel": "first",
            "href": "https://10.2.0.169:8081/ords/hbg_integration/CustomeOrders/getNVLCategory1?REPORTING_GROUP_ID=4055410720"
        }
    ]
}