{
    "items": [
        {
            "sf_maintenance_id": null,
            "sales_force_number": 12345,
            "sales_force_name": "TEST NAME",
            "company": "TEST COMPANY",
            "edelweiss": null,
            "external_checkbox": null,
            "notes": "TEST NOTES",
            "entered_by": null,
            "entered_date": null,
            "updated_by": null,
            "updated_date": null,
            "start_date": null,
            "end_date": null,
            "status": null,
            "sales_force_id": null
        }
    ],
    "hasMore": false,
    "limit": 10000,
    "offset": 0,
    "count": 1,
    "links": [
        {
            "rel": "self",
            "href": "https://10.2.0.169:8081/ords/hbg_integration/salesCredit/salesforceMaintainance?P_SALES_FORCE_NUMBER=12345"
        },
        {
            "rel": "describedby",
            "href": "https://10.2.0.169:8081/ords/hbg_integration/metadata-catalog/salesCredit/item"
        },
        {
            "rel": "first",
            "href": "https://10.2.0.169:8081/ords/hbg_integration/salesCredit/salesforceMaintainance?P_SALES_FORCE_NUMBER=12345&limit=10000"
        }
    ]
}