{
    "items": [
        {
            "pub_id": 5131865597,
            "external_pub_name": "Editions Milan"
        }
    ],
    "hasMore": false,
    "limit": 25,
    "offset": 0,
    "count": 1,
    "links": [
        {
            "rel": "self",
            "href": "https://10.2.0.169:8081/ords/hbg_integration/CustomeOrders/getPubNamebyCode?P_EXTERNAL_PUB_CODE=68&P_REPORTING_GROUP_ID=5125461873"
        },
        {
            "rel": "describedby",
            "href": "https://10.2.0.169:8081/ords/hbg_integration/metadata-catalog/CustomeOrders/item"
        },
        {
            "rel": "first",
            "href": "https://10.2.0.169:8081/ords/hbg_integration/CustomeOrders/getPubNamebyCode?P_EXTERNAL_PUB_CODE=68&P_REPORTING_GROUP_ID=5125461873"
        }
    ]
}