{
  "description": "",
  "root": "callRestPostXXHBGLOADRESERVATIO1TriggerReservationLoad",
  "actions": {
    "fireNotification": {
      "module": "vb/action/builtin/fireNotificationEventAction",
      "parameters": {
        "target": "current",
        "summary": "Deleted",
        "message": "[[ $chain.results.callRestPostXXHBGLOADRESERVATIO1TriggerReservationLoad.body.Status ]]",
        "type": "confirmation",
        "displayMode": "transient"

      },
      "outcomes": {
        "success": "resetVariablesReservationLineADP"
      }
    },
    "fireNotification2": {
      "module": "vb/action/builtin/fireNotificationEventAction",
      "parameters": {
        "target": "leaf",
        "summary": "[[ $chain.results.callRestGetReservationsUIReservationLine.message.summary ]]",
        "type": "error",
        "displayMode": "persist"
      }
    },
    "callRestGetReservationsUIReservationLine": {
      "module": "vb/action/builtin/restAction",
      "parameters": {
        "endpoint": "devOrds/getReservationsUIReservationLine",
        "uriParams": {
          "p_reservation_number": "{{ $page.variables.CreateReservationObj.pre_reservation_number }}"
        }
      },
      "outcomes": {
        "failure": "fireNotification2",
        "success": "assignVariablesReservationLineADP"
      }
    },
    "resetVariablesReservationLineADP": {
      "module": "vb/action/builtin/resetVariablesAction",
      "parameters": {
        "variables": [
          "$page.variables.ReservationLineADP"
        ]
      },
      "outcomes": {
        "success": "runInParallel2"
      }
    },
    "assignVariablesReservationLineADP": {
      "module": "vb/action/builtin/assignVariablesAction",
      "parameters": {
        "$page.variables.ReservationLineADP": {
          "source": {
            "data": "{{ $chain.results.callRestGetReservationsUIReservationLine.body.items }}"
          },
          "reset": "none",
          "auto": "always"
        },
        "$page.variables.CountOfReservationLines": {
          "source": "{{ $chain.results.callRestGetReservationsUIReservationLine.body.count }}"
        }
      }
    },
    "fireNotification4": {
      "module": "vb/action/builtin/fireNotificationEventAction",
      "parameters": {
        "target": "leaf",
        "summary": "[[ $chain.results.callRestPostXXHBGLOADRESERVATIO1TriggerReservationLoad.message.summary ]]",
        "type": "error",
        "displayMode": "persist"
      }
    },
    "callRestPostXXHBGLOADRESERVATIO1TriggerReservationLoad": {
      "module": "vb/action/builtin/restAction",
      "parameters": {
        "endpoint": "ics/postXXHBG_LOAD_RESERVATIO1_0TriggerReservationLoad",
        "uriParams": {

          "PreReservationNumber": "{{ $page.variables.CreateReservationObj.pre_reservation_number }}",
          "ItemNumber": "{{ $variables.current.row.item_code }}",
          "LotNumber": "{{ $variables.current.row.lot_number }}",
          "OrganizationCode": "{{ $variables.current.row.inventory_organization }}",
          "ReservationQuantity": "{{ $variables.current.row.requested_quantity }}",
          "SubInventoryCode": "{{ $variables.current.row.subinventory }}",
          "TransactionType": "Delete"

        }
      },
      "outcomes": {
        "failure": "fireNotification4",
        "success": "fireNotification"
      }
    },
    "runInParallel2": {
      "module": "vb/action/builtin/forkAction",
      "parameters": {
        "actions": {
          "callRestGetReservationsUIReservationLine": "callRestGetReservationsUIReservationLine",
          "callRest": "callRestGetReservationsUIReservationHeader"
        }
      }
    },
    "fireNotification5": {
      "module": "vb/action/builtin/fireNotificationEventAction",
      "parameters": {
        "target": "leaf",
        "summary": "[[ $chain.results.callRestGetReservationsUIReservationHeader.message.summary ]]",
        "type": "error",
        "displayMode": "persist"
      }
    },
    "callRestGetReservationsUIReservationHeader": {
      "module": "vb/action/builtin/restAction",
      "parameters": {
        "endpoint": "devOrds/getReservationsUIReservationHeader",
        "uriParams": {
          "p_pre_reservation_number": "{{ $page.variables.CreateReservationObj.pre_reservation_number }}"
        }
      },
      "outcomes": {
        "failure": "fireNotification5",
        "success": "resetVariablesCreateReservationObj"
      }
    },
    "resetVariablesCreateReservationObj": {
      "module": "vb/action/builtin/resetVariablesAction",
      "parameters": {
        "variables": [
          "$page.variables.CreateReservationObj"
        ]
      },
      "outcomes": {
        "success": "assignVariablesCreateReservationObj"
      }
    },
    "assignVariablesCreateReservationObj": {
      "module": "vb/action/builtin/assignVariablesAction",
      "parameters": {
        "$page.variables.CreateReservationObj": {
          "source": "{{ $chain.results.callRestGetReservationsUIReservationHeader.body.items[0] }}",
          "auto": "always"
        }
      }
    }
  },
  "variables": {
    "key": {
      "required": true,
      "type": "any",
      "input": "fromCaller"
    },
    "index": {
      "required": true,
      "type": "number",
      "input": "fromCaller"
    },
    "current": {
      "required": true,
      "type": "any",
      "input": "fromCaller"
    }
  }
}