{
    "fields": [
        {
            "type": "number",
            "name": "id",
            "key": true,
            "oid": "d5c0366d-c770-4bed-9ed3-576fcf2ea8ea",
            "required": true,
            "unique": true,
            "displayLabel": "Id"
        },
        {
            "type": "datetime",
            "name": "creationDate",
            "oid": "93e7dd4f-9588-47ee-aff6-16d6caf1e2dd",
            "displayLabel": "Created",
            "historyType": "timeCreated"
        },
        {
            "type": "datetime",
            "name": "lastUpdateDate",
            "oid": "25fc1219-41b9-4764-a459-82efc6bdeb68",
            "displayLabel": "Last Updated",
            "historyType": "timeUpdated"
        },
        {
            "type": "string",
            "name": "createdBy",
            "oid": "3ab9211a-61ab-49c3-a7ec-caed924d3de7",
            "displayLabel": "Created By",
            "historyType": "createdBy"
        },
        {
            "type": "string",
            "name": "lastUpdatedBy",
            "oid": "54ac7d20-6779-4e74-8852-b650b8b8a978",
            "displayLabel": "Last Updated By",
            "historyType": "updatedBy"
        },
{
            "type": "number",
            "name": "abcsChangeNumber",
            "oid": "278d52bc-f0c4-44bc-abcc-1756c6c82889",
            "displayLabel": "Version Number",
            "historyType": "versionNumber"
        },
        {
            "type": "string",
            "name": "reasonCode",
            "oid": "e742a084-ce5d-4bec-8c3b-a0ce15c8d428",
            "displayLabel": "ReasonCode"
        }
    ],
    "name": "ReasonCode",
    "oid": "d065e83e-0aa1-485d-b849-48dfac23ab54",
    "displayLabel": "ReasonCode"
}