{
    "items": [
        {
            "hold_code": "HBG_Discount",
            "hold_name": "Discount",
            "hold_description": "Discount",
            "hold_code_id": 300000045768241,
            "effective_start_date": "2022-11-21T00:00:00Z",
            "effective_end_date": null
        },
        {
            "hold_code": "HBG_Hot_Title",
            "hold_name": "Hot Title",
            "hold_description": "Hot Title",
            "hold_code_id": 300000045768242,
            "effective_start_date": "2022-11-21T00:00:00Z",
            "effective_end_date": null
        },
        {
            "hold_code": "HBG_Distribution_Rights",
            "hold_name": "Distribution Rights",
            "hold_description": "Distribution Rights Block",
            "hold_code_id": 300000045768243,
            "effective_start_date": "2022-11-21T00:00:00Z",
            "effective_end_date": null
        },
        {
            "hold_code": "HBG_Title_Rights",
            "hold_name": "Title Rights",
            "hold_description": "Title Rights Excluded",
            "hold_code_id": 300000045768244,
            "effective_start_date": "2022-11-21T00:00:00Z",
            "effective_end_date": null
        },
        {
            "hold_code": "HBG_Amt_Exceeds",
            "hold_name": "Amount Exceeds",
            "hold_description": "Amount Exceeds",
            "hold_code_id": 300000045768245,
            "effective_start_date": "2022-11-21T00:00:00Z",
            "effective_end_date": null
        },
        {
            "hold_code": "HBG_Gift_Review",
            "hold_name": "Gift Review",
            "hold_description": "Gift Review",
            "hold_code_id": 300000045768246,
            "effective_start_date": "2022-11-21T00:00:00Z",
            "effective_end_date": null
        },
        {
            "hold_code": "HBG_Prepaid",
            "hold_name": "Prepaid",
            "hold_description": "Prepaid",
            "hold_code_id": 300000045768247,
            "effective_start_date": "2022-11-21T00:00:00Z",
            "effective_end_date": null
        },
        {
            "hold_code": "HBG_Account",
            "hold_name": "Account",
            "hold_description": "Account",
            "hold_code_id": 300000045768248,
            "effective_start_date": "2022-11-21T00:00:00Z",
            "effective_end_date": null
        },
        {
            "hold_code": "HBG_Operation",
            "hold_name": "Operation",
            "hold_description": "Operation",
            "hold_code_id": 300000045768249,
            "effective_start_date": "2022-11-21T00:00:00Z",
            "effective_end_date": null
        },
        {
            "hold_code": "HBG_PK_NO_NET_PRICE",
            "hold_name": "PK No Net Price",
            "hold_description": "Hold for all PK Order Lines",
            "hold_code_id": 300000050244821,
            "effective_start_date": "2023-02-01T00:00:00Z",
            "effective_end_date": null
        },
        {
            "hold_code": "HBG_NYP",
            "hold_name": "NYP",
            "hold_description": "Hold for Items with NYP Status",
            "hold_code_id": 300000072372627,
            "effective_start_date": "2023-03-01T00:00:00Z",
            "effective_end_date": null
        },
        {
            "hold_code": "HBG_Sales_Force",
            "hold_name": "Sales Force",
            "hold_description": "Hold for Sales Force Code",
            "hold_code_id": 300000050252729,
            "effective_start_date": "2023-02-01T00:00:00Z",
            "effective_end_date": null
        }
    ],
    "hasMore": false,
    "limit": 25,
    "offset": 0,
    "count": 12,
    "links": [
        {
            "rel": "self",
            "href": "https://10.2.0.169:8081/ords/hbg_integration/CustomeOrders/grtHoldnames"
        },
        {
            "rel": "describedby",
            "href": "https://10.2.0.169:8081/ords/hbg_integration/metadata-catalog/CustomeOrders/item"
        },
        {
            "rel": "first",
            "href": "https://10.2.0.169:8081/ords/hbg_integration/CustomeOrders/grtHoldnames"
        }
    ]
}