{
    "items": [
        {
            "owner_id": 3163541030,
            "owner_name": "Abrams Books"
        }
    ],
    "hasMore": false,
    "limit": 25,
    "offset": 0,
    "count": 1,
    "links": [
        {
            "rel": "self",
            "href": "https://10.2.0.169:8081/ords/hbg_integration/Common/getOwnerNameByCode?OWNER_CODE=AB"
        },
        {
            "rel": "describedby",
            "href": "https://10.2.0.169:8081/ords/hbg_integration/metadata-catalog/Common/item"
        },
        {
            "rel": "first",
            "href": "https://10.2.0.169:8081/ords/hbg_integration/Common/getOwnerNameByCode?OWNER_CODE=AB"
        }
    ]
}