{
    "items": [
        {
            "receivables_trx_id": -12,
            "type": "ADJUST",
            "code_combination_id": 300000044312768,
            "last_update_date": "2022-11-11T17:35:23Z",
            "name": "Chargeback Reversal",
            "seg_name": "131806",
            "seg_desc": "Chargeback Reversal"
        },
        {
            "receivables_trx_id": -11,
            "type": "ADJUST",
            "code_combination_id": 300000044312768,
            "last_update_date": "2022-11-11T17:35:04Z",
            "name": "Chargeback Adjustment",
            "seg_name": "131806",
            "seg_desc": "Chargeback Adjustment"
        },
        {
            "receivables_trx_id": 300000044312767,
            "type": "ADJUST",
            "code_combination_id": 300000044312768,
            "last_update_date": "2022-11-11T17:24:33Z",
            "name": "HBG Chargeback Adjustments",
            "seg_name": "131806",
            "seg_desc": "HBG Chargeback Adjustments"
        },
        {
            "receivables_trx_id": 300000044312772,
            "type": "ADJUST",
            "code_combination_id": 300000044312768,
            "last_update_date": "2022-11-11T17:31:57Z",
            "name": "HBG Invoice Adjustment",
            "seg_name": "131806",
            "seg_desc": "HBG Invoice Adjustment"
        },
        {
            "receivables_trx_id": 300000044312775,
            "type": "WRITEOFF",
            "code_combination_id": 682309,
            "last_update_date": "2023-04-05T02:55:19Z",
            "name": "HBG Receipt Write-Off",
            "seg_name": "442101",
            "seg_desc": "HBG Receipt Write-Off"
        },
        {
            "receivables_trx_id": 300000091838704,
            "type": "ADJUST",
            "code_combination_id": 11043,
            "last_update_date": "2023-04-04T23:04:59Z",
            "name": "HBG B/D Write-Off",
            "seg_name": "122103",
            "seg_desc": "HBG B/D Write-Off"
        },
        {
            "receivables_trx_id": 300000091838708,
            "type": "ADJUST",
            "code_combination_id": 300000008064144,
            "last_update_date": "2023-04-05T02:52:08Z",
            "name": "HBG Prepub Write-Off",
            "seg_name": "133109",
            "seg_desc": "HBG Prepub Write-Off"
        }
    ],
    "hasMore": false,
    "limit": 0,
    "offset": 0,
    "count": 7,
    "links": [
        {
            "rel": "self",
            "href": "https://10.2.0.169:8081/ords/hbg_integration/arCustMaintenance/getReceivableActivities"
        },
        {
            "rel": "describedby",
            "href": "https://10.2.0.169:8081/ords/hbg_integration/metadata-catalog/arCustMaintenance/item"
        }
    ]
}