{
  "description": "",
  "root": "resetVariablesPubCreateObj",
  "actions": {
    "resetVariablesPubCreateObj": {
      "module": "vb/action/builtin/resetVariablesAction",
      "parameters": {
        "variables": [
          "$page.variables.PubCreateObj"
        ]
      },
      "outcomes": {
        "success": "callComponentPubdlgClose"
      }
    },
    "callComponentPubdlgClose": {
      "module": "vb/action/builtin/callComponentMethodAction",
      "parameters": {
        "component": "{{ document.getElementById('pubdlg') }}",
        "method": "close"
      }
    }
  },
  "variables": {}
}