{
  "root": "callComponentPubabbrRefresh",
  "description": "",
  "actions": {
    "callComponentPubabbrRefresh": {
      "module": "vb/action/builtin/callComponentMethodAction",
      "parameters": {
        "component": "{{ document.getElementById('pubabbr') }}",
        "method": "refresh"
      },
      "outcomes": {
        "success": "callComponentPubcodeRefresh"
      }
    },
    "callComponentPubcodeRefresh": {
      "module": "vb/action/builtin/callComponentMethodAction",
      "parameters": {
        "component": "{{ document.getElementById('pubcode') }}",
        "method": "refresh"
      },
      "outcomes": {
        "success": "callComponentPubnameRefresh"
      }
    },
    "callComponentPubnameRefresh": {
      "module": "vb/action/builtin/callComponentMethodAction",
      "parameters": {
        "component": "{{ document.getElementById('pubname') }}",
        "method": "refresh"
      }
    }
  }
}