{
  "root": "callComponentImpabbrRefresh",
  "description": "",
  "actions": {
    "callComponentImpabbrRefresh": {
      "module": "vb/action/builtin/callComponentMethodAction",
      "parameters": {
        "component": "{{ document.getElementById('impabbr') }}",
        "method": "refresh"
      },
      "outcomes": {
        "success": "callComponentImpcodeRefresh"
      }
    },
    "callComponentImpcodeRefresh": {
      "module": "vb/action/builtin/callComponentMethodAction",
      "parameters": {
        "component": "{{ document.getElementById('impcode') }}",
        "method": "refresh"
      },
      "outcomes": {
        "success": "callComponentImpnameRefresh"
      }
    },
    "callComponentImpnameRefresh": {
      "module": "vb/action/builtin/callComponentMethodAction",
      "parameters": {
        "component": "{{ document.getElementById('impname') }}",
        "method": "refresh"
      }
    }
  }
}