{
  "description": "",
  "root": "assignVariablesPubRowData",
  "actions": {
    "assignVariablesPubRowData": {
      "module": "vb/action/builtin/assignVariablesAction",
      "parameters": {
        "$page.variables.PubRowData": {
          "source": {
            "last_updated_by": "{{ $application.user.email }}"
          },
          "reset": "none",
          "auto": "always"
        }
      },
      "outcomes": {
        "success": "callRestPutFamilyCodeExternalPublisher"
      }
    },
    "fireNotification": {
      "module": "vb/action/builtin/fireNotificationEventAction",
      "parameters": {
        "target": "leaf",
        "summary": "Failed to Update External Publisher",
        "type": "error",
        "displayMode": "transient"
      }
    },
    "callRestPutFamilyCodeExternalPublisher": {
      "module": "vb/action/builtin/restAction",
      "parameters": {
        "endpoint": "devOrds/putFamilyCodeExternalPublisher",
        "uriParams": {
          "pub_id": "{{ $variables.current.row.pub_id }}"
        },
        "body": "{{ $page.variables.PubRowData }}"
      },
      "outcomes": {
        "failure": "fireNotification",
        "success": "fireNotification3"
      }
    },
    "fireNotification3": {
      "module": "vb/action/builtin/fireNotificationEventAction",
      "parameters": {
        "target": "leaf",
        "displayMode": "transient",
        "type": "confirmation",
        "summary": "External Publisher Updated Successfully"
      },
      "outcomes": {
        "success": "callChainFetchPublisherAction"
      }
    },
    "callChainFetchPublisherAction": {
      "module": "vb/action/builtin/callChainAction",
      "parameters": {
        "id": "FetchPublisherAction"
      },
      "outcomes": {
        "success": "callChainRefreshPubLOVAction"
      }
    },
    "callChainRefreshPubLOVAction": {
      "module": "vb/action/builtin/callChainAction",
      "parameters": {
        "id": "RefreshPubLOVAction"
      }
    }
  },
  "variables": {
    "key": {
      "required": true,
      "type": "any",
      "input": "fromCaller"
    },
    "index": {
      "required": true,
      "type": "number",
      "input": "fromCaller"
    },
    "current": {
      "required": true,
      "type": "any",
      "input": "fromCaller"
    }
  }
}