{
  "description": "",
  "root": "resetVariablesGetCollapseTrxsDetails",
  "actions": {
    "fireNotification": {
      "module": "vb/action/builtin/fireNotificationEventAction",
      "parameters": {
        "target": "leaf",
        "summary": "[[ $chain.results.callRestGetCollapseTrxsDetails.message.summary ]]",
        "type": "error",
        "displayMode": "persist"
      }
    },
    "callRestGetCollapseTrxsDetails": {
      "module": "vb/action/builtin/restAction",
      "parameters": {
        "endpoint": "ORDSConn/GetCollapseTrxsDetails",
        "headers": {
          "p_process_id": "{{ $page.variables.collapseDtlsSearch.process_id }}",
          "p_trx_number": "{{ $page.variables.collapseDtlsSearch.transaction_num }}"
        }
      },
      "outcomes": {
        "failure": "fireNotification",
        "success": "assignVariablesGetCollapseTrxsDetails"
      }
    },
    "ifJSONFromJs": {
      "module": "vb/action/builtin/ifAction",
      "parameters": {
        "condition": "[[ $page.variables.JSONFromJs.data.length = 1 ]]"
      },
      "outcomes": {
        "true": "assignVariablesCollapseDtlsSearch"
      }
    },
    "assignVariablesCollapseDtlsSearch": {
      "module": "vb/action/builtin/assignVariablesAction",
      "parameters": {
        "$page.variables.collapseDtlsSearch": {
          "source": {
            "transaction_num": "{{ $page.variables.JSONFromJs.data[0].invoice_number }}"
          },
          "reset": "none",
          "auto": "always"
        }
      },
      "outcomes": {
        "success": "callRestGetCollapseTrxsDetails"
      }
    },
    "assignVariablesGetCollapseTrxsDetails": {
      "module": "vb/action/builtin/assignVariablesAction",
      "parameters": {
        "$page.variables.GetCollapseTrxsDetails": {
          "source": {
            "data": "{{ $chain.results.callRestGetCollapseTrxsDetails.body.items }}"
          },
          "reset": "none",
          "auto": "always"
        }
      }
    },
    "callComponentCollapseDetailsOpen": {
      "module": "vb/action/builtin/callComponentMethodAction",
      "parameters": {
        "component": "{{ document.getElementById('collapse-details') }}",
        "method": "open"
      },
      "outcomes": {
        "success": "ifJSONFromJs"
      }
    },
    "resetVariablesGetCollapseTrxsDetails": {
      "module": "vb/action/builtin/resetVariablesAction",
      "parameters": {
        "variables": [
          "$page.variables.GetCollapseTrxsDetails"
        ]
      },
      "outcomes": {
        "success": "callComponentCollapseDetailsOpen"
      }
    }
  },
  "variables": {}
}