{
  "description": "",
  "root": "assignVariablesAuditDetailsObj",
  "actions": {
    "callComponentAuditDtlsOpen": {
      "module": "vb/action/builtin/callComponentMethodAction",
      "parameters": {
        "component": "{{ document.getElementById('auditDtls') }}",
        "method": "open"
      }
    },
    "assignVariablesAuditDetailsObj": {
      "module": "vb/action/builtin/assignVariablesAction",
      "parameters": {
        "$page.variables.auditDetailsObj": {
          "source": {
            "Process Id": "{{ $page.variables.TransactionTblADP.data[$variables.index].process_id }}",
            "submittedBy": "{{ $page.variables.TransactionTblADP.data[$variables.index].submitted_by }}",
            "Closed Date": "{{ $variables.current.item.data.submitted_by }}"
          },
          "reset": "none",
          "auto": "always"
        }
      },
      "outcomes": {
        "success": "callComponentAuditDtlsOpen"
      }
    }
  },
  "variables": {
    "key": {
      "required": true,
      "type": "any",
      "input": "fromCaller"
    },
    "index": {
      "required": true,
      "type": "number",
      "input": "fromCaller"
    },
    "current": {
      "required": true,
      "type": "any",
      "input": "fromCaller"
    }
  }
}