{
  "description": "",
  "root": "fireDataProviderEventWriteOffJEADP",
  "actions": {
    "fireDataProviderEventWriteOffJEADP": {
      "module": "vb/action/builtin/fireDataProviderEventAction",
      "parameters": {
        "target": "[[ $page.variables.WriteOffJEADP ]]",
        "add": {
          "data": "{{ $page.variables.writeOffAddRow }}",
          "keys": "{{ $variables.key }}"
        }
      },
      "outcomes": {
        "success": "resetVariablesWriteOffAddRow"
      }
    },
    "resetVariablesWriteOffAddRow": {
      "module": "vb/action/builtin/resetVariablesAction",
      "parameters": {
        "variables": [
          "$page.variables.writeOffAddRow"
        ]
      }
    }
  },
  "variables": {
    "key": {
      "required": true,
      "type": "any",
      "input": "fromCaller"
    },
    "index": {
      "required": true,
      "type": "number",
      "input": "fromCaller"
    },
    "current": {
      "required": true,
      "type": "any",
      "input": "fromCaller"
    }
  }
}