{
  "description": "",
  "root": "ifKey",
  "actions": {
    "assignVariablesWriteOffAddRow": {
      "module": "vb/action/builtin/assignVariablesAction",
      "parameters": {
        "$page.variables.writeOffAddRow": {
          "source": {
            "GLAccountName": "{{ $variables.data.seg_desc }}"
          },
          "reset": "none",
          "auto": "always"
        }
      }
    },
    "ifKey": {
      "module": "vb/action/builtin/ifAction",
      "parameters": {
        "condition": "[[ $variables.key == null ]]"
      },
      "outcomes": {
        "false": "assignVariablesWriteOffAddRow"
      }
    }
  },
  "variables": {
    "key": {
      "required": true,
      "type": "any",
      "input": "fromCaller"
    },
    "data": {
      "required": true,
      "type": "any",
      "input": "fromCaller"
    },
    "metadata": {
      "required": true,
      "type": "any",
      "input": "fromCaller"
    },
    "index": {
      "required": true,
      "type": "number",
      "input": "fromCaller"
    },
    "current": {
      "required": true,
      "type": "any",
      "input": "fromCaller"
    }
  }
}