{
  "root": "runInParallel",
  "description": "",
  "actions": {
    "runInParallel": {
      "module": "vb/action/builtin/forkAction",
      "parameters": {
        "actions": {

          "getOwnerListofValues": "getOwnerListofValues",
          "getFormatListofValues": "getFormatListofValues",
          "getSubFormatListofValues": "getSubFormatListofValues",
          "getCountryGroupListLOV": "getCountryGroupListLOV",
          "getCountryListLOV": "getCountryListLOV"
        }
      }
    },
    "fireNotification": {
      "module": "vb/action/builtin/fireNotificationEventAction",
      "parameters": {
        "target": "leaf",
        "summary": "[[ $chain.results.getOwnerListofValues.message.summary ]]",
        "type": "error",
        "displayMode": "persist"
      }
    },
    "getOwnerListofValues": {
      "module": "vb/action/builtin/restAction",
      "parameters": {
        "endpoint": "ordsHbg_integration/getDistributionTitleRightsGetValueSetsInfo",
        "uriParams": {
          "P_VALUE_SET_NAME": "HBG_Owner"
        }
      },
      "outcomes": {
        "failure": "fireNotification",
        "success": "assignVariables"
      }
    },
    "assignVariables": {
      "module": "vb/action/builtin/assignVariablesAction",
      "parameters": {
        "$flow.variables.getOwnerListADP": {
          "source": {
            "data": "{{ $chain.results.getOwnerListofValues.body.items }}"
          },
          "reset": "none",
          "auto": "always",
          "mapping": {
            "$target.data": {
              "source": "$source.data",
              "reset": "empty"
            }
          }
        }
      }
    },
    "fireNotification2": {
      "module": "vb/action/builtin/fireNotificationEventAction",
      "parameters": {
        "target": "leaf",
        "summary": "[[ $chain.results.getFormatListofValues.message.summary ]]",
        "type": "error",
        "displayMode": "persist"
      }
    },
    "getFormatListofValues": {
      "module": "vb/action/builtin/restAction",
      "parameters": {
        "endpoint": "ordsHbg_integration/getDistributionTitleRightsGetValueSetsInfo",
        "uriParams": {
          "P_VALUE_SET_NAME": "HBG_Format"
        }
      },
      "outcomes": {
        "failure": "fireNotification2",
        "success": "assignVariablesGetFormatListADP"
      }
    },
    "assignVariablesGetFormatListADP": {
      "module": "vb/action/builtin/assignVariablesAction",
      "parameters": {
        "$flow.variables.getFormatListADP": {
          "source": {
            "data": "{{ $chain.results.getFormatListofValues.body.items }}"
          },
          "reset": "none",
          "auto": "always",
          "mapping": {
            "$target.data": {
              "source": "$source.data",
              "reset": "empty"
            }
          }
        }
      }
    },
    "fireNotification3": {
      "module": "vb/action/builtin/fireNotificationEventAction",
      "parameters": {
        "target": "leaf",
        "summary": "[[ $chain.results.getSubFormatListofValues.message.summary ]]",
        "type": "error",
        "displayMode": "persist"
      }
    },
    "getSubFormatListofValues": {
      "module": "vb/action/builtin/restAction",
      "parameters": {
        "endpoint": "ordsHbg_integration/getDistributionTitleRightsGetValueSetsInfo",
        "uriParams": {
          "P_VALUE_SET_NAME": "HBG_Subformat"
        }
      },
      "outcomes": {
        "failure": "fireNotification3",
        "success": "assignVariablesGetSubFormatListADP"
      }
    },
    "assignVariablesGetSubFormatListADP": {
      "module": "vb/action/builtin/assignVariablesAction",
      "parameters": {
        "$flow.variables.getSubFormatListADP": {
          "source": {
            "data": "{{ $chain.results.getSubFormatListofValues.body.items }}"
          },
          "reset": "none",
          "auto": "always"
        }
      }
    },
    "fireNotification4": {
      "module": "vb/action/builtin/fireNotificationEventAction",
      "parameters": {
        "target": "leaf",
        "summary": "[[ $chain.results.getCountryGroupListLOV.message.summary ]]",
        "type": "error",
        "displayMode": "persist"
      }
    },
    "assignVariablesGetCountryGroupListADP": {
      "module": "vb/action/builtin/assignVariablesAction",
      "parameters": {
        "$flow.variables.getCountryGroupListADP": {
          "source": {
            "data": "{{ $chain.results.getCountryGroupListLOV.body.items }}"
          },
          "reset": "none",
          "auto": "always",
          "mapping": {
            "$target.data": {
              "source": "$source.data",
              "reset": "empty"
            }
          }
        }
      }
    },
    "getCountryGroupListLOV": {
      "module": "vb/action/builtin/restAction",
      "parameters": {
        "endpoint": "ordsHbg_integration/getDistributionTitleRightsGetCountryGroupList"
      },
      "outcomes": {
        "failure": "fireNotification4",
        "success": "assignVariablesGetCountryGroupListADP"
      }
    },
    "fireNotification5": {
      "module": "vb/action/builtin/fireNotificationEventAction",
      "parameters": {
        "target": "leaf",
        "summary": "[[ $chain.results.getCountryListLOV.message.summary ]]",
        "type": "error",
        "displayMode": "persist"
      }
    },
    "getCountryListLOV": {
      "module": "vb/action/builtin/restAction",
      "parameters": {
        "endpoint": "ordsHbg_integration/getDistributionTitleRightsGetCountriesList"
      },
      "outcomes": {
        "failure": "fireNotification5",
        "success": "assignVariablesGetCountriesListADP"
      }
    },
    "assignVariablesGetCountriesListADP": {
      "module": "vb/action/builtin/assignVariablesAction",
      "parameters": {
        "$flow.variables.getCountriesListADP": {
          "source": {
            "data": "{{ $chain.results.getCountryListLOV.body.items }}"
          },
          "reset": "none",
          "auto": "always",
          "mapping": {
            "$target.data": {
              "source": "$source.data",
              "reset": "empty"
            }
          }
        }
      }
    }
  }
}