{
    "items": [
        {
            "impr_id": 81,
            "external_imp_code": "MR_IMP_1_Code",
            "external_imp_name": "MR_IMP_1_Name",
            "external_imp_abbr": "MR_IMP_1_Abb",
            "status": "Active",
            "created_date": "2023-02-07T11:29:52Z",
            "created_by": "freis@pelotongroup.com",
            "last_updated_date": "2023-02-07T11:29:52Z",
            "last_updated_by": "freis@pelotongroup.com",
            "start_date": null,
            "end_date": null,
            "category2_id": 41,
            "reporting_group_id": "4",
            "pub_id": null
        }
    ],
    "hasMore": false,
    "limit": 25,
    "offset": 0,
    "count": 1,
    "links": [
        {
            "rel": "self",
            "href": "https://10.2.0.169:8081/ords/hbg_integration/familyCode/FamilyCodeExternalImprint?REPORTING_GROUP_ID=4"
        },
        {
            "rel": "edit",
            "href": "https://10.2.0.169:8081/ords/hbg_integration/familyCode/FamilyCodeExternalImprint?REPORTING_GROUP_ID=4"
        },
        {
            "rel": "describedby",
            "href": "https://10.2.0.169:8081/ords/hbg_integration/metadata-catalog/familyCode/item"
        },
        {
            "rel": "first",
            "href": "https://10.2.0.169:8081/ords/hbg_integration/familyCode/FamilyCodeExternalImprint?REPORTING_GROUP_ID=4"
        }
    ]
}