{
  "title": "",
  "description": "",
  "variables": {
    "BillToCountrySDP": {
      "type": "vb/ServiceDataProvider",
      "defaultValue": {
        "endpoint": "devOrds/getSalesCreditGetBillandShipInfo",
        "keyAttributes": "country",
        "itemsPath": "items",
        "responseType": "getSalesCreditGetBillandShipInfoResponse",
        "uriParameters": {
          "USECODE": "BILL_TO",
          "CUST_ACCOUNT_ID": "{{ $variables.unAssignCreateObj.cust_account_id }}"
        },
        "transformsContext": {
          "vb-textFilterAttributes": [
            "country"
          ]
        }
      }
    },
    "DlgLabel": {
      "type": "string"
    },
    "OrganizationArray": {
      "type": "OrganizationType[]"
    },
    "AccountNumberArray": {
      "type": "AccountsArrayType[]"
    },
    "DivisionArray": {
      "type": "vb/ArrayDataProvider2",
      "defaultValue": {
        "itemType": "DivisionArray",
        "keyAttributes": "division_number"
      }
    },
    "BillToCountrySDPRow": {
      "defaultValue": {
        "endpoint": "devOrds/getSalesCreditGetBillandShipInfo",
        "keyAttributes": "country",
        "itemsPath": "items",
        "responseType": "getSalesCreditGetBillandShipInfoResponse",
        "uriParameters": {
          "USECODE": "BILL_TO",
          "CUST_ACCOUNT_ID": "{{ $variables.unAssignRowData.cust_account_id }}"
        },
        "transformsContext": {
          "vb-textFilterAttributes": [
            "country"
          ]
        }
      },
      "type": "vb/ServiceDataProvider"
    },
    "BillToStateSDP": {
      "type": "vb/ServiceDataProvider",
      "defaultValue": {
        "endpoint": "devOrds/getSalesCreditGetBillandShipInfo",
        "keyAttributes": "state",
        "itemsPath": "items",
        "responseType": "getSalesCreditGetBillandShipInfoResponse2",
        "uriParameters": {
          "CUST_ACCOUNT_ID": "{{ $variables.unAssignCreateObj.cust_account_id }}",
          "USECODE": "BILL_TO"
        },
        "transformsContext": {
          "vb-textFilterAttributes": [
            "state"
          ]
        }
      }
    },
    "BillToStateSDPRow": {
      "defaultValue": {
        "endpoint": "devOrds/getSalesCreditGetBillandShipInfo",
        "keyAttributes": "state",
        "itemsPath": "items",
        "responseType": "getSalesCreditGetBillandShipInfoResponse2",
        "uriParameters": {
          "USECODE": "BILL_TO",
          "CUST_ACCOUNT_ID": "{{ $variables.unAssignCreateObj.cust_account_id }}"
        },
        "transformsContext": {
          "vb-textFilterAttributes": [
            "state"
          ]
        }
      },
      "type": "vb/ServiceDataProvider"
    },
    "Category1LOVSDP": {
      "type": "vb/ServiceDataProvider",
      "defaultValue": {
        "endpoint": "devOrds/getDistributionTitleRightsGetLookupValuesInfo",
        "keyAttributes": "lookup_code",
        "itemsPath": "items",
        "responseType": "Category1LOVSDPType",
        "uriParameters": {
          "P_LOOKUP_TYPE": "HBG_CATEGORY_1",
          "P_TAG": "{{ $variables.MappingCreateObj.reporting_group }}"
        },
        "transformsContext": {
          "vb-textFilterAttributes": [
            "lookup_code"
          ]
        }
      }
    },
    "Category1LOVSDP_Assign": {
      "defaultValue": {
        "endpoint": "devOrds/getDistributionTitleRightsGetLookupValuesInfo",
        "keyAttributes": "lookup_code",
        "itemsPath": "items",
        "responseType": "Category1LOVSDPType",
        "uriParameters": {
          "P_LOOKUP_TYPE": "HBG_CATEGORY_1",
          "P_TAG": "{{ $variables.salesAssignCreatObj.reporting_group }}"
        },
        "transformsContext": {
          "vb-textFilterAttributes": [
            "lookup_code"
          ]
        }
      },
      "type": "vb/ServiceDataProvider"
    },
    "Category2LOVSDP": {
      "type": "vb/ServiceDataProvider",
      "defaultValue": {
        "endpoint": "devOrds/getDistributionTitleRightsGetLookupValuesInfo",
        "keyAttributes": "lookup_code",
        "itemsPath": "items",
        "responseType": "Category2LOVSDPType",
        "uriParameters": {
          "P_LOOKUP_TYPE": "HBG_CATEGORY_2",
          "P_TAG": "{{ $variables.MappingCreateObj.category_1 }}"
        },
        "transformsContext": {
          "vb-textFilterAttributes": [
            "lookup_code"
          ]
        }
      }
    },
    "Category2LOVSDP_Assign": {
      "defaultValue": {
        "endpoint": "devOrds/getDistributionTitleRightsGetLookupValuesInfo",
        "keyAttributes": "lookup_code",
        "itemsPath": "items",
        "responseType": "Category2LOVSDPType",
        "uriParameters": {
          "P_LOOKUP_TYPE": "HBG_CATEGORY_2",
          "P_TAG": "{{ $variables.salesAssignCreatObj.category_1 }}"
        },
        "transformsContext": {
          "vb-textFilterAttributes": [
            "lookup_code"
          ]
        }
      },
      "type": "vb/ServiceDataProvider"
    },
    "DivisionsLOVSDP": {
      "type": "vb/ServiceDataProvider",
      "defaultValue": {
        "endpoint": "devOrds/getSalesCreditDivisionTableCol",
        "keyAttributes": "division_number",
        "itemsPath": "items",
        "responseType": "DivisionsLOVType",
        "transformsContext": {
          "vb-textFilterAttributes": [
            "division_number"
          ]
        },
        "uriParameters": {
          "SALES_FORCE_ID": "{{ $variables.unAssignCreateObj.sales_force_id }}"
        }
      }
    },
    "DivisionsLOVSDPdist": {
      "defaultValue": {
        "endpoint": "devOrds/getSalesCreditDivisionTableCol",
        "keyAttributes": "division_number",
        "itemsPath": "items",
        "responseType": "DivisionsLOVType",
        "transformsContext": {
          "vb-textFilterAttributes": [
            "division_number"
          ]
        },
        "uriParameters": {
          "SALES_FORCE_ID": "{{ $variables.unAssignRowData.sales_force_id }}"
        }
      },
      "type": "vb/ServiceDataProvider"
    },
    "familycode": {
      "type": "string",
      "persisted": "session"
    },
    "FamilyCodeLOVSDP": {
      "type": "vb/ServiceDataProvider",
      "defaultValue": {
        "endpoint": "devOrds/getFamilyCode",
        "keyAttributes": "familycode",
        "itemsPath": "items",
        "responseType": "FamilyCodeLOVType",
        "transformsContext": {
          "vb-textFilterAttributes": [
            "familycode"
          ]
        }
      }
    },
    "FormatLOVSDPType": {
      "type": "vb/ServiceDataProvider",
      "defaultValue": {
        "endpoint": "devOrds/getDistributionTitleRightsGetValueSetsInfo",
        "itemsPath": "items",
        "responseType": "FormatLOVSDPType",
        "uriParameters": {
          "P_VALUE_SET_NAME": "HBG_Format"
        },
        "keyAttributes": "flex_value",
        "transformsContext": {
          "vb-textFilterAttributes": [
            "flex_value"
          ]
        }
      }
    },
    "getAccountTypesListSDP": {
      "type": "vb/ServiceDataProvider",
      "defaultValue": {
        "endpoint": "devOrds/getAccountTypes",
        "keyAttributes": "flex_value",
        "itemsPath": "items",
        "responseType": "getAccountTypesResponse",
        "uriParameters": {
          "P_VALUE_SET_NAME": "HBG_ACCOUNT_TYPE"
        },
        "transformsContext": {
          "vb-textFilterAttributes": [
            "flex_value"
          ]
        }
      }
    },
    "getAccountTypesListSDP2": {
      "type": "vb/ServiceDataProvider",
      "defaultValue": {
        "endpoint": "devOrds/getAccountTypes",
        "keyAttributes": "flex_value",
        "itemsPath": "items",
        "responseType": "getAccountTypesResponse2",
        "uriParameters": {
          "P_VALUE_SET_NAME": "HBG_ACCOUNT_TYPE"
        },
        "transformsContext": {
          "vb-textFilterAttributes": [
            "flex_value"
          ]
        }
      }
    },
    "getAllAccountsListSDP": {
      "type": "vb/ServiceDataProvider",
      "defaultValue": {
        "endpoint": "devOrds/getAllAccounts",
        "keyAttributes": "account_number",
        "itemsPath": "items",
        "responseType": "getAllAccountsResponse",
        "transformsContext": {
          "vb-textFilterAttributes": [
            "account_number"
          ]
        },
        "uriParameters": {
          "PARTY_ID": "{{ $variables.salesAssignCreatObj.organization_name }}"
        }
      }
    },
    "getAllAccountsListSDP2": {
      "type": "vb/ServiceDataProvider",
      "defaultValue": {
        "endpoint": "devOrds/getAllAccounts",
        "keyAttributes": "account_number",
        "itemsPath": "items",
        "responseType": "getAllAccountsResponse2",
        "uriParameters": {
          "party_id": "{{ $variables.unAssignCreateObj.organization_number ? $variables.unAssignCreateObj.organization_number : \"\" }}"
        },
        "transformsContext": {
          "vb-textFilterAttributes": [
            "account_number"
          ]
        }
      }
    },
    "getAllAccountsListSDP3": {
      "type": "vb/ServiceDataProvider",
      "defaultValue": {
        "endpoint": "devOrds/getAllAccounts",
        "keyAttributes": "account_number",
        "itemsPath": "items",
        "responseType": "getAllAccountsResponse3",
        "uriParameters": {
          "party_id": "{{ $variables.unAssignRowData.organization_number ? $variables.unAssignRowData.organization_number : \"\" }}"
        },
        "transformsContext": {
          "vb-textFilterAttributes": [
            "account_number"
          ]
        }
      }
    },
    "getDistributionTitleRightsGetValueSetsInfoListSDP": {
      "type": "vb/ServiceDataProvider",
      "defaultValue": {
        "endpoint": "devOrds/getDistributionTitleRightsGetValueSetsInfo",
        "keyAttributes": "flex_value",
        "itemsPath": "items",
        "responseType": "getDistributionTitleRightsGetValueSetsInfoResponse",
        "uriParameters": {
          "P_VALUE_SET_NAME": "HBG_BISAC_CATEGORIES"
        },
        "transformsContext": {
          "vb-textFilterAttributes": [
            "flex_value"
          ]
        }
      }
    },
    "getDistributionTitleRightsGetValueSetsInfoListSDP2": {
      "type": "vb/ServiceDataProvider",
      "defaultValue": {
        "endpoint": "devOrds/getDistributionTitleRightsGetValueSetsInfo",
        "keyAttributes": "flex_value",
        "itemsPath": "items",
        "responseType": "getDistributionTitleRightsGetValueSetsInfoResponse2",
        "uriParameters": {
          "P_VALUE_SET_NAME": "HBG_ACCOUNT_TYPE"
        },
        "transformsContext": {
          "vb-textFilterAttributes": [
            "flex_value"
          ]
        }
      }
    },
    "getSalesCreditDivisionTableColListSDP": {
      "type": "vb/ServiceDataProvider",
      "defaultValue": {
        "endpoint": "devOrds/getSalesCreditDivisionTableCol",
        "keyAttributes": "division_number",
        "itemsPath": "items",
        "responseType": "getSalesCreditDivisionTableColResponse",
        "transformsContext": {
          "vb-textFilterAttributes": [
            "division_number"
          ]
        }
      }
    },
    "getSalesCreditGetallISBNListSDP": {
      "type": "vb/ServiceDataProvider",
      "defaultValue": {
        "endpoint": "devOrds/getSalesCreditGetallISBN",
        "keyAttributes": "item_number",
        "itemsPath": "items",
        "responseType": "getSalesCreditGetallISBNResponse",
        "transformsContext": {
          "vb-textFilterAttributes": [
            "item_number"
          ]
        }
      }
    },
    "getSalesCreditGetOrganizationNameListSDP": {
      "type": "vb/ServiceDataProvider",
      "defaultValue": {
        "endpoint": "devOrds/getSalesCreditGetOrganizationName",
        "keyAttributes": "party_id",
        "itemsPath": "items",
        "responseType": "getSalesCreditGetOrganizationNameResponse",
        "transformsContext": {
          "vb-textFilterAttributes": [
            "party_name"
          ]
        }
      }
    },
    "getSalesCreditGetOrganizationNameListSDP2": {
      "type": "vb/ServiceDataProvider",
      "defaultValue": {
        "endpoint": "devOrds/getSalesCreditGetOrganizationName",
        "keyAttributes": "party_id",
        "itemsPath": "items",
        "responseType": "getSalesCreditGetOrganizationNameResponse2",
        "transformsContext": {
          "vb-textFilterAttributes": [
            "party_number"
          ]
        }
      }
    },
    "getSalesCreditSalesRepTableColListSDP": {
      "type": "vb/ServiceDataProvider",
      "defaultValue": {
        "endpoint": "devOrds/getSalesCreditSalesRepTableCol",
        "keyAttributes": "sales_rep_number",
        "itemsPath": "items",
        "responseType": "getSalesCreditSalesRepTableColResponse",
        "transformsContext": {
          "vb-textFilterAttributes": [
            "sales_rep_number"
          ]
        }
      }
    },
    "getSalesCreditSalesRepTableColListSDP2": {
      "type": "vb/ServiceDataProvider",
      "defaultValue": {
        "endpoint": "devOrds/getSalesCreditSalesRepTableCol",
        "keyAttributes": "sales_rep_number",
        "itemsPath": "items",
        "responseType": "getSalesCreditSalesRepTableColResponse2",
        "transformsContext": {
          "vb-textFilterAttributes": [
            "sales_rep_number"
          ]
        }
      }
    },
    "getSalesCreditSFMappingListSDP": {
      "type": "vb/ServiceDataProvider",
      "defaultValue": {
        "endpoint": "devOrds/getSalesCreditSFMapping",
        "keyAttributes": "priority",
        "itemsPath": "items",
        "responseType": "getSalesCreditSFMappingResponse",
        "uriParameters": {
          "familycode": "{{ \"\" }}",
          "priority": "{{ \"\" }}",
          "sales_force_number": "{{ \"\" }}"
        },
        "transformsContext": {
          "vb-textFilterAttributes": [
            "priority"
          ]
        }
      }
    },
    "getSalesCreditTeritoryTableCol2ListSDP": {
      "type": "vb/ServiceDataProvider",
      "defaultValue": {
        "endpoint": "devOrds/getSalesCreditTeritoryTableCol2",
        "keyAttributes": "territory_number",
        "itemsPath": "items",
        "responseType": "getSalesCreditTeritoryTableCol2Response",
        "transformsContext": {
          "vb-textFilterAttributes": [
            "territory_number"
          ]
        }
      }
    },
    "getSalesCreditTeritoryTableCol2ListSDP2": {
      "type": "vb/ServiceDataProvider",
      "defaultValue": {
        "endpoint": "devOrds/getSalesCreditTeritoryTableCol2",
        "keyAttributes": "territory_number",
        "itemsPath": "items",
        "responseType": "getSalesCreditTeritoryTableCol2Response2",
        "transformsContext": {
          "vb-textFilterAttributes": [
            "territory_number"
          ]
        }
      }
    },
    "getValueSetDetailsListSDP": {
      "type": "vb/ServiceDataProvider",
      "defaultValue": {
        "endpoint": "devOrds/GetValueSetDetails",
        "keyAttributes": "value_set_name",
        "itemsPath": "items",
        "responseType": "getValueSetDetailsResponse",
        "uriParameters": {
          "P_VALUE_SET_NAME": "{{ \"HBG_Format\" }}"
        },
        "transformsContext": {
          "vb-textFilterAttributes": [
            "flex_value"
          ]
        }
      }
    },
    "getValueSetDetailsListSDP2": {
      "type": "vb/ServiceDataProvider",
      "defaultValue": {
        "endpoint": "devOrds/GetValueSetDetails",
        "keyAttributes": "value_set_name",
        "itemsPath": "items",
        "responseType": "getValueSetDetailsResponse2",
        "transformsContext": {
          "vb-textFilterAttributes": [
            "flex_value"
          ]
        }
      }
    },
    "MappingCreateObj": {
      "type": "MappingTblType",
      "defaultValue": {
        "start_date": "[[ $functions.getsysdate() ]]",
        "status": "Active"
      }
    },
    "mappingDlg": {
      "type": "string"
    },
    "MappingTblADP": {
      "type": "vb/ArrayDataProvider2",
      "defaultValue": {
        "itemType": "MappingTblType",
        "keyAttributes": "sf_mapping_id"
      }
    },
    "MappingTblRow": {
      "type": "MappingTblType"
    },
    "OwnerArray": {
      "type": "OwnerType[]"
    },
    "OwnersLOVSDP": {
      "type": "vb/ServiceDataProvider",
      "defaultValue": {
        "endpoint": "devOrds/getDistributionTitleRightsGetValueSetsInfo",
        "keyAttributes": "flex_value",
        "itemsPath": "items",
        "responseType": "OwnersLOVSDPType",
        "uriParameters": {
          "P_VALUE_SET_NAME": "HBG_Owner"
        },
        "transformsContext": {
          "vb-textFilterAttributes": [
            "flex_value"
          ]
        }
      }
    },
    "OwnersLOVSDP_Assign": {
      "defaultValue": {
        "endpoint": "devOrds/getDistributionTitleRightsGetValueSetsInfo",
        "keyAttributes": "flex_value",
        "itemsPath": "items",
        "responseType": "OwnersLOVSDPType",
        "uriParameters": {
          "P_VALUE_SET_NAME": "HBG_Owner"
        },
        "transformsContext": {
          "vb-textFilterAttributes": [
            "flex_value"
          ]
        }
      },
      "type": "vb/ServiceDataProvider"
    },
    "priority": {
      "type": "string"
    },
    "ReportingGroupADP": {
      "type": "vb/ArrayDataProvider2",
      "defaultValue": {
        "itemType": "ADPType",
        "keyAttributes": "lookup_code"
      }
    },
    "ReportingGroupArray": {
      "type": "ReportingGroupType[]"
    },
    "ReportingGroupLOVSDP_Assign": {
      "defaultValue": {
        "endpoint": "devOrds/getDistributionTitleRightsGetLookupValuesInfo",
        "itemsPath": "items",
        "responseType": "ReportingGroupLOVType",
        "uriParameters": {
          "P_LOOKUP_TYPE": "HBG_REPORTING_GROUP",
          "P_TAG": "{{ $variables.salesAssignCreatObj.owner }}"
        },
        "keyAttributes": "description",
        "transformsContext": {
          "vb-textFilterAttributes": [
            "description"
          ]
        }
      },
      "type": "vb/ServiceDataProvider"
    },
    "RepostingGroupLOV": {
      "type": "vb/ServiceDataProvider",
      "defaultValue": {
        "endpoint": "devOrds/getDistributionTitleRightsGetLookupValuesInfo",
        "itemsPath": "items",
        "responseType": "getDistributionTitleRightsGetLookupValuesInfoResponse",
        "uriParameters": {
          "P_LOOKUP_TYPE": "HBG_REPORTING_GROUP",
          "P_TAG": "{{ $variables.unAssignCreateObj.owner }}"
        },
        "keyAttributes": "description",
        "transformsContext": {
          "vb-textFilterAttributes": [
            "description"
          ]
        }
      }
    },
    "RepostingGroupLOV_table": {
      "defaultValue": {
        "endpoint": "devOrds/getDistributionTitleRightsGetLookupValuesInfo",
        "itemsPath": "items",
        "responseType": "getDistributionTitleRightsGetLookupValuesInfoResponse",
        "uriParameters": {
          "P_LOOKUP_TYPE": "HBG_REPORTING_GROUP",
          "P_TAG": "{{ $variables.unAssignRowData.owner }}"
        },
        "keyAttributes": "description",
        "transformsContext": {
          "vb-textFilterAttributes": [
            "description"
          ]
        }
      },
      "type": "vb/ServiceDataProvider"
    },
    "RowAccount": {
      "type": "string"
    },
    "RowDivision": {
      "type": "string"
    },
    "RowOrganization": {
      "type": "string"
    },
    "RowOwner": {
      "type": "string"
    },
    "RowReportingGroup": {
      "type": "string"
    },
    "RowSalesForce": {
      "type": "string"
    },
    "RowSalesRep": {
      "type": "string"
    },
    "Rowterritory": {
      "type": "string"
    },
    "salesAssignCreatObj": {
      "type": "SalesForceTblType",
      "defaultValue": {
        "start_date": "[[ $functions.getsysdate() ]]",
        "status": "Active"
      }
    },
    "SalesAssignRow": {
      "type": "SalesForceTblType"
    },
    "SalesAssignTblADP": {
      "type": "vb/ArrayDataProvider2",
      "defaultValue": {
        "itemType": "SalesForceTblType",
        "keyAttributes": "sales_force"
      }
    },
    "SalesForceADP": {
      "type": "vb/ArrayDataProvider2",
      "defaultValue": {
        "itemType": "SalesForceType",
        "keyAttributes": "sales_force_number"
      }
    },
    "SalesForceLOVSDP": {
      "type": "vb/ServiceDataProvider",
      "defaultValue": {
        "endpoint": "devOrds/getSalesCreditGetallSalesforceNumbers",
        "keyAttributes": "sales_force_number",
        "itemsPath": "items",
        "responseType": "SalesForceLOVType",
        "transformsContext": {
          "vb-textFilterAttributes": [
            "sales_force_number"
          ]
        }
      }
    },
    "SalesForceNumberLOVSDP": {
      "type": "vb/ServiceDataProvider",
      "defaultValue": {
        "endpoint": "devOrds/getSalesCreditGetallSalesforceNumbers",
        "keyAttributes": "sales_force_number",
        "itemsPath": "items",
        "responseType": "SalesForceNumberLOVType",
        "transformsContext": {
          "vb-textFilterAttributes": [
            "sales_force_number"
          ]
        }
      }
    },
    "SalesRepLOVSDP": {
      "type": "vb/ServiceDataProvider",
      "defaultValue": {
        "endpoint": "devOrds/getSalesCreditSalesRepTableCol",
        "keyAttributes": "sales_rep_number",
        "itemsPath": "items",
        "responseType": "SalesrepLOVType",
        "transformsContext": {
          "vb-textFilterAttributes": [
            "sales_rep_number"
          ]
        },
        "uriParameters": {
          "SF_TERRITORY_ID": "{{ $variables.unAssignCreateObj.sf_territory_id }}"
        }
      }
    },
    "SalesRepLOVSDPDist": {
      "defaultValue": {
        "endpoint": "devOrds/getSalesCreditSalesRepTableCol",
        "keyAttributes": "sales_rep_number",
        "itemsPath": "items",
        "responseType": "SalesrepLOVType",
        "transformsContext": {
          "vb-textFilterAttributes": [
            "sales_rep_number"
          ]
        },
        "uriParameters": {
          "SF_TERRITORY_ID": "{{ $variables.unAssignRowData.sf_territory_id }}"
        }
      },
      "type": "vb/ServiceDataProvider"
    },
    "SelectedsalesForce": {
      "type": "string",
      "input": "fromCaller",
      "persisted": "session"
    },
    "selectedSfID": {
      "type": "string",
      "input": "fromCaller",
      "persisted": "session"
    },
    "SelectedSFnumber": {
      "type": "number",
      "persisted": "session"
    },
    "SelectedStatus": {
      "type": "string"
    },
    "ShipToCountrySDP": {
      "type": "vb/ServiceDataProvider",
      "defaultValue": {
        "endpoint": "devOrds/getSalesCreditGetBillandShipInfo",
        "keyAttributes": "country",
        "itemsPath": "items",
        "responseType": "getSalesCreditGetBillandShipInfoResponse3",
        "uriParameters": {
          "USECODE": "SHIP_TO",
          "CUST_ACCOUNT_ID": "{{ $variables.unAssignCreateObj.cust_account_id }}"
        },
        "transformsContext": {
          "vb-textFilterAttributes": [
            "country"
          ]
        }
      }
    },
    "ShipToCountrySDPRow": {
      "defaultValue": {
        "endpoint": "devOrds/getSalesCreditGetBillandShipInfo",
        "keyAttributes": "country",
        "itemsPath": "items",
        "responseType": "getSalesCreditGetBillandShipInfoResponse3",
        "uriParameters": {
          "USECODE": "SHIP_TO",
          "CUST_ACCOUNT_ID": "{{ $variables.unAssignRowData.cust_account_id }}"
        },
        "transformsContext": {
          "vb-textFilterAttributes": [
            "country"
          ]
        }
      },
      "type": "vb/ServiceDataProvider"
    },
    "ShipToStateSDP": {
      "type": "vb/ServiceDataProvider",
      "defaultValue": {
        "endpoint": "devOrds/getSalesCreditGetBillandShipInfo",
        "keyAttributes": "state",
        "itemsPath": "items",
        "responseType": "getSalesCreditGetBillandShipInfoResponse4",
        "uriParameters": {
          "USECODE": "SHIP_TO",
          "CUST_ACCOUNT_ID": "{{ $variables.unAssignCreateObj.cust_account_id }}"
        },
        "transformsContext": {
          "vb-textFilterAttributes": [
            "state"
          ]
        }
      }
    },
    "ShipToStateSDPRow": {
      "defaultValue": {
        "endpoint": "devOrds/getSalesCreditGetBillandShipInfo",
        "keyAttributes": "state",
        "itemsPath": "items",
        "responseType": "getSalesCreditGetBillandShipInfoResponse4",
        "uriParameters": {
          "USECODE": "SHIP_TO",
          "CUST_ACCOUNT_ID": "{{ $variables.unAssignRowData.cust_account_id }}"
        },
        "transformsContext": {
          "vb-textFilterAttributes": [
            "state"
          ]
        }
      },
      "type": "vb/ServiceDataProvider"
    },
    "SubFormatLOVSDP": {
      "type": "vb/ServiceDataProvider",
      "defaultValue": {
        "endpoint": "devOrds/getDistributionTitleRightsGetValueSetsInfo",
        "itemsPath": "items",
        "responseType": "SubFormatLOVSDPType",
        "uriParameters": {
          "P_VALUE_SET_NAME": "HBG_Subformat"
        },
        "keyAttributes": "flex_value",
        "transformsContext": {
          "vb-textFilterAttributes": [
            "flex_value"
          ]
        }
      }
    },
    "TerritoryLOVSDP": {
      "type": "vb/ServiceDataProvider",
      "defaultValue": {
        "endpoint": "devOrds/getSalesCreditTeritoryTableCol2",
        "keyAttributes": "territory_number",
        "itemsPath": "items",
        "responseType": "TerritoryLOVType",
        "transformsContext": {
          "vb-textFilterAttributes": [
            "territory_number"
          ]
        },
        "uriParameters": {
          "SF_DIV_ID": "{{ $variables.unAssignCreateObj.sf_div_id }}"
        }
      }
    },
    "TerritoryLOVSDPDist": {
      "defaultValue": {
        "endpoint": "devOrds/getSalesCreditTeritoryTableCol2",
        "keyAttributes": "territory_number",
        "itemsPath": "items",
        "responseType": "TerritoryLOVType",
        "transformsContext": {
          "vb-textFilterAttributes": [
            "territory_number"
          ]
        },
        "uriParameters": {
          "SF_DIV_ID": "{{ $variables.unAssignRowData.sf_div_id }}"
        }
      },
      "type": "vb/ServiceDataProvider"
    },
    "unAssignCreateObj": {
      "type": "UnAssignSalesForceTblType",
      "defaultValue": {

        "start_date": "[[ $functions.getsysdate() ]]"
      }
    },
    "TerritoryArray": {
      "type": "vb/ArrayDataProvider2",
      "defaultValue": {
        "itemType": "TerritoryArraytype",
        "keyAttributes": "territory_number"
      }
    },
    "SalesRepADP": {
      "type": "vb/ArrayDataProvider2",
      "defaultValue": {
        "itemType": "SalesrepColArray",
        "keyAttributes": "sales_rep_number"
      }
    },
    "unAssignRowData": {
      "type": "UnAssignSalesForceTblType",
      "defaultValue": {
        "status": "[[ $variables.unAssignRowData.end_date > $functions.getsysdate() ?  \"Inactive\" : \"Active\" ]]"
      }
    },
    "UnAssignTblADP": {
      "type": "vb/ArrayDataProvider2",
      "defaultValue": {
        "itemType": "UnAssignSalesForceTblType",
        "keyAttributes": "sf_unassigned_id"
      }
    }

  },
  "metadata": {},
  "types": {
    "@decorators.ADPType": {
      "endpoint": "getDistributionTitleRightsGetLookupValuesInfo",
      "service": "devOrds",
      "path": "response-_-items[0]"
    },
    "@decorators.Category1LOVSDPType": {
      "endpoint": "getDistributionTitleRightsGetLookupValuesInfo",
      "service": "devOrds",
      "path": "response"
    },
    "@decorators.Category2LOVSDPType": {
      "endpoint": "getDistributionTitleRightsGetLookupValuesInfo",
      "service": "devOrds",
      "path": "response"
    },
    "@decorators.DivisionsLOVType": {
      "endpoint": "getSalesCreditDivisionTableCol",
      "service": "devOrds",
      "path": "response"
    },
    "@decorators.FamilyCodeLOVType": {
      "endpoint": "getFamilyCode",
      "service": "devOrds",
      "path": "response"
    },
    "@decorators.FormatLOVSDPType": {
      "endpoint": "getDistributionTitleRightsGetValueSetsInfo",
      "service": "devOrds",
      "path": "response"
    },
    "@decorators.getAccountTypesResponse": {
      "endpoint": "getAccountTypes",
      "service": "devOrds",
      "path": "response"
    },
    "@decorators.getAccountTypesResponse2": {
      "endpoint": "getAccountTypes",
      "service": "devOrds",
      "path": "response"
    },
    "@decorators.getAllAccountsResponse": {
      "endpoint": "getAllAccounts",
      "service": "devOrds",
      "path": "response"
    },
    "@decorators.getAllAccountsResponse2": {
      "endpoint": "getAllAccounts",
      "service": "devOrds",
      "path": "response"
    },
    "@decorators.getAllAccountsResponse3": {
      "endpoint": "getAllAccounts",
      "service": "devOrds",
      "path": "response"
    },
    "@decorators.getDistributionTitleRightsGetLookupValuesInfoResponse": {
      "endpoint": "getDistributionTitleRightsGetLookupValuesInfo",
      "service": "devOrds",
      "path": "response"
    },
    "@decorators.getDistributionTitleRightsGetValueSetsInfoResponse": {
      "endpoint": "getDistributionTitleRightsGetValueSetsInfo",
      "service": "devOrds",
      "path": "response"
    },
    "@decorators.getDistributionTitleRightsGetValueSetsInfoResponse2": {
      "endpoint": "getDistributionTitleRightsGetValueSetsInfo",
      "service": "devOrds",
      "path": "response"
    },
    "@decorators.getSalesCreditDivisionTableColResponse": {
      "endpoint": "getSalesCreditDivisionTableCol",
      "service": "devOrds",
      "path": "response"
    },
    "@decorators.getSalesCreditGetallISBNResponse": {
      "endpoint": "getSalesCreditGetallISBN",
      "service": "devOrds",
      "path": "response"
    },
    "@decorators.getSalesCreditGetBillandShipInfoResponse": {
      "endpoint": "getSalesCreditGetBillandShipInfo",
      "service": "devOrds",
      "path": "response"
    },
    "@decorators.getSalesCreditGetBillandShipInfoResponse2": {
      "endpoint": "getSalesCreditGetBillandShipInfo",
      "service": "devOrds",
      "path": "response"
    },
    "@decorators.getSalesCreditGetBillandShipInfoResponse3": {
      "endpoint": "getSalesCreditGetBillandShipInfo",
      "service": "devOrds",
      "path": "response"
    },
    "@decorators.getSalesCreditGetBillandShipInfoResponse4": {
      "endpoint": "getSalesCreditGetBillandShipInfo",
      "service": "devOrds",
      "path": "response"
    },
    "@decorators.getSalesCreditGetOrganizationNameResponse": {
      "endpoint": "getSalesCreditGetOrganizationName",
      "service": "devOrds",
      "path": "response"
    },
    "@decorators.getSalesCreditGetOrganizationNameResponse2": {
      "endpoint": "getSalesCreditGetOrganizationName",
      "service": "devOrds",
      "path": "response"
    },
    "@decorators.getSalesCreditSalesRepTableColResponse": {
      "endpoint": "getSalesCreditSalesRepTableCol",
      "service": "devOrds",
      "path": "response"
    },
    "@decorators.getSalesCreditSalesRepTableColResponse2": {
      "endpoint": "getSalesCreditSalesRepTableCol",
      "service": "devOrds",
      "path": "response"
    },
    "@decorators.getSalesCreditSFMappingResponse": {
      "endpoint": "getSalesCreditSFMapping",
      "service": "devOrds",
      "path": "response"
    },
    "@decorators.getSalesCreditTeritoryTableCol2Response": {
      "endpoint": "getSalesCreditTeritoryTableCol2",
      "service": "devOrds",
      "path": "response"
    },
    "@decorators.getSalesCreditTeritoryTableCol2Response2": {
      "endpoint": "getSalesCreditTeritoryTableCol2",
      "service": "devOrds",
      "path": "response"
    },
    "@decorators.getValueSetDetailsResponse": {
      "endpoint": "GetValueSetDetails",
      "service": "devOrds",
      "path": "response"
    },
    "@decorators.getValueSetDetailsResponse2": {
      "endpoint": "GetValueSetDetails",
      "service": "devOrds",
      "path": "response"
    },
    "@decorators.MappingTblType": {
      "endpoint": "getSalesCreditSFMapping",
      "service": "devOrds",
      "path": "response-_-items[0]"
    },
    "@decorators.OwnersLOVSDPType": {
      "endpoint": "getDistributionTitleRightsGetValueSetsInfo",
      "service": "devOrds",
      "path": "response"
    },
    "@decorators.ReportingGroupLOVType": {
      "endpoint": "getDistributionTitleRightsGetLookupValuesInfo",
      "service": "devOrds",
      "path": "response"
    },
    "@decorators.SalesForceLOVType": {
      "endpoint": "getSalesCreditGetallSalesforceNumbers",
      "service": "devOrds",
      "path": "response"
    },
    "@decorators.SalesForceNumberLOVType": {
      "endpoint": "getSalesCreditGetallSalesforceNumbers",
      "service": "devOrds",
      "path": "response"
    },
    "@decorators.SalesForceTblType": {
      "endpoint": "getSalesCreditSFAssign",
      "service": "devOrds",
      "path": "response-_-items[0]"
    },
    "@decorators.SalesForceType": {
      "endpoint": "getSalesCreditGetallSalesforceNumbers",
      "service": "devOrds",
      "path": "response-_-items[0]"
    },
    "@decorators.SalesrepLOVType": {
      "endpoint": "getSalesCreditSalesRepTableCol",
      "service": "devOrds",
      "path": "response"
    },
    "@decorators.SubFormatLOVSDPType": {
      "endpoint": "getDistributionTitleRightsGetValueSetsInfo",
      "service": "devOrds",
      "path": "response"
    },
    "@decorators.TerritoryLOVType": {
      "endpoint": "getSalesCreditTeritoryTableCol2",
      "service": "devOrds",
      "path": "response"
    },
    "@decorators.UnAssignSalesForceTblType": {
      "endpoint": "getUnAssignSalesForce",
      "service": "devOrds",
      "path": "response-_-items[0]"
    },
    "ADPType": {
      "description": "string",
      "lookup_code": "string"
    },
    "ReportingGroupType": {
      "description": "string",
      "meaning": "string"
    },
    "OwnerType": {
      "flex_value": "string"
    },
    "AccountsArrayType": {
      "account_name": "string",
      "account_number": "string",
      "cust_account_id": "number"
    },
    "DivisionArray": {
      "division_name": "string",
      "division_number": "string",
      "sf_div_id": "number"
    },
    "OrganizationType": {
      "party_id": "number",
      "party_name": "string",
      "party_number": "string"
    },
    "Category1LOVSDPType": {
      "items": [
        {
          "description": "string",
          "lookup_code": "string"
        }
      ]
    },
    "Category2LOVSDPType": {
      "items": [
        {
          "description": "string",
          "lookup_code": "string"
        }
      ]
    },
    "DivisionsLOVType": {
      "items": [
        {
          "division_name": "string",
          "division_number": "string",
          "sf_div_id": "number"
        }
      ]
    },
    "FamilyCodeLOVType": {
      "items": [
        {
          "familycode": "string"
        }
      ]
    },
    "FormatLOVSDPType": {
      "items": [
        {
          "description": "string",
          "flex_value": "string"
        }
      ]
    },
    "getAccountTypesResponse": {
      "items": [
        {
          "description": "string",
          "flex_value": "string"
        }
      ]
    },
    "getAccountTypesResponse2": {
      "items": [
        {
          "description": "string",
          "flex_value": "string"
        }
      ]
    },
    "getAllAccountsResponse": {
      "items": [
        {
          "account_name": "any",
          "account_number": "string"
        }
      ]
    },
    "getAllAccountsResponse2": {
      "items": [
        {
          "account_name": "string",
          "account_number": "string",
          "cust_account_id": "number"
        }
      ]
    },
    "getAllAccountsResponse3": {
      "items": [
        {
          "account_name": "string",
          "account_number": "string",
          "cust_account_id": "number"
        }
      ]
    },
    "getDistributionTitleRightsGetLookupValuesInfoResponse": {
      "items": [
        {
          "description": "string",
          "lookup_code": "string",
          "meaning": "string"
        }
      ]
    },
    "getDistributionTitleRightsGetValueSetsInfoResponse": {
      "items": [
        {
          "description": "string",
          "flex_value": "string"
        }
      ]
    },
    "getDistributionTitleRightsGetValueSetsInfoResponse2": {
      "items": [
        {
          "description": "string",
          "flex_value": "string"
        }
      ]
    },
    "getSalesCreditDivisionTableColResponse": {
      "items": [
        {
          "division_name": "string",
          "division_number": "number"
        }
      ]
    },
    "getSalesCreditGetallISBNResponse": {
      "items": [
        {
          "item_number": "string"
        }
      ]
    },
    "getSalesCreditGetBillandShipInfoResponse": {
      "items": [
        {
          "country": "string"
        }
      ]
    },
    "getSalesCreditGetBillandShipInfoResponse2": {
      "items": [
        {
          "state": "string"
        }
      ]
    },
    "getSalesCreditGetBillandShipInfoResponse3": {
      "items": [
        {
          "country": "string"
        }
      ]
    },
    "getSalesCreditGetBillandShipInfoResponse4": {
      "items": [
        {
          "state": "string"
        }
      ]
    },
    "getSalesCreditGetOrganizationNameResponse": {
      "items": [
        {
          "party_id": "number",
          "party_name": "string"
        }
      ]
    },
    "getSalesCreditGetOrganizationNameResponse2": {
      "items": [
        {
          "party_id": "number",
          "party_name": "string",
          "party_number": "string"
        }
      ]
    },
    "getSalesCreditSalesRepTableColResponse": {
      "items": [
        {
          "sales_rep_name": "string",
          "sales_rep_number": "number"
        }
      ]
    },
    "getSalesCreditSalesRepTableColResponse2": {
      "items": [
        {
          "sales_rep_name": "string",
          "sales_rep_number": "number"
        }
      ]
    },
    "getSalesCreditSFMappingResponse": {
      "items": [
        {
          "priority": "number"
        }
      ]
    },
    "getSalesCreditTeritoryTableCol2Response": {
      "items": [
        {
          "territory_name": "string",
          "territory_number": "number"
        }
      ]
    },
    "getSalesCreditTeritoryTableCol2Response2": {
      "items": [
        {
          "territory_name": "string",
          "territory_number": "number"
        }
      ]
    },
    "getValueSetDetailsResponse": {
      "items": [
        {
          "flex_value": "string",
          "value_set_name": "string"
        }
      ]
    },
    "getValueSetDetailsResponse2": {
      "items": [
        {
          "description": "string",
          "flex_value": "string",
          "value_set_name": "string"
        }
      ]
    },
    "MappingTblType": {
      "account_type": "string",
      "account_type_description": "string",
      "bisac": "number",
      "bisac_description": "string",
      "category_1": "string",
      "category_1_description": "string",
      "category_2": "string",
      "category_2_description": "string",
      "end_date": "any",
      "entered_by": "string",
      "entered_date": "string",
      "format": "string",
      "format_description": "string",
      "isbn": "string",
      "notes": "string",
      "owner": "string",
      "owner_description": "string",
      "priority": "number",
      "reporting_group": "string",
      "reporting_group_description": "string",
      "sales_force": "number",
      "sales_force_id": "number",
      "sales_force_name": "string",
      "sf_acct_type_id": "number",
      "sf_mapping_id": "number",
      "start_date": "any",
      "status": "string",
      "sub_format": "string",
      "sub_format_description": "string",
      "updated_by": "string",
      "updated_date": "string"
    },
    "OwnersLOVSDPType": {
      "items": [
        {
          "description": "string",
          "flex_value": "string"
        }
      ]
    },
    "ReportingGroupLOVType": {
      "items": [
        {
          "description": "string",
          "lookup_code": "string"
        }
      ]
    },
    "SalesForceLOVType": {
      "items": [
        {
          "sales_force_number": "string"
        }
      ]
    },
    "SalesForceNumberLOVType": {
      "items": [
        {
          "sales_force_id": "number",
          "sales_force_name": "string",
          "sales_force_number": "string"
        }
      ]
    },
    "SalesForceTblType": {
      "account_name": "string",
      "account_override_end_date": "string",
      "account_override_start_date": "string",
      "account_type": "string",
      "alt_sales_country": "string",
      "bill_to_": "string",
      "bill_to_country": "string",
      "bisac": "number",
      "bisac_description": "string",
      "category_1": "number",
      "category_1_description": "string",
      "category_2": "number",
      "category_2_description": "string",
      "customer_account_number": "number",
      "customer_org_number": "number",
      "division": "number",
      "division_name": "string",
      "end_date": "string",
      "entered_by": "string",
      "entered_date": "any",
      "final_destination_country": "string",
      "format": "number",
      "format_description": "string",
      "notes": "string",
      "organization_name": "string",
      "override": "string",
      "owner": "string",
      "owner_description": "string",
      "reporting_group": "number",
      "reporting_group_description": "string",
      "sales_force": "number",
      "sales_force_id": "number",
      "sales_force_name": "string",
      "sales_rep": "number",
      "sales_rep_name": "string",
      "sf_assign_id": "number",
      "ship_to_country": "string",
      "ship_to_name": "string",
      "ship_to_number": "number",
      "ship_to_state": "string",
      "start_date": "any",
      "state_province": "string",
      "status": "string",
      "sub_format": "number",
      "sub_format_description": "string",
      "territory": "number",
      "territory_name": "string",
      "updated_by": "string",
      "updated_date": "string"
    },
    "SalesForceType": {
      "sales_force_id": "number",
      "sales_force_name": "string",
      "sales_force_number": "string"
    },
    "TerritoryArraytype": {
      "sf_territory_id": "number",
      "territory_name": "string",
      "territory_number": "string"
    },
    "SalesrepColArray": {
      "sales_rep_name": "string",
      "sales_rep_number": "string",
      "sf_sales_rep_id": "number"
    },
    "SalesrepLOVType": {
      "items": [
        {
          "sales_rep_name": "string",
          "sales_rep_number": "string",
          "sf_sales_rep_id": "number"
        }
      ]
    },
    "SubFormatLOVSDPType": {
      "items": [
        {
          "description": "string",
          "flex_value": "string"
        }
      ]
    },
    "@decorators.FormatLOVSDPType_copy": {
      "endpoint": "getDistributionTitleRightsGetValueSetsInfo",
      "service": "devOrds",
      "path": "response"
    },
    "TerritoryLOVType": {
      "items": [
        {
          "sf_territory_id": "number",
          "territory_name": "string",
          "territory_number": "string"
        }
      ]
    },
    "UnAssignSalesForceTblType": {
      "account_name": "any",
      "account_number": "any",
      "account_prefix": "string",
      "account_type": "string",
      "bill_to_country": "string",
      "bill_to_state": "string",
      "description": "string",
      "division": "string",
      "division_name": "string",
      "end_date": "string",
      "entered_by": "string",
      "entered_date": "any",
      "final_destination_country": "string",
      "notes": "any",
      "organization_name": "string",
      "organization_number": "number",
      "owner": "string",
      "owner_description": "string",
      "party_id": "string",
      "reporting_group": "string",
      "reporting_group_description": "string",
      "sales_force_id": "any",
      "sales_force_name": "string",
      "sales_force_number": "string",
      "sales_rep": "string",
      "sales_rep_name": "string",
      "sf_assign_id": "number",
      "sf_unassigned_id": "number",
      "ship_to_country": "string",
      "ship_to_state": "string",
      "start_date": "string",
      "status": "string",
      "territory": "string",
      "territory_name": "string",
      "type": "string",
      "updated_by": "string",
      "updated_date": "any",
      "cust_account_id": "string",
      "sf_div_id": "string",
      "sf_territory_id": "string"

    }
  },
  "eventListeners": {
    "buttonAction": {
      "chains": [
        {
          "chainId": "FetchMappingTblData"
        }
      ]
    },
    "buttonAction10": {
      "chains": [
        {
          "chainId": "ExportMappingTblAction"
        }
      ]
    },
    "buttonAction11": {
      "chains": [
        {
          "chainId": "ButtonActionChain"
        }
      ]
    },
    "buttonAction12": {
      "chains": [
        {
          "chainId": "UnAssignDlgOpenAction"
        }
      ]
    },
    "buttonAction13": {
      "chains": [
        {
          "chainId": "CloseunassignDlgAction"
        }
      ]
    },
    "buttonAction14": {
      "chains": [
        {
          "chainId": "UnAssignCreateAction"
        }
      ]
    },
    "buttonAction15": {
      "chains": [
        {
          "chainId": "SearchBtnAction"
        }
      ]
    },
    "buttonAction16": {
      "chains": [
        {
          "chainId": "ResetBtnAction"
        }
      ]
    },
    "buttonAction2": {
      "chains": [
        {
          "chainId": "CloseMappingDLgAction"
        }
      ]
    },
    "buttonAction3": {
      "chains": [
        {
          "chainId": "OpenCreateMappingDlgAction"
        }
      ]
    },
    "buttonAction4": {
      "chains": [
        {
          "chainId": "CreateMappingAction"
        }
      ]
    },
    "buttonAction5": {
      "chains": [
        {
          "chainId": "CloseSalesAssignCtreateDlgAction"
        }
      ]
    },
    "buttonAction6": {
      "chains": [
        {
          "chainId": "CreateSalesDlgOpenAction"
        }
      ]
    },
    "buttonAction7": {
      "chains": [
        {
          "chainId": "CreateAssignSalesAction"
        }
      ]
    },
    "buttonAction8": {
      "chains": [
        {
          "chainId": "EditMappingDetailsAction"
        }
      ]
    },
    "buttonAction9": {
      "chains": [
        {
          "chainId": "ResetBtnAction"
        }
      ]
    },
    "comboKeyup": {
      "chains": [
        {
          "chainId": "OrganizationKeyUpAction",
          "parameters": {
            "CurrentValue": "[[ $event.srcElement.value ]]"
          }
        }
      ]
    },
    "comboKeyup2": {
      "chains": [
        {
          "chainId": "AccountNumberKeyUpAction",
          "parameters": {
            "CurrentValue": "[[ $event.srcElement.value ]]"
          }
        }
      ]
    },
    "comboValue": {
      "chains": [
        {
          "chainId": "TypeValueChangeAction",
          "parameters": {
            "value": "{{ $event.detail.value }}"
          }
        }
      ]
    },
    "comboValue10": {
      "chains": [
        {
          "chainId": "DivisionValueChangeAction",
          "parameters": {
            "value": "{{ $event.detail.value }}"
          }
        }
      ]
    },
    "comboValue11": {
      "chains": [
        {
          "chainId": "TerritoryvalueChange",
          "parameters": {
            "value": "{{ $event.detail.value }}"
          }
        }
      ]
    },
    "comboValue12": {
      "chains": [
        {
          "chainId": "SalesRepEditValueChange",
          "parameters": {
            "value": "{{ $event.detail.value }}"
          }
        }
      ]
    },
    "comboValue13": {
      "chains": [
        {
          "chainId": "EditOwnerValueChange",
          "parameters": {
            "value": "{{ $event.detail.value }}"
          }
        }
      ]
    },
    "comboValue2": {
      "chains": [
        {
          "chainId": "OrgAccountnumValChangeAction",
          "parameters": {
            "value": "{{ $event.detail.value }}"
          }
        }
      ]
    },
    "comboValue3": {
      "chains": [
        {
          "chainId": "AccountNumberVaChangeAction",
          "parameters": {
            "value": "{{ $event.detail.value }}"
          }
        }
      ]
    },
    "comboValue4": {
      "chains": [
        {
          "chainId": "RowAccountValChangeAction",
          "parameters": {
            "value": "{{ $event.detail.value }}",
            "key": "{{ $current.key }}",
            "index": "{{ $current.index }}",
            "current": "{{ $current }}"
          }
        }
      ]
    },
    "comboValue5": {
      "chains": [
        {
          "chainId": "OrganizationAssignRowdata",
          "parameters": {
            "value": "{{ $event.detail.value }}",
            "key": "{{ $current.key }}",
            "index": "{{ $current.index }}",
            "current": "{{ $current }}"
          }
        }
      ]
    },
    "comboValue6": {
      "chains": [
        {
          "chainId": "RowTypeValueChangeAction",
          "parameters": {
            "value": "{{ $event.detail.value }}",
            "key": "{{ $current.key }}",
            "index": "{{ $current.index }}",
            "current": "{{ $current }}"
          }
        }
      ]
    },
    "comboValue7": {
      "chains": [
        {
          "chainId": "RowTerritoryValueChange",
          "parameters": {
            "value": "{{ $event.detail.value }}",
            "key": "{{ $current.key }}",
            "index": "{{ $current.index }}",
            "current": "{{ $current }}"
          }
        }
      ]
    },
    "comboValue8": {
      "chains": [
        {
          "chainId": "RowSalesRepValueChange",
          "parameters": {
            "value": "{{ $event.detail.value }}",
            "key": "{{ $current.key }}",
            "index": "{{ $current.index }}",
            "current": "{{ $current }}"
          }
        }
      ]
    },
    "comboValue9": {
      "chains": [
        {
          "chainId": "ReportingGroupEditvalueChangeAction",
          "parameters": {
            "value": "{{ $event.detail.value }}"
          }
        }
      ]
    },
    "hyperlinkClick": {
      "chains": [
        {
          "chainId": "assignSFnumberAction",
          "parameters": {
            "key": "{{ $current.key }}",
            "index": "{{ $current.index }}",
            "current": "{{ $current }}"
          }
        }
      ]
    },
    "iconClick": {
      "chains": [
        {
          "chainId": "DeleteMappingAction",
          "parameters": {
            "key": "{{ $current.key }}",
            "index": "{{ $current.index }}",
            "current": "{{ $current }}"
          }
        }
      ]
    },
    "iconClick2": {
      "chains": [
        {
          "chainId": "SaveAssignedSalesAction",
          "parameters": {
            "key": "{{ $current.key }}",
            "index": "{{ $current.index }}",
            "current": "{{ $current }}"
          }
        }
      ]
    },
    "iconClick3": {
      "chains": [
        {
          "chainId": "SaveSalesmappingChangesAction",
          "parameters": {
            "key": "{{ $current.key }}",
            "index": "{{ $current.index }}",
            "current": "{{ $current }}"
          }
        }
      ]
    },
    "iconClick4": {
      "chains": [
        {
          "chainId": "EditMappingAction",
          "parameters": {
            "key": "{{ $current.key }}",
            "index": "{{ $current.index }}",
            "current": "{{ $current }}"
          }
        }
      ]
    },
    "iconClick5": {
      "chains": [
        {
          "chainId": "DeleteunassignSalesAction",
          "parameters": {
            "key": "{{ $current.key }}",
            "index": "{{ $current.index }}",
            "current": "{{ $current }}"
          }
        }
      ]
    },
    "iconClick6": {
      "chains": [
        {
          "chainId": "updateunassignSalesAction",
          "parameters": {
            "key": "{{ $current.key }}",
            "index": "{{ $current.index }}",
            "current": "{{ $current }}"
          }
        }
      ]
    },
    "iconClick7": {
      "chains": [
        {
          "chainId": "EditionDlgOpenAction",
          "parameters": {
            "key": "{{ $current.key }}",
            "index": "{{ $current.index }}",
            "current": "{{ $current }}"
          }
        }
      ]
    },
    "selectValueItem": {
      "chains": [
        {
          "chainId": "OwnerValueChangeAction",
          "parameters": {
            "key": "{{$event.detail.value.key}}",
            "data": "{{$event.detail.value.data}}",
            "metadata": "{{$event.detail.value.metadata}}"
          }
        }
      ]
    },
    "selectValueItem10": {
      "chains": [
        {
          "chainId": "AccountValueChangeAction",
          "parameters": {
            "key": "{{$event.detail.value.key}}",
            "data": "{{$event.detail.value.data}}",
            "metadata": "{{$event.detail.value.metadata}}"
          }
        }
      ]
    },
    "selectValueItem11": {
      "chains": [
        {
          "chainId": "SalesForcevalueChangeAction",
          "parameters": {
            "key": "{{$event.detail.value.key}}",
            "data": "{{$event.detail.value.data}}",
            "metadata": "{{$event.detail.value.metadata}}"
          }
        }
      ]
    },
    "selectValueItem12": {
      "chains": [
        {
          "chainId": "SalesForceNumberValueAction",
          "parameters": {
            "key": "{{$event.detail.value.key}}",
            "data": "{{$event.detail.value.data}}",
            "metadata": "{{$event.detail.value.metadata}}"
          }
        }
      ]
    },
    "selectValueItem13": {
      "chains": [
        {
          "chainId": "RowOwnerValueChangeAction",
          "parameters": {
            "key": "{{ $current.key }}",
            "data": "{{$event.detail.value.data}}",
            "metadata": "{{$event.detail.value.metadata}}",
            "index": "{{ $current.index }}",
            "current": "{{ $current }}"
          }
        }
      ]
    },
    "selectValueItem14": {
      "chains": [
        {
          "chainId": "DivisionNameChangeAction",
          "parameters": {
            "key": "{{$event.detail.value.key}}",
            "data": "{{$event.detail.value.data}}",
            "metadata": "{{$event.detail.value.metadata}}"
          }
        }
      ]
    },
    "selectValueItem15": {
      "chains": [
        {
          "chainId": "TeritoryNameChnageAction",
          "parameters": {
            "key": "{{$event.detail.value.key}}",
            "data": "{{$event.detail.value.data}}",
            "metadata": "{{$event.detail.value.metadata}}"
          }
        }
      ]
    },
    "selectValueItem16": {
      "chains": [
        {
          "chainId": "salesRepNameChnageAction",
          "parameters": {
            "key": "{{$event.detail.value.key}}",
            "data": "{{$event.detail.value.data}}",
            "metadata": "{{$event.detail.value.metadata}}"
          }
        }
      ]
    },
    "selectValueItem17": {
      "chains": [
        {
          "chainId": "DivisionNumberValueChangeListener",
          "parameters": {
            "key": "{{$event.detail.value.key}}",
            "data": "{{$event.detail.value.data}}",
            "metadata": "{{$event.detail.value.metadata}}"
          }
        }
      ]
    },
    "selectValueItem18": {
      "chains": [
        {
          "chainId": "TerritoryNameChangeAction",
          "parameters": {
            "key": "{{$event.detail.value.key}}",
            "data": "{{$event.detail.value.data}}",
            "metadata": "{{$event.detail.value.metadata}}"
          }
        }
      ]
    },
    "selectValueItem19": {
      "chains": [
        {
          "chainId": "SalesRepNameChangeAction",
          "parameters": {
            "key": "{{$event.detail.value.key}}",
            "data": "{{$event.detail.value.data}}",
            "metadata": "{{$event.detail.value.metadata}}"
          }
        }
      ]
    },
    "selectValueItem2": {
      "chains": [
        {
          "chainId": "ReportingGroupValueChangeAction",
          "parameters": {
            "key": "{{$event.detail.value.key}}",
            "data": "{{$event.detail.value.data}}",
            "metadata": "{{$event.detail.value.metadata}}"
          }
        }
      ]
    },
    "selectValueItem20": {
      "chains": [
        {
          "chainId": "FormatVaDescriptionAction",
          "parameters": {
            "key": "{{$event.detail.value.key}}",
            "data": "{{$event.detail.value.data}}",
            "metadata": "{{$event.detail.value.metadata}}"
          }
        }
      ]
    },
    "selectValueItem21": {
      "chains": [
        {
          "chainId": "AccountTypeValueChangeAction",
          "parameters": {
            "key": "{{$event.detail.value.key}}",
            "data": "{{$event.detail.value.data}}",
            "metadata": "{{$event.detail.value.metadata}}"
          }
        }
      ]
    },
    "selectValueItem22": {
      "chains": [
        {
          "chainId": "BISACValueChangeAction",
          "parameters": {
            "key": "{{$event.detail.value.key}}",
            "data": "{{$event.detail.value.data}}",
            "metadata": "{{$event.detail.value.metadata}}"
          }
        }
      ]
    },
    "selectValueItem23": {
      "chains": [
        {
          "chainId": "SubFormTValueChange",
          "parameters": {
            "key": "{{$event.detail.value.key}}",
            "data": "{{$event.detail.value.data}}",
            "metadata": "{{$event.detail.value.metadata}}"
          }
        }
      ]
    },
    "selectValueItem24": {
      "chains": [
        {
          "chainId": "rowAccountTypevalueChange",
          "parameters": {
            "key": "{{ $current.key }}",
            "data": "{{$event.detail.value.data}}",
            "metadata": "{{$event.detail.value.metadata}}",
            "index": "{{ $current.index }}",
            "current": "{{ $current }}"
          }
        }
      ]
    },
    "selectValueItem25": {
      "chains": [
        {
          "chainId": "RowReportingValueChangeAction",
          "parameters": {
            "key": "{{ $current.key }}",
            "data": "{{$event.detail.value.data}}",
            "metadata": "{{$event.detail.value.metadata}}",
            "index": "{{ $current.index }}",
            "current": "{{ $current }}"
          }
        }
      ]
    },
    "selectValueItem26": {
      "chains": [
        {
          "chainId": "RowSalesForceValueChangeAction",
          "parameters": {
            "key": "{{ $current.key }}",
            "data": "{{$event.detail.value.data}}",
            "metadata": "{{$event.detail.value.metadata}}",
            "index": "{{ $current.index }}",
            "current": "{{ $current }}"
          }
        }
      ]
    },
    "selectValueItem27": {
      "chains": [
        {
          "chainId": "RowDivisionValueChangeAction",
          "parameters": {
            "key": "{{ $current.key }}",
            "data": "{{$event.detail.value.data}}",
            "metadata": "{{$event.detail.value.metadata}}",
            "index": "{{ $current.index }}",
            "current": "{{ $current }}"
          }
        }
      ]
    },
    "selectValueItem28": {
      "chains": [
        {
          "chainId": "RowTerritoryValueChangeListener",
          "parameters": {
            "key": "{{ $current.key }}",
            "data": "{{$event.detail.value.data}}",
            "metadata": "{{$event.detail.value.metadata}}",
            "index": "{{ $current.index }}",
            "current": "{{ $current }}"
          }
        }
      ]
    },
    "selectValueItem29": {
      "chains": [
        {
          "chainId": "DistOwnerValueChangeAction",
          "parameters": {
            "key": "{{ $current.key }}",
            "data": "{{$event.detail.value.data}}",
            "metadata": "{{$event.detail.value.metadata}}",
            "index": "{{ $current.index }}",
            "current": "{{ $current }}"
          }
        }
      ]
    },
    "selectValueItem3": {
      "chains": [
        {
          "chainId": "Category1ValueChangeAction",
          "parameters": {
            "key": "{{$event.detail.value.key}}",
            "data": "{{$event.detail.value.data}}",
            "metadata": "{{$event.detail.value.metadata}}"
          }
        }
      ]
    },
    "selectValueItem30": {
      "chains": [
        {
          "chainId": "RowSalesRepvalueChangeAction",
          "parameters": {
            "key": "{{ $current.key }}",
            "data": "{{$event.detail.value.data}}",
            "metadata": "{{$event.detail.value.metadata}}",
            "index": "{{ $current.index }}",
            "current": "{{ $current }}"
          }
        }
      ]
    },
    "selectValueItem31": {
      "chains": [
        {
          "chainId": "CreateAccountNumberValueChangeAction",
          "parameters": {
            "key": "{{$event.detail.value.key}}",
            "data": "{{$event.detail.value.data}}",
            "metadata": "{{$event.detail.value.metadata}}"
          }
        }
      ]
    },
    "selectValueItem32": {
      "chains": [
        {
          "chainId": "RowAccountNumberValueChangeAction",
          "parameters": {
            "key": "{{ $current.key }}",
            "data": "{{$event.detail.value.data}}",
            "metadata": "{{$event.detail.value.metadata}}",
            "index": "{{ $current.index }}",
            "current": "{{ $current }}"
          }
        }
      ]
    },
    "selectValueItem33": {
      "chains": [
        {
          "chainId": "OrganizationValueChangeAction",
          "parameters": {
            "key": "{{$event.detail.value.key}}",
            "data": "{{$event.detail.value.data}}",
            "metadata": "{{$event.detail.value.metadata}}"
          }
        }
      ]
    },
    "selectValueItem4": {
      "chains": [
        {
          "chainId": "Category2ValueChangeAction",
          "parameters": {
            "key": "{{$event.detail.value.key}}",
            "data": "{{$event.detail.value.data}}",
            "metadata": "{{$event.detail.value.metadata}}"
          }
        }
      ]
    },
    "selectValueItem5": {
      "chains": [
        {
          "chainId": "OwnerValueChangeAction_Assign",
          "parameters": {
            "data": "{{$event.detail.value.data}}",
            "key": "{{$event.detail.value.key}}",
            "metadata": "$event.detail.value.metadata}}"
          }
        }
      ]
    },
    "selectValueItem6": {
      "chains": [
        {
          "chainId": "ReportingGroupValueChangeAction_Assign",
          "parameters": {
            "data": "{{$event.detail.value.data}}",
            "key": "{{$event.detail.value.key}}",
            "metadata": "{{$event.detail.value.metadata}}"
          }
        }
      ]
    },
    "selectValueItem7": {
      "chains": [
        {
          "chainId": "Category1ValueChangeAction_Assign",
          "parameters": {
            "data": "{{$event.detail.value.data}}",
            "key": "{{$event.detail.value.key}}",
            "metadata": "{{$event.detail.value.metadata}}"
          }
        }
      ]
    },
    "selectValueItem8": {
      "chains": [
        {
          "chainId": "Category2ValueChangeAction_Assign",
          "parameters": {
            "metadata": "{{$event.detail.value.metadata}}",
            "key": "{{$event.detail.value.key}}",
            "data": "{{$event.detail.value.data}}"
          }
        }
      ]
    },
    "selectValueItem9": {
      "chains": [
        {
          "chainId": "sfNumberValueChangeAction",
          "parameters": {
            "key": "{{$event.detail.value.key}}",
            "data": "{{$event.detail.value.data}}",
            "metadata": "{{$event.detail.value.metadata}}"
          }
        }
      ]
    },
    "tableBeforeRowEdit": {
      "chains": [
        {
          "chainId": "MappingTbleBeforeRowEdit",
          "parameters": {
            "rowKey": "{{$event.detail.rowContext.status.rowKey}}",
            "rowIndex": "{{$event.detail.rowContext.status.rowIndex}}",
            "rowData": "{{$event.detail.rowContext.componentElement.getDataForVisibleRow($event.detail.rowContext.status.rowIndex).data}}"
          }
        }
      ]
    },
    "tableBeforeRowEdit2": {
      "chains": [
        {
          "chainId": "SalesAssignTblBeforeRowEdit",
          "parameters": {
            "rowKey": "{{$event.detail.rowContext.status.rowKey}}",
            "rowIndex": "{{$event.detail.rowContext.status.rowIndex}}",
            "rowData": "{{$event.detail.rowContext.componentElement.getDataForVisibleRow($event.detail.rowContext.status.rowIndex).data}}"
          }
        }
      ]
    },
    "tableBeforeRowEdit3": {
      "chains": [
        {
          "chainId": "UnAssignTblBeforeRowEdit",
          "parameters": {
            "rowKey": "{{$event.detail.rowContext.status.rowKey}}",
            "rowIndex": "{{$event.detail.rowContext.status.rowIndex}}",
            "rowData": "{{$event.detail.rowContext.componentElement.getDataForVisibleRow($event.detail.rowContext.status.rowIndex).data}}"
          }
        }
      ]
    },
    "tableBeforeRowEditEnd": {
      "chains": [
        {
          "chainId": "MappingTblBeforeRowEditEnd",
          "parameters": {
            "cancelEdit": "{{$event.detail.cancelEdit}}",
            "rowKey": "{{$event.detail.rowContext.status.rowKey}}",
            "rowIndex": "{{$event.detail.rowContext.status.rowIndex}}",
            "rowData": "{{$event.detail.rowContext.componentElement.getDataForVisibleRow($event.detail.rowContext.status.rowIndex).data}}"
          }
        }
      ]
    },
    "tableBeforeRowEditEnd2": {
      "chains": [
        {
          "chainId": "SalesAssignTblBeforeRowEditEnd",
          "parameters": {
            "cancelEdit": "{{$event.detail.cancelEdit}}",
            "rowKey": "{{$event.detail.rowContext.status.rowKey}}",
            "rowIndex": "{{$event.detail.rowContext.status.rowIndex}}",
            "rowData": "{{$event.detail.rowContext.componentElement.getDataForVisibleRow($event.detail.rowContext.status.rowIndex).data}}"
          }
        }
      ]
    },
    "tableBeforeRowEditEnd3": {
      "chains": [
        {
          "chainId": "unassigntblBeforerowEditEnd",
          "parameters": {
            "cancelEdit": "{{$event.detail.cancelEdit}}",
            "rowKey": "{{$event.detail.rowContext.status.rowKey}}",
            "rowIndex": "{{$event.detail.rowContext.status.rowIndex}}",
            "rowData": "{{$event.detail.rowContext.componentElement.getDataForVisibleRow($event.detail.rowContext.status.rowIndex).data}}"
          }
        }
      ]
    },
    "tableFirstSelectedRow": {
      "chains": [
        {
          "chainId": "MappingTblRowSelectionAction",
          "parameters": {
            "rowKey": "{{$event.detail.value.key}}",
            "rowData": "{{$event.detail.value.data}}"
          }
        }
      ]
    },
    "tableFirstSelectedRow2": {
      "chains": [
        {
          "chainId": "TableFirstSelectedRowChangeChain",
          "parameters": {
            "rowKey": "{{$event.detail.value.key}}",
            "rowData": "{{$event.detail.value.data}}"
          }
        }
      ]
    },
    "toggleDrawer": {
      "chains": [
        {
          "chainId": "application:toggleDrawerHandler"
        }
      ]
    },
    "vbEnter": {
      "chains": [
        {
          "parameters": {},
          "chainId": "VBEnterEvent"
        },
        {
          "parameters": {},
          "chainId": "FetchSalesForceAction"
        }
      ]
    }

  },
  "imports": {
    "components": {
      "oj-button": {
        "path": "ojs/ojbutton"
      },
      "oj-combobox-one": {
        "path": "ojs/ojselectcombobox"
      },
      "oj-dialog": {
        "path": "ojs/ojdialog"
      },
      "oj-form-layout": {
        "path": "ojs/ojformlayout"
      },
      "oj-input-date": {
        "path": "ojs/ojdatetimepicker"
      },
      "oj-input-number": {
        "path": "ojs/ojinputnumber"
      },
      "oj-input-text": {
        "path": "ojs/ojinputtext"
      },
      "oj-option": {
        "path": "ojs/ojoption"
      },
      "oj-sample-export-data": {
        "path": "oj-sample/export-data/loader"
      },
      "oj-select-single": {
        "path": "ojs/ojselectsingle"
      },
      "oj-table": {
        "path": "ojs/ojtable"
      },
      "oj-text-area": {
        "path": "ojs/ojinputtext"
      },
      "oj-validation-group": {
        "path": "ojs/ojvalidationgroup"
      }
    },
    "modules": {
      "ojValidationDateTime": {
        "path": "ojs/ojvalidation-datetime"
      },
      "ojValidationNumber": {
        "path": "ojs/ojvalidation-number"
      }
    }
  }
}