{
  "title": "",
  "description": "",
  "variables": {
    "dialogText": {
      "type": "string"
    },
    "EditHoldRulesInfoObj": {
      "type": "getHoldRules",
      "defaultValue": {
        "end_date": ""
      }
    },
    "getCurrentRowInfo": {
      "type": "getHoldRules"
    },
    "getHoldRulesADP": {
      "type": "vb/ArrayDataProvider2",
      "defaultValue": {
        "itemType": "getHoldRules",
        "keyAttributes": "rule_id"
      }
    },
    "oj_table_944653460_1SelectedId": {
      "type": "string",
      "defaultValue": ""
    },
    "p_account_name": {
      "type": "string",
      "defaultValue": ""
    },
    "p_account_number": {
      "type": "string",
      "defaultValue": ""
    },
    "p_autorelease_flag": {
      "type": "string",
      "defaultValue": ""
    },
    "p_category_1": {
      "type": "string",
      "defaultValue": ""
    },
    "p_category_2": {
      "type": "string",
      "defaultValue": ""
    },
    "p_countrycode": {
      "type": "string",
      "defaultValue": ""
    },
    "p_holdname": {
      "type": "string",
      "defaultValue": ""
    },
    "p_item_number": {
      "type": "string",
      "defaultValue": ""
    },
    "p_organization": {
      "type": "string",
      "defaultValue": ""
    },
    "p_organization_name": {
      "type": "string",
      "defaultValue": ""
    },
    "p_owner_type": {
      "type": "string",
      "defaultValue": ""
    },
    "p_reporting_group": {
      "type": "string",
      "defaultValue": ""
    },
    "p_rule_id": {
      "type": "any",
      "defaultValue": ""
    },
    "p_shipto_site": {
      "type": "string",
      "defaultValue": ""
    },
    "p_shipto_sitename": {
      "type": "string",
      "defaultValue": ""
    },
    "p_short_author": {
      "type": "string",
      "defaultValue": ""
    },
    "p_short_title": {
      "type": "string",
      "defaultValue": ""
    },
    "p_show_only_active": {
      "type": "string",
      "defaultValue": "Active"
    },
    "p_state": {
      "type": "string",
      "defaultValue": ""
    }

  },
  "metadata": {
    "businessObjectsCreateEmployeeManagerMetadata": {
      "type": "vb/DynamicLayoutMetadataProviderDescriptor",
      "defaultValue": {
        "endpoint": "businessObjects/create_EmployeeManager"
      }
    },
    "businessObjectsGetallEmployeeManagerMetadata": {
      "type": "vb/DynamicLayoutMetadataProviderDescriptor",
      "defaultValue": {
        "endpoint": "businessObjects/getall_EmployeeManager",
        "metadataPath": "items"
      }
    }
  },
  "types": {

    "@decorators.getAutomaticHoldsGetCustomerName": {
      "endpoint": "getAutomaticHoldsGetCustomerName",
      "service": "ordsHbg_integration",
      "path": "response"
    },
    "@decorators.getHoldRules": {
      "endpoint": "getAutomaticHoldsGetHoldRules",
      "service": "ordsHbg_integration",
      "path": "response"
    },
    "getHoldRules": {
      
          "account_name": "any",
          "account_number": "any",
          "author": "any",
          "auto_release_flag": "string",
          "category_1": "string",
          "category_1_desc": "string",
          "category_2": "string",
          "category_2_desc": "string",
          "comments": "any",
          "country": "any",
          "created_by": "any",
          "creation_date": "string",
      "department": "string",
      "end_date": "any",
          "hold_comments": "string",
          "hold_name": "string",
          "item_number": "any",
          "last_update_date": "string",
          "last_updated_by": "string",
          "organization": "any",
          "organization_name": "any",
          "owner_name": "string",
          "owner_name_desc": "string",
          "party_site_name": "any",
          "reporting_group": "string",
          "reporting_group_desc": "string",
          "rule_id": "number",
          "ship_to_site": "any",
          "short_title": "any",
          "start_date": "string",
          "state": "any",
      "zip_code": "string"
     
    }

  },
  "eventListeners": {
    "buttonAction": {
      "chains": [
        {
          "chainId": "SearchScreenAction1"
        }
      ]
    },
    "buttonAction2": {
      "chains": [
        {
          "chainId": "ResetSearchScreen"
        }
      ]
    },
    "buttonAction3": {
      "chains": [
        {
          "chainId": "CreateScreenNavigation"
        }
      ]
    },
    "buttonAction4": {
      "chains": [
        {
          "chainId": "SaveActionChainORDS"
        }
      ]
    },
    "buttonAction5": {
      "chains": [
        {
          "chainId": "OpenDialog",
          "parameters": {
            "key": "{{ $current.key }}",
            "index": "{{ $current.index }}",
            "current": "{{ $current }}"
          }
        }
      ]
    },
    "buttonAction6": {
      "chains": [
{
          "chainId": "OpenDialog",
          "parameters": {
            "key": "{{ $current.key }}",
            "index": "{{ $current.index }}",
            "current": "{{ $current }}"
          }
        },
        {
          "chainId": "openPopup",
          "parameters": {
            "key": "{{ $current.key }}",
            "index": "{{ $current.index }}",
            "current": "{{ $current }}"
          }
        }
      ]
    },
    "buttonAction7": {
      "chains": [
        {
          "chainId": "ClosePopup"
        }
      ]
    },
    "checkboxSetValue": {
      "chains": [
        {
          "chainId": "ShowOnlyActiveCheckboxActionChain",
          "parameters": {
            "value": "{{ $event.detail.value }}"
          }
        }
      ]
    },
    "createEmployeeManagerButtonClicked": {
      "chains": [
        {
          "chainId": "navigateToCreateEmployeeManagerChain"
        }
      ]
    },
    "editEmployeeManagerButtonClicked": {
      "chains": [
        {
          "chainId": "navigateToEditEmployeeManagerChain",
          "parameters": {
            "employeeManagerId": "[[ $variables.oj_table_944653460_1SelectedId ]]"
          }
        }
      ]
    },
    "iconClick": {
      "chains": [
        {
          "chainId": "SaveActionChainORDS"
        }
      ]
    },
    "oj_table_944653460_1SelectionChanged": {
      "chains": [
        {
          "chainId": "oj_table_944653460_1ChangeSelectionChain",
          "parameters": {
            "employeeManagerId": "[[ $event.detail.value.key || '' ]]"
          }
        }
      ]
    },
    "ojTable9446534601BeforeRowAddEnd": {
      "chains": [
        {
          "chainId": "TableBeforeRowAddEndChain"
        }
      ]
    },
    "radiosetValue": {
      "chains": [
        {
          "chainId": "ShowOnlyActiveCheckboxActionChain"
        }
      ]
    },
    "saveButtonClicked": {
      "chains": [
        {
          "chainId": "createEmployeeManagerChain"
        }
      ]
    },
    "tableBeforeRowAddEnd": {
      "chains": [
        {
          "chainId": "TableBeforeRowAddEndChain"
        }
      ]
    },
    "tableBeforeRowEdit": {
      "chains": [
        {
          "chainId": "TableBeforeRowEditChain",
          "parameters": {
            "rowKey": "{{$event.detail.rowContext.status.rowKey}}",
            "rowIndex": "{{$event.detail.rowContext.status.rowIndex}}",
            "rowData": "{{$event.detail.rowContext.componentElement.getDataForVisibleRow($event.detail.rowContext.status.rowIndex).data}}"
          }
        }
      ]
    },
    "tableBeforeRowEditEnd": {
      "chains": [
        {
          "chainId": "TableBeforeRowEditEndChain",
          "parameters": {
            "cancelEdit": "{{$event.detail.cancelEdit}}",
            "rowKey": "{{$event.detail.rowContext.status.rowKey}}",
            "rowIndex": "{{$event.detail.rowContext.status.rowIndex}}",
            "rowData": "{{$event.detail.rowContext.componentElement.getDataForVisibleRow($event.detail.rowContext.status.rowIndex).data}}"
          }
        }
      ]
    },
    "tableFirstSelectedRow": {
      "chains": [
        {
          "chainId": "CurrentRowData",
          "parameters": {
            "rowKey": "{{$event.detail.value.key}}",
            "rowData": "{{$event.detail.value.data}}"
          }
        }
      ]
    },
    "toggleDrawer": {
      "chains": [
        {
          "chainId": "application:toggleDrawerHandler"
        }
      ]
    },
    "vbEnter": {
      "chains": [
        {
          "chainId": "PageVbEnterChain2"
        }
      ]
    }

  },
  "imports": {
    "components": {
      "oj-button": {
        "path": "ojs/ojbutton"
      },
      "oj-checkboxset": {
        "path": "ojs/ojcheckboxset"
      },
      "oj-collapsible": {
        "path": "ojs/ojcollapsible"
      },
      "oj-combobox-one": {
        "path": "ojs/ojselectcombobox"
      },
      "oj-dialog": {
        "path": "ojs/ojdialog"
      },
      "oj-highlight-text": {
        "path": "ojs/ojhighlighttext"
      },
      "oj-input-date": {
        "path": "ojs/ojdatetimepicker"
      },
      "oj-input-date-time": {
        "path": "ojs/ojdatetimepicker"
      },
      "oj-input-text": {
        "path": "ojs/ojinputtext"
      },
      "oj-label": {
        "path": "ojs/ojlabel"
      },
      "oj-label-value": {
        "path": "ojs/ojlabelvalue"
      },
      "oj-menu": {
        "path": "ojs/ojmenu"
      },
      "oj-option": {
        "path": "ojs/ojoption"
      },
      "oj-radioset": {
        "path": "ojs/ojradioset"
      },
      "oj-sample-export-data": {
        "path": "oj-sample/export-data/loader"
      },
      "oj-sample-tooltip": {
        "path": "oj-sample/tooltip/loader"
      },
      "oj-select-single": {
        "path": "ojs/ojselectsingle"
      },
      "oj-table": {
        "path": "ojs/ojtable"
      }

    },
    "modules": {
      "ojValidationDateTime": {
        "path": "ojs/ojvalidation-datetime"
      }
    }
  }
}