{
    "items": [
        {
            "sales_force": "SFM1",
            "sales_force_name": "SFM1Name",
            "sf_owner": "AB",
            "owner_name": "Abrams Books",
            "account_type": "02",
            "account_type_name": "AGENCY ACCOUNTS (ABRAMS)",
            "notes": "TestFinal",
            "entered_by": "freis@pelotongroup.com",
            "entered_date": null,
            "updated_by": "freis@pelotongroup.com",
            "updated_date": "2023-01-14T12:01:40Z",
            "start_date": "0021-01-24T00:00:00Z",
            "end_date": "0021-01-29T00:00:00Z",
            "status": "Active",
            "sf_account_id": 23
        },
        {
            "sales_force": "01",
            "sales_force_name": "HBG ID/WHL SALES",
            "sf_owner": "DC",
            "owner_name": "DC Comics",
            "account_type": "03",
            "account_type_name": "SS FREE FRT RET WHOLESALER(JOBBER)(3A)",
            "notes": null,
            "entered_by": "freis@pelotongroup.com",
            "entered_date": "2023-01-20T17:30:01Z",
            "updated_by": "freis@pelotongroup.com",
            "updated_date": "2023-01-20T17:30:01Z",
            "start_date": "2023-01-20T00:00:00Z",
            "end_date": null,
            "status": "Active",
            "sf_account_id": 101
        },
        {
            "sales_force": "01",
            "sales_force_name": "HBG ID/WHL SALES",
            "sf_owner": "HB",
            "owner_name": "Hachette Books",
            "account_type": "07",
            "account_type_name": "SUNSET E ACCOUNTS",
            "notes": null,
            "entered_by": "thastings@pelotongroup.com",
            "entered_date": "2023-01-18T14:40:33Z",
            "updated_by": "thastings@pelotongroup.com",
            "updated_date": "2023-01-18T14:40:33Z",
            "start_date": "2023-01-18T00:00:00Z",
            "end_date": null,
            "status": "Active",
            "sf_account_id": 81
        },
        {
            "sales_force": "99",
            "sales_force_name": "Unassigned",
            "sf_owner": "AP",
            "owner_name": "Amazing People",
            "account_type": "03",
            "account_type_name": "SS FREE FRT RET WHOLESALER(JOBBER)(3A)",
            "notes": null,
            "entered_by": "freis@pelotongroup.com",
            "entered_date": "2023-01-20T17:37:22Z",
            "updated_by": "freis@pelotongroup.com",
            "updated_date": "2023-01-20T17:37:22Z",
            "start_date": "2023-01-20T00:00:00Z",
            "end_date": null,
            "status": "Active",
            "sf_account_id": 102
        },
        {
            "sales_force": "01",
            "sales_force_name": "HBG ID/WHL SALES",
            "sf_owner": "HB",
            "owner_name": "Hachette Books",
            "account_type": "06",
            "account_type_name": "ABRAMS NET PRICING",
            "notes": null,
            "entered_by": "thastings@pelotongroup.com",
            "entered_date": "2023-01-17T14:23:01Z",
            "updated_by": "thastings@pelotongroup.com",
            "updated_date": "2023-01-17T14:23:01Z",
            "start_date": "2023-01-17T00:00:00Z",
            "end_date": null,
            "status": "Active",
            "sf_account_id": 61
        }
    ],
    "hasMore": false,
    "limit": 100,
    "offset": 0,
    "count": 5,
    "links": [
        {
            "rel": "self",
            "href": "https://10.2.0.169:8081/ords/hbg_integration/salesCredit/getAssignAccountType"
        },
        {
            "rel": "describedby",
            "href": "https://10.2.0.169:8081/ords/hbg_integration/metadata-catalog/salesCredit/item"
        },
        {
            "rel": "first",
            "href": "https://10.2.0.169:8081/ords/hbg_integration/salesCredit/getAssignAccountType"
        }
    ]
}