{
  "description": "",
  "root": "assignVariablesCat2CreateObj",
  "actions": {
    "assignVariablesCat2CreateObj": {
      "module": "vb/action/builtin/assignVariablesAction",
      "parameters": {
        "$page.variables.Cat2CreateObj": {
          "source": {
            "status": "{{ $variables.value[0] === \"Active\" ? \"Active\" : \"Inactive\" }}"
          },
          "reset": "none",
          "auto": "always"
        }
      }
    }
  },
  "variables": {
    "value": {
      "required": true,
      "type": "any[]",
      "input": "fromCaller"
    }
  }
}