{
  "description": "",
  "root": "callFunctionValidateGroup",
  "actions": {
    "callFunctionValidateGroup": {
      "module": "vb/action/builtin/callModuleFunctionAction",
      "parameters": {
        "module": "[[ $application.functions ]]",
        "functionName": "validateGroup",
        "params": [
          "impdlgval"
        ]
      },
      "outcomes": {
        "success": "if"
      }
    },
    "if": {
      "module": "vb/action/builtin/ifAction",
      "parameters": {
        "condition": "[[ $chain.results.callFunctionValidateGroup === 'valid' ]]"
      },
      "outcomes": {
        "true": "assignVariablesImprintCreateObj"
      }
    },
    "assignVariablesImprintCreateObj": {
      "module": "vb/action/builtin/assignVariablesAction",
      "parameters": {
        "$page.variables.imprintCreateObj": {
          "source": {
            "created_by": "{{ $application.user.email }}",
            "last_updated_by": "{{ $application.user.email }}"
          },
          "reset": "none",
          "auto": "always"
        }
      },
      "outcomes": {
        "success": "callRestPostFamilyCodeExternalImprint"
      }
    },
    "fireNotification": {
      "module": "vb/action/builtin/fireNotificationEventAction",
      "parameters": {
        "target": "leaf",
        "summary": "Failed to Create Imprint",
        "type": "error",
        "displayMode": "transient"
      }
    },
    "callRestPostFamilyCodeExternalImprint": {
      "module": "vb/action/builtin/restAction",
      "parameters": {
        "endpoint": "devOrds/postFamilyCodeExternalImprint",
        "body": "{{ $page.variables.imprintCreateObj }}"
      },
      "outcomes": {
        "failure": "fireNotification",
        "success": "fireNotification3"
      }
    },
    "fireNotification3": {
      "module": "vb/action/builtin/fireNotificationEventAction",
      "parameters": {
        "target": "leaf",
        "summary": "Imprint Created Successfully",
        "displayMode": "transient",
        "type": "confirmation"
      },
      "outcomes": {
        "success": "callChainFetchImprintAction"
      }
    },
    "callChainFetchImprintAction": {
      "module": "vb/action/builtin/callChainAction",
      "parameters": {
        "id": "FetchImprintAction"
      },
      "outcomes": {
        "success": "callChainRefreshImprintLOVAction"
      }
    },
    "callChainRefreshImprintLOVAction": {
      "module": "vb/action/builtin/callChainAction",
      "parameters": {
        "id": "RefreshImprintLOVAction"
      },
      "outcomes": {
        "success": "callComponentImpdlgClose"
      }
    },
    "callComponentImpdlgClose": {
      "module": "vb/action/builtin/callComponentMethodAction",
      "parameters": {
        "component": "{{ document.getElementById('impdlg') }}",
        "method": "close"
      }
    }
  },
  "variables": {}
}