{
  "description": "",
  "root": "callFunctionValidateGroup",
  "actions": {
    "callFunctionValidateGroup": {
      "module": "vb/action/builtin/callModuleFunctionAction",
      "parameters": {
        "module": "[[ $application.functions ]]",
        "functionName": "validateGroup",
        "params": [
          "pubdlgval"
        ]
      },
      "outcomes": {
        "success": "if"
      }
    },
    "if": {
      "module": "vb/action/builtin/ifAction",
      "parameters": {
        "condition": "[[ $chain.results.callFunctionValidateGroup === 'valid' ]]"
      },
      "outcomes": {
        "true": "assignVariablesPubCreateObj",
        "false": "callComponentPubdlgClose"
      }
    },
    "assignVariablesPubCreateObj": {
      "module": "vb/action/builtin/assignVariablesAction",
      "parameters": {
        "$page.variables.PubCreateObj": {
          "source": {
            "last_updated_by": "{{ $application.user.email }}",
            "created_by": "{{ $application.user.email }}",
            "category1_id": "{{ $page.variables.flowPubID }}"
          },
          "reset": "none",
          "auto": "always"
        }
      },
      "outcomes": {
        "success": "callRestPostFamilyCodeExternalPublisher"
      }
    },
    "fireNotification": {
      "module": "vb/action/builtin/fireNotificationEventAction",
      "parameters": {
        "target": "leaf",
        "summary": "Failed to Create Publisher",
        "type": "error",
        "displayMode": "transient"
      }
    },
    "callRestPostFamilyCodeExternalPublisher": {
      "module": "vb/action/builtin/restAction",
      "parameters": {
        "endpoint": "devOrds/postFamilyCodeExternalPublisher",
        "body": "{{ $page.variables.PubCreateObj }}"
      },
      "outcomes": {
        "failure": "fireNotification",
        "success": "fireNotification3"
      }
    },
    "fireNotification3": {
      "module": "vb/action/builtin/fireNotificationEventAction",
      "parameters": {
        "target": "leaf",
        "summary": "Publisher Created Successfully",
        "displayMode": "transient",
        "type": "confirmation"
      },
      "outcomes": {
        "success": "callChainFetchPublisherAction"
      }
    },
    "callChainFetchPublisherAction": {
      "module": "vb/action/builtin/callChainAction",
      "parameters": {
        "id": "FetchPublisherAction"
      },
      "outcomes": {
        "success": "callComponentPubdlgClose"
      }
    },
    "callComponentPubdlgClose": {
      "module": "vb/action/builtin/callComponentMethodAction",
      "parameters": {
        "component": "{{ document.getElementById('pubdlg') }}",
        "method": "close"
      }
    }
  },
  "variables": {}
}