{
    "items": [
        {
            "lookup_type": "HBG_CATEGORY_2",
            "lookup_code": "TW170101",
            "meaning": "Time Warner Audio Major_TW170101",
            "description": "01",
            "enabled_flag": "Y",
            "display_sequence": 2491,
            "created_by": "thastings@pelotongroup.com",
            "creation_date": "2022-11-21T21:41:38Z",
            "last_updated_by": "thastings@pelotongroup.com",
            "last_update_date": "2022-11-22T14:44:03Z",
            "tag": "TW1701",
            "status": "N",
            "status_message": null,
            "oic_run_id": 20221123
        }
    ],
    "hasMore": false,
    "limit": 10000,
    "offset": 0,
    "count": 1,
    "links": [
        {
            "rel": "self",
            "href": "https://10.2.0.169:8081/ords/hbg_integration/AutomaticHolds/getCategory2Info?P_CATEGORY1=TW1701"
        },
        {
            "rel": "describedby",
            "href": "https://10.2.0.169:8081/ords/hbg_integration/metadata-catalog/AutomaticHolds/item"
        },
        {
            "rel": "first",
            "href": "https://10.2.0.169:8081/ords/hbg_integration/AutomaticHolds/getCategory2Info?P_CATEGORY1=TW1701&limit=10000"
        }
    ]
}