{
  "description": "",
  "root": "ifCurrentValue",
  "actions": {
    "ifCurrentValue": {
      "module": "vb/action/builtin/ifAction",
      "parameters": {
        "condition": "[[ $variables.CurrentValue.length >= 2 ]]"
      },
      "outcomes": {
        "true": "callRestGetAccountNames"
      }
    },
    "callRestGetAccountNames": {
      "module": "vb/action/builtin/restAction",
      "parameters": {
        "endpoint": "devOrds/GetAccountNames",
        "uriParams": {
          "p_acct_name": "{{ $variables.CurrentValue }}",
          "party_id": "{{ $page.variables.selectedPartyId ? $page.variables.selectedPartyId : \"\" }}"
        }
      }
    }
  },
  "variables": {
    "CurrentValue": {
      "type": "string",
      "input": "fromCaller"
    }
  }
}