{
  "description": "",
  "root": "ifValue",
  "actions": {
    "ifValue": {
      "module": "vb/action/builtin/ifAction",
      "parameters": {
        "condition": "[[ $variables.value ]]"
      },
      "outcomes": {
        "true": "callRestGetAccountNames"
      }
    },
    "callRestGetAccountNames": {
      "module": "vb/action/builtin/restAction",
      "parameters": {
        "endpoint": "devOrds/GetAccountNames",
        "uriParams": {
          "party_id": "{{ \"\" }}",
          "p_acct_name": "{{ $variables.value }}"
        }
      },
      "outcomes": {
        "success": "assignVariablesSearchAccountNumber"
      }
    },
    "assignVariablesSearchAccountNumber": {
      "module": "vb/action/builtin/assignVariablesAction",
      "parameters": {
        "$page.variables.SearchAccountNumber": {
          "source": "{{ $chain.results.callRestGetAccountNames.body.items[0].account_number }}"
        }
      }
    }
  },
  "variables": {
    "value": {
      "required": true,
      "type": "any",
      "input": "fromCaller"
    }
  }
}