{
  "description": "",
  "root": "resetVariablesCustAccountCreateObj",
  "actions": {
    "callComponentCreateCustomerClose": {
      "module": "vb/action/builtin/callComponentMethodAction",
      "parameters": {
        "component": "{{ document.getElementById('createCustomer') }}",
        "method": "close"
      }
    },
    "resetVariablesCustAccountCreateObj": {
      "module": "vb/action/builtin/resetVariablesAction",
      "parameters": {
        "variables": [
          "$page.variables.CustAccountCreateObj"
        ]
      },
      "outcomes": {
        "success": "callComponentCreateCustomerClose"
      }
    }
  },
  "variables": {}
}