{
  "description": "",
  "root": "ifCurrentValue",
  "actions": {
    "ifCurrentValue": {
      "module": "vb/action/builtin/ifAction",
      "parameters": {
        "condition": "[[ $variables.CurrentValue.length >= 2 ]]"
      },
      "outcomes": {
        "true": "callRestGetCountryInfo"
      }
    },
    "callRestGetCountryInfo": {
      "module": "vb/action/builtin/restAction",
      "parameters": {
        "endpoint": "devOrds/GetCountryInfo",
        "uriParams": {
          "COUNTRY_NAME": "{{ $variables.CurrentValue }}"
        }
      },
      "outcomes": {
        "success": "assignVariablesCountryArray"
      }
    },
    "assignVariablesCountryArray": {
      "module": "vb/action/builtin/assignVariablesAction",
      "parameters": {
        "$page.variables.CountryArray": {
          "source": "{{ $chain.results.callRestGetCountryInfo.body.items }}"
        }
      }
    }
  },
  "variables": {
    "CurrentValue": {
      "type": "string",
      "input": "fromCaller"
    }
  }
}