{
  "description": "",
  "root": "callFunctionValidateGroup",
  "actions": {
    "assignVariablesCustAccountCreateObj": {
      "module": "vb/action/builtin/assignVariablesAction",
      "parameters": {
        "$page.variables.CustAccountCreateObj": {
          "source": {
            "entered_by": "{{ $application.user.email }}",
            "updated_by": "{{ $application.user.email }}",
            "cust_accnt_id": "{{ $page.variables.CustAccntID }}"
          },
          "reset": "none",
          "auto": "always"
        }
      },
      "outcomes": {
        "success": "callRestPostSalesCreditGetCustAccntType"
      }
    },
    "callComponentCreateCustomerClose": {
      "module": "vb/action/builtin/callComponentMethodAction",
      "parameters": {
        "component": "{{ document.getElementById('createCustomer') }}",
        "method": "close"
      },
      "outcomes": {
        "success": "resetVariablesCustAccountCreateObj"
      }
    },
    "fireNotification": {
      "module": "vb/action/builtin/fireNotificationEventAction",
      "parameters": {
        "target": "leaf",
        "summary": "Failed to Create Customer Accounts",
        "type": "error",
        "displayMode": "transient"
      }
    },
    "callRestPostSalesCreditGetCustAccntType": {
      "module": "vb/action/builtin/restAction",
      "parameters": {
        "endpoint": "devOrds/postSalesCreditGetCustAccntType",
        "body": "{{ $page.variables.CustAccountCreateObj }}"
      },
      "outcomes": {
        "failure": "fireNotification",
        "success": "fireNotification3"
      }
    },
    "fireNotification3": {
      "module": "vb/action/builtin/fireNotificationEventAction",
      "parameters": {
        "target": "leaf",
        "summary": "Customer Account Created Successfully",
        "displayMode": "transient",
        "type": "confirmation"
      },
      "outcomes": {
        "success": "callChainSearchBtnAction"
      }
    },
    "callChainSearchBtnAction": {
      "module": "vb/action/builtin/callChainAction",
      "parameters": {
        "id": "SearchBtnAction"
      },
      "outcomes": {
        "success": "callComponentCreateCustomerClose"
      }
    },
    "callFunctionValidateGroup": {
      "module": "vb/action/builtin/callModuleFunctionAction",
      "parameters": {
        "module": "[[ $application.functions ]]",
        "functionName": "validateGroup",
        "params": [
          "createCustomerValidation"
        ]
      },
      "outcomes": {
        "success": "if"
      }
    },
    "if": {
      "module": "vb/action/builtin/ifAction",
      "parameters": {
        "condition": "[[ $chain.results.callFunctionValidateGroup === 'valid' ]]"
      },
      "outcomes": {
        "true": "ifDlglabel"
      }
    },
    "resetVariablesCustAccountCreateObj": {
      "module": "vb/action/builtin/resetVariablesAction",
      "parameters": {
        "variables": [
          "$page.variables.CustAccountCreateObj"
        ]
      }
    },
    "ifDlglabel": {
      "module": "vb/action/builtin/ifAction",
      "parameters": {
        "condition": "[[ $page.variables.Dlglabel === \"Create\" ]]"
      },
      "outcomes": {
        "true": "assignVariablesCustAccountCreateObj",
        "false": "assignVariablesCustAccountCreateObj2"
      }
    },
    "callRestPutSalesCreditGetCustAccntType": {
      "module": "vb/action/builtin/restAction",
      "parameters": {
        "endpoint": "devOrds/putSalesCreditGetCustAccntType",
        "body": "{{ $page.variables.CustAccountCreateObj }}"
      },
      "outcomes": {
        "failure": "fireNotification5",
        "success": "fireNotification2"
      }
    },
    "fireNotification5": {
      "module": "vb/action/builtin/fireNotificationEventAction",
      "parameters": {
        "target": "leaf",
        "summary": "failed to Update Customer Account",
        "type": "error",
        "displayMode": "transient"
      }
    },
    "fireNotification2": {
      "module": "vb/action/builtin/fireNotificationEventAction",
      "parameters": {
        "target": "leaf",
        "summary": "Customer Account updated Successfully",
        "displayMode": "transient",
        "type": "confirmation"
      },
      "outcomes": {
        "success": "callChainSearchBtnAction2"
      }
    },
    "callChainSearchBtnAction2": {
      "module": "vb/action/builtin/callChainAction",
      "parameters": {
        "id": "SearchBtnAction"
      },
      "outcomes": {
        "success": "callComponentCreateCustomerClose2"
      }
    },
    "callComponentCreateCustomerClose2": {
      "module": "vb/action/builtin/callComponentMethodAction",
      "parameters": {
        "component": "{{ document.getElementById('createCustomer') }}",
        "method": "close"
      },
      "outcomes": {
        "success": "resetVariablesCustAccountCreateObj2"
      }
    },
    "resetVariablesCustAccountCreateObj2": {
      "module": "vb/action/builtin/resetVariablesAction",
      "parameters": {
        "variables": [
          "$page.variables.CustAccountCreateObj"
        ]
      }
    },
    "assignVariablesCustAccountCreateObj2": {
      "module": "vb/action/builtin/assignVariablesAction",
      "parameters": {
        "$page.variables.CustAccountCreateObj": {
          "source": {
            "updated_by": "{{ $application.user.email }}",
            "cust_accnt_id": "{{ $page.variables.CustAccntID }}"
          },
          "reset": "none",
          "auto": "always"
        }
      },
      "outcomes": {
        "success": "callRestPutSalesCreditGetCustAccntType"
      }
    }
  },
  "variables": {}
}