{
  "description": "",
  "root": "resetVariablesCustAccountCreateObj",
  "actions": {
    "assignVariablesCustAccountCreateObj": {
      "module": "vb/action/builtin/assignVariablesAction",
      "parameters": {
        "$page.variables.CustAccountCreateObj": {
          "source": "{{ $variables.current.row }}",
          "auto": "always"
        },
        "$page.variables.Dlglabel": {
          "source": "Edit"
        },
        "$page.variables.RowOrg": {
          "source": "{{ $variables.current.row.customer_name }}"
        },
        "$page.variables.SetRowAccount": {
          "source": "{{ $variables.current.row.account_number }}"
        },
        "$page.variables.RowData": {
          "source": "{{ $variables.current.row }}",
          "auto": "always"
        },
        "$page.variables.RowRegisterId": {
          "source": "{{ $variables.current.row.registry_id }}"
        }
      },
      "outcomes": {
        "success": "callComponentCreateCustomerOpen"
      }
    },
    "resetVariablesCustAccountCreateObj": {
      "module": "vb/action/builtin/resetVariablesAction",
      "parameters": {
        "variables": [
          "$page.variables.CustAccountCreateObj"
        ]
      },
      "outcomes": {
        "success": "assignVariablesCustAccountCreateObj"
      }
    },
    "callComponentCreateCustomerOpen": {
      "module": "vb/action/builtin/callComponentMethodAction",
      "parameters": {
        "component": "{{ document.getElementById('createCustomer') }}",
        "method": "open"
      }
    }
  },
  "variables": {
    "key": {
      "required": true,
      "type": "any",
      "input": "fromCaller"
    },
    "index": {
      "required": true,
      "type": "number",
      "input": "fromCaller"
    },
    "current": {
      "required": true,
      "type": "any",
      "input": "fromCaller"
    }
  }
}