{
  "description": "",
  "root": "ifCurrentValue",
  "actions": {
    "ifCurrentValue": {
      "module": "vb/action/builtin/ifAction",
      "parameters": {
        "condition": "[[ $variables.CurrentValue.length >= 2 ]]"
      },
      "outcomes": {
        "true": "callRestGetPostalCode"
      }
    },
    "callRestGetPostalCode": {
      "module": "vb/action/builtin/restAction",
      "parameters": {
        "endpoint": "devOrds/GetPostalCode",
        "uriParams": {
          "postal": "{{ $variables.CurrentValue }}"
        }
      },
      "outcomes": {
        "success": "assignVariablesPostalCodeArray"
      }
    },
    "assignVariablesPostalCodeArray": {
      "module": "vb/action/builtin/assignVariablesAction",
      "parameters": {
        "$page.variables.postalCodeArray": {
          "source": "{{ $chain.results.callRestGetPostalCode.body.items }}"
        }
      }
    }
  },
  "variables": {
    "CurrentValue": {
      "type": "string",
      "input": "fromCaller"
    }
  }
}