{
  "description": "",
  "root": "ifValue",
  "actions": {
    "ifValue": {
      "module": "vb/action/builtin/ifAction",
      "parameters": {
        "condition": "[[ $variables.value ]]"
      },
      "outcomes": {
        "true": "callRestGetOrganizationNameByNumber",
        "false": "resetVariablesSearchOrgName"
      }
    },
    "callRestGetOrganizationNameByNumber": {
      "module": "vb/action/builtin/restAction",
      "parameters": {
        "endpoint": "devOrds/GetOrganizationNameByNumber",
        "uriParams": {
          "party_number": "{{ $variables.value }}"
        }
      },
      "outcomes": {
        "success": "assignVariablesSearchOrgName"
      }
    },
    "assignVariablesSearchOrgName": {
      "module": "vb/action/builtin/assignVariablesAction",
      "parameters": {
        "$page.variables.searchOrgName": {
          "source": "{{ $chain.results.callRestGetOrganizationNameByNumber.body.items[0].party_name }}"
        },
        "$page.variables.selectedPartyId": {
          "source": "{{ $chain.results.callRestGetOrganizationNameByNumber.body.items[0].party_id }}"
        }
      }
    },
    "resetVariablesSearchOrgName": {
      "module": "vb/action/builtin/resetVariablesAction",
      "parameters": {
        "variables": [
          "$page.variables.searchOrgName",
          "$page.variables.selectedPartyId"
        ]
      }
    }
  },
  "variables": {
    "value": {
      "required": true,
      "type": "any",
      "input": "fromCaller"
    }
  }
}