{
  "description": "",
  "root": "resetVariablesCustTblADP",
  "actions": {
    "fireNotification": {
      "module": "vb/action/builtin/fireNotificationEventAction",
      "parameters": {
        "target": "leaf",
        "summary": "[[ $chain.results.callRestGetAccountTypeTabledata.message.summary ]]",
        "type": "error",
        "displayMode": "persist"
      }
    },
    "callRestGetAccountTypeTabledata": {
      "module": "vb/action/builtin/restAction",
      "parameters": {
        "endpoint": "devOrds/getAccountTypeTabledata",
        "uriParams": {
          "ACCOUNT_NUMBER": "{{ $page.variables.SearchAccountNumber ? $page.variables.SearchAccountNumber : \"\" }}",
          "CUSTOMER_NAME": "{{ $page.variables.searchOrgName ? $page.variables.searchOrgName : \"\" }}",
          "CITY": "{{ $page.variables.SearchObj.City ? $page.variables.SearchObj.City : \"\" }}",
          "COUNTRY": "{{ $page.variables.SearchObj.Country ? $page.variables.SearchObj.Country : \"\" }}",
          "POSTAL_CODE": "{{ $page.variables.SearchObj.postalCode ? $page.variables.SearchObj.postalCode : \"\" }}",
          "SITE_NUMBER": "{{ $page.variables.SearchObj.siteNumber ? $page.variables.SearchObj.siteNumber : \"\" }}",
          "SITE_NAME": "{{ $page.variables.SearchObj.SiteName ? $page.variables.SearchObj.SiteName :\"\" }}",
          "ADDRESS": "{{ $page.variables.SearchObj.Address ? $page.variables.SearchObj.Address : \"\" }}",
          "STATE": "{{ $page.variables.SearchObj.State ? $page.variables.SearchObj.State : \"\" }}",
          "SAN": "{{ $page.variables.SearchObj.San ? $page.variables.SearchObj.San : \"\" }}",
          "REGISTRY_ID": "{{ $page.variables.SearchObj.RegisterId ? $page.variables.SearchObj.RegisterId : \"\" }}",
          "LOOKUP": "{{ $page.variables.SearchObj.Lookup ? $page.variables.SearchObj.Lookup : \"\" }}"
        }
      },
      "outcomes": {
        "failure": "fireNotification",
        "success": "assignVariablesCustTblADP"
      }
    },
    "assignVariablesCustTblADP": {
      "module": "vb/action/builtin/assignVariablesAction",
      "parameters": {
        "$page.variables.CustTblADP": {
          "source": {
            "data": "{{ $chain.results.callRestGetAccountTypeTabledata.body.items }}"
          },
          "reset": "none",
          "auto": "always"
        }
      }
    },
    "resetVariablesCustTblADP": {
      "module": "vb/action/builtin/resetVariablesAction",
      "parameters": {
        "variables": [
          "$page.variables.CustTblADP.data"
        ]
      },
      "outcomes": {
        "success": "callRestGetAccountTypeTabledata"
      }
    }
  },
  "variables": {}
}