{
  "description": "",
  "root": "assignVariablesGetItemInfoObj",
  "actions": {
    "assignVariablesGetItemInfoObj": {
      "module": "vb/action/builtin/assignVariablesAction",
      "parameters": {
        "$page.variables.getItemInfoObj": {
          "source": "{{ $variables.rowData }}",
          "auto": "always"
        }
      }
    }
  },
  "variables": {
    "rowKey": {
      "required": true,
      "type": "any",
      "input": "fromCaller"
    },
    "rowData": {
      "required": true,
      "type": "any",
      "input": "fromCaller"
    }
  }
}