{
  "description": "",
  "root": "resetVariablesCreateRulesInfoObj",
  "actions": {
    "resetVariablesCreateRulesInfoObj": {
      "module": "vb/action/builtin/resetVariablesAction",
      "parameters": {
        "variables": [
          "$page.variables.createRulesInfoObj.organization",
          "$page.variables.createRulesInfoObj.organization_name",
          "$page.variables.createRulesInfoObj.state",
          "$flow.variables.getStateInfoSDP.data"
        ]
      },
      "outcomes": {
        "success": "runInParallel"
      }
    },
    "fireNotification": {
      "module": "vb/action/builtin/fireNotificationEventAction",
      "parameters": {
        "target": "leaf",
        "summary": "[[ $chain.results.callRestGetAutomaticHoldsGetStateInfo2.message.summary ]]",
        "type": "error",
        "displayMode": "persist"
      }
    },
    "callRestGetAutomaticHoldsGetStateInfo2": {
      "module": "vb/action/builtin/restAction",
      "parameters": {
        "endpoint": "ordsHbg_integration/getAutomaticHoldsGetStateInfo2",
        "uriParams": {
          "P_COUNTRY_CODE": "{{ $page.variables.createRulesInfoObj.country }}"
        }
      },
      "outcomes": {
        "failure": "fireNotification",
        "success": "assignVariablesGetStateInfoSDP"
      }
    },
    "assignVariablesGetStateInfoSDP": {
      "module": "vb/action/builtin/assignVariablesAction",
      "parameters": {
        "$flow.variables.getStateInfoSDP": {
          "source": {
            "data": "{{ $chain.results.callRestGetAutomaticHoldsGetStateInfo2.body.items }}"
          },
          "reset": "none",
          "auto": "always"
        }
      }
    },
    "runInParallel": {
      "module": "vb/action/builtin/forkAction",
      "parameters": {
        "actions": {
          "callRestGetAutomaticHoldsGetStateInfo2": "callRestGetAutomaticHoldsGetStateInfo2"
        }
      }
    }
  },
  "variables": {}
}