{
  "description": "",
  "root": "callFunctionLog",
  "actions": {
    "assignVariablesEnableEditButton": {
      "module": "vb/action/builtin/assignVariablesAction",
      "parameters": {
        "$page.variables.enableEditButton": {
          "source": true
        },
        "$page.variables.BatchIDSearchVar": {
          "source": "{{ $variables.rowData.batch_id }}"
        }
      }
    },
    "callFunctionLog": {
      "module": "vb/action/builtin/callModuleFunctionAction",
      "parameters": {
        "module": "[[ $functions ]]",
        "functionName": "log",
        "params": [
          "{{ $variables.rowData }}"
        ]
      },
      "outcomes": {
        "success": "assignVariablesEnableEditButton"
      }
    }
  },
  "variables": {
    "rowKey": {
      "required": true,
      "type": "any",
      "input": "fromCaller"
    },
    "rowData": {
      "required": true,
      "type": "any",
      "input": "fromCaller"
    }
  }
}