{
  "title": "",
  "description": "",
  "variables": {
    "toggle": {
      "type": "boolean"
    }
  },
  "metadata": {},
  "types": {},
  "eventListeners": {
    "buttonAction": {
      "chains": [
        {
          "chainId": "ToggleBtnAction"
        }
      ]
    },
    "navigationListSelection": {
      "chains": [
        {
          "chainId": "TabBarSelectionChangeChain",
          "parameters": {
            "selection": "[[ $event.detail.value ]]"
          }
        }
      ]
    },
    "navigationListSelection2": {
      "chains": [
        {
          "chainId": "NavigationListSelectionChangeChain",
          "parameters": {
            "selection": "{{ $event.detail.value }}"
          }
        }
      ]
    },
    "ojTabBar20732514201Selection": {
      "chains": [
        {
          "chainId": "TabBarSelectionChangeChain",
          "parameters": {
            "selection": "{{ $event.detail.value }}"
          }
        }
      ]
    },
    "toggleDrawer": {
      "chains": [
        {
          "chainId": "application:toggleDrawerHandler"
        }
      ]
    }

  },
  "imports": {
    "components": {
      "oj-button": {
        "path": "ojs/ojbutton"
      },
      "oj-conveyor-belt": {
        "path": "ojs/ojconveyorbelt"
      },
      "oj-drawer-layout": {
        "path": "ojs/ojdrawerlayout"
      },
      "oj-navigation-list": {
        "path": "ojs/ojnavigationlist"
      },
      "oj-tab-bar": {
        "path": "ojs/ojnavigationlist"
      }

    }
  },
  "routerFlow": "countrygroups"
}