{
  "description": "",
  "root": "resetVariablesCreateSubFormatObj",
  "actions": {
    "callComponentCreateSubFormatOpen": {
      "module": "vb/action/builtin/callComponentMethodAction",
      "parameters": {
        "component": "{{ document.getElementById('createSubFormat') }}",
        "method": "open"
      }
    },
    "resetVariablesCreateSubFormatObj": {
      "module": "vb/action/builtin/resetVariablesAction",
      "parameters": {
        "variables": [
          "$page.variables.CreateSubFormatObj"
        ]
      },
      "outcomes": {
        "success": "assignVariablesSubFormatDlgLabel"
      }
    },
    "assignVariablesSubFormatDlgLabel": {
      "module": "vb/action/builtin/assignVariablesAction",
      "parameters": {
        "$page.variables.SubFormatDlgLabel": {
          "source": "Create"
        }
      },
      "outcomes": {
        "success": "callComponentCreateSubFormatOpen"
      }
    }
  },
  "variables": {}
}