{
    "items": [
        {
            "sf_div_id": 83,
            "division_number": "TestDivision1",
            "division_name": "TestDivision1",
            "external_checkbox": "No",
            "notes": null,
            "entered_by": "thastings@pelotongroup.com",
            "entered_date": "2023-02-28T16:18:28Z",
            "updated_by": "thastings@pelotongroup.com",
            "updated_date": "2023-02-28T16:18:28Z",
            "start_date": "2023-02-28",
            "end_date": null,
            "status": "Active",
            "sales_force_id": 77
        }
    ],
    "hasMore": false,
    "limit": 10000,
    "offset": 0,
    "count": 1,
    "links": [
        {
            "rel": "self",
            "href": "https://10.2.0.169:8081/ords/hbg_integration/salesCredit/divisionData?SALES_FORCE_ID=77"
        },
        {
            "rel": "edit",
            "href": "https://10.2.0.169:8081/ords/hbg_integration/salesCredit/divisionData?SALES_FORCE_ID=77"
        },
        {
            "rel": "describedby",
            "href": "https://10.2.0.169:8081/ords/hbg_integration/metadata-catalog/salesCredit/item"
        },
        {
            "rel": "first",
            "href": "https://10.2.0.169:8081/ords/hbg_integration/salesCredit/divisionData?SALES_FORCE_ID=77"
        }
    ]
}