{
    "items": [
        {
            "sf_unassigned_id": 22222,
            "type": "business",
            "organization_number": 13131,
            "account_type": "business",
            "description": "description",
            "account_prefix": "account_prefix",
            "owner": "peloton",
            "owner_description": "peloton_descp",
            "reporting_group": 123456,
            "reporting_group_description": "group_descp",
            "bill_to_country": "usa",
            "bill_to_state": "texas",
            "ship_to_country": "usa",
            "ship_to_state": "texas",
            "final_destination_country": "usa",
            "sales_force_number": 1111,
            "sales_force_name": "sf_peloton",
            "division": 11,
            "division_name": "pel_div",
            "territory": 111,
            "territory_name": "pel_teritory",
            "sales_rep": 12,
            "sales_rep_name": "pel-rep-name",
            "notes": "notes",
            "entered_by": "user",
            "entered_date": "0022-11-28T00:00:00Z",
            "updated_by": "user",
            "updated_date": "0022-11-28T00:00:00Z",
            "start_date": "0022-11-28T00:00:00Z",
            "end_date": "0022-11-28T00:00:00Z",
            "status": "active",
            "sf_assign_id": 11111,
            "sales_force_id": 11111
        }
    ],
    "hasMore": false,
    "limit": 100,
    "offset": 0,
    "count": 1,
    "links": [
        {
            "rel": "self",
            "href": "https://10.2.0.169:8081/ords/hbg_integration/salesCredit/UnassignSalesForce"
        },
        {
            "rel": "describedby",
            "href": "https://10.2.0.169:8081/ords/hbg_integration/metadata-catalog/salesCredit/item"
        },
        {
            "rel": "first",
            "href": "https://10.2.0.169:8081/ords/hbg_integration/salesCredit/UnassignSalesForce"
        }
    ]
}