{
    "items": [
        {
            "owner_id": 12,
            "owner_code": "t2",
            "owner_name": "pel",
            "owner_abbr": "tes",
            "in_pubtracker_ind": "tes",
            "distributee_ind": "yes",
            "active_ind": "active",
            "creation_date": "0018-01-19T00:00:00Z",
            "created_by": "user",
            "last_updated_date": "0018-01-19T00:00:00Z",
            "last_updated_by": "user",
            "status": null,
            "start_date": null,
            "end_date": null
        },
        {
            "owner_id": 4,
            "owner_code": "QA",
            "owner_name": "test1",
            "owner_abbr": "abbr1",
            "in_pubtracker_ind": "tracker",
            "distributee_ind": "distributee",
            "active_ind": "active",
            "creation_date": "2023-01-18T00:00:00Z",
            "created_by": "test",
            "last_updated_date": "2023-01-18T00:00:00Z",
            "last_updated_by": "test",
            "status": null,
            "start_date": null,
            "end_date": null
        },
        {
            "owner_id": 62,
            "owner_code": "MR_2",
            "owner_name": "MR_2_Name",
            "owner_abbr": "MR_2_ABB",
            "in_pubtracker_ind": null,
            "distributee_ind": null,
            "active_ind": "Inactive",
            "creation_date": null,
            "created_by": null,
            "last_updated_date": "2023-01-25T08:09:19Z",
            "last_updated_by": "freis@pelotongroup.com",
            "status": "Active",
            "start_date": null,
            "end_date": null
        },
        {
            "owner_id": 61,
            "owner_code": "MR1",
            "owner_name": "MR_Name1",
            "owner_abbr": "MR_Abb1",
            "in_pubtracker_ind": null,
            "distributee_ind": null,
            "active_ind": "Inactive",
            "creation_date": null,
            "created_by": null,
            "last_updated_date": "2023-01-25T07:50:33Z",
            "last_updated_by": "freis@pelotongroup.com",
            "status": "Active",
            "start_date": null,
            "end_date": null
        }
    ],
    "hasMore": false,
    "limit": 25,
    "offset": 0,
    "count": 4,
    "links": [
        {
            "rel": "self",
            "href": "https://10.2.0.169:8081/ords/hbg_integration/familyCode/FamilyCodeOwner"
        },
        {
            "rel": "edit",
            "href": "https://10.2.0.169:8081/ords/hbg_integration/familyCode/FamilyCodeOwner"
        },
        {
            "rel": "describedby",
            "href": "https://10.2.0.169:8081/ords/hbg_integration/metadata-catalog/familyCode/item"
        },
        {
            "rel": "first",
            "href": "https://10.2.0.169:8081/ords/hbg_integration/familyCode/FamilyCodeOwner"
        }
    ]
}