{
  "layoutTypes": {
    "businessObjects": {
      "kind": "operationRef",
      "serviceId": "businessObjects",
      "operations": [
        "getall_EmployeeManager",
        "update_EmployeeManager",
        "create_EmployeeManager"
      ]
    }
  },
  "layouts": {
    "isDefault": {
      "description": "Default Rule",
      "type": "businessObjects",
      "expression": "default"
    },
    "isDefault2": {
      "description": "Default Rule",
      "type": "businessObjects",
      "expression": "default"
    },
    "isDefault3": {
      "description": "Default Rule",
      "type": "businessObjects",
      "expression": "default"
    },
    "isDefault4": {
      "description": "Default Rule",
      "type": "businessObjects",
      "expression": "default"
    },
    "isDefault5": {
      "description": "Default Rule",
      "type": "businessObjects",
      "expression": "default"
    },
    "insertData": {
      "type": "businessObjects",
      "layoutType": "table",
      "label": "InsertData",
      "rules": [
        "isDefault5"
      ],
      "layouts": {
        "default": {
          "layoutType": "table",
          "layout": {
            "displayProperties": [
              "empID",
              "managerName",
              "salary"
            ]
          }
        }
      }
    },
    "isDefault6": {
      "description": "Default Rule",
      "type": "businessObjects",
      "expression": "default"
    },
    "addNewData": {
      "type": "businessObjects",
      "layoutType": "form",
      "label": "AddNewData",
      "rules": [
        "isDefault6"
      ],
      "layouts": {
        "default": {
          "layoutType": "form",
          "layout": {
            "displayProperties": [
              "empID",
              "managerName",
              "salary"
            ]
          }
        }
      }
    }
  }
}