{
  "title": "item 1 orgview",
  "description": "",
  "variables": {
    "ContactTblADP": {
      "type": "vb/ArrayDataProvider2"
    },
    "getAccountNumberListSDP": {
      "type": "vb/ServiceDataProvider",
      "defaultValue": {
        "endpoint": "devOrds/GetAccountNumber",
        "keyAttributes": "account_number",
        "itemsPath": "items",
        "responseType": "getAccountNumberResponse",
        "uriParameters": {
          "party_id": "{{ $variables.party_id }}",
          "p_acct_number": "{{ \"\" }}"
        }
      }
    },
    "organization": {
      "type": "string",
      "input": "fromCaller"
    },
    "party_id": {
      "type": "number",
      "input": "fromCaller"
    },
    "selectedListAccount": {
      "type": "string"
    },
    "TreeArray": {
      "type": "object[]"
    }

  },
  "metadata": {},
  "types": {
    "@decorators.getAccountNumberResponse": {
      "endpoint": "GetAccountNumber",
      "service": "devOrds",
      "path": "response"
    },
    "getAccountNumberResponse": {
      "items": [
        {
          "account_number": "string"
        }
      ]
    },
    "NavObj": {
      "icon": "string",
      "id": "string",
      "items": [
        {
          "id": "string",
          "label": "string",
          "icon": "string",
          "badge": "string"
        }
      ],
      "label": "string",
      "node": "string"
    },
    "NavObj_copy": {
      "id": "string",
      "label": "string",
      "icon": "string",
      "badge": "string"
    }

  },
  "eventListeners": {
    "buttonAction": {
      "chains": [
        {
          "chainId": "BackBtnAction"
        }
      ]
    },
    "spanClick": {
      "chains": [
        {
          "chainId": "ListValueSelectionAction",
          "parameters": {
            "key": "{{ $current.key }}",
            "index": "{{ $current.index }}",
            "current": "{{ $current }}"
          }
        }
      ]
    },
    "toggleDrawer": {
      "chains": [
        {
          "chainId": "application:toggleDrawerHandler"
        }
      ]
    },
    "vbEnter": {
      "chains": [
        {
          "parameters": {},
          "chainId": "TreeDatafetchAction"
        }
      ]
    }

  },
  "imports": {
    "components": {
      "oj-button": {
        "path": "ojs/ojbutton"
      },
      "oj-collapsible": {
        "path": "ojs/ojcollapsible"
      },
      "oj-combobox-one": {
        "path": "ojs/ojselectcombobox"
      },
      "oj-form-layout": {
        "path": "ojs/ojformlayout"
      },
      "oj-input-text": {
        "path": "ojs/ojinputtext"
      },
      "oj-list-item-layout": {
        "path": "ojs/ojlistitemlayout"
      },
      "oj-list-view": {
        "path": "ojs/ojlistview"
      },
      "oj-navigation-list": {
        "path": "ojs/ojnavigationlist"
      },
      "oj-option": {
        "path": "ojs/ojoption"
      },
      "oj-table": {
        "path": "ojs/ojtable"
      },
      "oj-text-area": {
        "path": "ojs/ojinputtext"
      },
      "oj-tree-view": {
        "path": "ojs/ojtreeview"
      }

    }
  }
}