{
    "items": [
        {
            "party_site_number": "14605017-00334",
            "party_site_name": "AMAZON.COM (TMA3)"
        },
        {
            "party_site_number": "1345",
            "party_site_name": "ROBBINSVILLE"
        },
        {
            "party_site_number": "3463",
            "party_site_name": "TAKOMA PARK"
        },
        {
            "party_site_number": "3804",
            "party_site_name": "CANADA"
        },
        {
            "party_site_number": "14605017-00011",
            "party_site_name": "AMAZON.COM (SDF1)"
        },
        {
            "party_site_number": "4618",
            "party_site_name": "FORT WAYNE"
        },
        {
            "party_site_number": "2744",
            "party_site_name": "NEW YORK"
        },
        {
            "party_site_number": "3266",
            "party_site_name": "SEATTLE"
        },
        {
            "party_site_number": "1603",
            "party_site_name": "LOS ANGELES"
        },
        {
            "party_site_number": "3329",
            "party_site_name": "ANUCH"
        },
        {
            "party_site_number": "5357",
            "party_site_name": "BERKELEY"
        },
        {
            "party_site_number": "14605017-00158",
            "party_site_name": "AMAZON.COM (ATL8)"
        },
        {
            "party_site_number": "2716",
            "party_site_name": "SEATTLE"
        },
        {
            "party_site_number": "14605017-00010",
            "party_site_name": "_AMAZON.COM.GADC INC"
        },
        {
            "party_site_number": "1600",
            "party_site_name": "CANADA"
        },
        {
            "party_site_number": "2954",
            "party_site_name": "FRANKLIN"
        },
        {
            "party_site_number": "3146",
            "party_site_name": "CHAUTAUQUA"
        },
        {
            "party_site_number": "4669",
            "party_site_name": "PRINCETON"
        },
        {
            "party_site_number": "1420",
            "party_site_name": "NEW YORK"
        },
        {
            "party_site_number": "1911",
            "party_site_name": "CENTENNIAL"
        },
        {
            "party_site_number": "3015",
            "party_site_name": "BROOKLYN"
        },
        {
            "party_site_number": "14605017-00663",
            "party_site_name": "AMAZON.COM (SYR1)"
        },
        {
            "party_site_number": "14605017-00164",
            "party_site_name": "AMAZON.COM (FTW1)"
        },
        {
            "party_site_number": "3739",
            "party_site_name": "BROOKLYN"
        },
        {
            "party_site_number": "2828",
            "party_site_name": "SOLANA BEACH"
        }
    ],
    "hasMore": true,
    "limit": 25,
    "offset": 0,
    "count": 25,
    "links": [
        {
            "rel": "self",
            "href": "https://10.2.0.169:8081/ords/hbg_integration/ReservationsUI/getPartySiteNumberLOV"
        },
        {
            "rel": "describedby",
            "href": "https://10.2.0.169:8081/ords/hbg_integration/metadata-catalog/ReservationsUI/item"
        },
        {
            "rel": "first",
            "href": "https://10.2.0.169:8081/ords/hbg_integration/ReservationsUI/getPartySiteNumberLOV"
        },
        {
            "rel": "next",
            "href": "https://10.2.0.169:8081/ords/hbg_integration/ReservationsUI/getPartySiteNumberLOV?offset=25"
        }
    ]
}