{
    "items": [
        {
            "line_action_id": 1,
            "rule_line_id": 1001,
            "template_name": null,
            "template_id": null,
            "hold_flag": "Yes",
            "hold_level": "Lines",
            "hold_name": null,
            "start_date": null,
            "end_date": null,
            "entered_date": null,
            "updated_date": null,
            "template_level": "Lines",
            "updated_by": null,
            "entered_by": null
        }
    ],
    "hasMore": false,
    "limit": 25,
    "offset": 0,
    "count": 1,
    "links": [
        {
            "rel": "self",
            "href": "https://10.2.0.169:8081/ords/hbg_integration/CustomeOrders/CoLinesActions?P_RULE_LINE_ID=1001"
        },
        {
            "rel": "describedby",
            "href": "https://10.2.0.169:8081/ords/hbg_integration/metadata-catalog/CustomeOrders/item"
        },
        {
            "rel": "first",
            "href": "https://10.2.0.169:8081/ords/hbg_integration/CustomeOrders/CoLinesActions?P_RULE_LINE_ID=1001"
        }
    ]
}