{
    "tabledata": [
        {
            "OWNER_NAME": "",
            "REPORTING_GROUP": "",
            "CATEGORY_1": "",
            "CATEGORY_2": "",
            "ITEM_NUMBER": "9780306832949",
            "AUTHOR": "Tim Matheson",
            "SHORT_TITLE": "Rob Lowe Sto",
            "ORGANIZATION": "",
            "SET_NAME": "",
            "ACCOUNT_NUMBER": "",
            "ACCOUNT_NAME": "",
            "SHIP_TO_SITE": "",
            "PARTY_SITE_NAME": "",
            "COUNTRY": "",
            "STATE": "",
            "HOLD_NAME": "HBG_BILLING_HOLD",
            "HOLD_COMMENTS": "TEST TABLE LEVEL RULES 1",
            "START_DATE": "2022-10-27T05:54:10.000+00:00",
            "END_DATE": "2022-11-06T05:54:10.000+00:00",
            "AUTO_RELEASE_FLAG": "N",
            "COMMENTS": "TEST TABLE LEVEL RULES 1",
            "RULE_ID": "1002"
        },
        {
            "OWNER_NAME": "",
            "REPORTING_GROUP": "",
            "CATEGORY_1": "",
            "CATEGORY_2": "",
            "ITEM_NUMBER": "9780762484867",
            "AUTHOR": "Gary Jansen",
            "SHORT_TITLE": "Saints, Ange",
            "ORGANIZATION": "",
            "SET_NAME": "",
            "ACCOUNT_NUMBER": "",
            "ACCOUNT_NAME": "",
            "SHIP_TO_SITE": "",
            "PARTY_SITE_NAME": "",
            "COUNTRY": "",
            "STATE": "",
            "HOLD_NAME": "MANUAL_SO_HOLD",
            "HOLD_COMMENTS": "TEST TABLE LEVEL RULES",
            "START_DATE": "2022-10-27T05:54:27.000+00:00",
            "END_DATE": "2022-11-16T05:54:27.000+00:00",
            "AUTO_RELEASE_FLAG": "N",
            "COMMENTS": "TEST TABLE LEVEL RULES",
            "RULE_ID": "1003"
        },
        {
            "OWNER_NAME": "",
            "REPORTING_GROUP": "",
            "CATEGORY_1": "",
            "CATEGORY_2": "",
            "ITEM_NUMBER": "",
            "AUTHOR": "",
            "SHORT_TITLE": "",
            "ORGANIZATION": "ENTERPRISE",
            "SET_NAME": "Enterprise Set",
            "ACCOUNT_NUMBER": "12205748-TRACTOR SUPPLY",
            "ACCOUNT_NAME": "TRACTOR SUPPLY",
            "SHIP_TO_SITE": "12205748-01611",
            "PARTY_SITE_NAME": "TRACTOR SUPPLY # 1611",
            "COUNTRY": "",
            "STATE": "",
            "HOLD_NAME": "MANUAL_SO_HOLD",
            "HOLD_COMMENTS": "TEST TABLE LEVEL RULES 2",
            "START_DATE": "2022-10-27T05:58:54.000+00:00",
            "END_DATE": "2022-11-26T05:58:54.000+00:00",
            "AUTO_RELEASE_FLAG": "N",
            "COMMENTS": "TEST TABLE LEVEL RULES 2",
            "RULE_ID": "1004"
        },
        {
            "OWNER_NAME": "Hachette Books",
            "REPORTING_GROUP": "HBG Books",
            "CATEGORY_1": "Chapter Book-Christy Ottaviano Books",
            "CATEGORY_2": "HUK ORION",
            "ITEM_NUMBER": "",
            "AUTHOR": "",
            "SHORT_TITLE": "",
            "ORGANIZATION": "",
            "SET_NAME": "",
            "ACCOUNT_NUMBER": "",
            "ACCOUNT_NAME": "",
            "SHIP_TO_SITE": "",
            "PARTY_SITE_NAME": "",
            "COUNTRY": "",
            "STATE": "",
            "HOLD_NAME": "MANUAL_SO_HOLD",
            "HOLD_COMMENTS": "TEST TABLE LEVEL RULES 3",
            "START_DATE": "2022-10-27T06:00:31.000+00:00",
            "END_DATE": "2022-12-06T06:00:31.000+00:00",
            "AUTO_RELEASE_FLAG": "N",
            "COMMENTS": "TEST TABLE LEVEL RULES 3",
            "RULE_ID": "1005"
        }
    ]
}