{
    "items": [
        {
            "sf_sales_rep_id": 43,
            "sales_rep_number": "MR-SR1",
            "sales_rep_name": "MR-SR1",
            "external_sales_rep_identifier": 123,
            "address": "MR-SR1",
            "city": "MR-SR1",
            "state": "MR-SR1",
            "postal_code": "MR-SR1",
            "country": "MR-SR1",
            "phone_number": "MR-SR1",
            "email": "TETS@GMAIL.COM",
            "company": "MR-SR1",
            "company_description": null,
            "external_checkbox": "Yes",
            "wholesale_commision": 12,
            "retail_commision": 13,
            "edelweiss": "Yes",
            "notes": "MR-SR1",
            "entered_by": "freis@pelotongroup.com",
            "entered_date": "2023-02-24T08:04:01Z",
            "updated_by": "freis@pelotongroup.com",
            "updated_date": "2023-02-24T08:06:25Z",
            "start_date": "2023-02-25",
            "end_date": "2023-02-28",
            "status": "Active",
            "sf_territory_id": 41,
            "sales_force_id": null,
            "sf_div_id": null
        }
    ],
    "hasMore": false,
    "limit": 100,
    "offset": 0,
    "count": 1,
    "links": [
        {
            "rel": "self",
            "href": "https://10.2.0.169:8081/ords/hbg_integration/salesCredit/salesRep?SF_TERRITORY_ID=41"
        },
        {
            "rel": "edit",
            "href": "https://10.2.0.169:8081/ords/hbg_integration/salesCredit/salesRep?SF_TERRITORY_ID=41"
        },
        {
            "rel": "describedby",
            "href": "https://10.2.0.169:8081/ords/hbg_integration/metadata-catalog/salesCredit/item"
        },
        {
            "rel": "first",
            "href": "https://10.2.0.169:8081/ords/hbg_integration/salesCredit/salesRep?SF_TERRITORY_ID=41"
        }
    ]
}