{
    "items": [
        {
            "sales_force_number": "MR-DATE",
            "sales_force_name": "MR-DATE",
            "company": "MR-DATE",
            "edelweiss": "No",
            "external_checkbox": "No",
            "notes": "MR-DATE",
            "entered_by": "freis@pelotongroup.com",
            "entered_date": "2023-03-06T14:44:32Z",
            "updated_by": "freis@pelotongroup.com",
            "updated_date": "2023-03-06T14:44:32Z",
            "start_date": "2023-03-14",
            "end_date": "2023-03-29",
            "status": "Inactive",
            "sales_force_id": 94
        },
        {
            "sales_force_number": "99",
            "sales_force_name": "Unassigned",
            "company": null,
            "edelweiss": "No",
            "external_checkbox": "No",
            "notes": null,
            "entered_by": "freis@pelotongroup.com",
            "entered_date": "2023-03-06T14:39:37Z",
            "updated_by": "freis@pelotongroup.com",
            "updated_date": "2023-03-06T14:39:37Z",
            "start_date": "2023-03-06",
            "end_date": null,
            "status": "Active",
            "sales_force_id": 93
        },
        {
            "sales_force_number": "88",
            "sales_force_name": "Taylor",
            "company": null,
            "edelweiss": "Yes",
            "external_checkbox": "Yes",
            "notes": null,
            "entered_by": "freis@pelotongroup.com",
            "entered_date": "2023-03-06T14:18:44Z",
            "updated_by": "freis@pelotongroup.com",
            "updated_date": "2023-03-06T14:36:05Z",
            "start_date": "2023-03-06",
            "end_date": null,
            "status": "Active",
            "sales_force_id": 92
        },
        {
            "sales_force_number": "MR-123",
            "sales_force_name": "MR-123",
            "company": "MR-123",
            "edelweiss": "No",
            "external_checkbox": "No",
            "notes": "MR-123",
            "entered_by": "freis@pelotongroup.com",
            "entered_date": "2023-03-06T14:13:21Z",
            "updated_by": "freis@pelotongroup.com",
            "updated_date": "2023-03-06T14:13:21Z",
            "start_date": "2023-03-08",
            "end_date": "2023-03-09",
            "status": "Inactive",
            "sales_force_id": 91
        },
        {
            "sales_force_number": "97",
            "sales_force_name": "Test 97",
            "company": null,
            "edelweiss": "No",
            "external_checkbox": "No",
            "notes": null,
            "entered_by": "thastings@pelotongroup.com",
            "entered_date": "2023-03-03T18:34:00Z",
            "updated_by": "thastings@pelotongroup.com",
            "updated_date": "2023-03-03T19:47:17Z",
            "start_date": "2023-03-03",
            "end_date": null,
            "status": "Active",
            "sales_force_id": 90
        },
        {
            "sales_force_number": "MR-15",
            "sales_force_name": "MR-15",
            "company": "MR-15",
            "edelweiss": "No",
            "external_checkbox": "No",
            "notes": "MR-15-NOTES",
            "entered_by": "freis@pelotongroup.com",
            "entered_date": "2023-03-03T17:52:07Z",
            "updated_by": "freis@pelotongroup.com",
            "updated_date": "2023-03-03T18:31:32Z",
            "start_date": "2023-03-03",
            "end_date": "2023-03-27",
            "status": "Inactive",
            "sales_force_id": 89
        },
        {
            "sales_force_number": "25",
            "sales_force_name": "Taylor Test 25",
            "company": null,
            "edelweiss": "No",
            "external_checkbox": "No",
            "notes": null,
            "entered_by": "thastings@pelotongroup.com",
            "entered_date": "2023-03-03T17:37:59Z",
            "updated_by": "thastings@pelotongroup.com",
            "updated_date": "2023-03-03T17:37:59Z",
            "start_date": "2023-03-03",
            "end_date": "2023-03-24",
            "status": "Inactive",
            "sales_force_id": 88
        },
        {
            "sales_force_number": "21",
            "sales_force_name": "Taylor Test 21",
            "company": null,
            "edelweiss": "No",
            "external_checkbox": "No",
            "notes": null,
            "entered_by": "thastings@pelotongroup.com",
            "entered_date": "2023-03-03T17:34:59Z",
            "updated_by": "thastings@pelotongroup.com",
            "updated_date": "2023-03-03T17:34:59Z",
            "start_date": "2023-03-04",
            "end_date": "2023-03-25",
            "status": "Inactive",
            "sales_force_id": 87
        },
        {
            "sales_force_number": "27",
            "sales_force_name": "Taylor Test 1",
            "company": null,
            "edelweiss": "No",
            "external_checkbox": "No",
            "notes": null,
            "entered_by": "thastings@pelotongroup.com",
            "entered_date": "2023-03-02T14:56:23Z",
            "updated_by": "thastings@pelotongroup.com",
            "updated_date": "2023-03-02T14:56:58Z",
            "start_date": "2023-03-04",
            "end_date": "2023-03-18",
            "status": "Active",
            "sales_force_id": 84
        },
        {
            "sales_force_number": "MR-14",
            "sales_force_name": "MR-14",
            "company": "MR-14",
            "edelweiss": "Yes",
            "external_checkbox": "Yes",
            "notes": "MR-14",
            "entered_by": "freis@pelotongroup.com",
            "entered_date": "2023-03-02T08:00:46Z",
            "updated_by": "freis@pelotongroup.com",
            "updated_date": "2023-03-02T08:01:10Z",
            "start_date": "2023-03-02",
            "end_date": "2023-03-28",
            "status": "Inactive",
            "sales_force_id": 83
        },
        {
            "sales_force_number": "SAT461",
            "sales_force_name": "SAT461",
            "company": "SAT461",
            "edelweiss": "Yes",
            "external_checkbox": "Yes",
            "notes": "SAT462",
            "entered_by": "freis@pelotongroup.com",
            "entered_date": "2023-03-02T07:43:08Z",
            "updated_by": "freis@pelotongroup.com",
            "updated_date": "2023-03-02T07:52:51Z",
            "start_date": "2023-03-02",
            "end_date": "2023-03-31",
            "status": "Inactive",
            "sales_force_id": 79
        },
        {
            "sales_force_number": "TTEST1",
            "sales_force_name": "TTEST1",
            "company": null,
            "edelweiss": "Yes",
            "external_checkbox": "No",
            "notes": null,
            "entered_by": "thastings@pelotongroup.com",
            "entered_date": "2023-02-28T16:16:11Z",
            "updated_by": "thastings@pelotongroup.com",
            "updated_date": "2023-02-28T16:16:55Z",
            "start_date": "2023-03-01",
            "end_date": "2023-04-30",
            "status": "Inactive",
            "sales_force_id": 77
        },
        {
            "sales_force_number": "SATE0923",
            "sales_force_name": "SATE0923",
            "company": "SATE0923",
            "edelweiss": "Yes",
            "external_checkbox": "Yes",
            "notes": "SATE0923",
            "entered_by": "freis@pelotongroup.com",
            "entered_date": "2023-02-27T17:31:32Z",
            "updated_by": "freis@pelotongroup.com",
            "updated_date": "2023-02-27T17:31:32Z",
            "start_date": "2023-03-08",
            "end_date": "2023-04-20",
            "status": "Inactive",
            "sales_force_id": 74
        },
        {
            "sales_force_number": "TaylorTest2",
            "sales_force_name": "TaylorTest2",
            "company": "TaylorTest2",
            "edelweiss": "No",
            "external_checkbox": null,
            "notes": null,
            "entered_by": "thastings@pelotongroup.com",
            "entered_date": "2023-02-27T17:29:41Z",
            "updated_by": "thastings@pelotongroup.com",
            "updated_date": "2023-02-27T17:29:41Z",
            "start_date": "2023-03-20",
            "end_date": null,
            "status": "Active",
            "sales_force_id": 73
        },
        {
            "sales_force_number": "10",
            "sales_force_name": "Taylor Test 2",
            "company": null,
            "edelweiss": "No",
            "external_checkbox": null,
            "notes": null,
            "entered_by": "thastings@pelotongroup.com",
            "entered_date": "2023-02-27T17:09:29Z",
            "updated_by": "thastings@pelotongroup.com",
            "updated_date": "2023-03-02T14:56:04Z",
            "start_date": "2023-02-28",
            "end_date": "2023-03-28",
            "status": "Active",
            "sales_force_id": 69
        },
        {
            "sales_force_number": "02",
            "sales_force_name": "MR-SF2",
            "company": "MR-SF2",
            "edelweiss": "No",
            "external_checkbox": "Yes",
            "notes": "MR-SF2",
            "entered_by": "freis@pelotongroup.com",
            "entered_date": "2023-02-23T05:59:05Z",
            "updated_by": "freis@pelotongroup.com",
            "updated_date": "2023-02-27T09:19:05Z",
            "start_date": "2023-02-23",
            "end_date": "2023-02-28",
            "status": "Inactive",
            "sales_force_id": 67
        },
        {
            "sales_force_number": "01",
            "sales_force_name": "HBG ID/WHL SALES",
            "company": "Test",
            "edelweiss": "No",
            "external_checkbox": "Yes",
            "notes": "Test",
            "entered_by": "thastings@pelotongroup.com",
            "entered_date": "2023-02-22T15:09:07Z",
            "updated_by": "thastings@pelotongroup.com",
            "updated_date": "2023-02-27T21:12:49Z",
            "start_date": "2023-02-22",
            "end_date": null,
            "status": "Active",
            "sales_force_id": 66
        },
        {
            "sales_force_number": "MR01",
            "sales_force_name": "MR01",
            "company": "MR1",
            "edelweiss": "Yes",
            "external_checkbox": "No",
            "notes": "adfesadafdasfsadfgds",
            "entered_by": "freis@pelotongroup.com",
            "entered_date": "2023-02-20T14:59:12Z",
            "updated_by": "freis@pelotongroup.com",
            "updated_date": "2023-03-01T14:25:18Z",
            "start_date": "2023-02-24",
            "end_date": "2023-02-27",
            "status": "Active",
            "sales_force_id": 65
        },
        {
            "sales_force_number": "MR-SF1",
            "sales_force_name": "MR-SF1",
            "company": "MR-SF1",
            "edelweiss": "No",
            "external_checkbox": "Yes",
            "notes": "MR-SF1_NOTES1",
            "entered_by": "freis@pelotongroup.com",
            "entered_date": "2023-02-18T16:20:43Z",
            "updated_by": "freis@pelotongroup.com",
            "updated_date": "2023-03-01T12:38:39Z",
            "start_date": "2023-02-24",
            "end_date": "2023-02-27",
            "status": "Inactive",
            "sales_force_id": 64
        }
    ],
    "hasMore": false,
    "limit": 10000,
    "offset": 0,
    "count": 19,
    "links": [
        {
            "rel": "self",
            "href": "https://10.2.0.169:8081/ords/hbg_integration/salesCredit/salesforceMaintainance"
        },
        {
            "rel": "edit",
            "href": "https://10.2.0.169:8081/ords/hbg_integration/salesCredit/salesforceMaintainance"
        },
        {
            "rel": "describedby",
            "href": "https://10.2.0.169:8081/ords/hbg_integration/metadata-catalog/salesCredit/item"
        },
        {
            "rel": "first",
            "href": "https://10.2.0.169:8081/ords/hbg_integration/salesCredit/salesforceMaintainance?limit=10000"
        }
    ]
}