{
  "title": "",
  "description": "",
  "variables": {
    "ActionDlgLabel": {
      "type": "string"
    },
    "ActionLinesADP": {
      "type": "vb/ArrayDataProvider2",
      "defaultValue": {
        "itemType": "CoLinesActions",
        "keyAttributes": "line_action_id"
      }
    },
    "ActionLinesCreateObj": {
      "type": "CoLinesActions"
    },
    "FormatArray": {
      "type": "FormatCodeType[]"
    },
    "Headerlabel": {
      "type": "string"
    },
    "HeadersCreateObj": {
      "type": "RuleHeadersTblType"
    },
    "HeadersTblADP": {
      "type": "vb/ArrayDataProvider2",
      "defaultValue": {
        "itemType": "RuleHeadersTblType",
        "keyAttributes": "rule_id"
      }
    },
    "HoldNameArray": {
      "type": "HoldnamesType[]"
    },
    "ImprintArray": {
      "type": "ImprintType[]"
    },
    "ItemsArray": {
      "type": "ItemsType[]"
    },
    "LinesCreateObj": {
      "type": "RulesLinesTblType"
    },
        "OwnerArray": {
      "type": "OwnerCodeType[]"
    },
    "LinesLabel": {
      "type": "string"
    },
    "LinesTblADP": {
      "type": "vb/ArrayDataProvider2",
      "defaultValue": {
        "itemType": "RulesLinesTblType",
        "keyAttributes": "rule_line_id"
      }
    },
    "OrganizationArray": {
      "type": "OrganizationType[]"
    },
    "AccountNumberArray": {
      "type": "AccountNumberType[]"
    },
    "PubArray": {
      "type": "PubCodeType[]"
    },
    "ReportingGrpArray": {
      "type": "ReportingGrpCodeType[]"
    },
    "RowImp": {
      "type": "string"
    },
    "RowOrg": {
      "type": "string"
    },
    "RowOwner": {
      "type": "string"
    },
    "RowPub": {
      "type": "string"
    },
    "RowRepGroup": {
      "type": "string"
    },
    "RowRulesId": {
      "type": "number"
    },
    "RuleLineId": {
      "type": "number"
    },
    "SearchAccountId": {
      "type": "number"
    },
    "SearchOrgId": {
      "type": "number"
    },
    "searchPartyId": {
      "type": "number"
    },
    "SelectedCustAccountId": {
      "type": "number"
    },
    "SelectedOwnerCode": {
      "type": "string"
    },
    "ShipToNumberArray": {
      "type": "ShipToNumberType[]"
    },
    "SubFormatArray": {
      "type": "SubFormatType[]"
    },
    "TemplatenameArray": {
      "type": "TemplateNameType[]"
    }

  },
  "metadata": {},
  "types": {
    "@decorators.CoLinesActions": {
      "endpoint": "OrdersCoLinesActions",
      "service": "ordsHbg_integration",
      "path": "response-_-items[0]"
    },
    "@decorators.FormatCodeType": {
      "endpoint": "GetFormatCode",
      "service": "ordsHbg_integration",
      "path": "response-_-items[0]"
    },
    "@decorators.HoldnamesType": {
      "endpoint": "GrtHoldnames",
      "service": "ordsHbg_integration",
      "path": "response-_-items[0]"
    },
    "@decorators.ImprintType": {
      "endpoint": "getImprint",
      "service": "ordsHbg_integration",
      "path": "response-_-items[0]"
    },
    "@decorators.ItemsType": {
      "endpoint": "GetItems",
      "service": "ordsHbg_integration",
      "path": "response-_-items[0]"
    },
    "@decorators.PubCodeType": {
      "endpoint": "getPubCode",
      "service": "ordsHbg_integration",
      "path": "response-_-items[0]"
    },
    "@decorators.ReportingGrpCodeType": {
      "endpoint": "getReportingGrpCode",
      "service": "ordsHbg_integration",
      "path": "response-_-items[0]"
    },
    "@decorators.RuleHeadersTblType": {
      "endpoint": "getRuleHeaders",
      "service": "ordsHbg_integration",
      "path": "response-_-items[0]"
    },
    "@decorators.RulesLinesTblType": {
      "endpoint": "getGetRulesLines",
      "service": "ordsHbg_integration",
      "path": "response-_-items[0]"
    },
    "@decorators.ShipToNumberType": {
      "endpoint": "getShipToNumber",
      "service": "ordsHbg_integration",
      "path": "response-_-items[0]"
    },
    "@decorators.SubFormatType": {
      "endpoint": "GetSubFormatCode",
      "service": "ordsHbg_integration",
      "path": "response-_-items[0]"
    },
    "@decorators.TemplateNameType": {
      "endpoint": "getGetTemplateHeaders",
      "service": "ordsHbg_integration",
      "path": "response-_-items[0]"
    },
    "CoLinesActions": {
      "end_date": "any",
      "entered_by": "any",
      "entered_date": "any",
      "hold_flag": "string",
      "hold_level": "string",
      "hold_name": "any",
      "line_action_id": "number",
      "rule_line_id": "number",
      "start_date": "any",
      "template_id": "any",
      "template_level": "string",
      "template_name": "any",
      "updated_by": "any",
      "updated_date": "any"

    },
    "FormatCodeType": {
      "format_code": "string"
    },
    "HoldnamesType": {
      "hold_name": "string"
    },
    "ImprintType": {
      "external_imp_code": "string"
    },
    "ItemsType": {
      "item_number": "string"
    },
    "OrganizationType": {
      "party_id": "number",
      "party_name": "string",
      "party_number": "string"
    },
    "AccountNumberType": {

      "account_number": "string",
      "cust_account_id": "number"
    },
    "OwnerCodeType": {
      "owner_code": "string"
    },
    "PubCodeType": {
      "external_pub_code": "string"
    },
    "ReportingGrpCodeType": {
      "reporting_grp_code": "string"
    },
    "RuleHeadersTblType": {
      "account_description": "any",
      "account_number": "any",
      "cust_account_id": "any",
      "department_id": "any",
      "destination_account": "string",
      "end_date": "any",
      "entered_by": "any",
      "entered_date": "any",
      "organization_id": "any",
      "organization_name": "string",
      "organization_number": "any",
      "rule_id": "number",
      "sales_channel": "string",
      "start_date": "any",
      "updated_by": "any",
      "updated_date": "any"
    },
    "RulesLinesTblType": {
      "entered_by": "any",
      "entered_date": "any",
      "format": "any",
      "format_name": "any",
      "imprint": "any",
      "imprint_name": "any",
      "inner_pack": "any",
      "inventory_item_id": "any",
      "item": "any",
      "master_pack": "any",
      "new_pack_quantity": "any",
      "owner_code": "string",
      "owner_id": "number",
      "owner_name": "any",
      "price_on_book": "any",
      "pub_id": "number",
      "publisher": "any",
      "publisher_name": "any",
      "reporting_group": "any",
      "reporting_group_description": "any",
      "reporting_grp_id": "number",
      "rule_id": "number",
      "rule_line_id": "number",
      "sequence": "number",
      "ship_to_name": "any",
      "ship_to_number": "any",
      "shrink_wrap": "any",
      "sub_format": "any",
      "sub_format_name": "any",
      "updated_by": "any",
      "updated_date": "any"

    },
    "ShipToNumberType": {
      "ship_to_number": "string"
    },
    "SubFormatType": {
      "sub_format_code": "string"
    },
    "TemplateNameType": {
      "template_name": "string"
    }

  },
  "eventListeners": {
    "buttonAction": {
      "chains": [
        {
          "chainId": "SearchBtnAction"
        }
      ]
    },
    "buttonAction10": {
      "chains": [
        {
          "chainId": "CreateLinesActionEvent"
        }
      ]
    },
    "buttonAction11": {
      "chains": [
        {
          "chainId": "ResetBtnAction"
        }
      ]
    },
    "buttonAction2": {
      "chains": [
        {
          "chainId": "LinesAddBtnAction"
        }
      ]
    },
    "buttonAction3": {
      "chains": [
        {
          "chainId": "headersAddBtnAction"
        }
      ]
    },
    "buttonAction4": {
      "chains": [
        {
          "chainId": "HeaderDlgCloseAction"
        }
      ]
    },
    "buttonAction5": {
      "chains": [
        {
          "chainId": "LinesDlgCLoseAction"
        }
      ]
    },
    "buttonAction6": {
      "chains": [
        {
          "chainId": "CreateHeadersAction"
        }
      ]
    },
    "buttonAction7": {
      "chains": [
        {
          "chainId": "CreateLinesAction"
        }
      ]
    },
    "buttonAction8": {
      "chains": [
        {
          "chainId": "ActionsAddBtnAction"
        }
      ]
    },
    "buttonAction9": {
      "chains": [
        {
          "chainId": "closeLineActionsDlg"
        }
      ]
    },
    "comboKeyup": {
      "chains": [
        {
          "chainId": "OrganizationKeyUpAction",
          "parameters": {
            "CurrentValue": "[[ $event.srcElement.value ]]"
          }
        }
      ]
    },
    "comboKeyup2": {
      "chains": [
        {
          "chainId": "ShipToNumKeyUpAction",
          "parameters": {
            "CurrentValue": "[[ $event.srcElement.value ]]"
          }
        }
      ]
    },
    "comboKeyup3": {
      "chains": [
        {
          "chainId": "ItemsKeyUpAction",
          "parameters": {
            "CurrentValue": "[[ $event.srcElement.value ]]"
          }
        }
      ]
    },
    "comboKeyup4": {
      "chains": [
        {
          "chainId": "AccountNumberKeyupAction",
          "parameters": {
            "CurrentValue": "[[ $event.srcElement.value ]]"
          }
        }
      ]
    },
    "comboKeyup5": {
      "chains": [
        {
          "chainId": "SearchAccountKeyupAction",
          "parameters": {
            "CurrentValue": "[[ $event.srcElement.value ]]"
          }
        }
      ]
    },
    "comboValue": {
      "chains": [
        {
          "chainId": "OrganizationvalueChange",
          "parameters": {
            "value": "{{ $event.detail.value }}"
          }
        }
      ]
    },
    "comboValue10": {
      "chains": [
        {
          "chainId": "TemplateNameValueChange",
          "parameters": {
            "value": "{{ $event.detail.value }}"
          }
        }
      ]
    },
    "comboValue11": {
      "chains": [
        {
          "chainId": "SearchOrgValueChange",
          "parameters": {
            "value": "{{ $event.detail.value }}"
          }
        }
      ]
    },
    "comboValue2": {
      "chains": [
        {
          "chainId": "AccountnumbervalueChange",
          "parameters": {
            "value": "{{ $event.detail.value }}"
          }
        }
      ]
    },
    "comboValue3": {
      "chains": [
        {
          "chainId": "OwnerValueChange",
          "parameters": {
            "value": "{{ $event.detail.value }}"
          }
        }
      ]
    },
    "comboValue4": {
      "chains": [
        {
          "chainId": "RepGroupValueChange",
          "parameters": {
            "value": "{{ $event.detail.value }}"
          }
        }
      ]
    },
    "comboValue5": {
      "chains": [
        {
          "chainId": "PubValueChange",
          "parameters": {
            "value": "{{ $event.detail.value }}"
          }
        }
      ]
    },
    "comboValue6": {
      "chains": [
        {
          "chainId": "ImprintValueChange",
          "parameters": {
            "value": "{{ $event.detail.value }}"
          }
        }
      ]
    },
    "comboValue7": {
      "chains": [
        {
          "chainId": "FormatValueChange",
          "parameters": {
            "value": "{{ $event.detail.value }}"
          }
        }
      ]
    },
    "comboValue8": {
      "chains": [
        {
          "chainId": "SubFormatValueChange",
          "parameters": {
            "value": "{{ $event.detail.value }}"
          }
        }
      ]
    },
    "comboValue9": {
      "chains": [
        {
          "chainId": "ShipToNumValueChange",
          "parameters": {
            "value": "{{ $event.detail.value }}"
          }
        }
      ]
    },
    "iconClick": {
      "chains": [
        {
          "chainId": "headerEditIconAction",
          "parameters": {
            "key": "{{ $current.key }}",
            "index": "{{ $current.index }}",
            "current": "{{ $current }}"
          }
        }
      ]
    },
    "iconClick2": {
      "chains": [
        {
          "chainId": "LinesRowEditiconAction",
          "parameters": {
            "key": "{{ $current.key }}",
            "index": "{{ $current.index }}",
            "current": "{{ $current }}"
          }
        }
      ]
    },
    "iconClick3": {
      "chains": [
        {
          "chainId": "LineActionsEditIcon",
          "parameters": {
            "key": "{{ $current.key }}",
            "index": "{{ $current.index }}",
            "current": "{{ $current }}"
          }
        }
      ]
    },
    "tableFirstSelectedRow": {
      "chains": [
        {
          "chainId": "HeaderTblRowSelection",
          "parameters": {
            "rowKey": "{{$event.detail.value.key}}",
            "rowData": "{{$event.detail.value.data}}"
          }
        }
      ]
    },
    "tableFirstSelectedRow2": {
      "chains": [
        {
          "chainId": "RulesLinesRowSelectionAction",
          "parameters": {
            "rowKey": "{{$event.detail.value.key}}",
            "rowData": "{{$event.detail.value.data}}"
          }
        }
      ]
    },
    "toggleDrawer": {
      "chains": [
        {
          "chainId": "application:toggleDrawerHandler"
        }
      ]
    },
    "vbEnter": {
      "chains": [
        {
          "parameters": {},
          "chainId": "FetchLOVS"
        },
        {
          "parameters": {},
          "chainId": "Fetchheaders"
        }
      ]
    }

  },
  "imports": {
    "components": {
      "oj-button": {
        "path": "ojs/ojbutton"
      },
      "oj-checkboxset": {
        "path": "ojs/ojcheckboxset"
      },
      "oj-combobox-one": {
        "path": "ojs/ojselectcombobox"
      },
      "oj-dialog": {
        "path": "ojs/ojdialog"
      },
      "oj-form-layout": {
        "path": "ojs/ojformlayout"
      },
      "oj-input-date": {
        "path": "ojs/ojdatetimepicker"
      },
      "oj-input-number": {
        "path": "ojs/ojinputnumber"
      },
      "oj-input-text": {
        "path": "ojs/ojinputtext"
      },
      "oj-option": {
        "path": "ojs/ojoption"
      },
      "oj-sample-export-data": {
        "path": "oj-sample/export-data/loader"
      },
      "oj-table": {
        "path": "ojs/ojtable"
      },
      "oj-validation-group": {
        "path": "ojs/ojvalidationgroup"
      }

    },
    "modules": {
      "ojValidationDateTime": {
        "path": "ojs/ojvalidation-datetime"
      },
      "ojValidationNumber": {
        "path": "ojs/ojvalidation-number"
      }
    }
  }
}