{
"Organization_Number      ":"",
"Account_Type             ":"",
"Description              ":"",
"Bill_To_Country          ":"",
"Bill_To_State            ":"",
"Ship_To_Country          ":"",
"Ship_to_State            ":"",
"Final_Destination_Country":"",
"Sales_Force              ":"",
"Sales_Force_Name         ":"",
"Division                 ":"",
"Division_Name            ":"",
"Territory                ":"",
"Territory_Name           ":"",
"Sales_Rep                ":"",
"Sales_Rep_Name           ":"",
"Distribution_Channel     ":"",
"Notes                    ":"",
"Entered_By               ":"",
"Entered_Date             ":"",
"Updated_By               ":"",
"Updated_Date             ":"",
"Start_Date               ":"",
"End_Date                 ":"",
"Status                   ":""
}