{
  "description": "",
  "root": "ifValue",
  "actions": {
    "fireNotification": {
      "module": "vb/action/builtin/fireNotificationEventAction",
      "parameters": {
        "target": "leaf",
        "summary": "Failed to fetch Owner",
        "type": "error",
        "displayMode": "persist"
      }
    },
    "callRestGetlookupValueInfo": {
      "module": "vb/action/builtin/restAction",
      "parameters": {
        "endpoint": "devOrds/getlookupValueInfo",
        "uriParams": {
          "P_LOOKUP_TYPE": "HBG_REPORTING_GROUP",
          "P_TAG": "{{ $variables.value }}"
        }
      },
      "outcomes": {
        "failure": "fireNotification",
        "success": "assignVariablesReportingGroupArray"
      }
    },
    "assignVariablesReportingGroupArray": {
      "module": "vb/action/builtin/assignVariablesAction",
      "parameters": {
        "$page.variables.ReportingGroupArray": {
          "source": "{{ $chain.results.callRestGetlookupValueInfo.body.items }}"
        }
      }
    },
    "ifValue": {
      "module": "vb/action/builtin/ifAction",
      "parameters": {
        "condition": "[[ $variables.value ]]"
      },
      "outcomes": {
        "true": "callRestGetlookupValueInfo"
      }
    }
  },
  "variables": {
    "value": {
      "required": true,
      "type": "any",
      "input": "fromCaller"
    }
  }
}