{
  "description": "",
  "root": "ifCurrentValue",
  "actions": {
    "ifCurrentValue": {
      "module": "vb/action/builtin/ifAction",
      "parameters": {
        "condition": "[[ $variables.CurrentValue.length >= 1 ]]"
      },
      "outcomes": {
        "true": "callRestGetReportingGroup"
      }
    },
    "fireNotification": {
      "module": "vb/action/builtin/fireNotificationEventAction",
      "parameters": {
        "target": "leaf",
        "summary": "[[ $chain.results.callRestGetReportingGroup.message.summary ]]",
        "type": "error",
        "displayMode": "persist"
      }
    },
    "callRestGetReportingGroup": {
      "module": "vb/action/builtin/restAction",
      "parameters": {
        "endpoint": "devOrds/getReportingGroup",
        "uriParams": {
          "P_OWNER_ID": "{{ $page.variables.searchObj.p_owner_id }}",
          "P_REPORTING_CODE": "{{ $variables.CurrentValue }}"
        }
      },
      "outcomes": {
        "failure": "fireNotification",
        "success": "assignVariablesReportingGroupArray"
      }
    },
    "assignVariablesReportingGroupArray": {
      "module": "vb/action/builtin/assignVariablesAction",
      "parameters": {
        "$page.variables.ReportingGroupArray": {
          "source": "{{ $chain.results.callRestGetReportingGroup.body.items }}"
        }
      }
    }
  },
  "variables": {
    "CurrentValue": {
      "type": "string",
      "description": "",
      "input": "fromCaller"
    }
  }
}