{
  "description": "",
  "root": "runInParallel",
  "actions": {

    "fireNotification": {
      "module": "vb/action/builtin/fireNotificationEventAction",
      "parameters": {
        "target": "leaf",
        "summary": "Failed to Fetch Criteria",
        "type": "error",
        "displayMode": "transient"
      }
    },
    "callRestFetchCriterioSearchAction": {
      "module": "vb/action/builtin/restAction",
      "parameters": {
        "endpoint": "devOrds/FetchCriterioSearchAction",
        "uriParams": {
          "p_cust_account_id": "{{ $page.variables.searchObj.p_cust_account_id ? $page.variables.searchObj.p_cust_account_id : \"\" }}",
          "p_hdr_reason_code": "{{ $page.variables.searchObj.p_hdr_reason_code ? $page.variables.searchObj.p_hdr_reason_code : \"\" }}",
          "p_invetory_item_id": "{{ $page.variables.searchObj.p_invetory_item_id ? $page.variables.searchObj.p_invetory_item_id : \"\" }}",
          "p_release_reason_code": "{{ $page.variables.searchObj.p_release_reason_code ? $page.variables.searchObj.p_release_reason_code : \"\" }}",
          "p_line_status": "{{ $page.variables.searchObj.p_line_status ? $page.variables.searchObj.p_line_status : \"\" }}",
          "p_order_status": "{{ $page.variables.searchObj.p_order_status ? $page.variables.searchObj.p_order_status : \"\" }}",
          "p_organization_id": "{{ $page.variables.searchObj.p_organization_id ? $page.variables.searchObj.p_organization_id : \"\" }}",
          "p_received_from_date": "{{ $page.variables.searchObj.p_received_from_date ? $page.variables.searchObj.p_received_from_date : \"\" }}",
          "p_received_to_date": "{{ $page.variables.searchObj.p_received_to_date ? $page.variables.searchObj.p_received_to_date : \"\" }}",
          "p_to_ordered_qty": "{{ $page.variables.searchObj.p_to_ordered_qty ? $page.variables.searchObj.p_to_ordered_qty : \"\" }}",
          "p_from_ordered_qty": "{{ $page.variables.searchObj.p_from_ordered_qty ? $page.variables.searchObj.p_from_ordered_qty  :\"\" }}",
          "p_ex_cust_account_id": "{{ $page.variables.searchObj.p_ex_cust_account_id ? $page.variables.searchObj.p_ex_cust_account_id : \"\" }}",
          "p_header_id": "{{ $page.variables.searchObj.p_header_id ? $page.variables.searchObj.p_header_id : \"\" }}",
          "p_order_number": "{{ $chain.results.callFunctionStringigyArray }}",
          "p_item_number": "{{ $chain.results.callFunctionStringigyArray2 }}",
          "p_cat1": "{{ $page.variables.searchObj.p_cat1 ? $page.variables.searchObj.p_cat1 : \"\" }}",
          "p_cat2": "{{ $page.variables.searchObj.p_cat2 ? $page.variables.searchObj.p_cat2 : \"\" }}",
          "p_owner_id": "{{ $page.variables.searchObj.p_owner_id ? $page.variables.searchObj.p_owner_id  : \"\" }}",
          "p_rpg_grp": "{{ $page.variables.searchObj.p_rpg_grp ? $page.variables.searchObj.p_rpg_grp : \"\" }}",
          "p_po_number": "{{ $chain.results.callFunctionStringigyArray3 ? $chain.results.callFunctionStringigyArray3 : \"\" }}",
          "p_party_site_id": "{{ $page.variables.searchObj.p_party_site_id ? $page.variables.searchObj.p_party_site_id : \"\" }}",
          "p_apply_reason_code": "{{ $page.variables.searchObj.p_apply_reson_code ? $page.variables.searchObj.p_apply_reson_code : \"\" }}",
          "p_from_ord_net_value": "{{ $page.variables.searchObj.p_from_ord_net_value ? $page.variables.searchObj.p_from_ord_net_value : \"\" }}",
          "p_offer_code": "{{ $page.variables.searchObj.p_offer_code ? $page.variables.searchObj.p_offer_code : \"\" }}",
          "p_to_ord_net_value": "{{ $page.variables.searchObj.p_to_ord_net_value ? $page.variables.searchObj.p_to_ord_net_value : \"\" }}",
          "p_org_name": "{{ $page.variables.searchObj.p_org_name ? $page.variables.searchObj.p_org_name : \"\" }}"

        }
      },
      "outcomes": {
        "failure": "fireNotification",
        "success": "fireNotification3"
      }
    },
    "navigateToChanges": {
      "module": "vb/action/builtin/navigateAction",
      "parameters": {
        "page": "/shell/changes"
      },
      "outcomes": {}
    },
    "callFunctionStringigyArray": {
      "module": "vb/action/builtin/callModuleFunctionAction",
      "parameters": {
        "module": "[[ $functions ]]",
        "functionName": "StringigyArray",
        "params": [
          "{{ $page.variables.searchObj.p_order_number }}"
        ]
      }
    },
    "callFunctionStringigyArray2": {
      "module": "vb/action/builtin/callModuleFunctionAction",
      "parameters": {
        "module": "[[ $functions ]]",
        "functionName": "StringigyArray",
        "params": [
          "{{ $page.variables.searchObj.p_item_number }}"
        ]
      }
    },
    "callFunctionStringigyArray3": {
      "module": "vb/action/builtin/callModuleFunctionAction",
      "parameters": {
        "module": "[[ $functions ]]",
        "functionName": "StringigyArray",
        "params": [
          "{{ $page.variables.searchObj.p_po_number }}"
        ]
      }
    },
    "ifSearchObj": {
      "module": "vb/action/builtin/ifAction",
      "parameters": {
        "condition": "[[ $page.variables.searchObj.p_order_number ]]"
      },
      "outcomes": {
        "true": "callFunctionStringigyArray"
      }
    },
    "runInParallel": {
      "module": "vb/action/builtin/forkAction",
      "parameters": {
        "actions": {
          "ifSearchObj": "ifSearchObj",
          "callFunctionStringigyArray2": "ifSearchObj2",
          "callFunctionStringigyArray3": "ifSearchObj3"
        }
      },
      "outcomes": {
        "join": "callRestFetchCriterioSearchAction"
      }
    },
    "fireNotification3": {
      "module": "vb/action/builtin/fireNotificationEventAction",
      "parameters": {
        "target": "leaf",
        "summary": "Search Submitted Successfully. Please export the Orders file",
        "displayMode": "transient",
        "type": "info"
      },
      "outcomes": {
        "success": "navigateToChanges"
      }
    },
    "ifSearchObj2": {
      "module": "vb/action/builtin/ifAction",
      "parameters": {
        "condition": "[[ $page.variables.searchObj.p_item_number ]]"
      },
      "outcomes": {
        "true": "callFunctionStringigyArray2"
      }
    },
    "ifSearchObj3": {
      "module": "vb/action/builtin/ifAction",
      "parameters": {
        "condition": "[[ $page.variables.searchObj.p_po_number ]]"
      },
      "outcomes": {
        "true": "callFunctionStringigyArray3"
      }
    }
  },
  "variables": {}
}