{
  "description": "",
  "root": "runInParallel",
  "actions": {
    "fireNotification": {
      "module": "vb/action/builtin/fireNotificationEventAction",
      "parameters": {
        "target": "leaf",
        "summary": "Failed to submitt Apply Hold",
        "type": "error",
        "displayMode": "persist"
      }
    },
    "callRestPostHBGMASSORDERUPDATEINT1UpdateSalesOrders": {
      "module": "vb/action/builtin/restAction",
      "parameters": {
        "endpoint": "ics/postHBG_MASS_ORDER_UPDATE_INT1_0UpdateSalesOrders",
        "body": "{{ $page.variables.fromObj }}"
      },
      "outcomes": {
        "failure": "fireNotification",
        "success": "fireNotification3"
      }
    },
    "fireNotification3": {
      "module": "vb/action/builtin/fireNotificationEventAction",
      "parameters": {
        "target": "leaf",
        "summary": "Apply Hold Submitted Successfully",
        "displayMode": "transient",
        "type": "confirmation"
      }
    },
    "runInParallel": {
      "module": "vb/action/builtin/forkAction",
      "parameters": {
        "actions": {
          "callFunction": "callFunctionStringigyArray2",
          "callFunctionStringigyArray": "callFunctionStringigyArray"
        }
      },
      "outcomes": {
        "join": "callRestPostHBGMASSORDERUPDATEINT1UpdateSalesOrders"
      }
    },
    "callFunctionStringigyArray": {
      "module": "vb/action/builtin/callModuleFunctionAction",
      "parameters": {
        "module": "[[ $functions ]]",
        "functionName": "StringigyArray",
        "params": [
          "{{ $page.variables.fromObj.ApplyReasonString }}"
        ]
      },
      "outcomes": {
        "success": "assignVariablesFromObj2"
      }
    },
    "assignVariablesFromObj2": {
      "module": "vb/action/builtin/assignVariablesAction",
      "parameters": {
        "$page.variables.fromObj": {
          "source": {
            "p_apply_reson_code": "{{ $chain.results.callFunctionStringigyArray }}"
          },
          "reset": "none",
          "auto": "always"
        }
      }
    },
    "callFunctionStringigyArray2": {
      "module": "vb/action/builtin/callModuleFunctionAction",
      "parameters": {
        "module": "[[ $functions ]]",
        "functionName": "StringigyArray",
        "params": [
          "{{ $page.variables.fromObj.ReleaseReasonString }}"
        ]
      },
      "outcomes": {
        "success": "assignVariablesFromObj3"
      }
    },
    "assignVariablesFromObj3": {
      "module": "vb/action/builtin/assignVariablesAction",
      "parameters": {
        "$page.variables.fromObj": {
          "source": {
            "p_release_reson_code": "{{ $chain.results.callFunctionStringigyArray2 }}"
          },
          "reset": "none",
          "auto": "always"
        }
      }
    }
  },
  "variables": {}
}