{
  "description": "",
  "root": "ifCurrentValue",
  "actions": {

    "fireNotification": {
      "module": "vb/action/builtin/fireNotificationEventAction",
      "parameters": {
        "target": "leaf",
        "summary": "[[ $chain.results.callRestGetReservationsUIGetCustAccountNumber.message.summary ]]",
        "type": "error",
        "displayMode": "persist"
      }
    },
    "callRestGetReservationsUIGetCustAccountNumber": {
      "module": "vb/action/builtin/restAction",
      "parameters": {
        "endpoint": "devOrds/getReservationsUIGetCustAccountNumber",
        "uriParams": {
          "p_account_number": "{{ $variables.CurrentValue }}"
        },
        "responseType": "getReservationsUIGetCustAccountNumberResponse"
      },
      "outcomes": {
        "failure": "fireNotification",
        "success": "assignVariablesBillToAccNumberArray"
      }
    },
    "ifCurrentValue": {
      "module": "vb/action/builtin/ifAction",
      "parameters": {
        "condition": "[[ $variables.CurrentValue.length >= 3 ]]"
      },
      "outcomes": {
        "true": "callRestGetReservationsUIGetCustAccountNumber",
        "false": "resetVariablesBillToAccNumberArray"
      }
    },
    "assignVariablesBillToAccNumberArray": {
      "module": "vb/action/builtin/assignVariablesAction",
      "parameters": {
        "$page.variables.BillToAccNumberArray": {
          "source": "{{ $chain.results.callRestGetReservationsUIGetCustAccountNumber.body.items }}"
        }
      }
    },
    "resetVariablesBillToAccNumberArray": {
      "module": "vb/action/builtin/resetVariablesAction",
      "parameters": {
        "variables": [
          "$page.variables.BillToAccNumberArray"
        ]
      }
    }
  },
  "variables": {
    "CurrentKey": {
      "type": "string",
      "required": false,
      "input": "fromCaller"
    },
    "CurrentValue": {
      "type": "string",
      "required": false,
      "input": "fromCaller"
    }
  }
}