{
  "description": "",
  "root": "callFunctionDateformatter",
  "actions": {

    "assignVariablesCreateReservationLineObj": {
      "module": "vb/action/builtin/assignVariablesAction",
      "parameters": {
        "$page.variables.CreateReservationLineObj": {
          "source": {
            "created_by": "{{ $application.user.email }}",
            "last_updated_by": "{{ $application.user.email }}"
          },
          "reset": "none",
          "auto": "always"
        },
        "$page.variables.CreateReservationObj": {
          "source": {
            "created_by": "{{ $application.user.email }}",
            "last_updated_by": "{{ $application.user.email }}",
            "expiration_date": "{{ $chain.results.callFunctionDateformatter }}"
          },
          "reset": "none",
          "auto": "always"
        }
      },
      "outcomes": {
        "success": "callRestPostReservationsUIReservationHeader"
      }
    },
    "fireNotification": {
      "module": "vb/action/builtin/fireNotificationEventAction",
      "parameters": {
        "target": "leaf",
        "summary": "Failed to Create Headers",
        "type": "error",
        "displayMode": "transient",
        "message": "[[ $chain.results.callRestPostReservationsUIReservationHeader.status + ' ' + $chain.results.callRestPostReservationsUIReservationHeader.message.summary ]]"
      }
    },
    "callRestPostReservationsUIReservationHeader": {
      "module": "vb/action/builtin/restAction",
      "parameters": {
        "endpoint": "devOrds/postReservationsUIReservationHeader",
        "body": "{{ $page.variables.CreateReservationObj }}"
      },
      "outcomes": {
        "failure": "fireNotification",
        "success": "if"
      }
    },
    "assignVariablesCreateReservationObj": {
      "module": "vb/action/builtin/assignVariablesAction",
      "parameters": {
        "$page.variables.CreateReservationObj": {
          "source": {
            "pre_reservation_number": "{{ $chain.results.callRestPostReservationsUIReservationHeader.body.x_return_status }}",
            "status": "In Process"
          },
          "reset": "none",
          "auto": "always"
        },
        "$page.variables.CreateReservationLineObj": {
          "source": {
            "reservation_number": "{{ $chain.results.callRestPostReservationsUIReservationHeader.body.x_return_status }}",
            "created_by": "{{ $application.user.email }}"
          },
          "reset": "none",
          "auto": "always"
        }
      },
      "outcomes": {
        "success": "fireNotification3"
      }
    },
    "if": {
      "module": "vb/action/builtin/ifAction",
      "parameters": {
        "condition": "[[ $chain.results.callRestPostReservationsUIReservationHeader.body.x_return_status == 'Error' ]]"
      },
      "outcomes": {

        "true": "fireNotification6",
        "false": "assignVariablesCreateReservationObj"
      }
    },
    "fireNotification6": {
      "module": "vb/action/builtin/fireNotificationEventAction",
      "parameters": {
        "target": "leaf",
        "summary": "Failed to Create Headers",
        "message": "Please enter mandatory fields Requestor, Reason Code & Expiration Date",
        "displayMode": "transient"
      }
    },
    "fireNotification3": {
      "module": "vb/action/builtin/fireNotificationEventAction",
      "parameters": {
        "target": "leaf",
        "summary": "Saved Header Successfully with ID",
        "message": "[[ $chain.results.callRestPostReservationsUIReservationHeader.body.x_return_status ]]",
        "type": "confirmation",
        "displayMode": "transient"
      }
    },
    "callFunctionDateformatter": {
      "module": "vb/action/builtin/callModuleFunctionAction",
      "parameters": {
        "module": "[[ $functions ]]",
        "functionName": "dateformatter",
        "params": [
          "{{ $page.variables.CreateReservationObj.expiration_date }}"
        ]
      },
      "outcomes": {
        "success": "assignVariablesCreateReservationLineObj"
      }
    }
  },
  "variables": {}
}