{
  "root": "resetVariablesReservationCriteriaADP",
  "description": "",
  "actions": {
    "resetVariablesReservationCriteriaADP": {
      "module": "vb/action/builtin/resetVariablesAction",
      "parameters": {
        "variables": [
          "$page.variables.ReservationCriteriaADP"
        ]
      },
      "outcomes": {
        "success": "callRestGetReservationsUIReservationCriteria"
      }
    },
    "fireNotification": {
      "module": "vb/action/builtin/fireNotificationEventAction",
      "parameters": {
        "target": "leaf",
        "summary": "[[ $chain.results.callRestGetReservationsUIReservationCriteria.message.summary ]]",
        "type": "error",
        "displayMode": "persist"
      }
    },
    "callRestGetReservationsUIReservationCriteria": {
      "module": "vb/action/builtin/restAction",
      "parameters": {
        "endpoint": "devOrds/getReservationsUIReservationCriteria",
        "uriParams": {
          "p_reservation_number": "{{ $page.variables.CreateReservationObj.pre_reservation_number }}"
        }
      },
      "outcomes": {
        "failure": "fireNotification",
        "success": "if"
      }
    },
    "if": {
      "module": "vb/action/builtin/ifAction",
      "parameters": {
        "condition": "[[ $chain.results.callRestGetReservationsUIReservationCriteria.body.count > 0 ]]"
      },
      "outcomes": {
        "true": "assignVariablesReservationCriteriaADP"
      }
    },
    "assignVariablesReservationCriteriaADP": {
      "module": "vb/action/builtin/assignVariablesAction",
      "parameters": {
        "$page.variables.ReservationCriteriaADP": {
          "source": {
            "data": "{{ $chain.results.callRestGetReservationsUIReservationCriteria.body.items }}"
          },
          "reset": "none",
          "auto": "always"
        }
      }
    }
  }
}