{
  "description": "",
  "root": "assignVariablesCreateReservationLineObj",
  "actions": {

    "assignVariablesCreateReservationLineObj": {
      "module": "vb/action/builtin/assignVariablesAction",
      "parameters": {
        "$page.variables.CreateResDetailButton": {
          "source": "Save"
        },
        "$page.variables.CreateResDetailButton2": {
          "source": "Save & Add"
        },
        "$page.variables.CreateReservationLineObj": {
          "source": "{{ $variables.current.row }}",
          "auto": "always"
        },
        "$page.variables.CreateBtnOnReservationTypeValue": {
          "source": "Y"
        }

      },
      "outcomes": {
        "success": "callComponentCreatelinesOpen"
      }
    },
    "callComponentCreatelinesOpen": {
      "module": "vb/action/builtin/callComponentMethodAction",
      "parameters": {
        "component": "{{ document.getElementById('createlines') }}",
        "method": "open"
      }
    }
  },
  "variables": {
    "key": {
      "required": true,
      "type": "any",
      "input": "fromCaller"
    },
    "index": {
      "required": true,
      "type": "number",
      "input": "fromCaller"
    },
    "current": {
      "required": true,
      "type": "any",
      "input": "fromCaller"
    }
  }
}