{
  "description": "",
  "root": "ifCurrentValue",
  "actions": {

    "fireNotification": {
      "module": "vb/action/builtin/fireNotificationEventAction",
      "parameters": {
        "target": "leaf",
        "summary": "[[ $chain.results.callRestGetReservationsUIGetPartyName.message.summary ]]",
        "type": "error",
        "displayMode": "persist"
      }
    },
    "callRestGetReservationsUIGetPartyName": {
      "module": "vb/action/builtin/restAction",
      "parameters": {
        "endpoint": "devOrds/getReservationsUIGetPartyName",
        "uriParams": {
          "p_party_number": "{{ $variables.CurrentValue }}"
        }
      },
      "outcomes": {
        "failure": "fireNotification",
        "success": "assignVariablesOrgCodePartyNameArray"
      }
    },
    "ifCurrentValue": {
      "module": "vb/action/builtin/ifAction",
      "parameters": {
        "condition": "[[ $variables.CurrentValue.length >= 3 ]]"
      },
      "outcomes": {
        "true": "callRestGetReservationsUIGetPartyName",
        "false": "resetVariablesOrgCodePartyNameArray"
      }
    },
    "assignVariablesOrgCodePartyNameArray": {
      "module": "vb/action/builtin/assignVariablesAction",
      "parameters": {
        "$page.variables.OrgCodePartyNameArray": {
          "source": "{{ $chain.results.callRestGetReservationsUIGetPartyName.body.items }}"
        }
      }
    },
    "resetVariablesOrgCodePartyNameArray": {
      "module": "vb/action/builtin/resetVariablesAction",
      "parameters": {
        "variables": [
          "$page.variables.OrgCodePartyNameArray"
        ]
      }
    }
  },
  "variables": {
    "CurrentKey": {
      "type": "string",
      "required": false,
      "input": "fromCaller"
    },
    "CurrentValue": {
      "type": "string",
      "required": false,
      "input": "fromCaller"
    }
  }
}