{
  "description": "",
  "root": "assignVariablesCreateReservationLineObj",
  "actions": {
    "assignVariablesCreateReservationLineObj": {
      "module": "vb/action/builtin/assignVariablesAction",
      "parameters": {
        "$page.variables.CreateReservationLineObj": {
          "source": {
            "reserved_quantity": "{{ $page.variables.CreateReservationLineObj.requested_quantity }}",
            "available_reserved": "{{ $page.variables.CreateReservationLineObj.requested_quantity }}"
          },
          "reset": "none",
          "auto": "always"
        }
      },
      "outcomes": {
        "success": "assignVariablesCreateReservationLineObj2"
      }
    },
    "assignVariablesCreateReservationLineObj2": {
      "module": "vb/action/builtin/assignVariablesAction",
      "parameters": {
        "$page.variables.CreateReservationLineObj": {
          "source": {
            "available_reserved": "{{ $page.variables.CreateReservationLineObj.requested_quantity - $page.variables.CreateReservationLineObj.released_via_cuid }}"
          },
          "reset": "none",
          "auto": "always"
        }
      }
    }
  },
  "variables": {
    "value": {
      "required": true,
      "type": "any",
      "input": "fromCaller"
    }
  }
}