{
  "description": "",
  "root": "ifCurrentValue",
  "actions": {

    "fireNotification": {
      "module": "vb/action/builtin/fireNotificationEventAction",
      "parameters": {
        "target": "leaf",
        "summary": "[[ $chain.results.callRestGetReservationsUIGetPartySiteNumberLOV.message.summary ]]",
        "type": "error",
        "displayMode": "persist"
      }
    },
    "callRestGetReservationsUIGetPartySiteNumberLOV": {
      "module": "vb/action/builtin/restAction",
      "parameters": {
        "endpoint": "devOrds/getReservationsUIGetPartySiteNumberLOV",
        "uriParams": {
          "p_party_site_number": "{{ $variables.CurrentValue }}"
        }
      },
      "outcomes": {
        "failure": "fireNotification",
        "success": "assignVariablesShipToPartySiteNumberArray"
      }
    },
    "ifCurrentValue": {
      "module": "vb/action/builtin/ifAction",
      "parameters": {
        "condition": "[[ $variables.CurrentValue.length >= 3 ]]"
      },
      "outcomes": {
        "true": "callRestGetReservationsUIGetPartySiteNumberLOV"
      }
    },
    "assignVariablesShipToPartySiteNumberArray": {
      "module": "vb/action/builtin/assignVariablesAction",
      "parameters": {
        "$page.variables.ShipToPartySiteNumberArray": {
          "source": "{{ $chain.results.callRestGetReservationsUIGetPartySiteNumberLOV.body.items }}"
        }
      }
    }
  },
  "variables": {
    "CurrentKey": {
      "type": "string",
      "required": false,
      "input": "fromCaller"
    },
    "CurrentValue": {
      "type": "string",
      "required": false,
      "input": "fromCaller"
    }
  }
}