{
  "description": "",
  "root": "assignVariablesCreateReservationLineObj",
  "actions": {
    "assignVariablesCreateReservationLineObj": {
      "module": "vb/action/builtin/assignVariablesAction",
      "parameters": {
        "$page.variables.CreateReservationLineObj": {
          "source": {

            "subinventory": "{{ $variables.rowData.SUBINVENTORY_CODE }}",
            "inventory_organization": "{{ $variables.rowData.ORGANIZATION_CODE }}",
            "end_balance": "{{ $variables.rowData.ON_HAND_QUANTITY }}",
            "lot_number": "{{ $variables.rowData.LOT_NUMBER }}",
            "usable_balance": "{{ $variables.rowData.AVAILABLE_TO_RESERVE }}",
            "pre_reserved_balance": "{{ $variables.rowData.RESERVED_QTY }}"
          },
          "reset": "none",
          "auto": "always"
        },
        "$page.variables.CreateBtnOnReservationTypeValue": {
          "source": "Y"
        }
      },
      "outcomes": {
        "success": "callComponentSelectlotnumberClose"
      }
    },
    "callComponentSelectlotnumberClose": {
      "module": "vb/action/builtin/callComponentMethodAction",
      "parameters": {
        "component": "{{ document.getElementById('selectlotnumber') }}",
        "method": "close"
      },
      "outcomes": {
        "success": "resetVariablesLotNumberADP"
      }
    },
    "resetVariablesLotNumberADP": {
      "module": "vb/action/builtin/resetVariablesAction",
      "parameters": {
        "variables": [
          "$page.variables.LotNumberADP.data"
        ]
      }
    }
  },
  "variables": {
    "rowKey": {
      "required": true,
      "type": "any",
      "input": "fromCaller"
    },
    "rowData": {
      "required": true,
      "type": "any",
      "input": "fromCaller"
    }
  }
}