{
  "description": "",
  "root": "switchSelection",
  "actions": {
    "switchSelection": {
      "module": "vb/action/builtin/switchAction",
      "parameters": {
        "caseValue": "[[ $variables.selection ]]",
        "possibleValues": [
          "li-2073251420-1",
          "li-2073251420-2",
          "li-2073251420-3"
        ]
      },
      "outcomes": {
        "li-2073251420-1": "navigateToCountrygroupsCountrygroupsStart",
        "li-2073251420-2": "navigateToDistrightsDefaultPage",
        "li-2073251420-3": "navigateToTitlerightsDefaultPage"
      }
    },
    "navigateToCountrygroupsCountrygroupsStart": {
      "module": "vb/action/builtin/navigateAction",
      "@dt": {
        "targetType": "flow"
      },
      "parameters": {
        "flow": "countrygroups",
        "page": "countrygroups-start"
      },
      "outcomes": {
        "success": "assignVariablesToggle"
      }
    },
    "navigateToDistrightsDefaultPage": {
      "module": "vb/action/builtin/navigateAction",
      "@dt": {
        "targetType": "flow"
      },
      "parameters": {
        "flow": "distrights",
        "page": ""
      },
      "outcomes": {
        "success": "assignVariablesToggle2"
      }
    },
    "navigateToTitlerightsDefaultPage": {
      "module": "vb/action/builtin/navigateAction",
      "@dt": {
        "targetType": "flow"
      },
      "parameters": {
        "flow": "titlerights",
        "page": ""
      },
      "outcomes": {
        "success": "assignVariablesToggle3"
      }
    },
    "assignVariablesToggle": {
      "module": "vb/action/builtin/assignVariablesAction",
      "parameters": {
        "$page.variables.toggle": {
          "source": false
        }
      }
    },
    "assignVariablesToggle2": {
      "module": "vb/action/builtin/assignVariablesAction",
      "parameters": {
        "$page.variables.toggle": {
          "source": false
        }
      }
    },
    "assignVariablesToggle3": {
      "module": "vb/action/builtin/assignVariablesAction",
      "parameters": {
        "$page.variables.toggle": {
          "source": false
        }
      }
    }
  },
  "variables": {
    "selection": {
      "required": true,
      "type": "any",
      "input": "fromCaller"
    }
  }
}