{
    "vbcs.dt.version": "20221205-23.04.0",
    "version": "2.0.2",
    "source.version": "2304",
    "rootURL": "vbcookbook",
    "dependencies": {
        "upgrade": "micro",
        "paths": {
            "jet": "https://static.oracle.com/cdn/jet/13.1.5",
            "visualRuntime": "https://static.oracle.com/cdn/vb/2304.0.0",
            "telemetry": "https://static.oracle.com/cdn/trace/7.2.0"
        }
    },
    "migration": {
        "2304": [
            "LayoutFieldRestDisplayPropertyMigrator",
            "ReferenceToNumberFieldTypeMigrator",
            "SetHistoryTypeMigrator"
        ]
    }
}