{
  "description": "",
  "root": "callFunctionValidateGroup",
  "actions": {
    "assignVariablesReportingGrpCreateObj": {
      "module": "vb/action/builtin/assignVariablesAction",
      "parameters": {
        "$page.variables.ReportingGrpCreateObj": {
          "source": {
            "last_updated_by": "{{ $application.user.email }}",
            "created_by": "{{ $application.user.email }}",
            "owner_id": "{{ $page.variables.selectedRowOwner }}"
          },
          "reset": "none",
          "auto": "always"
        }
      },
      "outcomes": {
        "success": "callRestPostFamilyCodeReportingGroup"
      }
    },
    "fireNotification": {
      "module": "vb/action/builtin/fireNotificationEventAction",
      "parameters": {
        "target": "leaf",
        "summary": "Failed to Create Reporting Group",
        "type": "error",
        "displayMode": "transient"
      }
    },
    "callRestPostFamilyCodeReportingGroup": {
      "module": "vb/action/builtin/restAction",
      "parameters": {
        "endpoint": "devOrds/postFamilyCodeReportingGroup",
        "body": "{{ $page.variables.ReportingGrpCreateObj }}"
      },
      "outcomes": {
        "failure": "fireNotification",
        "success": "fireNotification3"
      }
    },
    "fireNotification3": {
      "module": "vb/action/builtin/fireNotificationEventAction",
      "parameters": {
        "target": "leaf",
        "summary": "Reporting Group Created Successfully",
        "displayMode": "transient",
        "type": "confirmation"
      },
      "outcomes": {
        "success": "callChainFetchReportingGroup"
      }
    },
    "if": {
      "module": "vb/action/builtin/ifAction",
      "parameters": {
        "condition": "[[ $chain.results.callFunctionValidateGroup === 'valid' ]]"
      },
      "outcomes": {
        "true": "ifRepdlgLabel"
      }
    },
    "callFunctionValidateGroup": {
      "module": "vb/action/builtin/callModuleFunctionAction",
      "parameters": {
        "module": "[[ $application.functions ]]",
        "functionName": "validateGroup",
        "params": [
          "createReportingGroupval"
        ]
      },
      "outcomes": {
        "success": "if"
      }
    },
    "callComponentCreateReportingGroupClose": {
      "module": "vb/action/builtin/callComponentMethodAction",
      "parameters": {
        "component": "{{ document.getElementById('createReportingGroup') }}",
        "method": "close"
      },
      "outcomes": {
        "success": "resetVariablesReportingGrpCreateObj"
      }
    },
    "callChainFetchReportingGroup": {
      "module": "vb/action/builtin/callChainAction",
      "parameters": {
        "id": "FetchReportingGroup"
      },
      "outcomes": {
        "success": "callComponentCreateReportingGroupClose"
      }
    },
    "ifRepdlgLabel": {
      "module": "vb/action/builtin/ifAction",
      "parameters": {
        "condition": "[[ $page.variables.repdlgLabel === \"Create\" ]]"
      },
      "outcomes": {
        "true": "assignVariablesReportingGrpCreateObj",
        "false": "assignVariablesReportingGrpCreateObj3"
      }
    },
    "assignVariablesReportingGrpCreateObj3": {
      "module": "vb/action/builtin/assignVariablesAction",
      "parameters": {
        "$page.variables.ReportingGrpCreateObj": {
          "source": {
            "last_updated_by": "{{ $application.user.email }}"
          },
          "reset": "none",
          "auto": "always"
        }
      },
      "outcomes": {
        "success": "callRestPutFamilyCodeReportingGroup"
      }
    },
    "callRestPutFamilyCodeReportingGroup": {
      "module": "vb/action/builtin/restAction",
      "parameters": {
        "endpoint": "devOrds/putFamilyCodeReportingGroup",
        "headers": {
          "p_reporting_grp_id": "{{ $page.variables.ReportingGrpCreateObj.reporting_group_id }}"
        },
        "body": "{{ $page.variables.ReportingGrpCreateObj }}"
      },
      "outcomes": {
        "failure": "fireNotification4",
        "success": "if3"
      }
    },
    "fireNotification4": {
      "module": "vb/action/builtin/fireNotificationEventAction",
      "parameters": {
        "target": "leaf",
        "summary": "Failed to Update Reporting Group",
        "type": "error",
        "displayMode": "transient"
      }
    },
    "if3": {
      "module": "vb/action/builtin/ifAction",
      "parameters": {
        "condition": "[[ $chain.results.callRestPutFamilyCodeReportingGroup.body.p_return_status ===\"SUCCESS\" ]]"
      },
      "outcomes": {
        "true": "fireNotification5",
        "false": "fireNotification6"
      }
    },
    "fireNotification5": {
      "module": "vb/action/builtin/fireNotificationEventAction",
      "parameters": {
        "target": "leaf",
        "summary": "Reporting Group Updated Successfully",
        "displayMode": "transient",
        "type": "confirmation"
      },
      "outcomes": {
        "success": "callChainFetchReportingGroup"
      }
    },
    "fireNotification6": {
      "module": "vb/action/builtin/fireNotificationEventAction",
      "parameters": {
        "target": "leaf",
        "summary": "[[ $chain.results.callRestPutFamilyCodeReportingGroup.body.p_return_status ]]",
        "displayMode": "transient"
      },
      "outcomes": {
        "success": "callChainFetchReportingGroup"
      }
    },
    "resetVariablesReportingGrpCreateObj": {
      "module": "vb/action/builtin/resetVariablesAction",
      "parameters": {
        "variables": [
          "$page.variables.ReportingGrpCreateObj"
        ]
      }
    }
  },
  "variables": {}
}