{
  "root": "callRestGetFamilyCodeReportingGroup",
  "description": "",
  "actions": {
    "fireNotification": {
      "module": "vb/action/builtin/fireNotificationEventAction",
      "parameters": {
        "target": "leaf",
        "summary": "[[ $chain.results.callRestGetFamilyCodeReportingGroup.message.summary ]]",
        "type": "error",
        "displayMode": "persist"
      }
    },
    "callRestGetFamilyCodeReportingGroup": {
      "module": "vb/action/builtin/restAction",
      "parameters": {
        "endpoint": "devOrds/getFamilyCodeReportingGroup",
        "uriParams": {

          "OWNER_ID": "{{ $page.variables.selectedRowOwner }}"
        }
      },
      "outcomes": {
        "failure": "fireNotification",
        "success": "assignVariablesReportingGroupADP"
      }
    },
    "assignVariablesReportingGroupADP": {
      "module": "vb/action/builtin/assignVariablesAction",
      "parameters": {
        "$page.variables.ReportingGroupADP": {
          "source": {
            "data": "{{ $chain.results.callRestGetFamilyCodeReportingGroup.body.items }}"
          },
          "reset": "none",
          "auto": "always",
          "mapping": {
            "$target.data": {
              "source": "$source.data",
              "reset": "empty"
            }
          }
        }
      }
    }
  }
}