{
  "description": "",
  "root": "assignVariablesOwnersRowdata",
  "actions": {
    "assignVariablesOwnersRowdata": {
      "module": "vb/action/builtin/assignVariablesAction",
      "parameters": {
        "$page.variables.OwnersRowdata": {
          "source": {
            "last_updated_by": "{{ $application.user.email }}",
            "active_ind": "{{ $page.variables.OwnersRowdata.active_ind_dummy[0] }}"
          },
          "reset": "none",
          "auto": "always"
        }
      },
      "outcomes": {
        "success": "callRestPutFamilyCodeOwner"
      }
    },
    "fireNotification": {
      "module": "vb/action/builtin/fireNotificationEventAction",
      "parameters": {
        "target": "leaf",
        "summary": "Failed to update Owner",
        "type": "error",
        "displayMode": "transient"
      }
    },
    "callRestPutFamilyCodeOwner": {
      "module": "vb/action/builtin/restAction",
      "parameters": {
        "endpoint": "devOrds/putFamilyCodeOwner",
        "body": "{{ $page.variables.OwnersRowdata }}",
        "uriParams": {
          "owner_id": "{{ $variables.current.row.owner_id }}"
        }
      },
      "outcomes": {
        "failure": "fireNotification",
        "success": "fireNotification3"
      }
    },
    "fireNotification3": {
      "module": "vb/action/builtin/fireNotificationEventAction",
      "parameters": {
        "target": "leaf",
        "summary": "Owner Updated Successfully",
        "displayMode": "transient",
        "type": "confirmation"
      },
      "outcomes": {
        "success": "callChainFetchOwners"
      }
    },
    "callChainFetchOwners": {
      "module": "vb/action/builtin/callChainAction",
      "parameters": {
        "id": "FetchOwners"
      }
    }
  },
  "variables": {
    "key": {
      "required": true,
      "type": "any",
      "input": "fromCaller"
    },
    "index": {
      "required": true,
      "type": "number",
      "input": "fromCaller"
    },
    "current": {
      "required": true,
      "type": "any",
      "input": "fromCaller"
    }
  }
}