{
    "items": [
        {
            "reporting_group_id": 16125126896,
            "flex_value": "20-Callaway Arts & Entertainment",
            "reporting_grp_code": "20"
        }
    ],
    "hasMore": false,
    "limit": 25,
    "offset": 0,
    "count": 1,
    "links": [
        {
            "rel": "self",
            "href": "https://10.2.0.169:8081/ords/hbg_integration/Common/getReportingGroup?P_OWNER_ID=16125125899"
        },
        {
            "rel": "describedby",
            "href": "https://10.2.0.169:8081/ords/hbg_integration/metadata-catalog/Common/item"
        },
        {
            "rel": "first",
            "href": "https://10.2.0.169:8081/ords/hbg_integration/Common/getReportingGroup?P_OWNER_ID=16125125899"
        }
    ]
}