{
  "description": "",
  "root": "callRestGetOrganizations",
  "actions": {
    "fireNotification": {
      "module": "vb/action/builtin/fireNotificationEventAction",
      "parameters": {
        "target": "leaf",
        "summary": "[[ $chain.results.callRestGetOrganizations.message.summary ]]",
        "type": "error",
        "displayMode": "persist"
      }
    },
    "callRestGetOrganizations": {
      "module": "vb/action/builtin/restAction",
      "parameters": {
        "endpoint": "devOrds/getOrganizations",
        "uriParams": {
          "part_name": "{{ $variables.value }}"
        }
      },
      "outcomes": {
        "failure": "fireNotification",
        "success": "fireNotification3"
      }
    },
    "fireNotification3": {
      "module": "vb/action/builtin/fireNotificationEventAction",
      "parameters": {
        "target": "leaf",
        "summary": "[[ JSON.stringify($chain.results.callRestGetOrganizations.body.items) ]]",
        "displayMode": "transient"
      }
    }
  },
  "variables": {
    "value": {
      "type": "string",
      "description": "",
      "input": "fromCaller"
    }
  }
}