{
  "root": "callRestGetSoMasterUpdateGetNewSOs",
  "description": "",
  "actions": {

    "callRestGetSoMasterUpdateGetNewSOs": {
      "module": "vb/action/builtin/restAction",
      "parameters": {
        "endpoint": "devOrds/getSoMasterUpdateGetNewSOs"
      },
      "outcomes": {
        "success": "assignVariablesExportADP"
      }
    },
    "assignVariablesExportADP": {
      "module": "vb/action/builtin/assignVariablesAction",
      "parameters": {
        "$page.variables.ExportADP": {
          "source": {
            "data": "{{ $chain.results.callRestGetSoMasterUpdateGetNewSOs.body.items }}"
          },
          "reset": "none",
          "auto": "always",
          "mapping": {
            "$target.data": {
              "source": "$source.data",
              "reset": "empty"
            }
          }
        }
      }
    }
  }
}