{
  "description": "",
  "root": "ifValue",
  "actions": {

    "callRestGetOwners": {
      "module": "vb/action/builtin/restAction",
      "parameters": {
        "endpoint": "devOrds/getOwners",
        "uriParams": {
          "owner_code": "{{ $variables.value }}"
        }
      },
      "outcomes": {
        "success": "assignVariablesSearchObj"
      }
    },
    "assignVariablesSearchObj": {
      "module": "vb/action/builtin/assignVariablesAction",
      "parameters": {
        "$page.variables.searchObj": {
          "source": {
            "p_owner_id": "{{ $chain.results.callRestGetOwners.body.items[0].owner_id }}"
          },
          "reset": "none",
          "auto": "always"
        }
      }
    },
    "ifValue": {
      "module": "vb/action/builtin/ifAction",
      "parameters": {
        "condition": "[[ $variables.value ]]"
      },
      "outcomes": {
        "true": "callRestGetOwners",
        "false": "resetVariablesSearchObj"
      }
    },
    "resetVariablesSearchObj": {
      "module": "vb/action/builtin/resetVariablesAction",
      "parameters": {
        "variables": [
          "$page.variables.searchObj.ReportingGroupCode",
          "$page.variables.searchObj.p_rpg_grp",
          "$page.variables.searchObj.cat1Code",
          "$page.variables.searchObj.p_cat1",
          "$page.variables.searchObj.Cat2Code",
          "$page.variables.searchObj.p_cat2",
          "$page.variables.searchObj.p_owner_id"
        ]
      }
    }
  },
  "variables": {
    "value": {
      "required": true,
      "type": "any",
      "input": "fromCaller"
    }
  }
}