{
  "description": "",
  "root": "ifValue",
  "actions": {
    "callRestGetReportingGroup": {
      "module": "vb/action/builtin/restAction",
      "parameters": {
        "endpoint": "devOrds/getReportingGroup",
        "uriParams": {
          "P_REPORTING_CODE": "{{ $variables.value }}",
          "P_OWNER_ID": "{{ $page.variables.searchObj.p_owner_id }}"
        }
      },
      "outcomes": {
        "success": "assignVariablesSearchObj"
      }
    },
    "assignVariablesSearchObj": {
      "module": "vb/action/builtin/assignVariablesAction",
      "parameters": {
        "$page.variables.searchObj": {
          "source": {
            "p_rpg_grp": "{{ $chain.results.callRestGetReportingGroup.body.items[0].reporting_group_id }}"
          },
          "reset": "none",
          "auto": "always"
        }
      }
    },
    "ifValue": {
      "module": "vb/action/builtin/ifAction",
      "parameters": {
        "condition": "[[ $variables.value ]]"
      },
      "outcomes": {
        "true": "callRestGetReportingGroup",
        "false": "resetVariablesSearchObj"
      }
    },
    "resetVariablesSearchObj": {
      "module": "vb/action/builtin/resetVariablesAction",
         "parameters": {
        "variables": [
          "$page.variables.searchObj.cat1Code",
          "$page.variables.searchObj.p_cat1",
          "$page.variables.searchObj.Cat2Code",
          "$page.variables.searchObj.p_cat2",
          "$page.variables.searchObj.p_rpg_grp"
        ]
      }
    }
  },
  "variables": {
    "value": {
      "required": true,
      "type": "any",
      "input": "fromCaller"
    }
  }
}