{
    "fields": [
        {
            "type": "number",
            "name": "id",
            "key": true,
            "oid": "95f81910-fe8a-44f9-ade4-85bf3a6e4c5b",
            "required": true,
            "unique": true,
            "displayLabel": "Id"
        },
        {
            "type": "datetime",
            "name": "creationDate",
            "oid": "728d6d5d-ae14-4a51-b828-475035793a9a",
            "displayLabel": "Created",
            "historyType": "timeCreated"
        },
        {
            "type": "datetime",
            "name": "lastUpdateDate",
            "oid": "ce2c2aad-c3c0-4e56-8b63-053e26c967fb",
            "displayLabel": "Last Updated",
            "historyType": "timeUpdated"
        },
        {
            "type": "string",
            "name": "createdBy",
            "oid": "aad54010-8df6-4fad-93b1-585407dc81fd",
            "displayLabel": "Created By",
            "historyType": "createdBy"
        },
        {
            "type": "string",
            "name": "lastUpdatedBy",
            "oid": "06abb72a-ad3b-4601-be7f-def42e88eae2",
            "displayLabel": "Last Updated By",
            "historyType": "updatedBy"
        },
{
            "type": "number",
            "name": "abcsChangeNumber",
            "oid": "070d0892-7467-49ca-b81c-252419c5aa62",
            "displayLabel": "Version Number",
            "historyType": "versionNumber"
        },
        {
            "type": "string",
            "name": "agingCategory",
            "oid": "2c21be05-d0ac-4b35-8edd-3ad7290a64f7",
            "displayLabel": "aging_category"
        }        ,
        {
            "type": "string",
            "name": "description",
            "oid": "4924209d-b085-4fac-b92d-55cc98ea152c",
            "displayLabel": "description"
        }        ,
        {
            "type": "string",
            "name": "agingCatId",
            "oid": "56a3039e-3495-4ac2-86f9-3b9feacd2aa8",
            "displayLabel": "agingCatId"
        }
    ],
    "name": "AgingCategory",
    "oid": "76bde4f3-427a-4ca0-93be-c81a6c7ec18c",
    "displayLabel": "AgingCategory"
}