{
  "description": "",
  "root": "resetVariablesPCountryCode",
  "actions": {
    "resetVariablesPCountryCode": {
      "module": "vb/action/builtin/resetVariablesAction",
      "parameters": {
        "variables": [
          "$page.variables.p_country_code",
          "$page.variables.p_country_name",
          "$page.variables.getTitleRightDetailsADP"
        ]
      },
      "outcomes": {
        "success": "callChainSearchButtonAction"
      }
    },
    "callChainSearchButtonAction": {
      "module": "vb/action/builtin/callChainAction",
      "parameters": {
        "id": "SearchButtonAction"
      }
    }
  },
  "variables": {}
}