{
    "items": [
        {
            "reporting_group_id": 3163548514,
            "reporting_grp_name": "Anness Publishing",
            "owner_id": 3163541031
        }
    ],
    "hasMore": false,
    "limit": 25,
    "offset": 0,
    "count": 1,
    "links": [
        {
            "rel": "self",
            "href": "https://10.2.0.169:8081/ords/hbg_integration/Common/getrepGrpNamebyCode?P_REPORTING_GRP_CODE=59&P_owner_id=3163541031"
        },
        {
            "rel": "describedby",
            "href": "https://10.2.0.169:8081/ords/hbg_integration/metadata-catalog/Common/item"
        },
        {
            "rel": "first",
            "href": "https://10.2.0.169:8081/ords/hbg_integration/Common/getrepGrpNamebyCode?P_REPORTING_GRP_CODE=59&P_owner_id=3163541031"
        }
    ]
}