{
    "items": [
        {
            "sub_format_code": "57",
            "sub_format_name": "eBook - DDB (web reader)",
            "sub_format_abbr": "eBk-DDB web rdr"
        },
        {
            "sub_format_code": "78",
            "sub_format_name": "Masterwork Box Set",
            "sub_format_abbr": "Mstrwk Box"
        },
        {
            "sub_format_code": "72",
            "sub_format_name": "Big Book",
            "sub_format_abbr": "Big Book"
        },
        {
            "sub_format_code": "75",
            "sub_format_name": "Reinforced Binding",
            "sub_format_abbr": "Reinforced"
        },
        {
            "sub_format_code": "77",
            "sub_format_name": "Booktrack Digital Edition",
            "sub_format_abbr": "Booktrack DE"
        },
        {
            "sub_format_code": "FP",
            "sub_format_name": "Framable Print - Foam back",
            "sub_format_abbr": "Framable Print"
        },
        {
            "sub_format_code": "BP",
            "sub_format_name": "Bible Product",
            "sub_format_abbr": "Bible Product"
        },
        {
            "sub_format_code": "BT",
            "sub_format_name": "Bible Tabs",
            "sub_format_abbr": "Bible Tabs"
        },
        {
            "sub_format_code": "SB",
            "sub_format_name": "Sound Book",
            "sub_format_abbr": "Sound Book"
        },
        {
            "sub_format_code": "PA",
            "sub_format_name": "Padded Book",
            "sub_format_abbr": "Padded Book"
        },
        {
            "sub_format_code": "WB",
            "sub_format_name": "Wonderbook",
            "sub_format_abbr": "Wonderbook"
        },
        {
            "sub_format_code": "54",
            "sub_format_name": "Fixed Format EPUB",
            "sub_format_abbr": "eBk-Fixed Fmt"
        },
        {
            "sub_format_code": "52",
            "sub_format_name": "GoReader(Audio)",
            "sub_format_abbr": "Audio Library"
        },
        {
            "sub_format_code": "68",
            "sub_format_name": "Chapter Book",
            "sub_format_abbr": "Chapter Bk"
        },
        {
            "sub_format_code": "69",
            "sub_format_name": "Other Calendar",
            "sub_format_abbr": "Oth Calendar"
        },
        {
            "sub_format_code": "58",
            "sub_format_name": "Baby/Toddler",
            "sub_format_abbr": "Baby/Toddler"
        },
        {
            "sub_format_code": "64",
            "sub_format_name": "Picture Book",
            "sub_format_abbr": "Picture Bk"
        },
        {
            "sub_format_code": "65",
            "sub_format_name": "Novelty/Gift/Activity",
            "sub_format_abbr": "Nov/Gift/Actvty"
        },
        {
            "sub_format_code": "66",
            "sub_format_name": "Storybook",
            "sub_format_abbr": "Storybook"
        },
        {
            "sub_format_code": "67",
            "sub_format_name": "Reader",
            "sub_format_abbr": "Reader"
        },
        {
            "sub_format_code": "73",
            "sub_format_name": "Coloring Book",
            "sub_format_abbr": "Coloring Bk"
        },
        {
            "sub_format_code": "92",
            "sub_format_name": "Desk Calendar",
            "sub_format_abbr": "Desk Calendar"
        },
        {
            "sub_format_code": "93",
            "sub_format_name": "Mini Calendar",
            "sub_format_abbr": "Mini Calendar"
        },
        {
            "sub_format_code": "94",
            "sub_format_name": "Engagement Calendar",
            "sub_format_abbr": "Engagement Cal"
        },
        {
            "sub_format_code": "95",
            "sub_format_name": "Day by Day Calendar",
            "sub_format_abbr": "Day x Day Cal"
        }
    ],
    "hasMore": true,
    "limit": 25,
    "offset": 0,
    "count": 25,
    "links": [
        {
            "rel": "self",
            "href": "https://10.2.0.169:8081/ords/hbg_integration/familyCode/SubFormatLOV"
        },
        {
            "rel": "describedby",
            "href": "https://10.2.0.169:8081/ords/hbg_integration/metadata-catalog/familyCode/item"
        },
        {
            "rel": "first",
            "href": "https://10.2.0.169:8081/ords/hbg_integration/familyCode/SubFormatLOV"
        },
        {
            "rel": "next",
            "href": "https://10.2.0.169:8081/ords/hbg_integration/familyCode/SubFormatLOV?offset=25"
        }
    ]
}