{
  "description": "",
  "root": "resetVariablesGetTitleRightHeaderInfo",
  "actions": {
    "fireNotification": {
      "module": "vb/action/builtin/fireNotificationEventAction",
      "parameters": {
        "target": "leaf",
        "summary": "[[ $chain.results.callRestGetDistributionTitleRightsGetTitleRightHeaderInfo.message.summary ]]",
        "type": "error",
        "displayMode": "persist"
      }
    },
    "callRestGetDistributionTitleRightsGetTitleRightHeaderInfo": {
      "module": "vb/action/builtin/restAction",
      "parameters": {
        "endpoint": "ordsHbg_integration/getDistributionTitleRightsGetTitleRightHeaderInfo",
        "uriParams": {
          "P_ITEM_NUMBER": "{{ $page.variables.p_item_number }}"
        }
      },
      "outcomes": {
        "failure": "fireNotification",
        "success": "if"
      }
    },
    "if": {
      "module": "vb/action/builtin/ifAction",
      "parameters": {
        "condition": "[[ $chain.results.callRestGetDistributionTitleRightsGetTitleRightHeaderInfo.body.count == 0 ]]"
      },
      "outcomes": {
        "true": "fireNotification3",
        "false": "assignVariablesGetTitleRightHeaderInfo"
      }
    },
    "fireNotification3": {
      "module": "vb/action/builtin/fireNotificationEventAction",
      "parameters": {
        "target": "leaf",
        "summary": "Information Message",
        "message": "Title Rights not defined for this Item",
        "displayMode": "transient",
        "type": "info"
      }
    },
    "assignVariablesGetTitleRightHeaderInfo": {
      "module": "vb/action/builtin/assignVariablesAction",
      "parameters": {
        "$flow.variables.getTitleRightHeaderinfoObj": {
          "source": {
            "category_1": "{{ $chain.results.callRestGetDistributionTitleRightsGetTitleRightHeaderInfo.body.items[0].category_1 }}",
            "category_1_description": "{{ $chain.results.callRestGetDistributionTitleRightsGetTitleRightHeaderInfo.body.items[0].category_1_description }}",
            "category_2": "{{ $chain.results.callRestGetDistributionTitleRightsGetTitleRightHeaderInfo.body.items[0].category_2 }}",
            "category_2_description": "{{ $chain.results.callRestGetDistributionTitleRightsGetTitleRightHeaderInfo.body.items[0].category_2_description }}",
            "format": "{{ $chain.results.callRestGetDistributionTitleRightsGetTitleRightHeaderInfo.body.items[0].format }}",
            "format_description": "{{ $chain.results.callRestGetDistributionTitleRightsGetTitleRightHeaderInfo.body.items[0].format_description }}",
            "inventory_item_id": "{{ $chain.results.callRestGetDistributionTitleRightsGetTitleRightHeaderInfo.body.items[0].inventory_item_id }}",
            "item_number": "{{ $chain.results.callRestGetDistributionTitleRightsGetTitleRightHeaderInfo.body.items[0].item_number }}",
            "owner": "{{ $chain.results.callRestGetDistributionTitleRightsGetTitleRightHeaderInfo.body.items[0].owner }}",
            "owner_description": "{{ $chain.results.callRestGetDistributionTitleRightsGetTitleRightHeaderInfo.body.items[0].owner_description }}",
            "reporting_group": "{{ $chain.results.callRestGetDistributionTitleRightsGetTitleRightHeaderInfo.body.items[0].reporting_group }}",
            "reporting_group_description": "{{ $chain.results.callRestGetDistributionTitleRightsGetTitleRightHeaderInfo.body.items[0].reporting_group_description }}",
            "short_author": "{{ $chain.results.callRestGetDistributionTitleRightsGetTitleRightHeaderInfo.body.items[0].short_author }}",
            "short_title": "{{ $chain.results.callRestGetDistributionTitleRightsGetTitleRightHeaderInfo.body.items[0].short_title }}",
            "subformat": "{{ $chain.results.callRestGetDistributionTitleRightsGetTitleRightHeaderInfo.body.items[0].subformat }}",
            "subformat_description": "{{ $chain.results.callRestGetDistributionTitleRightsGetTitleRightHeaderInfo.body.items[0].subformat_description }}",
            "title_right_id": "{{ $chain.results.callRestGetDistributionTitleRightsGetTitleRightHeaderInfo.body.items[0].title_right_id }}"
          },
          "reset": "none",
          "auto": "always"
        }
      }
    },
    "resetVariablesGetTitleRightHeaderInfo": {
      "module": "vb/action/builtin/resetVariablesAction",
      "parameters": {
        "variables": [
          "$flow.variables.getTitleRightHeaderinfoObj"
        ]
      },
      "outcomes": {
        "success": "if2"
      }
    },
    "if2": {
      "module": "vb/action/builtin/ifAction",
      "parameters": {
        "condition": "[[ $page.variables.p_item_number == 'undefined' || $page.variables.p_item_number == '' || $page.variables.p_item_number == null ]]"
      },
      "outcomes": {
        "false": "callRestGetDistributionTitleRightsGetTitleRightHeaderInfo"
      }
    }
  },
  "variables": {
    "value": {
      "required": true,
      "type": "any",
      "input": "fromCaller"
    }
  }
}