{
    "items": [
        {
            "sales_rep_name": "MR01-REP01"
        },
        {
            "sales_rep_name": "MR01-REP01"
        },
        {
            "sales_rep_name": "MR01-REP01"
        }
    ],
    "hasMore": false,
    "limit": 100,
    "offset": 0,
    "count": 3,
    "links": [
        {
            "rel": "self",
            "href": "https://10.2.0.169:8081/ords/hbg_integration/salesCredit/getSalesRepName?SALES_REP_NUMBER=MR01-REP01"
        },
        {
            "rel": "describedby",
            "href": "https://10.2.0.169:8081/ords/hbg_integration/metadata-catalog/salesCredit/item"
        },
        {
            "rel": "first",
            "href": "https://10.2.0.169:8081/ords/hbg_integration/salesCredit/getSalesRepName?SALES_REP_NUMBER=MR01-REP01"
        }
    ]
}