{
    "items": [
        {
            "cust_account_id": 100000224224483,
            "account_number": "14605017-AMAZON.COM",
            "account_name": "AMAZON.COM"
        }
    ],
    "hasMore": false,
    "limit": 100,
    "offset": 0,
    "count": 1,
    "links": [
        {
            "rel": "self",
            "href": "https://10.2.0.169:8081/ords/hbg_integration/salesCredit/getAccountNamebyCustAccId?p_account_number=14605017-AMAZON.COM"
        },
        {
            "rel": "describedby",
            "href": "https://10.2.0.169:8081/ords/hbg_integration/metadata-catalog/salesCredit/item"
        },
        {
            "rel": "first",
            "href": "https://10.2.0.169:8081/ords/hbg_integration/salesCredit/getAccountNamebyCustAccId?p_account_number=14605017-AMAZON.COM"
        }
    ]
}