{
    "items": [
        {
            "template_id": 1,
            "line_id": 1,
            "sequence": 1,
            "category_code": "Cat1",
            "category_name": "Cat1",
            "instructions_text": "Cat1",
            "entered_date": null,
            "updated_date": null,
            "entered_by": null,
            "updated_by": null
        }
    ],
    "hasMore": false,
    "limit": 25,
    "offset": 0,
    "count": 1,
    "links": [
        {
            "rel": "self",
            "href": "https://10.2.0.169:8081/ords/hbg_integration/CustomeOrders/getTemplateLines?TEMPLATE_ID=1"
        },
        {
            "rel": "describedby",
            "href": "https://10.2.0.169:8081/ords/hbg_integration/metadata-catalog/CustomeOrders/item"
        },
        {
            "rel": "first",
            "href": "https://10.2.0.169:8081/ords/hbg_integration/CustomeOrders/getTemplateLines?TEMPLATE_ID=1"
        }
    ]
}