{
  "title": "",
  "description": "",
  "variables": {
    "Cat1AbbLovSDP": {
      "type": "vb/ServiceDataProvider",
      "defaultValue": {
        "endpoint": "devOrds/getFamilyCodeCategory1",
        "keyAttributes": "category1_abbr",
        "itemsPath": "items",
        "responseType": "Cat1AbbLovType",
        "uriParameters": {
          "P_CATEGORY1_ABBR": "{{ \"\" }}",
          "P_CATEGORY1_CODE": "{{ \"\" }}",
          "P_CATEGORY1_NAME": "{{ \"\" }}"
        },
        "transformsContext": {
          "vb-textFilterAttributes": [
            "category1_abbr"
          ]
        }
      }
    },
    "Cat1ADP": {
      "type": "vb/ArrayDataProvider2",
      "defaultValue": {
        "itemType": "Category1TblType",
        "keyAttributes": "category1_id"
      }
    },
    "cat1Collapse": {
      "type": "boolean",
      "defaultValue": true
    },
    "Cat1CreateObj": {
      "type": "Category1TblType",
      "defaultValue": {
        "status": "Active"
      }
    },
    "Cat1DlgLabel": {
      "type": "string"
    },
    "Cat1LovSDP": {
      "type": "vb/ServiceDataProvider",
      "defaultValue": {
        "endpoint": "devOrds/getFamilyCodeCategory1",
        "keyAttributes": "category1_code",
        "itemsPath": "items",
        "responseType": "Cat1LovType",
        "uriParameters": {
          "P_CATEGORY1_ABBR": "{{ \"\" }}",
          "P_CATEGORY1_CODE": "{{ \"\" }}",
          "P_CATEGORY1_NAME": "{{ \"\" }}"
        },
        "transformsContext": {
          "vb-textFilterAttributes": [
            "category1_code"
          ]
        }
      }
    },
    "Cat1NameLovSDP": {
      "type": "vb/ServiceDataProvider",
      "defaultValue": {
        "endpoint": "devOrds/getFamilyCodeCategory1",
        "keyAttributes": "category1_name",
        "itemsPath": "items",
        "responseType": "Cat1NameLovType",
        "uriParameters": {
          "P_CATEGORY1_ABBR": "{{ \"\" }}",
          "P_CATEGORY1_CODE": "{{ \"\" }}",
          "P_CATEGORY1_NAME": "{{ \"\" }}"
        },
        "transformsContext": {
          "vb-textFilterAttributes": [
            "category1_name"
          ]
        }
      }
    },
    "Cat1RowData": {
      "type": "Category1TblType",
      "defaultValue": {
        "status": "[[ $variables.Cat1RowData.end_date > $functions.getsysdate() ?  \"Inactive\" : \"Active\" ]]"
      }
    },
    "Cat2AbbLovSDP": {
      "type": "vb/ServiceDataProvider",
      "defaultValue": {
        "endpoint": "devOrds/getFamilyCodeCategory2",
        "keyAttributes": "category2_abbr",
        "itemsPath": "items",
        "responseType": "Cat2AbbLovType",
        "uriParameters": {
          "P_CATEGORY2_ABBR": "{{ \"\" }}",
          "P_CATEGORY2_CODE": "{{ \"\" }}",
          "P_CATEGORY2_NAME": "{{ \"\" }}"
        },
        "transformsContext": {
          "vb-textFilterAttributes": [
            "category2_abbr"
          ]
        }
      }
    },
    "Cat2ADP": {
      "type": "vb/ArrayDataProvider2",
      "defaultValue": {
        "itemType": "Category2TblType",
        "keyAttributes": "category2_id"
      }
    },
    "Cat2CodeLovSDP": {
      "type": "vb/ServiceDataProvider",
      "defaultValue": {
        "endpoint": "devOrds/getFamilyCodeCategory2",
        "keyAttributes": "category2_code",
        "itemsPath": "items",
        "responseType": "Cat2CodeLovType",
        "uriParameters": {
          "P_CATEGORY2_ABBR": "{{ \"\" }}",
          "P_CATEGORY2_CODE": "{{ \"\" }}",
          "P_CATEGORY2_NAME": "{{ \"\" }}"
        },
        "transformsContext": {
          "vb-textFilterAttributes": [
            "category2_code"
          ]
        }
      }
    },
    "cat2Collapse": {
      "type": "boolean",
      "defaultValue": false
    },
    "Cat2CreateObj": {
      "type": "Category2TblType",
      "defaultValue": {
        "status": "Active",
        "start_date": "[[ $functions.getsysdate() ]]"
      }
    },
    "Cat2DlgLabel": {
      "type": "string"
    },
    "Cat2NameLovSDP": {
      "type": "vb/ServiceDataProvider",
      "defaultValue": {
        "endpoint": "devOrds/getFamilyCodeCategory2",
        "keyAttributes": "category2_name",
        "itemsPath": "items",
        "responseType": "Cat2NameLovType",
        "uriParameters": {
          "P_CATEGORY2_ABBR": "{{ \"\" }}",
          "P_CATEGORY2_CODE": "{{ \"\" }}",
          "P_CATEGORY2_NAME": "{{ \"\" }}"
        },
        "transformsContext": {
          "vb-textFilterAttributes": [
            "category2_name"
          ]
        }
      }
    },
    "Cat2RowData": {
      "type": "Category2TblType",
      "defaultValue": {
        "status": "[[ $variables.Cat2RowData.end_date > $functions.getsysdate() ?  \"Inactive\" : \"Active\" ]]"
      }
    },
    "FlowReportingGroup": {
      "type": "number",
      "input": "fromCaller",
      "persisted": "session"
    },
    "getGetimpIdListSDP": {
      "type": "vb/ServiceDataProvider",
      "defaultValue": {
        "endpoint": "devOrds/getGetimpId",
        "keyAttributes": "impr_id",
        "itemsPath": "items",
        "responseType": "getGetimpIdResponse",
        "transformsContext": {
          "vb-textFilterAttributes": [
            "external_imp_name"
          ]
        }
      }
    },
    "getGetPubIdListSDP": {
      "type": "vb/ServiceDataProvider",
      "defaultValue": {
        "endpoint": "devOrds/getGetPubId",
        "keyAttributes": "pub_id",
        "itemsPath": "items",
        "responseType": "getGetPubIdResponse",
        "transformsContext": {
          "vb-textFilterAttributes": [
            "external_pub_name"
          ]
        }
      }
    },
    "getGetPubIdListSDP2": {
      "type": "vb/ServiceDataProvider",
      "defaultValue": {
        "endpoint": "devOrds/getGetPubId",
        "keyAttributes": "pub_id",
        "itemsPath": "items",
        "responseType": "getGetPubIdResponse2",
        "transformsContext": {
          "vb-textFilterAttributes": [
            "external_pub_name"
          ]
        }
      }
    },
    "ImpArray": {
      "type": "ImpId[]"
    },
    "PubArray": {
      "type": "PubType[]"
    },
    "Rowcat1Id": {
      "type": "number",
      "persisted": "none"
    },
    "rowCat2Id": {
      "type": "number",
      "persisted": "session"
    },
    "rowPubId": {
      "type": "number"
    },
    "selectedCat1Abbr": {
      "type": "string",
      "persisted": "session"
    },
    "selectedCat1Code": {
      "type": "string"
    },
    "selectedCat1Name": {
      "type": "string"
    },
    "selectedCat2Abbr": {
      "type": "string"
    },
    "selectedCat2Code": {
      "type": "string"
    },
    "selectedCat2Name": {
      "type": "string"
    }

  },
  "metadata": {},
  "types": {
    "@decorators.Cat1AbbLovType": {
      "endpoint": "getFamilyCodeCategory1",
      "service": "devOrds",
      "path": "response"
    },
    "@decorators.Cat1LovType": {
      "endpoint": "getFamilyCodeCategory1",
      "service": "devOrds",
      "path": "response"
    },
    "@decorators.Cat1NameLovType": {
      "endpoint": "getFamilyCodeCategory1",
      "service": "devOrds",
      "path": "response"
    },
    "@decorators.Cat2AbbLovType": {
      "endpoint": "getFamilyCodeCategory2",
      "service": "devOrds",
      "path": "response"
    },
    "@decorators.Cat2CodeLovType": {
      "endpoint": "getFamilyCodeCategory2",
      "service": "devOrds",
      "path": "response"
    },
    "@decorators.Cat2NameLovType": {
      "endpoint": "getFamilyCodeCategory2",
      "service": "devOrds",
      "path": "response"
    },
    "@decorators.Category1TblType": {
      "endpoint": "getFamilyCodeCategory1",
      "service": "devOrds",
      "path": "response-_-items[0]"
    },
    "@decorators.Category2TblType": {
      "endpoint": "getFamilyCodeCategory2",
      "service": "devOrds",
      "path": "response-_-items[0]"
    },
    "@decorators.getGetimpIdResponse": {
      "endpoint": "getGetimpId",
      "service": "devOrds",
      "path": "response"
    },
    "@decorators.getGetPubIdResponse": {
      "endpoint": "getGetPubId",
      "service": "devOrds",
      "path": "response"
    },
    "@decorators.getGetPubIdResponse2": {
      "endpoint": "getGetPubId",
      "service": "devOrds",
      "path": "response"
    },
    "@decorators.ImpId": {
      "endpoint": "getGetimpId",
      "service": "devOrds",
      "path": "response-_-items[0]"
    },
    "@decorators.PubType": {
      "endpoint": "getGetPubId",
      "service": "devOrds",
      "path": "response-_-items[0]"
    },
    "Cat1AbbLovType": {
      "items": [
        {
          "category1_abbr": "string"
        }
      ]
    },
    "Cat1LovType": {
      "items": [
        {
          "category1_code": "string"
        }
      ]
    },
    "Cat1NameLovType": {
      "items": [
        {
          "category1_name": "string"
        }
      ]
    },
    "Cat2AbbLovType": {
      "items": [
        {
          "category2_abbr": "any"
        }
      ]
    },
    "Cat2CodeLovType": {
      "items": [
        {
          "category2_code": "any"
        }
      ]
    },
    "Cat2NameLovType": {
      "items": [
        {
          "category2_name": "any"
        }
      ]
    },
    "Category1TblType": {
      "category1_abbr": "string",
      "category1_code": "string",
      "category1_id": "number",
      "category1_name": "string",
      "created_by": "string",
      "creation_date": "string",
      "end_date": "any",
      "last_updated_by": "string",
      "last_updated_date": "string",
      "pub_id": "any",
      "reporting_group_id": "number",
      "start_date": "any",
      "status": "any",
      "status_dummy": "string[]"

    },
    "Category2TblType": {
      "category1_id": "any",
      "category2_abbr": "any",
      "category2_code": "any",
      "category2_id": "number",
      "category2_name": "any",
      "created_by": "any",
      "creation_date": "any",
      "end_date": "any",
      "impr_id": "any",
      "last_updated_by": "any",
      "last_updated_date": "any",
      "start_date": "any",
      "status": "any",
      "status_dummy": "string[]"

    },
    "getGetimpIdResponse": {
      "items": [
        {
          "external_imp_name": "string",
          "impr_id": "number"
        }
      ]
    },
    "getGetPubIdResponse": {
      "items": [
        {
          "external_pub_name": "string",
          "pub_id": "number"
        }
      ]
    },
    "getGetPubIdResponse2": {
      "items": [
        {
          "external_pub_name": "string",
          "pub_id": "number"
        }
      ]
    },
    "ImpId": {
      "external_imp_code": "string",
      "impr_id": "number"
    },
    "PubType": {
      "external_pub_code": "string",
      "external_pub_name": "string",
      "pub_id": "number"
    }

  },
  "eventListeners": {
    "buttonAction": {
      "chains": [
        {
          "chainId": "FetchCat1Action"
        }
      ]
    },
    "buttonAction10": {
      "chains": [
        {
          "chainId": "CloseCat2DlgAction"
        }
      ]
    },
    "buttonAction11": {
      "chains": [
        {
          "chainId": "NavigatetoImprintAction"
        }
      ]
    },
    "buttonAction12": {
      "chains": [
        {
          "chainId": "NavigatetoPublisherAction"
        }
      ]
    },
    "buttonAction13": {
      "chains": [
        {
          "chainId": "NavigatebackAction"
        }
      ]
    },
    "buttonAction2": {
      "chains": [
        {
          "chainId": "CreateCat1Action"
        }
      ]
    },
    "buttonAction3": {
      "chains": [
        {
          "chainId": "CloseCat1DlgAction"
        }
      ]
    },
    "buttonAction4": {
      "chains": [
        {
          "chainId": "OpenCat1DlgeAction"
        }
      ]
    },
    "buttonAction5": {
      "chains": [
        {
          "chainId": "OpenCat2DlgAction"
        }
      ]
    },
    "buttonAction6": {
      "chains": [
        {
          "chainId": "Createcat2Action"
        }
      ]
    },
    "buttonAction7": {
      "chains": [
        {
          "chainId": "FetchCat2Action"
        }
      ]
    },
    "buttonAction8": {
      "chains": [
        {
          "chainId": "ResetCatVarsAction"
        }
      ]
    },
    "buttonAction9": {
      "chains": [
        {
          "chainId": "Resetcat2Vars"
        }
      ]
    },
    "checkboxSetValue": {
      "chains": [
        {
          "chainId": "cat1CheckboxSetValue1",
          "parameters": {
            "value": "{{ $event.detail.value }}"
          }
        }
      ]
    },
    "checkboxSetValue2": {
      "chains": [
        {
          "chainId": "cat2CheckboxSetValue",
          "parameters": {
            "value": "{{ $event.detail.value }}"
          }
        }
      ]
    },
    "iconClick": {
      "chains": [
        {
          "chainId": "UpdateCat1Action",
          "parameters": {
            "key": "{{ $current.key }}",
            "index": "{{ $current.index }}",
            "current": "{{ $current }}"
          }
        }
      ]
    },
    "iconClick2": {
      "chains": [
        {
          "chainId": "UpdateCat2Action",
          "parameters": {
            "key": "{{ $current.key }}",
            "index": "{{ $current.index }}",
            "current": "{{ $current }}"
          }
        }
      ]
    },
    "iconClick3": {
      "chains": [
        {
          "chainId": "Cat1EditIconDlgOpen",
          "parameters": {
            "key": "{{ $current.key }}",
            "index": "{{ $current.index }}",
            "current": "{{ $current }}"
          }
        }
      ]
    },
    "iconClick4": {
      "chains": [
        {
          "chainId": "Category2EditIconDlgOpen",
          "parameters": {
            "key": "{{ $current.key }}",
            "index": "{{ $current.index }}",
            "current": "{{ $current }}"
          }
        }
      ]
    },
    "tableBeforeRowEdit": {
      "chains": [
        {
          "chainId": "Cat1BeforeRowEditEndAction",
          "parameters": {
            "rowKey": "{{$event.detail.rowContext.status.rowKey}}",
            "rowIndex": "{{$event.detail.rowContext.status.rowIndex}}",
            "rowData": "{{$event.detail.rowContext.componentElement.getDataForVisibleRow($event.detail.rowContext.status.rowIndex).data}}"
          }
        }
      ]
    },
    "tableBeforeRowEdit2": {
      "chains": [
        {
          "chainId": "Cat2BeforerowEditAction",
          "parameters": {
            "rowKey": "{{$event.detail.rowContext.status.rowKey}}",
            "rowIndex": "{{$event.detail.rowContext.status.rowIndex}}",
            "rowData": "{{$event.detail.rowContext.componentElement.getDataForVisibleRow($event.detail.rowContext.status.rowIndex).data}}"
          }
        }
      ]
    },
    "tableBeforeRowEditEnd": {
      "chains": [
        {
          "chainId": "Cat1BeforeRowEditEnd",
          "parameters": {
            "cancelEdit": "{{$event.detail.cancelEdit}}",
            "rowKey": "{{$event.detail.rowContext.status.rowKey}}",
            "rowIndex": "{{$event.detail.rowContext.status.rowIndex}}",
            "rowData": "{{$event.detail.rowContext.componentElement.getDataForVisibleRow($event.detail.rowContext.status.rowIndex).data}}"
          }
        }
      ]
    },
    "tableBeforeRowEditEnd2": {
      "chains": [
        {
          "chainId": "Cat2BeforeRowEditEndAction",
          "parameters": {
            "cancelEdit": "{{$event.detail.cancelEdit}}",
            "rowKey": "{{$event.detail.rowContext.status.rowKey}}",
            "rowIndex": "{{$event.detail.rowContext.status.rowIndex}}",
            "rowData": "{{$event.detail.rowContext.componentElement.getDataForVisibleRow($event.detail.rowContext.status.rowIndex).data}}"
          }
        }
      ]
    },
    "tableFirstSelectedRow": {
      "chains": [
        {
          "chainId": "Cat1RowSelection",
          "parameters": {
            "rowKey": "{{$event.detail.value.key}}",
            "rowData": "{{$event.detail.value.data}}"
          }
        }
      ]
    },
    "tableFirstSelectedRow2": {
      "chains": [
        {
          "chainId": "Cat2RowSelectionAction",
          "parameters": {
            "rowKey": "{{$event.detail.value.key}}",
            "rowData": "{{$event.detail.value.data}}"
          }
        }
      ]
    },
    "toggleDrawer": {
      "chains": [
        {
          "chainId": "application:toggleDrawerHandler"
        }
      ]
    },
    "vbEnter": {
      "chains": [
        {
          "parameters": {},
          "chainId": "FetchCat1Action"
        }
      ]
    }

  },
  "imports": {
    "components": {
      "oj-button": {
        "path": "ojs/ojbutton"
      },
      "oj-checkboxset": {
        "path": "ojs/ojcheckboxset"
      },
      "oj-collapsible": {
        "path": "ojs/ojcollapsible"
      },
      "oj-combobox-one": {
        "path": "ojs/ojselectcombobox"
      },
      "oj-dialog": {
        "path": "ojs/ojdialog"
      },
      "oj-form-layout": {
        "path": "ojs/ojformlayout"
      },
      "oj-input-date": {
        "path": "ojs/ojdatetimepicker"
      },
      "oj-input-number": {
        "path": "ojs/ojinputnumber"
      },
      "oj-input-text": {
        "path": "ojs/ojinputtext"
      },
      "oj-option": {
        "path": "ojs/ojoption"
      },
      "oj-sample-export-data": {
        "path": "oj-sample/export-data/loader"
      },
      "oj-select-single": {
        "path": "ojs/ojselectsingle"
      },
      "oj-table": {
        "path": "ojs/ojtable"
      },
      "oj-validation-group": {
        "path": "ojs/ojvalidationgroup"
      }

    },
    "modules": {
      "ojValidationDateTime": {
        "path": "ojs/ojvalidation-datetime"
      }
    }
  }
}