{
  "description": "",
  "root": "ifValue",
  "actions": {

    "callRestGetcategory2": {
      "module": "vb/action/builtin/restAction",
      "parameters": {
        "endpoint": "devOrds/getcategory2",
        "uriParams": {
          "P_CATEGORY_CODE": "{{ $variables.value }}",
          "P_CATEGORY1_ID": "{{ $page.variables.searchObj.p_cat1 }}"
        }
      },
      "outcomes": {
        "success": "assignVariablesSearchObj"
      }
    },
    "assignVariablesSearchObj": {
      "module": "vb/action/builtin/assignVariablesAction",
      "parameters": {
        "$page.variables.searchObj": {
          "source": {
            "p_cat2": "{{ $chain.results.callRestGetcategory2.body.items[0].category2_id }}"
          },
          "reset": "none",
          "auto": "always"
        }
      }
    },
    "ifValue": {
      "module": "vb/action/builtin/ifAction",
      "parameters": {
        "condition": "[[ $variables.value ]]"
      },
      "outcomes": {
        "true": "callRestGetcategory2",
        "false": "resetVariablesSearchObj"
      }
    },
    "resetVariablesSearchObj": {
      "module": "vb/action/builtin/resetVariablesAction",
         "parameters": {
        "variables": [
           "$page.variables.searchObj.p_cat1",
          "$page.variables.searchObj.Cat2Code",
          "$page.variables.searchObj.p_cat2"
        ]
      }
    }
  },
  "variables": {
    "value": {
      "required": true,
      "type": "any",
      "input": "fromCaller"
    }
  }
}