{
  "root": "runInParallel",
  "description": "",
  "variables": {},
  "actions": {
    "fireNotification": {
      "module": "vb/action/builtin/fireNotificationEventAction",
      "parameters": {
        "target": "leaf",
        "summary": "[[ $chain.results.callRestGetRefNumList.message.summary ]]",
        "type": "error",
        "displayMode": "persist"
      }
    },
    "callRestGetRefNumList": {
      "module": "vb/action/builtin/restAction",
      "parameters": {
        "endpoint": "devOrds/getRefNumList"
      },
      "outcomes": {
        "failure": "fireNotification",
        "success": "assignVariablesRefNumberArray"
      }
    },
    "assignVariablesRefNumberArray": {
      "module": "vb/action/builtin/assignVariablesAction",
      "parameters": {
        "$page.variables.refNumberArray": {
          "source": "{{ $chain.results.callRestGetRefNumList.body.items }}"
        }
      }
    },
    "runInParallel": {
      "module": "vb/action/builtin/forkAction",
      "parameters": {
        "actions": {
          "callRestGetRefNumList": "callRestGetRefNumList",
          "callRestGetAllISBNS": "callRestGetAllISBNS",
          "callRestGetPoNumbers": "callRestGetPoNumbers",
          "callRestGetSalesCreditGetAllAccounts2": "callRestGetSalesCreditGetAllAccounts2",
          "callRestStoreNumberLov": "callRestStoreNumberLov",
          "callRestGetSoMasterUpdateGetHoldCodes": "callRestGetSoMasterUpdateGetHoldCodes",
          "callRestGetSoMasterUpdateGetReleasecodes": "callRestGetSoMasterUpdateGetReleasecodes",
          "callRestGetLineStatusLOV": "callRestGetLineStatusLOV"
        }
      }
    },
    "fireNotification2": {
      "module": "vb/action/builtin/fireNotificationEventAction",
      "parameters": {
        "target": "leaf",
        "summary": "[[ $chain.results.callRestGetAllISBNS.message.summary ]]",
        "type": "error",
        "displayMode": "persist"
      }
    },
    "callRestGetAllISBNS": {
      "module": "vb/action/builtin/restAction",
      "parameters": {
        "endpoint": "devOrds/GetAllISBNS"
      },
      "outcomes": {
        "failure": "fireNotification2",
        "success": "assignVariablesItemsArrayDummy"
      }
    },
    "assignVariablesItemsArrayDummy": {
      "module": "vb/action/builtin/assignVariablesAction",
      "parameters": {
        "$page.variables.ItemsArrayDummy": {
          "source": "{{ $chain.results.callRestGetAllISBNS.body.items }}"
        }
      }
    },
    "fireNotification3": {
      "module": "vb/action/builtin/fireNotificationEventAction",
      "parameters": {
        "target": "leaf",
        "summary": "[[ $chain.results.callRestGetPoNumbers.message.summary ]]",
        "type": "error",
        "displayMode": "persist"
      }
    },
    "callRestGetPoNumbers": {
      "module": "vb/action/builtin/restAction",
      "parameters": {
        "endpoint": "devOrds/getPoNumbers"
      },
      "outcomes": {
        "failure": "fireNotification3",
        "success": "assignVariablesPoNumberDummy"
      }
    },
    "assignVariablesPoNumberDummy": {
      "module": "vb/action/builtin/assignVariablesAction",
      "parameters": {
        "$page.variables.PoNumberDummy": {
          "source": "{{ $chain.results.callRestGetPoNumbers.body.items }}"
        }
      }
    },
    "fireNotification4": {
      "module": "vb/action/builtin/fireNotificationEventAction",
      "parameters": {
        "target": "leaf",
        "summary": "[[ $chain.results.callRestGetSalesCreditGetAllAccounts2.message.summary ]]",
        "type": "error",
        "displayMode": "persist"
      }
    },
    "callRestGetSalesCreditGetAllAccounts2": {
      "module": "vb/action/builtin/restAction",
      "parameters": {
        "endpoint": "devOrds/getSalesCreditGetAllAccounts2",
        "uriParams": {
          "party_id": "{{ $page.variables.searchObj.p_organization_id ? $page.variables.searchObj.p_organization_id : \"\" }}"
        }
      },
      "outcomes": {
        "failure": "fireNotification4",
        "success": "assignVariablesAccountNumberArray"
      }
    },
    "assignVariablesAccountNumberArray": {
      "module": "vb/action/builtin/assignVariablesAction",
      "parameters": {
        "$page.variables.AccountNumberArray": {
          "source": "{{ $chain.results.callRestGetSalesCreditGetAllAccounts2.body.items }}"
        }
      }
    },
    "fireNotification6": {
      "module": "vb/action/builtin/fireNotificationEventAction",
      "parameters": {
        "target": "leaf",
        "summary": "[[ $chain.results.callRestStoreNumberLov.message.summary ]]",
        "type": "error",
        "displayMode": "persist"
      }
    },
    "callRestStoreNumberLov": {
      "module": "vb/action/builtin/restAction",
      "parameters": {
        "endpoint": "devOrds/StoreNumberLov",
        "uriParams": {
          "p_party_site_name": "{{ \"\" }}"
        }
      },
      "outcomes": {
        "failure": "fireNotification6",
        "success": "assignVariablesStoreNumberArray"
      }
    },
    "assignVariablesStoreNumberArray": {
      "module": "vb/action/builtin/assignVariablesAction",
      "parameters": {
        "$page.variables.StoreNumberArray": {
          "source": "{{ $chain.results.callRestStoreNumberLov.body.items }}"
        }
      }
    },
    "fireNotification7": {
      "module": "vb/action/builtin/fireNotificationEventAction",
      "parameters": {
        "target": "leaf",
        "summary": "[[ $chain.results.callRestGetSoMasterUpdateGetHoldCodes.message.summary ]]",
        "type": "error",
        "displayMode": "persist"
      }
    },
    "callRestGetSoMasterUpdateGetHoldCodes": {
      "module": "vb/action/builtin/restAction",
      "parameters": {
        "endpoint": "devOrds/getSoMasterUpdateGetHoldCodes"
      },
      "outcomes": {
        "failure": "fireNotification7",
        "success": "assignVariablesHoldCodeArray"
      }
    },
    "assignVariablesHoldCodeArray": {
      "module": "vb/action/builtin/assignVariablesAction",
      "parameters": {
        "$page.variables.HoldCodeArray": {
          "source": "{{ $chain.results.callRestGetSoMasterUpdateGetHoldCodes.body.items }}"
        }
      }
    },
    "fireNotification8": {
      "module": "vb/action/builtin/fireNotificationEventAction",
      "parameters": {
        "target": "leaf",
        "summary": "[[ $chain.results.callRestGetSoMasterUpdateGetReleasecodes.message.summary ]]",
        "type": "error",
        "displayMode": "persist"
      }
    },
    "callRestGetSoMasterUpdateGetReleasecodes": {
      "module": "vb/action/builtin/restAction",
      "parameters": {
        "endpoint": "devOrds/getSoMasterUpdateGetReleasecodes"
      },
      "outcomes": {
        "failure": "fireNotification8",
        "success": "assignVariablesReleaseCodeArray"
      }
    },
    "assignVariablesReleaseCodeArray": {
      "module": "vb/action/builtin/assignVariablesAction",
      "parameters": {
        "$page.variables.ReleaseCodeArray": {
          "source": "{{ $chain.results.callRestGetSoMasterUpdateGetReleasecodes.body.items }}"
        }
      }
    },
    "fireNotification9": {
      "module": "vb/action/builtin/fireNotificationEventAction",
      "parameters": {
        "target": "leaf",
        "summary": "[[ $chain.results.callRestGetLineStatusLOV.message.summary ]]",
        "type": "error",
        "displayMode": "persist"
      }
    },
    "callRestGetLineStatusLOV": {
      "module": "vb/action/builtin/restAction",
      "parameters": {
        "endpoint": "devOrds/getLineStatusLOV"
      },
      "outcomes": {
        "failure": "fireNotification9",
        "success": "assignVariablesLineStatusArray"
      }
    },
    "assignVariablesLineStatusArray": {
      "module": "vb/action/builtin/assignVariablesAction",
      "parameters": {
        "$page.variables.LineStatusArray": {
          "source": "{{ $chain.results.callRestGetLineStatusLOV.body.items }}"
        }
      }
    }
  }
}