{
  "description": "",
  "root": "ifCurrentValue",
  "actions": {
    "ifCurrentValue": {
      "module": "vb/action/builtin/ifAction",
      "parameters": {
        "condition": "[[ $variables.CurrentValue.length >=3 ]]"
      },
      "outcomes": {
        "true": "callRestGetSalesCreditGetAllAccounts2"
      }
    },
    "callRestGetSalesCreditGetAllAccounts2": {
      "module": "vb/action/builtin/restAction",
      "parameters": {
        "endpoint": "devOrds/getSalesCreditGetAllAccounts2",
        "uriParams": {
          "p_acct_number": "{{ $variables.CurrentValue }}",
          "party_id": "{{ $page.variables.searchObj.p_organization_id }}"
        }
      },
      "outcomes": {
        "success": "assignVariablesAccountNumberArray"
      }
    },
    "assignVariablesAccountNumberArray": {
      "module": "vb/action/builtin/assignVariablesAction",
      "parameters": {
        "$page.variables.AccountNumberArray": {
          "source": "{{ $chain.results.callRestGetSalesCreditGetAllAccounts2.body.items }}"
        }
      }
    }
  },
  "variables": {
    "CurrentValue": {
      "type": "string",
      "description": "",
      "input": "fromCaller"
    }
  }
}