{
  "description": "",
  "root": "if",
  "actions": {
    "resetVariablesAccountNumberArray": {
      "module": "vb/action/builtin/resetVariablesAction",
      "parameters": {
        "variables": [
          "$page.variables.AccountNumberArray",
          "$page.variables.searchObj.p_cust_account_id"          ,
          "$page.variables.searchObj.p_ex_cust_account_id"
        ]
      },
      "outcomes": {
        "success": "callRestGetSalesCreditGetAllAccounts2"
      }
    },
    "callRestGetSalesCreditGetAllAccounts2": {
      "module": "vb/action/builtin/restAction",
      "parameters": {
        "endpoint": "devOrds/getSalesCreditGetAllAccounts2",
        "uriParams": {
          "party_id": "{{ $page.variables.searchObj.p_organization_id }}"
        }
      },
      "outcomes": {

        "success": "assignVariablesAccountNumberArray"
      }
    },
    "assignVariablesAccountNumberArray": {
      "module": "vb/action/builtin/assignVariablesAction",
      "parameters": {
        "$page.variables.AccountNumberArray": {
          "source": "{{ $chain.results.callRestGetSalesCreditGetAllAccounts2.body.items }}"
        }
      }
    },
    "if": {
      "module": "vb/action/builtin/ifAction",
      "parameters": {
        "condition": "[[ $variables.value !== \"\" && $variables.value !== null && typeof $variables.value !== \"undefined\" ]]"
      },
      "outcomes": {
        "true": "callRestGetOrganizationNameId",
        "false": "resetVariablesAccountNumberArray2"
      }
    },
    "callRestGetSalesCreditGetAllAccounts22": {
      "module": "vb/action/builtin/restAction",
      "parameters": {
        "endpoint": "devOrds/getSalesCreditGetAllAccounts2",
        "uriParams": {
          "party_id": "{{ \"\" }}"
        }
      },
      "outcomes": {

        "success": "assignVariablesAccountNumberArray2"
      }
    },
    "assignVariablesAccountNumberArray2": {
      "module": "vb/action/builtin/assignVariablesAction",
      "parameters": {
        "$page.variables.AccountNumberArray": {
          "source": "{{ $chain.results.callRestGetSalesCreditGetAllAccounts22.body.items }}"
        }
      }
    },
    "resetVariablesAccountNumberArray2": {
      "module": "vb/action/builtin/resetVariablesAction",
      "parameters": {
        "variables": [
          "$page.variables.AccountNumberArray",
          "$page.variables.searchObj.p_cust_account_id",
          "$page.variables.searchObj.p_ex_cust_account_id",
          "$page.variables.searchObj.accountNumber"          ,
          "$page.variables.searchObj.ExtAccountNumber"
        ]
      },
      "outcomes": {
        "success": "callRestGetSalesCreditGetAllAccounts22"
      }
    },
    "callRestGetOrganizationNameId": {
      "module": "vb/action/builtin/restAction",
      "parameters": {
        "endpoint": "devOrds/getOrganizationNameId",
        "uriParams": {
          "part_number": "{{ $variables.value }}"
        }
      },
      "outcomes": {
        "success": "assignVariablesSearchObj"
      }
    },
    "assignVariablesSearchObj": {
      "module": "vb/action/builtin/assignVariablesAction",
      "parameters": {
        "$page.variables.searchObj": {
          "source": {
            "p_organization_id": "{{ $chain.results.callRestGetOrganizationNameId.body.items[0].party_id }}"
          },
          "reset": "none",
          "auto": "always"
        }
      },
      "outcomes": {
        "success": "resetVariablesAccountNumberArray"
      }
    }
  },
  "variables": {
    "value": {
      "required": true,
      "type": "any",
      "input": "fromCaller"
    }
  }
}