{
    "items": [
        {
            "hold_code": "DOO_CREDIT_CHECK",
            "hold_name": "Credit Check Hold"
        },
        {
            "hold_code": "HOLD_FOR_CHANGE_REQUEST",
            "hold_name": "Hold For Change Request"
        },
        {
            "hold_code": "HBG_Discount",
            "hold_name": "Discount"
        },
        {
            "hold_code": "HBG_Hot_Title",
            "hold_name": "Hot Title"
        },
        {
            "hold_code": "HBG_Distribution_Rights",
            "hold_name": "Distribution Rights"
        },
        {
            "hold_code": "HBG_Title_Rights",
            "hold_name": "Title Rights"
        },
        {
            "hold_code": "HBG_Amt_Exceeds",
            "hold_name": "Amount Exceeds"
        },
        {
            "hold_code": "HBG_Gift_Review",
            "hold_name": "Gift Review"
        },
        {
            "hold_code": "HBG_Prepaid",
            "hold_name": "Prepaid"
        },
        {
            "hold_code": "HBG_Account",
            "hold_name": "Account"
        },
        {
            "hold_code": "HBG_Operation",
            "hold_name": "Operation"
        },
        {
            "hold_code": "HBG_PK_NO_NET_PRICE",
            "hold_name": "PK No Net Price"
        }
    ],
    "hasMore": false,
    "limit": 25,
    "offset": 0,
    "count": 12,
    "links": [
        {
            "rel": "self",
            "href": "https://10.2.0.169:8081/ords/hbg_integration/SoMasterUpdate/getHoldCodes"
        },
        {
            "rel": "describedby",
            "href": "https://10.2.0.169:8081/ords/hbg_integration/metadata-catalog/SoMasterUpdate/item"
        },
        {
            "rel": "first",
            "href": "https://10.2.0.169:8081/ords/hbg_integration/SoMasterUpdate/getHoldCodes"
        }
    ]
}