{
    "items": [
        {
            "division_number": "1",
            "division_name": "DIV1Name",
            "sf_div_id": 23
        }
    ],
    "hasMore": false,
    "limit": 100,
    "offset": 0,
    "count": 1,
    "links": [
        {
            "rel": "self",
            "href": "https://10.2.0.169:8081/ords/hbg_integration/salesCredit/DivisionTableCol?SALES_FORCE_ID=20"
        },
        {
            "rel": "describedby",
            "href": "https://10.2.0.169:8081/ords/hbg_integration/metadata-catalog/salesCredit/item"
        },
        {
            "rel": "first",
            "href": "https://10.2.0.169:8081/ords/hbg_integration/salesCredit/DivisionTableCol?SALES_FORCE_ID=20"
        }
    ]
}