{
    "items": [
        {
            "value_set_name": "HBG_Owner",
            "flex_value": "TW",
            "description": "Time Warner Audio",
            "enabled_flag": "Y",
            "start_date_active": null,
            "end_date_active": null,
            "created_by": "thastings@pelotongroup.com",
            "creation_date": "2022-11-21T21:20:23Z",
            "last_updated_by": "thastings@pelotongroup.com",
            "last_update_date": "2022-11-21T21:20:24Z",
            "oic_run_id": 20221123,
            "status": "N",
            "status_message": null
        },
        {
            "value_set_name": "HBG_Owner",
            "flex_value": "HP",
            "description": "Hudson Park Press",
            "enabled_flag": "Y",
            "start_date_active": null,
            "end_date_active": null,
            "created_by": "thastings@pelotongroup.com",
            "creation_date": "2022-11-21T21:20:23Z",
            "last_updated_by": "thastings@pelotongroup.com",
            "last_update_date": "2022-11-21T21:20:24Z",
            "oic_run_id": 20221123,
            "status": "N",
            "status_message": null
        },
        {
            "value_set_name": "HBG_Owner",
            "flex_value": "HL",
            "description": "Hachette Livre",
            "enabled_flag": "Y",
            "start_date_active": null,
            "end_date_active": null,
            "created_by": "thastings@pelotongroup.com",
            "creation_date": "2022-11-21T21:20:23Z",
            "last_updated_by": "thastings@pelotongroup.com",
            "last_update_date": "2022-11-21T21:20:24Z",
            "oic_run_id": 20221123,
            "status": "N",
            "status_message": null
        },
        {
            "value_set_name": "HBG_Owner",
            "flex_value": "PD",
            "description": "Paula Deen Ventures",
            "enabled_flag": "Y",
            "start_date_active": null,
            "end_date_active": null,
            "created_by": "thastings@pelotongroup.com",
            "creation_date": "2022-11-21T21:20:23Z",
            "last_updated_by": "thastings@pelotongroup.com",
            "last_update_date": "2022-11-21T21:20:24Z",
            "oic_run_id": 20221123,
            "status": "N",
            "status_message": null
        },
        {
            "value_set_name": "HBG_Owner",
            "flex_value": "GM",
            "description": "Gildan Media Corporation",
            "enabled_flag": "Y",
            "start_date_active": null,
            "end_date_active": null,
            "created_by": "thastings@pelotongroup.com",
            "creation_date": "2022-11-21T21:20:23Z",
            "last_updated_by": "thastings@pelotongroup.com",
            "last_update_date": "2022-11-21T21:20:24Z",
            "oic_run_id": 20221123,
            "status": "N",
            "status_message": null
        },
        {
            "value_set_name": "HBG_Owner",
            "flex_value": "GA",
            "description": "Grupo Anaya",
            "enabled_flag": "Y",
            "start_date_active": null,
            "end_date_active": null,
            "created_by": "thastings@pelotongroup.com",
            "creation_date": "2022-11-21T21:20:23Z",
            "last_updated_by": "thastings@pelotongroup.com",
            "last_update_date": "2022-11-21T21:20:24Z",
            "oic_run_id": 20221123,
            "status": "N",
            "status_message": null
        },
        {
            "value_set_name": "HBG_Owner",
            "flex_value": "JB",
            "description": "Joe Books LTD",
            "enabled_flag": "Y",
            "start_date_active": null,
            "end_date_active": null,
            "created_by": "thastings@pelotongroup.com",
            "creation_date": "2022-11-21T21:20:23Z",
            "last_updated_by": "thastings@pelotongroup.com",
            "last_update_date": "2022-11-21T21:20:24Z",
            "oic_run_id": 20221123,
            "status": "N",
            "status_message": null
        },
        {
            "value_set_name": "HBG_Owner",
            "flex_value": "MP",
            "description": "Microsoft Press",
            "enabled_flag": "Y",
            "start_date_active": null,
            "end_date_active": null,
            "created_by": "thastings@pelotongroup.com",
            "creation_date": "2022-11-21T21:20:23Z",
            "last_updated_by": "thastings@pelotongroup.com",
            "last_update_date": "2022-11-21T21:20:24Z",
            "oic_run_id": 20221123,
            "status": "N",
            "status_message": null
        },
        {
            "value_set_name": "HBG_Owner",
            "flex_value": "QS",
            "description": "Quarto Publishing Group USA",
            "enabled_flag": "Y",
            "start_date_active": null,
            "end_date_active": null,
            "created_by": "thastings@pelotongroup.com",
            "creation_date": "2022-11-21T21:20:23Z",
            "last_updated_by": "thastings@pelotongroup.com",
            "last_update_date": "2022-11-21T21:20:24Z",
            "oic_run_id": 20221123,
            "status": "N",
            "status_message": null
        },
        {
            "value_set_name": "HBG_Owner",
            "flex_value": "MW",
            "description": "Mouseworks",
            "enabled_flag": "Y",
            "start_date_active": null,
            "end_date_active": null,
            "created_by": "thastings@pelotongroup.com",
            "creation_date": "2022-11-21T21:20:23Z",
            "last_updated_by": "thastings@pelotongroup.com",
            "last_update_date": "2022-11-21T21:20:24Z",
            "oic_run_id": 20221123,
            "status": "N",
            "status_message": null
        },
        {
            "value_set_name": "HBG_Owner",
            "flex_value": "TL",
            "description": "Time Life Books",
            "enabled_flag": "Y",
            "start_date_active": null,
            "end_date_active": null,
            "created_by": "thastings@pelotongroup.com",
            "creation_date": "2022-11-21T21:20:23Z",
            "last_updated_by": "thastings@pelotongroup.com",
            "last_update_date": "2022-11-21T21:20:24Z",
            "oic_run_id": 20221123,
            "status": "N",
            "status_message": null
        },
        {
            "value_set_name": "HBG_Owner",
            "flex_value": "AN",
            "description": "Anness Publishing",
            "enabled_flag": "Y",
            "start_date_active": null,
            "end_date_active": null,
            "created_by": "thastings@pelotongroup.com",
            "creation_date": "2022-11-21T21:20:23Z",
            "last_updated_by": "thastings@pelotongroup.com",
            "last_update_date": "2022-11-21T21:20:24Z",
            "oic_run_id": 20221123,
            "status": "N",
            "status_message": null
        },
        {
            "value_set_name": "HBG_Owner",
            "flex_value": "IK",
            "description": "Innovative Kids",
            "enabled_flag": "Y",
            "start_date_active": null,
            "end_date_active": null,
            "created_by": "thastings@pelotongroup.com",
            "creation_date": "2022-11-21T21:20:23Z",
            "last_updated_by": "thastings@pelotongroup.com",
            "last_update_date": "2022-11-21T21:20:24Z",
            "oic_run_id": 20221123,
            "status": "N",
            "status_message": null
        },
        {
            "value_set_name": "HBG_Owner",
            "flex_value": "CB",
            "description": "Chronicle Books",
            "enabled_flag": "Y",
            "start_date_active": null,
            "end_date_active": null,
            "created_by": "thastings@pelotongroup.com",
            "creation_date": "2022-11-21T21:20:23Z",
            "last_updated_by": "thastings@pelotongroup.com",
            "last_update_date": "2022-11-21T21:20:24Z",
            "oic_run_id": 20221123,
            "status": "N",
            "status_message": null
        },
        {
            "value_set_name": "HBG_Owner",
            "flex_value": "BB",
            "description": "Bloomberg Business",
            "enabled_flag": "Y",
            "start_date_active": null,
            "end_date_active": null,
            "created_by": "thastings@pelotongroup.com",
            "creation_date": "2022-11-21T21:20:23Z",
            "last_updated_by": "thastings@pelotongroup.com",
            "last_update_date": "2022-11-21T21:20:24Z",
            "oic_run_id": 20221123,
            "status": "N",
            "status_message": null
        },
        {
            "value_set_name": "HBG_Owner",
            "flex_value": "LP",
            "description": "Lonely Planet",
            "enabled_flag": "Y",
            "start_date_active": null,
            "end_date_active": null,
            "created_by": "thastings@pelotongroup.com",
            "creation_date": "2022-11-21T21:20:23Z",
            "last_updated_by": "thastings@pelotongroup.com",
            "last_update_date": "2022-11-21T21:20:24Z",
            "oic_run_id": 20221123,
            "status": "N",
            "status_message": null
        },
        {
            "value_set_name": "HBG_Owner",
            "flex_value": "PI",
            "description": "Peer Information, Inc.",
            "enabled_flag": "Y",
            "start_date_active": null,
            "end_date_active": null,
            "created_by": "thastings@pelotongroup.com",
            "creation_date": "2022-11-21T21:22:25Z",
            "last_updated_by": "thastings@pelotongroup.com",
            "last_update_date": "2022-11-21T21:23:12Z",
            "oic_run_id": 20221123,
            "status": "N",
            "status_message": null
        },
        {
            "value_set_name": "HBG_Owner",
            "flex_value": "DC",
            "description": "DC Comics",
            "enabled_flag": "Y",
            "start_date_active": null,
            "end_date_active": null,
            "created_by": "thastings@pelotongroup.com",
            "creation_date": "2022-11-21T21:20:23Z",
            "last_updated_by": "thastings@pelotongroup.com",
            "last_update_date": "2022-11-21T21:20:24Z",
            "oic_run_id": 20221123,
            "status": "N",
            "status_message": null
        },
        {
            "value_set_name": "HBG_Owner",
            "flex_value": "WC",
            "description": "The Weinstein Company",
            "enabled_flag": "Y",
            "start_date_active": null,
            "end_date_active": null,
            "created_by": "thastings@pelotongroup.com",
            "creation_date": "2022-11-21T21:20:23Z",
            "last_updated_by": "thastings@pelotongroup.com",
            "last_update_date": "2022-11-21T21:20:24Z",
            "oic_run_id": 20221123,
            "status": "N",
            "status_message": null
        },
        {
            "value_set_name": "HBG_Owner",
            "flex_value": "HM",
            "description": "Houghton Mifflin Harcourt",
            "enabled_flag": "Y",
            "start_date_active": null,
            "end_date_active": null,
            "created_by": "thastings@pelotongroup.com",
            "creation_date": "2022-11-21T21:20:23Z",
            "last_updated_by": "thastings@pelotongroup.com",
            "last_update_date": "2022-11-21T21:20:24Z",
            "oic_run_id": 20221123,
            "status": "N",
            "status_message": null
        },
        {
            "value_set_name": "HBG_Owner",
            "flex_value": "AB",
            "description": "Abrams Books",
            "enabled_flag": "Y",
            "start_date_active": null,
            "end_date_active": null,
            "created_by": "thastings@pelotongroup.com",
            "creation_date": "2022-11-21T21:20:11Z",
            "last_updated_by": "thastings@pelotongroup.com",
            "last_update_date": "2022-11-21T21:20:24Z",
            "oic_run_id": 20221123,
            "status": "N",
            "status_message": null
        },
        {
            "value_set_name": "HBG_Owner",
            "flex_value": "MS",
            "description": "Moleskine",
            "enabled_flag": "Y",
            "start_date_active": null,
            "end_date_active": null,
            "created_by": "thastings@pelotongroup.com",
            "creation_date": "2022-11-21T21:20:23Z",
            "last_updated_by": "thastings@pelotongroup.com",
            "last_update_date": "2022-11-21T21:20:24Z",
            "oic_run_id": 20221123,
            "status": "N",
            "status_message": null
        },
        {
            "value_set_name": "HBG_Owner",
            "flex_value": "SB",
            "description": "Strictly By The Book",
            "enabled_flag": "Y",
            "start_date_active": null,
            "end_date_active": null,
            "created_by": "thastings@pelotongroup.com",
            "creation_date": "2022-11-21T21:20:23Z",
            "last_updated_by": "thastings@pelotongroup.com",
            "last_update_date": "2022-11-21T21:20:24Z",
            "oic_run_id": 20221123,
            "status": "N",
            "status_message": null
        },
        {
            "value_set_name": "HBG_Owner",
            "flex_value": "FP",
            "description": "Hearst Books",
            "enabled_flag": "Y",
            "start_date_active": null,
            "end_date_active": null,
            "created_by": "thastings@pelotongroup.com",
            "creation_date": "2022-11-21T21:20:23Z",
            "last_updated_by": "thastings@pelotongroup.com",
            "last_update_date": "2022-11-21T21:20:24Z",
            "oic_run_id": 20221123,
            "status": "N",
            "status_message": null
        },
        {
            "value_set_name": "HBG_Owner",
            "flex_value": "DP",
            "description": "Disney Publishng World Wide",
            "enabled_flag": "Y",
            "start_date_active": null,
            "end_date_active": null,
            "created_by": "thastings@pelotongroup.com",
            "creation_date": "2022-11-21T21:20:23Z",
            "last_updated_by": "thastings@pelotongroup.com",
            "last_update_date": "2022-11-21T21:20:24Z",
            "oic_run_id": 20221123,
            "status": "N",
            "status_message": null
        },
        {
            "value_set_name": "HBG_Owner",
            "flex_value": "AR",
            "description": "Arcade Publishing",
            "enabled_flag": "Y",
            "start_date_active": null,
            "end_date_active": null,
            "created_by": "thastings@pelotongroup.com",
            "creation_date": "2022-11-21T21:20:23Z",
            "last_updated_by": "thastings@pelotongroup.com",
            "last_update_date": "2022-11-21T21:20:24Z",
            "oic_run_id": 20221123,
            "status": "N",
            "status_message": null
        },
        {
            "value_set_name": "HBG_Owner",
            "flex_value": "PK",
            "description": "Phoenix International",
            "enabled_flag": "Y",
            "start_date_active": null,
            "end_date_active": null,
            "created_by": "thastings@pelotongroup.com",
            "creation_date": "2022-11-21T21:20:23Z",
            "last_updated_by": "thastings@pelotongroup.com",
            "last_update_date": "2022-11-21T21:20:24Z",
            "oic_run_id": 20221123,
            "status": "N",
            "status_message": null
        },
        {
            "value_set_name": "HBG_Owner",
            "flex_value": "PP",
            "description": "Phaidon Press LTD",
            "enabled_flag": "Y",
            "start_date_active": null,
            "end_date_active": null,
            "created_by": "thastings@pelotongroup.com",
            "creation_date": "2022-11-21T21:20:23Z",
            "last_updated_by": "thastings@pelotongroup.com",
            "last_update_date": "2022-11-21T21:20:24Z",
            "oic_run_id": 20221123,
            "status": "N",
            "status_message": null
        },
        {
            "value_set_name": "HBG_Owner",
            "flex_value": "HB",
            "description": "Hachette Books",
            "enabled_flag": "Y",
            "start_date_active": null,
            "end_date_active": null,
            "created_by": "thastings@pelotongroup.com",
            "creation_date": "2022-11-21T21:20:23Z",
            "last_updated_by": "thastings@pelotongroup.com",
            "last_update_date": "2022-11-21T21:20:24Z",
            "oic_run_id": 20221123,
            "status": "N",
            "status_message": null
        },
        {
            "value_set_name": "HBG_Owner",
            "flex_value": "AP",
            "description": "Amazing People",
            "enabled_flag": "Y",
            "start_date_active": null,
            "end_date_active": null,
            "created_by": "thastings@pelotongroup.com",
            "creation_date": "2022-11-21T21:20:23Z",
            "last_updated_by": "thastings@pelotongroup.com",
            "last_update_date": "2022-11-21T21:20:24Z",
            "oic_run_id": 20221123,
            "status": "N",
            "status_message": null
        },
        {
            "value_set_name": "HBG_Owner",
            "flex_value": "TH",
            "description": "TI Inc. Books",
            "enabled_flag": "Y",
            "start_date_active": null,
            "end_date_active": null,
            "created_by": "thastings@pelotongroup.com",
            "creation_date": "2022-11-21T21:20:23Z",
            "last_updated_by": "thastings@pelotongroup.com",
            "last_update_date": "2022-11-21T21:20:24Z",
            "oic_run_id": 20221123,
            "status": "N",
            "status_message": null
        },
        {
            "value_set_name": "HBG_Owner",
            "flex_value": "RT",
            "description": "Round Table",
            "enabled_flag": "Y",
            "start_date_active": null,
            "end_date_active": null,
            "created_by": "thastings@pelotongroup.com",
            "creation_date": "2022-11-21T21:20:23Z",
            "last_updated_by": "thastings@pelotongroup.com",
            "last_update_date": "2022-11-21T21:20:24Z",
            "oic_run_id": 20221123,
            "status": "N",
            "status_message": null
        },
        {
            "value_set_name": "HBG_Owner",
            "flex_value": "PN",
            "description": "Peterson's Nelnet",
            "enabled_flag": "Y",
            "start_date_active": null,
            "end_date_active": null,
            "created_by": "thastings@pelotongroup.com",
            "creation_date": "2022-11-21T21:20:23Z",
            "last_updated_by": "thastings@pelotongroup.com",
            "last_update_date": "2022-11-21T21:20:24Z",
            "oic_run_id": 20221123,
            "status": "N",
            "status_message": null
        },
        {
            "value_set_name": "HBG_Owner",
            "flex_value": "HU",
            "description": "Hachette UK",
            "enabled_flag": "Y",
            "start_date_active": null,
            "end_date_active": null,
            "created_by": "thastings@pelotongroup.com",
            "creation_date": "2022-11-21T21:20:23Z",
            "last_updated_by": "thastings@pelotongroup.com",
            "last_update_date": "2022-11-21T21:20:24Z",
            "oic_run_id": 20221123,
            "status": "N",
            "status_message": null
        },
        {
            "value_set_name": "HBG_Owner",
            "flex_value": "KB",
            "description": "Kensington Books",
            "enabled_flag": "Y",
            "start_date_active": null,
            "end_date_active": null,
            "created_by": "thastings@pelotongroup.com",
            "creation_date": "2022-11-21T21:20:23Z",
            "last_updated_by": "thastings@pelotongroup.com",
            "last_update_date": "2022-11-21T21:20:24Z",
            "oic_run_id": 20221123,
            "status": "N",
            "status_message": null
        },
        {
            "value_set_name": "HBG_Owner",
            "flex_value": "SL",
            "description": "Sandra Lee Publications",
            "enabled_flag": "Y",
            "start_date_active": null,
            "end_date_active": null,
            "created_by": "thastings@pelotongroup.com",
            "creation_date": "2022-11-21T21:20:23Z",
            "last_updated_by": "thastings@pelotongroup.com",
            "last_update_date": "2022-11-21T21:20:24Z",
            "oic_run_id": 20221123,
            "status": "N",
            "status_message": null
        },
        {
            "value_set_name": "HBG_Owner",
            "flex_value": "OB",
            "description": "Octopus Books",
            "enabled_flag": "Y",
            "start_date_active": null,
            "end_date_active": null,
            "created_by": "thastings@pelotongroup.com",
            "creation_date": "2022-11-21T21:20:23Z",
            "last_updated_by": "thastings@pelotongroup.com",
            "last_update_date": "2022-11-21T21:20:24Z",
            "oic_run_id": 20221123,
            "status": "N",
            "status_message": null
        },
        {
            "value_set_name": "HBG_Owner",
            "flex_value": "XX",
            "description": "Internal",
            "enabled_flag": "Y",
            "start_date_active": null,
            "end_date_active": null,
            "created_by": "thastings@pelotongroup.com",
            "creation_date": "2022-11-21T21:20:23Z",
            "last_updated_by": "thastings@pelotongroup.com",
            "last_update_date": "2022-11-21T21:20:24Z",
            "oic_run_id": 20221123,
            "status": "N",
            "status_message": null
        },
        {
            "value_set_name": "HBG_Owner",
            "flex_value": "GR",
            "description": "Guinness World Records",
            "enabled_flag": "Y",
            "start_date_active": null,
            "end_date_active": null,
            "created_by": "thastings@pelotongroup.com",
            "creation_date": "2022-11-21T21:20:23Z",
            "last_updated_by": "thastings@pelotongroup.com",
            "last_update_date": "2022-11-21T21:20:24Z",
            "oic_run_id": 20221123,
            "status": "N",
            "status_message": null
        },
        {
            "value_set_name": "HBG_Owner",
            "flex_value": "YP",
            "description": "Yen Press LLC",
            "enabled_flag": "Y",
            "start_date_active": null,
            "end_date_active": null,
            "created_by": "thastings@pelotongroup.com",
            "creation_date": "2022-11-21T21:20:23Z",
            "last_updated_by": "thastings@pelotongroup.com",
            "last_update_date": "2022-11-21T21:20:24Z",
            "oic_run_id": 20221123,
            "status": "N",
            "status_message": null
        },
        {
            "value_set_name": "HBG_Owner",
            "flex_value": "SC",
            "description": "Sierra Club",
            "enabled_flag": "Y",
            "start_date_active": null,
            "end_date_active": null,
            "created_by": "thastings@pelotongroup.com",
            "creation_date": "2022-11-21T21:20:23Z",
            "last_updated_by": "thastings@pelotongroup.com",
            "last_update_date": "2022-11-21T21:20:24Z",
            "oic_run_id": 20221123,
            "status": "N",
            "status_message": null
        },
        {
            "value_set_name": "HBG_Owner",
            "flex_value": "KP",
            "description": "Kids Can Press",
            "enabled_flag": "Y",
            "start_date_active": null,
            "end_date_active": null,
            "created_by": "thastings@pelotongroup.com",
            "creation_date": "2022-11-21T21:20:23Z",
            "last_updated_by": "thastings@pelotongroup.com",
            "last_update_date": "2022-11-21T21:20:24Z",
            "oic_run_id": 20221123,
            "status": "N",
            "status_message": null
        }
    ],
    "hasMore": false,
    "limit": 10000,
    "offset": 0,
    "count": 42,
    "links": [
        {
            "rel": "self",
            "href": "https://10.2.0.169:8081/ords/hbg_integration/DistributionTitleRights/getValueSetsInfo?P_VALUE_SET_NAME=HBG_Owner"
        },
        {
            "rel": "describedby",
            "href": "https://10.2.0.169:8081/ords/hbg_integration/metadata-catalog/DistributionTitleRights/item"
        },
        {
            "rel": "first",
            "href": "https://10.2.0.169:8081/ords/hbg_integration/DistributionTitleRights/getValueSetsInfo?P_VALUE_SET_NAME=HBG_Owner&limit=10000"
        }
    ]
}