{
  "description": "",
  "root": "switchSelection",
  "actions": {
    "navigateToCountrygroupsCountrygroupsStart": {
      "module": "vb/action/builtin/navigateAction",
      "@dt": {
        "targetType": "flow"
      },
      "parameters": {
        "flow": "countrygroups",
        "page": "countrygroups-start"
      }
    },
    "navigateToDistrightsDistrightsStart": {
      "module": "vb/action/builtin/navigateAction",
      "@dt": {
        "targetType": "flow"
      },
      "parameters": {
        "flow": "distrights",
        "page": "distrights-start"
      }
    },
    "navigateToTitlerightsTitlerightsStart": {
      "module": "vb/action/builtin/navigateAction",
      "@dt": {
        "targetType": "flow"
      },
      "parameters": {
        "flow": "titlerights",
        "page": "titlerights-start"
      }
    },
    "switchSelection": {
      "module": "vb/action/builtin/switchAction",
      "parameters": {
        "possibleValues": [
          "CountryGroups",
          "DistRights",
          "TitleRights"
        ],
        "caseValue": "[[ $variables.selection ]]"
      },
      "outcomes": {
        "CountryGroups": "navigateToCountrygroupsCountrygroupsStart",
        "DistRights": "navigateToDistrightsDistrightsStart",
        "TitleRights": "navigateToTitlerightsTitlerightsStart"
      }
    }
  },
  "variables": {
    "selection": {
      "required": true,
      "type": "any",
      "input": "fromCaller"
    }
  }
}