{
    "items": [
        {
            "party_id": 100000223719120,
            "party_name": "987659 - Customer FBDI ",
            "party_number": "987659"
        },
        {
            "party_id": 100000224222569,
            "party_name": "AMAZON",
            "party_number": "90001403"
        },
        {
            "party_id": 100000234582012,
            "party_name": "TST_01_LIBBY'S",
            "party_number": "TST_01_96397914"
        },
        {
            "party_id": 100000234582013,
            "party_name": "TST_01_GRANITE POINT RESORT",
            "party_number": "TST_01_96397953"
        },
        {
            "party_id": 100000234582014,
            "party_name": "TST_01_TRACE",
            "party_number": "TST_01_96394233"
        },
        {
            "party_id": 100000234582015,
            "party_name": "TST_01_PLENTY MERCANTILE",
            "party_number": "TST_01_96317511"
        },
        {
            "party_id": 100000234582016,
            "party_name": "TST_01_DUSTY STRINGS",
            "party_number": "TST_01_96314235"
        },
        {
            "party_id": 100000234582017,
            "party_name": "TST_01_HILL COUNTRY OUTFITTERS",
            "party_number": "TST_01_96316794"
        },
        {
            "party_id": 100000234582018,
            "party_name": "TST_01_LAKE LIFESTYLE",
            "party_number": "TST_01_96315440"
        },
        {
            "party_id": 100000234582019,
            "party_name": "TST_01_BLUEBIRD EXCHANGE",
            "party_number": "TST_01_96315483"
        },
        {
            "party_id": 100000234582020,
            "party_name": "TST_01_INDULGE YOUR SENSES",
            "party_number": "TST_01_96314996"
        },
        {
            "party_id": 100000234582021,
            "party_name": "TST_01_HOLDRIDGE NURSERY",
            "party_number": "TST_01_96313986"
        },
        {
            "party_id": 100000234582022,
            "party_name": "TST_01_Bonniecave Business",
            "party_number": "TST_01_96316077"
        },
        {
            "party_id": 100000234582023,
            "party_name": "TST_01_THE HICKORY CHAIR",
            "party_number": "TST_01_96317613"
        },
        {
            "party_id": 100000234582024,
            "party_name": "TST_01_HUNTING GROUND",
            "party_number": "TST_01_96314888"
        },
        {
            "party_id": 100000234582025,
            "party_name": "TST_01_Books by Popular Demand",
            "party_number": "TST_01_96314132"
        },
        {
            "party_id": 100000234582026,
            "party_name": "TST_01_WEEKENDER HOUSE",
            "party_number": "TST_01_96315086"
        },
        {
            "party_id": 100000234582027,
            "party_name": "TST_01_WORD OF LIFE",
            "party_number": "TST_01_96315794"
        },
        {
            "party_id": 100000234582028,
            "party_name": "TST_01_JEWISH COMM CENTER OF",
            "party_number": "TST_01_96319119"
        },
        {
            "party_id": 100000234581877,
            "party_name": "TST_01_PURE ART CO",
            "party_number": "TST_01_96428440"
        },
        {
            "party_id": 100000234581878,
            "party_name": "TST_01_FORAGED LIVING",
            "party_number": "TST_01_96428934"
        },
        {
            "party_id": 100000234581880,
            "party_name": "TST_01_GATHER",
            "party_number": "TST_01_96428493"
        },
        {
            "party_id": 100000234581882,
            "party_name": "TST_01_NATIONAL GEOGRAPHIC",
            "party_number": "TST_01_96410296"
        },
        {
            "party_id": 100000234581883,
            "party_name": "TST_01_SHOP PEPPERMINT LLC",
            "party_number": "TST_01_96413033"
        },
        {
            "party_id": 100000234581884,
            "party_name": "TST_01_IL ETAIT UNE FOIS",
            "party_number": "TST_01_96412656"
        },
        {
            "party_id": 100000234581885,
            "party_name": "TST_01_FIRDOUS BOOKS INC",
            "party_number": "TST_01_96412674"
        },
        {
            "party_id": 100000234581886,
            "party_name": "TST_01_AD LUCEM INC",
            "party_number": "TST_01_96413055"
        },
        {
            "party_id": 100000234581887,
            "party_name": "TST_01_EVEN CHANCE PIT BULL",
            "party_number": "TST_01_96408956"
        },
        {
            "party_id": 100000234581888,
            "party_name": "TST_01_CANADA BASKETBALL FDN",
            "party_number": "TST_01_96412695"
        },
        {
            "party_id": 100000234581890,
            "party_name": "TST_01_THE LOEFFLER GROUP",
            "party_number": "TST_01_96411756"
        },
        {
            "party_id": 100000234581892,
            "party_name": "TST_01_HEARST",
            "party_number": "TST_01_96409663"
        },
        {
            "party_id": 100000234581893,
            "party_name": "TST_01_THE COTTON MARKET",
            "party_number": "TST_01_96413433"
        },
        {
            "party_id": 100000234581894,
            "party_name": "TST_01_SC AG IN THE CLASSROOM",
            "party_number": "TST_01_96410116"
        },
        {
            "party_id": 100000234581895,
            "party_name": "TST_01_CAKE DECOR",
            "party_number": "TST_01_96413462"
        },
        {
            "party_id": 100000234581896,
            "party_name": "TST_01_PETRIKOR LIVING",
            "party_number": "TST_01_96413775"
        },
        {
            "party_id": 100000234581897,
            "party_name": "TST_01_WEATHERED REVIVALS",
            "party_number": "TST_01_96412497"
        },
        {
            "party_id": 100000234582031,
            "party_name": "TST_01_Locust Grove Museum",
            "party_number": "TST_01_96318892"
        },
        {
            "party_id": 100000234582032,
            "party_name": "TST_01_LIZ HAND WOODS",
            "party_number": "TST_01_96317981"
        },
        {
            "party_id": 100000234582033,
            "party_name": "TST_01_SUNSET FOODS",
            "party_number": "TST_01_96318491"
        },
        {
            "party_id": 100000234582034,
            "party_name": "TST_01_AGRARIAN",
            "party_number": "TST_01_96317794"
        },
        {
            "party_id": 100000234582036,
            "party_name": "TST_01_CHRISTINE M FILARDI",
            "party_number": "TST_01_96319270"
        },
        {
            "party_id": 100000234582037,
            "party_name": "TST_01_CHESAPEAKE DIESEL INC",
            "party_number": "TST_01_96318534"
        },
        {
            "party_id": 100000234582039,
            "party_name": "TST_01_PROLOGUE BOOKS & WINE",
            "party_number": "TST_01_96415995"
        },
        {
            "party_id": 100000234582040,
            "party_name": "TST_01_WE ARE SFC",
            "party_number": "TST_01_96418839"
        },
        {
            "party_id": 100000234582041,
            "party_name": "TST_01_COASTAL YARNS",
            "party_number": "TST_01_96415793"
        },
        {
            "party_id": 100000234582042,
            "party_name": "TST_01_SHOP FRAICHE",
            "party_number": "TST_01_96414417"
        },
        {
            "party_id": 100000234582043,
            "party_name": "TST_01_CANADIAN SALSA FESTIVALS",
            "party_number": "TST_01_96418418"
        },
        {
            "party_id": 100000234582044,
            "party_name": "TST_01_COVESIDE COFFEE",
            "party_number": "TST_01_96419353"
        },
        {
            "party_id": 100000234582045,
            "party_name": "TST_01_BIRCH BOUTIQUE",
            "party_number": "TST_01_96414494"
        },
        {
            "party_id": 100000234582046,
            "party_name": "TST_01_COROLLARY WINES",
            "party_number": "TST_01_96415315"
        },
        {
            "party_id": 100000234582047,
            "party_name": "TST_01_BOOKS & STUFF",
            "party_number": "TST_01_96416659"
        },
        {
            "party_id": 100000234582048,
            "party_name": "TST_01_THE CHAKRA SHACK",
            "party_number": "TST_01_96418554"
        },
        {
            "party_id": 100000234582049,
            "party_name": "TST_01_CUB SHRUB",
            "party_number": "TST_01_96418234"
        },
        {
            "party_id": 100000234581898,
            "party_name": "TST_01_BOOKTOPIA",
            "party_number": "TST_01_96409174"
        },
        {
            "party_id": 100000234581899,
            "party_name": "TST_01_TINY FERN SHOP",
            "party_number": "TST_01_96414156"
        },
        {
            "party_id": 100000234581900,
            "party_name": "TST_01_CULWELL & SON INC",
            "party_number": "TST_01_96408806"
        },
        {
            "party_id": 100000234581901,
            "party_name": "TST_01_CARDINAL SPIRITS",
            "party_number": "TST_01_96409198"
        },
        {
            "party_id": 100000234581902,
            "party_name": "TST_01_ROOST HOME",
            "party_number": "TST_01_96409822"
        },
        {
            "party_id": 100000234581903,
            "party_name": "TST_01_YELLOW WOOD",
            "party_number": "TST_01_96410275"
        },
        {
            "party_id": 100000234581904,
            "party_name": "TST_01_KRAMER DRIVE",
            "party_number": "TST_01_96345516"
        },
        {
            "party_id": 100000234581905,
            "party_name": "TST_01_THE ROCKING HORSE",
            "party_number": "TST_01_96345379"
        },
        {
            "party_id": 100000234581906,
            "party_name": "TST_01_AILEEN K. AND BRIAN L.",
            "party_number": "TST_01_96345544"
        },
        {
            "party_id": 100000234581907,
            "party_name": "TST_01_CITY OF WINDSOR ONTARIO",
            "party_number": "TST_01_96345405"
        },
        {
            "party_id": 100000234581908,
            "party_name": "TST_01_RED TIN BOT PTE LTD",
            "party_number": "TST_01_96345062"
        },
        {
            "party_id": 100000234581909,
            "party_name": "TST_01_COMFORT CRAFT SALES",
            "party_number": "TST_01_96345429"
        },
        {
            "party_id": 100000234581910,
            "party_name": "TST_01_DAVERO FARMS & WINERY",
            "party_number": "TST_01_96345437"
        },
        {
            "party_id": 100000234581911,
            "party_name": "TST_01_COVE",
            "party_number": "TST_01_96341910"
        },
        {
            "party_id": 100000234581912,
            "party_name": "TST_01_ROCHELLE STRAUSS",
            "party_number": "TST_01_96341917"
        },
        {
            "party_id": 100000234581913,
            "party_name": "TST_01_NEW HOPE FOR WOMEN",
            "party_number": "TST_01_96341826"
        },
        {
            "party_id": 100000234581915,
            "party_name": "TST_01_LITERACY CENTRAL",
            "party_number": "TST_01_96341845"
        },
        {
            "party_id": 100000234582050,
            "party_name": "TST_01_KG CATERING SERVICES",
            "party_number": "TST_01_96414853"
        },
        {
            "party_id": 100000234582051,
            "party_name": "TST_01_LAZAR'S LUGGAGE",
            "party_number": "TST_01_96418636"
        },
        {
            "party_id": 100000234582052,
            "party_name": "TST_01_HAKOL GROUP S.A.",
            "party_number": "TST_01_96415681"
        },
        {
            "party_id": 100000234582053,
            "party_name": "TST_01_EASTWIND BOOKS & ARTS",
            "party_number": "TST_01_96421537"
        },
        {
            "party_id": 100000234582054,
            "party_name": "TST_01_ZCD GROUP",
            "party_number": "TST_01_96422815"
        },
        {
            "party_id": 100000234582055,
            "party_name": "TST_01_GRASSHOPPER",
            "party_number": "TST_01_96420393"
        },
        {
            "party_id": 100000234582056,
            "party_name": "TST_01_MOM'S & MINI'S",
            "party_number": "TST_01_96420713"
        },
        {
            "party_id": 100000234582057,
            "party_name": "TST_01_HENRY MAYO NEWHALL",
            "party_number": "TST_01_96421000"
        },
        {
            "party_id": 100000234582058,
            "party_name": "TST_01_SIMPLY PLACED",
            "party_number": "TST_01_96422199"
        },
        {
            "party_id": 100000234582059,
            "party_name": "TST_01_CIRCUIT BREAKER LABS",
            "party_number": "TST_01_96421977"
        },
        {
            "party_id": 100000234582060,
            "party_name": "TST_01_AUDREY ZONA DESIGN",
            "party_number": "TST_01_96423173"
        },
        {
            "party_id": 100000234582062,
            "party_name": "TST_01_ZAYA CONSCIOUS",
            "party_number": "TST_01_96420474"
        },
        {
            "party_id": 100000234582063,
            "party_name": "TST_01_MOXI",
            "party_number": "TST_01_96421654"
        },
        {
            "party_id": 100000234582064,
            "party_name": "TST_01_35TH & BUTTER",
            "party_number": "TST_01_96422936"
        },
        {
            "party_id": 100000234582065,
            "party_name": "TST_01_ABC AWAN BOOK COMPANY",
            "party_number": "TST_01_96422661"
        },
        {
            "party_id": 100000234582067,
            "party_name": "TST_01_DISCOVERY CENTER IDAHO",
            "party_number": "TST_01_96422758"
        },
        {
            "party_id": 100000234582068,
            "party_name": "TST_01_RED CABOOSE MOTEL",
            "party_number": "TST_01_96420255"
        },
        {
            "party_id": 100000234581916,
            "party_name": "TST_01_COACHING TO WELLNESS",
            "party_number": "TST_01_96341970"
        },
        {
            "party_id": 100000234581917,
            "party_name": "TST_01_WILD GEESE BOOKSHOP",
            "party_number": "TST_01_96341983"
        },
        {
            "party_id": 100000234581918,
            "party_name": "TST_01_AMERICAN INST OF",
            "party_number": "TST_01_90000458"
        },
        {
            "party_id": 100000234581919,
            "party_name": "TST_01_BEALL'S DEPT STORES INC",
            "party_number": "TST_01_96220247"
        },
        {
            "party_id": 100000234581920,
            "party_name": "TST_01_CATHOLIC INFORMATION CTR",
            "party_number": "TST_01_96219425"
        },
        {
            "party_id": 100000234581921,
            "party_name": "TST_01_MARET SCHOOL INC",
            "party_number": "TST_01_96219960"
        },
        {
            "party_id": 100000234581922,
            "party_name": "TST_01_NOMAD",
            "party_number": "TST_01_96238890"
        },
        {
            "party_id": 100000234581923,
            "party_name": "TST_01_MAP",
            "party_number": "TST_01_96238976"
        },
        {
            "party_id": 100000234581924,
            "party_name": "TST_01_WENHAM MUSEUM",
            "party_number": "TST_01_96238475"
        },
        {
            "party_id": 100000234581925,
            "party_name": "TST_01_FIREHOUSE VETERINARY",
            "party_number": "TST_01_96238718"
        },
        {
            "party_id": 100000234581927,
            "party_name": "TST_01_BOSTON UNIVERSITY SCHOOL",
            "party_number": "TST_01_96340679"
        },
        {
            "party_id": 100000234581928,
            "party_name": "TST_01_ANOTHER CHAPTER",
            "party_number": "TST_01_96340701"
        },
        {
            "party_id": 100000234581929,
            "party_name": "TST_01_Vanillawood",
            "party_number": "TST_01_96261092"
        }
    ],
    "hasMore": true,
    "limit": 100,
    "offset": 0,
    "count": 100,
    "links": [
        {
            "rel": "self",
            "href": "https://10.2.0.169:8081/ords/hbg_integration/salesCredit/getOrganizationName"
        },
        {
            "rel": "describedby",
            "href": "https://10.2.0.169:8081/ords/hbg_integration/metadata-catalog/salesCredit/item"
        },
        {
            "rel": "first",
            "href": "https://10.2.0.169:8081/ords/hbg_integration/salesCredit/getOrganizationName"
        },
        {
            "rel": "next",
            "href": "https://10.2.0.169:8081/ords/hbg_integration/salesCredit/getOrganizationName?offset=100"
        }
    ]
}