{
  "description": "",
  "root": "callRestGetSoMasterUpdateGetNewSOs",
  "actions": {
    "fireNotification": {
      "module": "vb/action/builtin/fireNotificationEventAction",
      "parameters": {
        "target": "leaf",
        "summary": "Failed to Export New Sales Orders",
        "type": "error",
        "displayMode": "persist"
      }
    },
    "callRestGetSoMasterUpdateGetNewSOs": {
      "module": "vb/action/builtin/restAction",
      "parameters": {
        "endpoint": "devOrds/getSoMasterUpdateGetNewSOs",
        "uriParams": "{\n \"p_batch_id\": \"{{ \\\"\\\" }}\n}"      },
      "outcomes": {
        "failure": "fireNotification",
        "success": "if"
      }
    },
    "callFunctionGenerateCSVAction": {
      "module": "vb/action/builtin/callModuleFunctionAction",
      "parameters": {
        "module": "[[ $functions ]]",
        "functionName": "GenerateCSVAction",
        "params": [
          "{{ $chain.results.callRestGetSoMasterUpdateGetNewSOs.body.items }}"
        ]
      }
    },
    "if": {
      "module": "vb/action/builtin/ifAction",
      "parameters": {
        "condition": "[[ $chain.results.callRestGetSoMasterUpdateGetNewSOs.body.items.length > 0 ]]"
      },
      "outcomes": {
        "true": "callFunctionGenerateCSVAction",
        "false": "fireNotification3"
      }
    },
    "fireNotification3": {
      "module": "vb/action/builtin/fireNotificationEventAction",
      "parameters": {
        "target": "leaf",
        "summary": "No data found to Export",
        "displayMode": "transient",
        "type": "info"
      }
    }
  },
  "variables": {}
}