{
  "description": "",
  "root": "switchSelection",
  "actions": {
    "switchSelection": {
      "module": "vb/action/builtin/switchAction",
      "parameters": {
        "caseValue": "[[ $variables.selection ]]",
        "possibleValues": [
          "CInfo",
          "flow1",
          "AutomaticHolds",
          "DRights"
        ]
      },
      "outcomes": {

        "CInfo": "navigateToCustomerinfoStart",
        "flow1": "navigateToFlow1",
        "AutomaticHolds": "navigateToCreationStart",
        "DRights": "navigateToCountrygroupsStart"
      }
    },
    "navigateToCustomerinfoStart": {
      "module": "vb/action/builtin/navigateAction",
      "parameters": {
        "page": "/shell/customerinformation/customerinformation-start/customerinfo/customerinfo-start"
      }
    },
    "navigateToFlow1": {
      "module": "vb/action/builtin/navigateAction",
      "parameters": {
        "page": "/shell/flow1/flow1-start/flow1"
      }
    },
    "navigateToCreationStart": {
      "module": "vb/action/builtin/navigateAction",
      "parameters": {
        "page": "/shell/automaticholds/automaticholds-start/creation/creation-start"
      }
    },
    "navigateToCountrygroupsStart": {
      "module": "vb/action/builtin/navigateAction",
      "parameters": {
        "page": "/shell/distributionrights/distributionrights-start/countrygroups/countrygroups-start"
      }
    }
  },
  "variables": {
    "selection": {
      "required": true,
      "type": "any",
      "input": "fromCaller"
    }
  }
}