{
  "title": "",
  "description": "",
  "variables": {
    "category1Array": {
      "type": "Category1Type[]"
    },
    "Category1LovSDP": {
      "type": "vb/ServiceDataProvider",
      "defaultValue": {
        "endpoint": "devOrds/GetLookupValueinfo",
        "itemsPath": "items",
        "responseType": "Category1LOVType",
        "uriParameters": {
          "P_LOOKUP_TYPE": "HBG_CATEGORY_1",
          "P_TAG": "{{ $variables.ClientCreateObj.reporting_group }}"
        },
        "keyAttributes": "lookup_code",
        "transformsContext": {
          "vb-textFilterAttributes": [
            "lookup_code"
          ]
        }
      }
    },
    "category2Array": {
      "type": "Category2type[]"
    },
    "Category2LovSDP": {
      "type": "vb/ServiceDataProvider",
      "defaultValue": {
        "endpoint": "devOrds/GetLookupValueinfo",
        "itemsPath": "items",
        "responseType": "Category2LovType",
        "uriParameters": {
          "P_LOOKUP_TYPE": "HBG_CATEGORY_2",
          "P_TAG": "{{ $variables.ClientCreateObj.category1 }}"
        },
        "keyAttributes": "lookup_code",
        "transformsContext": {
          "vb-textFilterAttributes": [
            "lookup_code"
          ]
        }
      }
    },
    "ClientCreateObj": {
      "type": "GetClientInfoTblType",
      "defaultValue": {
        "cust_account_id": "[[ $variables.selecedcustAccId ]]"
      }
    },
    "ClientInfoADP": {
      "type": "vb/ArrayDataProvider2",
      "defaultValue": {
        "itemType": "GetClientInfoTblType",
        "keyAttributes": "client_info_id"
      }
    },
    "ClientRowdata": {
      "type": "GetClientInfoTblType"
    },
    "Dlglabel": {
      "type": "string"
    },
    "FormatArray": {
      "type": "FormatType[]"
    },
    "FormatLovSDP": {
      "type": "vb/ServiceDataProvider",
      "defaultValue": {
        "endpoint": "devOrds/GetOwners",
        "itemsPath": "items",
        "responseType": "FormatLovType",
        "uriParameters": {
          "P_VALUE_SET_NAME": "HBG_Format"
        },
        "keyAttributes": "description",
        "transformsContext": {
          "vb-textFilterAttributes": [
            "description"
          ]
        }
      }
    },
    "getAccountTypeinfoListSDP": {
      "type": "vb/ServiceDataProvider",
      "defaultValue": {
        "endpoint": "devOrds/getAccountTypeinfo",
        "keyAttributes": "flex_value",
        "itemsPath": "items",
        "responseType": "getAccountTypeinfoResponse",
        "uriParameters": {
          "P_VALUE_SET_NAME": "HBG_ACCOUNT_TYPE"
        },
        "transformsContext": {
          "vb-textFilterAttributes": [
            "flex_value"
          ]
        }
      }
    },
    "AccountNumberArray": {
      "type": "AccountNumberType[]"
    },
    "ReportingGrpArray": {
      "type": "ReportingGrpCodeType[]"
    },
    "OwnerArray": {
      "type": "OwnerCodeType[]"
    },
    "getLookupValueinfoListSDP": {
      "type": "vb/ServiceDataProvider",
      "defaultValue": {
        "endpoint": "devOrds/GetLookupValueinfo",
        "keyAttributes": "lookup_code",
        "itemsPath": "items",
        "responseType": "getLookupValueinfoResponse",
        "uriParameters": {
          "P_LOOKUP_TYPE": "HBG_REPORTING_GROUP",
          "P_TAG": "{{ $variables.ClientRowdata.cust_owner }}"
        },
        "transformsContext": {
          "vb-textFilterAttributes": [
            "lookup_code"
          ]
        }
      }
    },
    "getLookupValueinfoListSDP2": {
      "type": "vb/ServiceDataProvider",
      "defaultValue": {
        "endpoint": "devOrds/GetLookupValueinfo",
        "keyAttributes": "lookup_code",
        "itemsPath": "items",
        "responseType": "getLookupValueinfoResponse2",
        "uriParameters": {
          "P_LOOKUP_TYPE": "HBG_REPORTING_GROUP",
          "P_TAG": "{{ $variables.ClientRowdata.cust_owner }}"
        },
        "transformsContext": {
          "vb-textFilterAttributes": [
            "lookup_code"
          ]
        }
      }
    },
    "getOwnersListSDP": {
      "type": "vb/ServiceDataProvider",
      "defaultValue": {
        "endpoint": "devOrds/GetOwners",
        "keyAttributes": "description",
        "itemsPath": "items",
        "responseType": "getOwnersResponse",
        "uriParameters": {
          "P_VALUE_SET_NAME": "HBG_ACCOUNT_TYPE"
        },
        "transformsContext": {
          "vb-textFilterAttributes": [
            "description"
          ]
        }
      }
    },
    "getOwnersListSDP2": {
      "type": "vb/ServiceDataProvider",
      "defaultValue": {
        "endpoint": "devOrds/GetOwners",
        "keyAttributes": "flex_value",
        "itemsPath": "items",
        "responseType": "getOwnersResponse3",
        "uriParameters": {
          "P_VALUE_SET_NAME": "HBG_Format"
        },
        "transformsContext": {
          "vb-textFilterAttributes": [
            "flex_value"
          ]
        }
      }
    },
    "getValueSetDetailsListSDP": {
      "type": "vb/ServiceDataProvider",
      "defaultValue": {
        "endpoint": "devOrds/GetValueSetDetails",
        "keyAttributes": "description",
        "itemsPath": "items",
        "responseType": "getValueSetDetailsResponse",
        "uriParameters": {
          "P_VALUE_SET_NAME": "HBG_Owner",
          "P_FLEX_VALUE": "{{ $variables.ClientRowdata.cust_owner }}"
        },
        "transformsContext": {
          "vb-textFilterAttributes": [
            "description"
          ]
        }
      }
    },
    "OwnerLOVSDP": {
      "type": "vb/ServiceDataProvider",
      "defaultValue": {
        "endpoint": "devOrds/GetOwners",
        "keyAttributes": "flex_value",
        "itemsPath": "items",
        "responseType": "OwnerLOVType",
        "uriParameters": {
          "P_VALUE_SET_NAME": "HBG_Owner"
        },
        "transformsContext": {
          "vb-textFilterAttributes": [
            "flex_value"
          ]
        }
      }
    },
    "OwnersADP": {
      "type": "vb/ArrayDataProvider2",
      "defaultValue": {
        "itemType": "getOwnersLOVType",
        "keyAttributes": "party_number"
      }
    },
    "ReportingGroupLOVSDP": {
      "type": "vb/ServiceDataProvider",
      "defaultValue": {
        "endpoint": "devOrds/GetLookupValueinfo",
        "itemsPath": "items",
        "responseType": "ReportingGroupLOVType",
        "uriParameters": {
          "P_TAG": "{{ $variables.ClientCreateObj.cust_owner }}",
          "P_LOOKUP_TYPE": "HBG_REPORTING_GROUP"
        },
        "transformsContext": {
          "vb-textFilterAttributes": [
            "description"
          ]
        },
        "keyAttributes": "lookup_code"
      }
    },
    "Rowcategory1": {
      "type": "string"
    },
    "RowCategory1LovSDP": {
      "defaultValue": {
        "endpoint": "devOrds/GetLookupValueinfo",
        "itemsPath": "items",
        "responseType": "Category1LOVType",
        "uriParameters": {
          "P_LOOKUP_TYPE": "HBG_CATEGORY_1",
          "P_TAG": "{{ $variables.ClientRowdata.reporting_group }}"
        },
        "keyAttributes": "lookup_code",
        "transformsContext": {
          "vb-textFilterAttributes": [
            "lookup_code"
          ]
        }
      },
      "type": "vb/ServiceDataProvider"
    },
    "Rowcategory2": {
      "type": "string"
    },
    "RowCategory2LovSDP": {
      "defaultValue": {
        "endpoint": "devOrds/GetLookupValueinfo",
        "itemsPath": "items",
        "responseType": "Category2LovType",
        "uriParameters": {
          "P_LOOKUP_TYPE": "HBG_CATEGORY_2",
          "P_TAG": "{{ $variables.ClientRowdata.category1 }}"
        },
        "keyAttributes": "lookup_code",
        "transformsContext": {
          "vb-textFilterAttributes": [
            "lookup_code"
          ]
        }
      },
      "type": "vb/ServiceDataProvider"
    },
    "RowOwner": {
      "type": "string"
    },
    "RowOwnersListSDP": {
      "type": "vb/ServiceDataProvider",
      "defaultValue": {
        "endpoint": "devOrds/GetOwners",
        "keyAttributes": "flex_value",
        "itemsPath": "items",
        "responseType": "getOwnersResponse2",
        "transformsContext": {
          "vb-textFilterAttributes": [
            "flex_value"
          ]
        },
        "uriParameters": {
          "P_VALUE_SET_NAME": "HBG_ACCOUNT_TYPE"
        }
      }
    },
    "RowReportingGroup": {
      "type": "string"
    },
    "RowReportingGroupLOVSDP": {
      "defaultValue": {
        "endpoint": "devOrds/GetLookupValueinfo",
        "itemsPath": "items",
        "responseType": "ReportingGroupLOVType",
        "uriParameters": {
          "P_LOOKUP_TYPE": "HBG_REPORTING_GROUP",
          "P_TAG": "{{ $variables.ClientRowdata.cust_owner }}"
        },
        "keyAttributes": "lookup_code",
        "transformsContext": {
          "vb-textFilterAttributes": [
            "lookup_code"
          ]
        }
      },
      "type": "vb/ServiceDataProvider"
    },
    "selecedcustAccId": {
      "type": "any",
      "input": "fromCaller"
    },
    "selectedCustAccount": {
      "type": "string",
      "input": "fromCaller",
      "persisted": "session"
    },
    "SubFormatArray": {
      "type": "SubFormatType[]"
    },
    "SubFormatLovSDP": {
      "type": "vb/ServiceDataProvider",
      "defaultValue": {
        "endpoint": "devOrds/GetOwners",
        "keyAttributes": "description",
        "itemsPath": "items",
        "responseType": "SubFormatLovType",
        "uriParameters": {
          "P_VALUE_SET_NAME": "HBG_Subformat"
        },
        "transformsContext": {
          "vb-textFilterAttributes": [
            "description"
          ]
        }
      }
    }

  },
  "metadata": {},
  "types": {
    "@decorators.Category1LOVType": {
      "endpoint": "GetLookupValueinfo",
      "service": "devOrds",
      "path": "response"
    },
    "@decorators.Category1Type": {
      "endpoint": "GetCategory1",
      "service": "devOrds",
      "path": "response-_-items[0]"
    },
    "@decorators.Category2LovType": {
      "endpoint": "GetLookupValueinfo",
      "service": "devOrds",
      "path": "response"
    },
    "@decorators.Category2type": {
      "endpoint": "GetCategory2",
      "service": "devOrds",
      "path": "response-_-items[0]"
    },
    "@decorators.FormatLovType": {
      "endpoint": "GetOwners",
      "service": "devOrds",
      "path": "response"
    },
    "@decorators.FormatType": {
      "endpoint": "GetFormat",
      "service": "devOrds",
      "path": "response-_-items[0]"
    },
    "@decorators.getAccountTypeinfoResponse": {
      "endpoint": "getAccountTypeinfo",
      "service": "devOrds",
      "path": "response"
    },
    "@decorators.GetClientInfoTblType": {
      "endpoint": "getSalesCreditGetClientinfo",
      "service": "devOrds",
      "path": "response-_-items[0]"
    },
    "@decorators.getLookupValueinfoResponse": {
      "endpoint": "GetLookupValueinfo",
      "service": "devOrds",
      "path": "response"
    },
    "@decorators.getLookupValueinfoResponse2": {
      "endpoint": "GetLookupValueinfo",
      "service": "devOrds",
      "path": "response"
    },
    "@decorators.getOwnersLOVType": {
      "endpoint": "getSalesCreditGetOwners",
      "service": "devOrds",
      "path": "response-_-items[0]"
    },
    "@decorators.getOwnersResponse": {
      "endpoint": "GetOwners",
      "service": "devOrds",
      "path": "response"
    },
    "@decorators.getOwnersResponse2": {
      "endpoint": "GetOwners",
      "service": "devOrds",
      "path": "response"
    },
    "@decorators.getOwnersResponse3": {
      "endpoint": "GetOwners",
      "service": "devOrds",
      "path": "response"
    },
    "@decorators.getSalesCreditGetOwnerDescResponse": {
      "endpoint": "getSalesCreditGetOwnerDesc",
      "service": "devOrds",
      "path": "response"
    },
    "@decorators.getValueSetDetailsResponse": {
      "endpoint": "GetValueSetDetails",
      "service": "devOrds",
      "path": "response"
    },
    "@decorators.OwnerLOVType": {
      "endpoint": "GetOwners",
      "service": "devOrds",
      "path": "response"
    },
    "@decorators.ReportingGroupLOVType": {
      "endpoint": "GetLookupValueinfo",
      "service": "devOrds",
      "path": "response"
    },
    "@decorators.SubFormatLovType": {
      "endpoint": "GetOwners",
      "service": "devOrds",
      "path": "response"
    },
    "@decorators.SubFormatType": {
      "endpoint": "GetSubFormat",
      "service": "devOrds",
      "path": "response-_-items[0]"
    },
    "Category1LOVType": {
      "items": [
        {
          "description": "string",
          "lookup_code": "string",
          "meaning": "string"
        }
      ]
    },
    "Category1Type": {
      "category1_code": "string",
      "category1_id": "number",
      "flex_value": "string",
      "reporting_group_id": "number"
    },
    "Category2LovType": {
      "items": [
        {
          "description": "string",
          "lookup_code": "string",
          "meaning": "string"
        }
      ]
    },
    "Category2type": {
      "category1_id": "number",
      "category2_code": "string",
      "category2_id": "number",
      "flex_value": "string"
    },
    "FormatLovType": {
      "items": [
        {
          "description": "string",
          "flex_value": "string"
        }
      ]
    },
    "FormatType": {
      "format_code": "string"
    },
    "getAccountTypeinfoResponse": {
      "items": [
        {
          "description": "string",
          "flex_value": "string"
        }
      ]
    },
    "OwnerCodeType": {
      "owner_code": "string"
    },
    "AccountNumberType": {
      "account_number": "string"
    },
    "ReportingGrpCodeType": {
      "reporting_grp_code": "string"
    },
    "GetClientInfoTblType": {
      "account_type": "string",
      "account_type_description": "string",
      "cat1Id": "number",
      "cat2ID": "number",
      "category1": "string",
      "category1_description": "string",
      "category2": "string",
      "category2_description": "string",
      "client_info_id": "number",
      "created_by": "string",
      "creation_date": "string",
      "cust_account_id": "any",
      "cust_format": "string",
      "cust_owner": "string",
      "customer_account": "string",
      "customer_since": "any",
      "default_account_type": "string",
      "default_account_type_owners": "any",
      "discount": "any",
      "format_description": "string",
      "last_activity": "any",
      "last_update_date": "string",
      "last_updated_by": "string",
      "lookup1": "any",
      "lookup2": "any",
      "lookup3": "any",
      "operation_account_type": "string",
      "owner_description": "string",
      "OwnerId": "number",
      "reporting_group": "string",
      "reporting_group_description": "string",
      "ReportinggroupId": "number",
      "sub_format": "string",
      "sub_format_description": "string"
    },
    "getLookupValueinfoResponse": {
      "items": [
        {
          "description": "string",
          "lookup_code": "string",
          "meaning": "string"
        }
      ]
    },
    "getLookupValueinfoResponse2": {
      "items": [
        {
          "description": "string",
          "lookup_code": "string",
          "meaning": "string"
        }
      ]
    },
    "getOwnersLOVType": {
      "party_id": "number",
      "party_number": "string"
    },
    "getOwnersResponse": {
      "items": [
        {
          "description": "string"
        }
      ]
    },
    "getOwnersResponse2": {
      "items": [
        {
          "description": "string",
          "flex_value": "string"
        }
      ]
    },
    "getOwnersResponse3": {
      "items": [
        {
          "description": "string",
          "flex_value": "string"
        }
      ]
    },
    "getSalesCreditGetOwnerDescResponse": {
      "items": [
        {
          "party_name": "string"
        }
      ]
    },
    "getValueSetDetailsResponse": {
      "items": [
        {
          "description": "string"
        }
      ]
    },
    "OwnerLOVType": {
      "items": [
        {
          "flex_value": "string"
        }
      ]
    },
    "ReportingGroupLOVType": {
      "items": [
        {
          "description": "string",
          "lookup_code": "string",
          "meaning": "string"
        }
      ]
    },
    "SubFormatLovType": {
      "items": [
        {
          "description": "string",
          "flex_value": "string"
        }
      ]
    },
    "SubFormatType": {
      "sub_format_code": "string"
    }

  },
  "eventListeners": {
    "buttonAction": {
      "chains": [
        {
          "chainId": "navigateToSalesForcePage"
        }
      ]
    },
    "buttonAction2": {
      "chains": [
        {
          "chainId": "CreateClientinfoDlgopenAction"
        }
      ]
    },
    "buttonAction3": {
      "chains": [
        {
          "chainId": "CloseClientDlgAction"
        }
      ]
    },
    "buttonAction4": {
      "chains": [
        {
          "chainId": "CreateClientInfo"
        }
      ]
    },
    "buttonAction5": {
      "chains": [
        {
          "chainId": "DistributionChannelnavigation"
        }
      ]
    },
    "buttonAction6": {
      "chains": [
        {
          "chainId": "NavigateBackAction"
        }
      ]
    },
    "comboKeyup": {
      "chains": [
        {
          "chainId": "AccountkeyupAction",
          "parameters": {
            "CurrentValue": "[[ $event.srcElement.value ]]"
          }
        }
      ]
    },
    "comboValue": {
      "chains": [
        {
          "chainId": "AccountEditValueChange",
          "parameters": {
            "value": "{{ $event.detail.value }}"
          }
        }
      ]
    },
    "comboValue2": {
      "chains": [
        {
          "chainId": "ownervalueChange",
          "parameters": {
            "value": "{{ $event.detail.value }}"
          }
        }
      ]
    },
    "comboValue3": {
      "chains": [
        {
          "chainId": "EditRepgrpValueChange",
          "parameters": {
            "value": "{{ $event.detail.value }}"
          }
        }
      ]
    },
    "comboValue4": {
      "chains": [
        {
          "chainId": "Editcat1ValueChange",
          "parameters": {
            "value": "{{ $event.detail.value }}"
          }
        }
      ]
    },
    "comboValue5": {
      "chains": [
        {
          "chainId": "Editcat2valueChange",
          "parameters": {
            "value": "{{ $event.detail.value }}"
          }
        }
      ]
    },
    "comboValue6": {
      "chains": [
        {
          "chainId": "EditFormatValueChange",
          "parameters": {
            "value": "{{ $event.detail.value }}"
          }
        }
      ]
    },
    "comboValue7": {
      "chains": [
        {
          "chainId": "EditSubFormatvalue",
          "parameters": {
            "value": "{{ $event.detail.value }}"
          }
        }
      ]
    },
    "iconClick": {
      "chains": [
        {
          "chainId": "DeleteClientinfo",
          "parameters": {
            "key": "{{ $current.key }}",
            "index": "{{ $current.index }}",
            "current": "{{ $current }}"
          }
        }
      ]
    },
    "iconClick2": {
      "chains": [
        {
          "chainId": "SaveClientInfoAction",
          "parameters": {
            "key": "{{ $current.key }}",
            "index": "{{ $current.index }}",
            "current": "{{ $current }}"
          }
        }
      ]
    },
    "iconClick3": {
      "chains": [
        {
          "chainId": "EditIconDlgopenAction",
          "parameters": {
            "key": "{{ $current.key }}",
            "index": "{{ $current.index }}",
            "current": "{{ $current }}"
          }
        }
      ]
    },
    "selectValueItem": {
      "chains": [
        {
          "chainId": "SelectValueItemChangeChain",
          "parameters": {
            "key": "{{$event.detail.value.key}}",
            "data": "{{$event.detail.value.data}}",
            "metadata": "{{$event.detail.value.metadata}}"
          }
        }
      ]
    },
    "selectValueItem10": {
      "chains": [
        {
          "chainId": "RowCat1ValueChangeAction",
          "parameters": {
            "key": "{{ $current.key }}",
            "data": "{{$event.detail.value.data}}",
            "metadata": "{{$event.detail.value.metadata}}",
            "index": "{{ $current.index }}",
            "current": "{{ $current }}"
          }
        }
      ]
    },
    "selectValueItem11": {
      "chains": [
        {
          "chainId": "RowCat2ValueChangeAction",
          "parameters": {
            "key": "{{ $current.key }}",
            "data": "{{$event.detail.value.data}}",
            "metadata": "{{$event.detail.value.metadata}}",
            "index": "{{ $current.index }}",
            "current": "{{ $current }}"
          }
        }
      ]
    },
    "selectValueItem12": {
      "chains": [
        {
          "chainId": "RowFormatValueChangeAction",
          "parameters": {
            "key": "{{ $current.key }}",
            "data": "{{$event.detail.value.data}}",
            "metadata": "{{$event.detail.value.metadata}}",
            "index": "{{ $current.index }}",
            "current": "{{ $current }}"
          }
        }
      ]
    },
    "selectValueItem13": {
      "chains": [
        {
          "chainId": "RowSubFormatValueChangeAction",
          "parameters": {
            "key": "{{ $current.key }}",
            "data": "{{$event.detail.value.data}}",
            "metadata": "{{$event.detail.value.metadata}}",
            "index": "{{ $current.index }}",
            "current": "{{ $current }}"
          }
        }
      ]
    },
    "selectValueItem14": {
      "chains": [
        {
          "chainId": "FormatValueChangeACtion",
          "parameters": {
            "key": "{{$event.detail.value.key}}",
            "data": "{{$event.detail.value.data}}",
            "metadata": "{{$event.detail.value.metadata}}"
          }
        }
      ]
    },
    "selectValueItem15": {
      "chains": [
        {
          "chainId": "SubFormatValueChangeACtion",
          "parameters": {
            "key": "{{$event.detail.value.key}}",
            "data": "{{$event.detail.value.data}}",
            "metadata": "{{$event.detail.value.metadata}}"
          }
        }
      ]
    },
    "selectValueItem16": {
      "chains": [
        {
          "chainId": "AccountNumberValueChangeAction",
          "parameters": {
            "key": "{{$event.detail.value.key}}",
            "data": "{{$event.detail.value.data}}",
            "metadata": "{{$event.detail.value.metadata}}"
          }
        }
      ]
    },
    "selectValueItem17": {
      "chains": [
        {
          "chainId": "SelectValueItemChangeChain1",
          "parameters": {
            "key": "{{ $current.key }}",
            "data": "{{$event.detail.value.data}}",
            "metadata": "{{$event.detail.value.metadata}}",
            "index": "{{ $current.index }}",
            "current": "{{ $current }}"
          }
        }
      ]
    },
    "selectValueItem2": {
      "chains": [
        {
          "chainId": "OwnerValueChangeAction",
          "parameters": {
            "key": "{{$event.detail.value.key}}",
            "data": "{{$event.detail.value.data}}",
            "metadata": "{{$event.detail.value.metadata}}"
          }
        }
      ]
    },
    "selectValueItem3": {
      "chains": [
        {
          "chainId": "Category1ValueChange",
          "parameters": {
            "key": "{{$event.detail.value.key}}",
            "data": "{{$event.detail.value.data}}",
            "metadata": "{{$event.detail.value.metadata}}"
          }
        }
      ]
    },
    "selectValueItem4": {
      "chains": [
        {
          "chainId": "ReportingGroupValueChangeAction",
          "parameters": {
            "key": "{{$event.detail.value.key}}",
            "data": "{{$event.detail.value.data}}",
            "metadata": "{{$event.detail.value.metadata}}"
          }
        }
      ]
    },
    "selectValueItem5": {
      "chains": [
        {
          "chainId": "Category2ValueChangeAction",
          "parameters": {
            "key": "{{$event.detail.value.key}}",
            "data": "{{$event.detail.value.data}}",
            "metadata": "{{$event.detail.value.metadata}}"
          }
        }
      ]
    },
    "selectValueItem6": {
      "chains": [
        {
          "chainId": "AccountTypeValueChange",
          "parameters": {
            "key": "{{$event.detail.value.key}}",
            "data": "{{$event.detail.value.data}}",
            "metadata": "{{$event.detail.value.metadata}}"
          }
        }
      ]
    },
    "selectValueItem7": {
      "chains": [
        {
          "chainId": "RowOwnerValueChangeAction",
          "parameters": {
            "key": "{{ $current.key }}",
            "data": "{{$event.detail.value.data}}",
            "metadata": "{{$event.detail.value.metadata}}",
            "index": "{{ $current.index }}",
            "current": "{{ $current }}"
          }
        }
      ]
    },
    "selectValueItem8": {
      "chains": [
        {
          "chainId": "RowAccountTypeValueChange",
          "parameters": {
            "key": "{{ $current.key }}",
            "data": "{{$event.detail.value.data}}",
            "metadata": "{{$event.detail.value.metadata}}",
            "index": "{{ $current.index }}",
            "current": "{{ $current }}"
          }
        }
      ]
    },
    "selectValueItem9": {
      "chains": [
        {
          "chainId": "RowreportingGroupValueChange",
          "parameters": {
            "key": "{{ $current.key }}",
            "data": "{{$event.detail.value.data}}",
            "metadata": "{{$event.detail.value.metadata}}",
            "index": "{{ $current.index }}",
            "current": "{{ $current }}"
          }
        }
      ]
    },
    "tableBeforeRowEdit": {
      "chains": [
        {
          "chainId": "ClientInfoTblBeforeRowEditAction",
          "parameters": {
            "rowKey": "{{$event.detail.rowContext.status.rowKey}}",
            "rowIndex": "{{$event.detail.rowContext.status.rowIndex}}",
            "rowData": "{{$event.detail.rowContext.componentElement.getDataForVisibleRow($event.detail.rowContext.status.rowIndex).data}}"
          }
        }
      ]
    },
    "tableBeforeRowEditEnd": {
      "chains": [
        {
          "chainId": "ClientInfoTblBeforeRowEditEndAction",
          "parameters": {
            "cancelEdit": "{{$event.detail.cancelEdit}}",
            "rowKey": "{{$event.detail.rowContext.status.rowKey}}",
            "rowIndex": "{{$event.detail.rowContext.status.rowIndex}}",
            "rowData": "{{$event.detail.rowContext.componentElement.getDataForVisibleRow($event.detail.rowContext.status.rowIndex).data}}"
          }
        }
      ]
    },
    "toggleDrawer": {
      "chains": [
        {
          "chainId": "application:toggleDrawerHandler"
        }
      ]
    },
    "vbEnter": {
      "chains": [
        {
          "parameters": {},
          "chainId": "VBEnterAction"
        }
      ]
    }

  },
  "imports": {
    "components": {
      "oj-button": {
        "path": "ojs/ojbutton"
      },
      "oj-combobox-one": {
        "path": "ojs/ojselectcombobox"
      },
      "oj-dialog": {
        "path": "ojs/ojdialog"
      },
      "oj-form-layout": {
        "path": "ojs/ojformlayout"
      },
      "oj-input-date": {
        "path": "ojs/ojdatetimepicker"
      },
      "oj-input-number": {
        "path": "ojs/ojinputnumber"
      },
      "oj-input-text": {
        "path": "ojs/ojinputtext"
      },
      "oj-select-single": {
        "path": "ojs/ojselectsingle"
      },
      "oj-table": {
        "path": "ojs/ojtable"
      },
      "oj-validation-group": {
        "path": "ojs/ojvalidationgroup"
      }
    },
    "modules": {
      "ojValidationDateTime": {
        "path": "ojs/ojvalidation-datetime"
      }
    }
  }
}