{
  "title": "item 1 orgview",
  "description": "",
  "variables": {
    "ContactTblADP": {
      "type": "vb/ArrayDataProvider2"
    },
    "getAccountNumberListSDP": {
      "type": "vb/ServiceDataProvider",
      "defaultValue": {
        "endpoint": "devOrds/GetAccountNumber",
        "keyAttributes": "account_number",
        "itemsPath": "items",
        "responseType": "getAccountNumberResponse",
        "uriParameters": {
          "party_id": "{{ $variables.party_id }}",
          "p_acct_number": "{{ \"\" }}"
        }
      }
    },
    "organization": {
      "type": "string",
      "input": "fromCaller"
    },
    "party_id": {
      "type": "number",
      "input": "fromCaller"
    },
    "SelectedNavData": {
      "type": "string"
    },
    "SelectedParent": {
      "type": "string",
      "defaultValue": "Org"
    },
    "selectedTab": {
      "type": "string",
      "defaultValue": "Contact"
    },
    "TreeData": {
      "type": "any"
    }

  },
  "metadata": {},
  "types": {
    "@decorators.getAccountNumberResponse": {
      "endpoint": "GetAccountNumber",
      "service": "devOrds",
      "path": "response"
    },
    "getAccountNumberResponse": {
      "items": [
        {
          "account_number": "string"
        }
      ]
    },
    "NavObj": {
      "icon": "string",
      "id": "string",
      "items": [
        {
          "id": "string",
          "label": "string",
          "icon": "string",
          "badge": "string"
        }
      ],
      "label": "string",
      "node": "string"
    },
    "NavObj_copy": {
      "id": "string",
      "label": "string",
      "icon": "string",
      "badge": "string"
    }

  },
  "eventListeners": {
    "buttonAction": {
      "chains": [
        {
          "chainId": "BackBtnAction"
        }
      ]
    },
    "buttonAction2": {
      "chains": [
        {
          "chainId": "ContactBtnAction"
        }
      ]
    },
    "buttonAction3": {
      "chains": [
        {
          "chainId": "NotifBtnAction"
        }
      ]
    },
    "buttonAction4": {
      "chains": [
        {
          "chainId": "CommentBtnAction"
        }
      ]
    },
    "buttonAction5": {
      "chains": [
        {
          "chainId": "TaxBtnAction"
        }
      ]
    },
    "buttonAction6": {
      "chains": [
        {
          "chainId": "InventoryTypeBtnAction"
        }
      ]
    },
    "buttonAction7": {
      "chains": [
        {
          "chainId": "EDIBtnAction"
        }
      ]
    },
    "buttonAction8": {
      "chains": [
        {
          "chainId": "OrdermanagementAction"
        }
      ]
    },
    "buttonAction9": {
      "chains": [
        {
          "chainId": "TransportationBtnAction"
        }
      ]
    },
    "divClick": {
      "chains": [
        {
          "chainId": "FetchSelectedValue",
          "parameters": {
            "CurrentValue": "[[ $current.data.attr.id ]]",
            "SelectedNav": "[[ $current.data.attr.name ]]"
          }
        }
      ]
    },
    "spanClick": {
      "chains": [
        {
          "chainId": "OrgLinkClickAction",
          "parameters": {
            "CurrentId": "[[ $current.data.attr.id ]]"
          }
        }
      ]
    },
    "spanClick2": {
      "chains": [
        {
          "chainId": "HeaderClickAction"
        }
      ]
    },
    "spanClick3": {
      "chains": [
        {
          "chainId": "AccountLinkClickAction"
        }
      ]
    },
    "toggleDrawer": {
      "chains": [
        {
          "chainId": "application:toggleDrawerHandler"
        }
      ]
    },
    "treeNavigationSelection": {
      "chains": [
        {
          "chainId": "TreenavigationSelectionAction",
          "parameters": {
            "selection": "{{ $event.detail.value }}",
            "CurrentSelection": "[[ $event.detail ]]"
          }
        }
      ]
    },
    "vbEnter": {
      "chains": [
        {
          "parameters": {},
          "chainId": "TreeDatafetchAction"
        }
      ]
    }

  },
  "imports": {
    "components": {
      "oj-button": {
        "path": "ojs/ojbutton"
      },
      "oj-collapsible": {
        "path": "ojs/ojcollapsible"
      },
      "oj-combobox-one": {
        "path": "ojs/ojselectcombobox"
      },
      "oj-form-layout": {
        "path": "ojs/ojformlayout"
      },
      "oj-input-text": {
        "path": "ojs/ojinputtext"
      },
      "oj-list-item-layout": {
        "path": "ojs/ojlistitemlayout"
      },
      "oj-list-view": {
        "path": "ojs/ojlistview"
      },
      "oj-navigation-list": {
        "path": "ojs/ojnavigationlist"
      },
      "oj-option": {
        "path": "ojs/ojoption"
      },
      "oj-table": {
        "path": "ojs/ojtable"
      },
      "oj-text-area": {
        "path": "ojs/ojinputtext"
      },
      "oj-tree-view": {
        "path": "ojs/ojtreeview"
      }

    }
  }
}