{
  "title": "",
  "description": "",
  "variables": {
    "AccountNumberArray": {
      "type": "AccountNumberType[]"
    },
    "CustAccntID": {
      "type": "number"
    },
    "CustAccountCreateObj": {
      "type": "CustAccntTblType"
    },
    "CustAccountRowData": {
      "type": "CustAccntTblType"
    },
    "CustTblADP": {
      "type": "vb/ArrayDataProvider2",
      "defaultValue": {
        "itemType": "CustAccntTblType",
        "keyAttributes": "acc_typ_id"
      }
    },
    "Dlglabel": {
      "type": "string"
    },
    "getAccountTypeinfoListSDP": {
      "type": "vb/ServiceDataProvider",
      "defaultValue": {
        "endpoint": "devOrds/getAccountTypeinfo",
        "keyAttributes": "flex_value",
        "itemsPath": "items",
        "responseType": "getAccountTypeinfoResponse",
        "uriParameters": {
          "P_VALUE_SET_NAME": "HBG_ACCOUNT_TYPE"
        },
        "transformsContext": {
          "vb-textFilterAttributes": [
            "flex_value"
          ]
        }
      }
    },
    "OrganizationArray": {
      "type": "OrganizationNumberType[]"
    },
    "RowAccount": {
      "type": "string"
    },
    "RowCustaccntId": {
      "type": "number"
    },
    "RowCustomer": {
      "type": "string"
    },
    "RowOrg": {
      "type": "string"
    },
    "RowPartyId": {
      "type": "number"
    },
    "SearchAccountNumber": {
      "type": "string"
    },
    "searchOrgName": {
      "type": "string"
    },
    "selectedPartyId": {
      "type": "string"
    },
    "SetRowAccount": {
      "type": "string"
    }

  },
  "metadata": {},
  "types": {
    "@decorators.AccountNumberType": {
      "endpoint": "GetAccountNumber",
      "service": "devOrds",
      "path": "response-_-items[0]"
    },
    "@decorators.CustAccntTblType": {
      "endpoint": "getAccountTypeTabledata",
      "service": "devOrds",
      "path": "response-_-items[0]"
    },
    "@decorators.getAccountTypeinfoResponse": {
      "endpoint": "getAccountTypeinfo",
      "service": "devOrds",
      "path": "response"
    },
    "@decorators.OrganizationNumberType": {
      "endpoint": "GetOrganizationNumber",
      "service": "devOrds",
      "path": "response-_-items[0]"
    },
    "AccountNumberType": {
      "account_number": "string"
    },
    "CustAccntTblType": {
      "acc_typ_id": "number",
      "account_name": "string",
      "account_number": "string",
      "account_type_desc": "string",
      "cust_accnt_id": "number",
      "customer_name": "string",
      "default_account_type": "string",
      "entered_by": "string",
      "entered_date": "string",
      "party_id": "string",
      "updated_by": "string",
      "updated_date": "string",
      "endered_date": "string"
    },
    "getAccountTypeinfoResponse": {
      "items": [
        {
          "description": "string",
          "flex_value": "string"
        }
      ]
    },
    "OrganizationNumberType": {
      "party_id": "number",
      "party_name": "string",
      "party_number": "string"

    }

  },
  "eventListeners": {
    "buttonAction": {
      "chains": [
        {
          "chainId": "SearchBtnAction"
        }
      ]
    },
    "buttonAction2": {
      "chains": [
        {
          "chainId": "OpenCreateCustomerDLg"
        }
      ]
    },
    "buttonAction3": {
      "chains": [
        {
          "chainId": "CloseCreateAcctDlgAction"
        }
      ]
    },
    "buttonAction4": {
      "chains": [
        {
          "chainId": "CreateCustAccountsAction"
        }
      ]
    },
    "buttonAction5": {
      "chains": [
        {
          "chainId": "ResetBtnAction"
        }
      ]
    },
    "buttonAction6": {
      "chains": [
        {
          "chainId": "NavigatetoClientInfo"
        }
      ]
    },
    "buttonAction7": {
      "chains": [
        {
          "chainId": "SalesforceNavigationAction"
        }
      ]
    },
    "buttonAction8": {
      "chains": [
        {
          "chainId": "NavToDistributionAction"
        }
      ]
    },
    "comboKeyup": {
      "chains": [
        {
          "chainId": "OrganizationKeyUpAction",
          "parameters": {
            "CurrentValue": "[[ $event.srcElement.value ]]"
          }
        }
      ]
    },
    "comboKeyup2": {
      "chains": [
        {
          "chainId": "AccountsKeyUpAction",
          "parameters": {
            "CurrentValue": "[[ $event.srcElement.value ]]"
          }
        }
      ]
    },
    "comboValue": {
      "chains": [
        {
          "chainId": "OrgvalueChange",
          "parameters": {
            "value": "{{ $event.detail.value }}"
          }
        }
      ]
    },
    "comboValue2": {
      "chains": [
        {
          "chainId": "EditOrgValueChange",
          "parameters": {
            "value": "{{ $event.detail.value }}"
          }
        }
      ]
    },
    "comboValue3": {
      "chains": [
        {
          "chainId": "EditAccountnumValChange",
          "parameters": {
            "value": "{{ $event.detail.value }}"
          }
        }
      ]
    },
    "iconClick": {
      "chains": [
        {
          "chainId": "DeleteCustAccountAction",
          "parameters": {
            "key": "{{ $current.key }}",
            "index": "{{ $current.index }}",
            "current": "{{ $current }}"
          }
        }
      ]
    },
    "iconClick2": {
      "chains": [
        {
          "chainId": "updateCustAccountAction",
          "parameters": {
            "key": "{{ $current.key }}",
            "index": "{{ $current.index }}",
            "current": "{{ $current }}"
          }
        }
      ]
    },
    "iconClick3": {
      "chains": [
        {
          "chainId": "EditIconClickAction",
          "parameters": {
            "key": "{{ $current.key }}",
            "index": "{{ $current.index }}",
            "current": "{{ $current }}"
          }
        }
      ]
    },
    "selectValueItem": {
      "chains": [
        {
          "chainId": "CreateAccountNumberValueChange",
          "parameters": {
            "key": "{{$event.detail.value.key}}",
            "data": "{{$event.detail.value.data}}",
            "metadata": "{{$event.detail.value.metadata}}"
          }
        }
      ]
    },
    "selectValueItem2": {
      "chains": [
        {
          "chainId": "CreateCustomerValueChangeAction",
          "parameters": {
            "key": "{{$event.detail.value.key}}",
            "data": "{{$event.detail.value.data}}",
            "metadata": "{{$event.detail.value.metadata}}"
          }
        }
      ]
    },
    "selectValueItem3": {
      "chains": [
        {
          "chainId": "CreateAccountTypeValueChangeAction",
          "parameters": {
            "key": "{{$event.detail.value.key}}",
            "data": "{{$event.detail.value.data}}",
            "metadata": "{{$event.detail.value.metadata}}"
          }
        }
      ]
    },
    "selectValueItem4": {
      "chains": [
        {
          "chainId": "RowCustomernameValueChangeAction",
          "parameters": {
            "key": "{{ $current.key }}",
            "data": "{{$event.detail.value.data}}",
            "metadata": "{{$event.detail.value.metadata}}",
            "index": "{{ $current.index }}",
            "current": "{{ $current }}"
          }
        }
      ]
    },
    "selectValueItem5": {
      "chains": [
        {
          "chainId": "RowAccountTypeNumValueChangeAction",
          "parameters": {
            "key": "{{ $current.key }}",
            "data": "{{$event.detail.value.data}}",
            "metadata": "{{$event.detail.value.metadata}}",
            "index": "{{ $current.index }}",
            "current": "{{ $current }}"
          }
        }
      ]
    },
    "selectValueItem6": {
      "chains": [
        {
          "chainId": "RowAccountNumValueChangeAction",
          "parameters": {
            "key": "{{ $current.key }}",
            "data": "{{$event.detail.value.data}}",
            "metadata": "{{$event.detail.value.metadata}}",
            "index": "{{ $current.index }}",
            "current": "{{ $current }}"
          }
        }
      ]
    },
    "selectValueItem7": {
      "chains": [
        {
          "chainId": "OrgValueChangeAction",
          "parameters": {
            "key": "{{$event.detail.value.key}}",
            "data": "{{$event.detail.value.data}}",
            "metadata": "{{$event.detail.value.metadata}}"
          }
        }
      ]
    },
    "selectValueItem8": {
      "chains": [
        {
          "chainId": "RowAccountNumValueChangeAction",
          "parameters": {

            "current": "{{ $current }}",
            "data": "{{$event.detail.value.data}}",
            "index": "{{ $current.index }}",
            "key": "{{ $current.key }}",
            "metadata": "{{$event.detail.value.metadata}}"
          }
        }
      ]
    },
    "tableBeforeRowEdit": {
      "chains": [
        {
          "chainId": "CustAccountsBeforeRowEditAction",
          "parameters": {
            "rowKey": "{{$event.detail.rowContext.status.rowKey}}",
            "rowIndex": "{{$event.detail.rowContext.status.rowIndex}}",
            "rowData": "{{$event.detail.rowContext.componentElement.getDataForVisibleRow($event.detail.rowContext.status.rowIndex).data}}"
          }
        }
      ]
    },
    "tableBeforeRowEditEnd": {
      "chains": [
        {
          "chainId": "CustAccountBeforeRowEditEndAction",
          "parameters": {
            "cancelEdit": "{{$event.detail.cancelEdit}}",
            "rowKey": "{{$event.detail.rowContext.status.rowKey}}",
            "rowIndex": "{{$event.detail.rowContext.status.rowIndex}}",
            "rowData": "{{$event.detail.rowContext.componentElement.getDataForVisibleRow($event.detail.rowContext.status.rowIndex).data}}"
          }
        }
      ]
    },
    "tableDblclick": {
      "chains": [
        {
          "chainId": "customerTblDblClickAction",
          "parameters": {
            "rowData": "[[ $event.detail ]]"
          }
        }
      ]
    },
    "tableFirstSelectedRow": {
      "chains": [
        {
          "chainId": "CustTblRowSelectionAction",
          "parameters": {
            "rowKey": "{{$event.detail.value.key}}",
            "rowData": "{{$event.detail.value.data}}"
          }
        }
      ]
    },
    "toggleDrawer": {
      "chains": [
        {
          "chainId": "application:toggleDrawerHandler"
        }
      ]
    },
    "vbEnter": {
      "chains": [
        {
          "parameters": {},
          "chainId": "FetchLOVS"
        }
      ]
    }

  },
  "imports": {
    "components": {
      "oj-button": {
        "path": "ojs/ojbutton"
      },
      "oj-combobox-one": {
        "path": "ojs/ojselectcombobox"
      },
      "oj-dialog": {
        "path": "ojs/ojdialog"
      },
      "oj-form-layout": {
        "path": "ojs/ojformlayout"
      },
      "oj-input-date": {
        "path": "ojs/ojdatetimepicker"
      },
      "oj-input-text": {
        "path": "ojs/ojinputtext"
      },
      "oj-select-many": {
        "path": "ojs/ojselectcombobox"
      },
      "oj-select-single": {
        "path": "ojs/ojselectsingle"
      },
      "oj-table": {
        "path": "ojs/ojtable"
      },
      "oj-validation-group": {
        "path": "ojs/ojvalidationgroup"
      }

    },
    "modules": {
      "ojValidationDateTime": {
        "path": "ojs/ojvalidation-datetime"
      }
    }
  }
}