        {
            "category2_code": "03",
            "category2_name": "Betty Crocker",
            "category2_abbr": "Betty Crocker",
            "returnable_grace_days": null,
            "active_ind": "N",
            "creation_date": null,
            "created_by": null,
            "last_updated_date": null,
            "last_updated_by": null,
            "category1_id": 3849426831,
            "impr_id": 3874459395,
            "start_date": null,
            "end_date": null,
            "status": null
        }