{
 "sales_rep_number             " : ""
,"sales_rep_name               " : ""
,"external_sales_rep_identifier" : ""
,"address                      " : ""
,"city                         " : ""
,"state                        " : ""
,"postal_code                  " : ""
,"country                      " : ""
,"phone_number                 " : ""
,"email                        " : ""
,"company                      " : ""
,"company_description          " : ""
,"external_checkbox            " : ""
,"wholesale_commision          " : ""
,"retail_commision             " : ""
,"edelweiss                    " : ""
,"notes                        " : ""
,"entered_by                   " : ""
,"entered_date                 " : ""
,"updated_by                   " : ""
,"updated_date                 " : ""
,"start_date                   " : ""                
,"end_date                     " : ""                
,"status                       " : ""
,"sf_territory_id              " : ""
}