{
  "description": "",
  "root": "assignVariablesMappingDlg",
  "actions": {
    "assignVariablesMappingDlg": {
      "module": "vb/action/builtin/assignVariablesAction",
      "parameters": {
        "$page.variables.mappingDlg": {
          "source": "Edit"
        },
        "$page.variables.MappingCreateObj": {
          "source": "{{ $variables.current.row }}",
          "auto": "always"
        },
        "$page.variables.RowOwner": {
          "source": "{{ $variables.current.row.owner }}"
        },
        "$page.variables.RowReportingGroup": {
          "source": "{{ $variables.current.row.reporting_group }}"
        },
        "$page.variables.Rowcategory1": {
          "source": "{{ $variables.current.row.category_1 }}"
        },
        "$page.variables.Rowcategory2": {
          "source": "{{ $variables.current.row.category_2 }}"
        }
      },
      "outcomes": {
        "success": "callComponentCreatemappingOpen"
      }
    },
    "callComponentCreatemappingOpen": {
      "module": "vb/action/builtin/callComponentMethodAction",
      "parameters": {
        "component": "{{ document.getElementById('createmapping') }}",
        "method": "open"
      }
    }
  },
  "variables": {
    "key": {
      "required": true,
      "type": "any",
      "input": "fromCaller"
    },
    "index": {
      "required": true,
      "type": "number",
      "input": "fromCaller"
    },
    "current": {
      "required": true,
      "type": "any",
      "input": "fromCaller"
    }
  }
}