{
  "description": "",
  "root": "callRestGetLookupValueDetails",
  "actions": {

    "fireNotification": {
      "module": "vb/action/builtin/fireNotificationEventAction",
      "parameters": {
        "target": "leaf",
        "summary": "failed to fetch Details",
        "type": "error",
        "displayMode": "transient"
      }
    },
    "callRestGetLookupValueDetails": {
      "module": "vb/action/builtin/restAction",
      "parameters": {
        "endpoint": "devOrds/GetLookupValueDetails",
        "uriParams": {
          "P_LOOKUP_TYPE": "HBG_CATEGORY_1",
          "P_LOOKUP_CODE": "{{ $page.variables.MappingCreateObj.owner + $page.variables.MappingCreateObj.reporting_group + $page.variables.MappingCreateObj.category_1 }}"
        }
      },
      "outcomes": {
        "failure": "fireNotification",
        "success": "assignVariablesMappingCreateObj"
      }
    },
    "assignVariablesMappingCreateObj": {
      "module": "vb/action/builtin/assignVariablesAction",
      "parameters": {
        "$page.variables.MappingCreateObj": {
          "source": {
            "category_1_description": "{{ $chain.results.callRestGetLookupValueDetails.body.items[0].meaning }}"
          },
          "reset": "none",
          "auto": "always"
        }
      }
    }
  },
  "variables": {
  }
}