{
  "root": "callRestGetSalesCreditGetallISBN",
  "description": "",
  "actions": {
    "fireNotification": {
      "module": "vb/action/builtin/fireNotificationEventAction",
      "parameters": {
        "target": "leaf",
        "summary": "failed to fetch ISBN",
        "type": "error",
        "displayMode": "transient"
      }
    },
    "callRestGetSalesCreditGetallISBN": {
      "module": "vb/action/builtin/restAction",
      "parameters": {
        "endpoint": "devOrds/getSalesCreditGetallISBN"
      },
      "outcomes": {
        "failure": "fireNotification",
        "success": "assignVariablesISBNADP"
      }
    },
    "assignVariablesISBNADP": {
      "module": "vb/action/builtin/assignVariablesAction",
      "parameters": {
        "$page.variables.ISBNADP": {
          "source": "{{ $chain.results.callRestGetSalesCreditGetallISBN.body.items }}"
        }
      }
    }
  }
}