{
    "items": [
        {
            "sf_territory_id": 39,
            "territory_name": "MR01-TER02"
        }
    ],
    "hasMore": false,
    "limit": 100,
    "offset": 0,
    "count": 1,
    "links": [
        {
            "rel": "self",
            "href": "https://10.2.0.169:8081/ords/hbg_integration/salesCredit/getTerritoryIdbyterritoryNumber?TERRITORY_NUMBER=MR01-TER02"
        },
        {
            "rel": "describedby",
            "href": "https://10.2.0.169:8081/ords/hbg_integration/metadata-catalog/salesCredit/item"
        },
        {
            "rel": "first",
            "href": "https://10.2.0.169:8081/ords/hbg_integration/salesCredit/getTerritoryIdbyterritoryNumber?TERRITORY_NUMBER=MR01-TER02"
        }
    ]
}