{
  "title": "",
  "description": "",
  "variables": {
    "AccountCreateObj": {
      "type": "AccountTypeTblType",
      "defaultValue": {

        "start_date": "[[ $functions.getsysdate() ]]"
      }
    },
        "OwnerArray": {
      "type": "OwnerType[]"
    },
    "AccountTypeRowData": {
      "type": "AccountTypeTblType",
      "defaultValue": {
        "status": "[[ $variables.AccountTypeRowData.end_date > $functions.getsysdate() ?  \"Inactive\" : \"Active\" ]]"
      }
    },
    "AccountTypeTblADP": {
      "type": "vb/ArrayDataProvider2",
      "defaultValue": {
        "itemType": "AccountTypeTblType",
        "keyAttributes": "sf_account_id"
      }
    },
    "Category1LOVSDP": {
      "type": "vb/ServiceDataProvider",
      "defaultValue": {
        "endpoint": "devOrds/getDistributionTitleRightsGetLookupValuesInfo",
        "keyAttributes": "lookup_code",
        "itemsPath": "items",
        "responseType": "Category1LOVSDPType",
        "uriParameters": {
          "P_LOOKUP_TYPE": "HBG_CATEGORY_1",
          "P_TAG": "{{ $variables.MappingCreateObj.reporting_group }}"
        },
        "transformsContext": {
          "vb-textFilterAttributes": [
            "lookup_code"
          ]
        }
      }
    },
    "Category1LOVSDP_Assign": {
      "defaultValue": {
        "endpoint": "devOrds/getDistributionTitleRightsGetLookupValuesInfo",
        "keyAttributes": "lookup_code",
        "itemsPath": "items",
        "responseType": "Category1LOVSDPType",
        "uriParameters": {
          "P_LOOKUP_TYPE": "HBG_CATEGORY_1",
          "P_TAG": "{{ $variables.salesAssignCreatObj.reporting_group }}"
        },
        "transformsContext": {
          "vb-textFilterAttributes": [
            "lookup_code"
          ]
        }
      },
      "type": "vb/ServiceDataProvider"
    },
    "Category2LOVSDP": {
      "type": "vb/ServiceDataProvider",
      "defaultValue": {
        "endpoint": "devOrds/getDistributionTitleRightsGetLookupValuesInfo",
        "keyAttributes": "lookup_code",
        "itemsPath": "items",
        "responseType": "Category2LOVSDPType",
        "uriParameters": {
          "P_LOOKUP_TYPE": "HBG_CATEGORY_2",
          "P_TAG": "{{ $variables.MappingCreateObj.category_1 }}"
        },
        "transformsContext": {
          "vb-textFilterAttributes": [
            "lookup_code"
          ]
        }
      }
    },
    "Category2LOVSDP_Assign": {
      "defaultValue": {
        "endpoint": "devOrds/getDistributionTitleRightsGetLookupValuesInfo",
        "keyAttributes": "lookup_code",
        "itemsPath": "items",
        "responseType": "Category2LOVSDPType",
        "uriParameters": {
          "P_LOOKUP_TYPE": "HBG_CATEGORY_2",
          "P_TAG": "{{ $variables.salesAssignCreatObj.category_1 }}"
        },
        "transformsContext": {
          "vb-textFilterAttributes": [
            "lookup_code"
          ]
        }
      },
      "type": "vb/ServiceDataProvider"
    },
    "DlgLabel": {
      "type": "string"
    },
    "familycode": {
      "type": "string",
      "persisted": "session"
    },
    "FamilyCodeLOVSDP": {
      "type": "vb/ServiceDataProvider",
      "defaultValue": {
        "endpoint": "devOrds/getFamilyCode",
        "keyAttributes": "familycode",
        "itemsPath": "items",
        "responseType": "FamilyCodeLOVType",
        "transformsContext": {
          "vb-textFilterAttributes": [
            "familycode"
          ]
        }
      }
    },
    "FormatLOVSDPType": {
      "type": "vb/ServiceDataProvider",
      "defaultValue": {
        "endpoint": "devOrds/getDistributionTitleRightsGetValueSetsInfo",
        "itemsPath": "items",
        "responseType": "FormatLOVSDPType",
        "uriParameters": {
          "P_VALUE_SET_NAME": "HBG_Format"
        },
        "keyAttributes": "flex_value",
        "transformsContext": {
          "vb-textFilterAttributes": [
            "flex_value"
          ]
        }
      }
    },
    "getAccountTypesListSDP": {
      "type": "vb/ServiceDataProvider",
      "defaultValue": {
        "endpoint": "devOrds/getAccountTypes",
        "keyAttributes": "flex_value",
        "itemsPath": "items",
        "responseType": "getAccountTypesResponse",
        "uriParameters": {
          "P_VALUE_SET_NAME": "HBG_ACCOUNT_TYPE"
        },
        "transformsContext": {
          "vb-textFilterAttributes": [
            "flex_value"
          ]
        }
      }
    },
    "getAccountTypesListSDP2": {
      "type": "vb/ServiceDataProvider",
      "defaultValue": {
        "endpoint": "devOrds/getAccountTypes",
        "keyAttributes": "flex_value",
        "itemsPath": "items",
        "responseType": "getAccountTypesResponse2",
        "transformsContext": {
          "vb-textFilterAttributes": [
            "flex_value"
          ]
        },
        "uriParameters": {
          "P_VALUE_SET_NAME": "HBG_ACCOUNT_TYPE"
        }
      }
    },
    "getAllAccountsListSDP": {
      "type": "vb/ServiceDataProvider",
      "defaultValue": {
        "endpoint": "devOrds/getAllAccounts",
        "keyAttributes": "account_number",
        "itemsPath": "items",
        "responseType": "getAllAccountsResponse",
        "transformsContext": {
          "vb-textFilterAttributes": [
            "account_number"
          ]
        }
      }
    },
    "getDistributionTitleRightsGetValueSetsInfoListSDP": {
      "type": "vb/ServiceDataProvider",
      "defaultValue": {
        "endpoint": "devOrds/getDistributionTitleRightsGetValueSetsInfo",
        "keyAttributes": "flex_value",
        "itemsPath": "items",
        "responseType": "getDistributionTitleRightsGetValueSetsInfoResponse",
        "uriParameters": {
          "P_VALUE_SET_NAME": "HBG_BISAC_CATEGORIES"
        },
        "transformsContext": {
          "vb-textFilterAttributes": [
            "flex_value"
          ]
        }
      }
    },
    "getSalesCreditGetallISBNListSDP": {
      "type": "vb/ServiceDataProvider",
      "defaultValue": {
        "endpoint": "devOrds/getSalesCreditGetallISBN",
        "keyAttributes": "item_number",
        "itemsPath": "items",
        "responseType": "getSalesCreditGetallISBNResponse",
        "transformsContext": {
          "vb-textFilterAttributes": [
            "item_number"
          ]
        }
      }
    },
    "getSalesCreditSFMappingListSDP": {
      "type": "vb/ServiceDataProvider",
      "defaultValue": {
        "endpoint": "devOrds/getSalesCreditSFMapping",
        "keyAttributes": "priority",
        "itemsPath": "items",
        "responseType": "getSalesCreditSFMappingResponse",
        "uriParameters": {
          "familycode": "{{ \"\" }}",
          "priority": "{{ \"\" }}",
          "sales_force_number": "{{ \"\" }}"
        },
        "transformsContext": {
          "vb-textFilterAttributes": [
            "priority"
          ]
        }
      }
    },
    "MappingCreateObj": {
      "type": "MappingTblType",
      "defaultValue": {
        "start_date": "[[ $functions.getsysdate() ]]",
        "status": "Active"
      }
    },
    "mappingDlg": {
      "type": "string"
    },
    "MappingTblADP": {
      "type": "vb/ArrayDataProvider2",
      "defaultValue": {
        "itemType": "MappingTblType",
        "keyAttributes": "sf_mapping_id"
      }
    },
    "MappingTblRow": {
      "type": "MappingTblType"
    },
    "OwnersLOVSDP": {
      "type": "vb/ServiceDataProvider",
      "defaultValue": {
        "endpoint": "devOrds/getDistributionTitleRightsGetValueSetsInfo",
        "keyAttributes": "flex_value",
        "itemsPath": "items",
        "responseType": "OwnersLOVSDPType",
        "uriParameters": {
          "P_VALUE_SET_NAME": "HBG_Owner"
        },
        "transformsContext": {
          "vb-textFilterAttributes": [
            "flex_value"
          ]
        }
      }
    },
    "OwnersLOVSDP_Assign": {
      "defaultValue": {
        "endpoint": "devOrds/getDistributionTitleRightsGetValueSetsInfo",
        "keyAttributes": "flex_value",
        "itemsPath": "items",
        "responseType": "OwnersLOVSDPType",
        "uriParameters": {
          "P_VALUE_SET_NAME": "HBG_Owner"
        },
        "transformsContext": {
          "vb-textFilterAttributes": [
            "flex_value"
          ]
        }
      },
      "type": "vb/ServiceDataProvider"
    },
    "priority": {
      "type": "string"
    },
    "ReportingGroupADP": {
      "type": "vb/ArrayDataProvider2",
      "defaultValue": {
        "itemType": "ADPType",
        "keyAttributes": "lookup_code"
      }
    },
    "ReportingGroupLOVSDP_Assign": {
      "defaultValue": {
        "endpoint": "devOrds/getDistributionTitleRightsGetLookupValuesInfo",
        "itemsPath": "items",
        "responseType": "ReportingGroupLOVType",
        "uriParameters": {
          "P_LOOKUP_TYPE": "HBG_REPORTING_GROUP",
          "P_TAG": "{{ $variables.salesAssignCreatObj.owner }}"
        },
        "keyAttributes": "lookup_code",
        "transformsContext": {
          "vb-textFilterAttributes": [
            "lookup_code"
          ]
        }
      },
      "type": "vb/ServiceDataProvider"
    },
    "RepostingGroupLOV": {
      "type": "vb/ServiceDataProvider",
      "defaultValue": {
        "endpoint": "devOrds/getDistributionTitleRightsGetLookupValuesInfo",
        "keyAttributes": "lookup_code",
        "itemsPath": "items",
        "responseType": "getDistributionTitleRightsGetLookupValuesInfoResponse",
        "uriParameters": {
          "P_LOOKUP_TYPE": "HBG_REPORTING_GROUP",
          "P_TAG": "{{ $variables.MappingCreateObj.owner }}"
        },
        "transformsContext": {
          "vb-textFilterAttributes": [
            "lookup_code"
          ]
        }
      }
    },
    "rowsalesforce": {
      "type": "string"
    },
    "salesAssignCreatObj": {
      "type": "SalesForceTblType",
      "defaultValue": {
        "start_date": "[[ $functions.getsysdate() ]]",
        "status": "Active"
      }
    },
    "SalesAssignRow": {
      "type": "SalesForceTblType"
    },
    "SalesAssignTblADP": {
      "type": "vb/ArrayDataProvider2",
      "defaultValue": {
        "itemType": "SalesForceTblType",
        "keyAttributes": "sales_force"
      }
    },
    "SalesForceADP": {
      "type": "vb/ArrayDataProvider2",
      "defaultValue": {
        "itemType": "SalesForceADPType",
        "keyAttributes": "sales_force_number"
      }
    },
    "SalesForceNumberLOVSDP": {
      "type": "vb/ServiceDataProvider",
      "defaultValue": {
        "endpoint": "devOrds/getSalesCreditGetallSalesforceNumbers",
        "keyAttributes": "sales_force_number",
        "itemsPath": "items",
        "responseType": "SalesForceNumberLOVType",
        "transformsContext": {
          "vb-textFilterAttributes": [
            "sales_force_number"
          ]
        }
      }
    },
    "SelectedsalesForce": {
      "type": "number",
      "persisted": "session"
    },
    "SelectedSFnumber": {
      "type": "string",
      "persisted": "session"
    },
    "SelectedStatus": {
      "type": "string"
    },
    "SubFormatLOVSDP": {
      "type": "vb/ServiceDataProvider",
      "defaultValue": {
        "endpoint": "devOrds/getDistributionTitleRightsGetValueSetsInfo",
        "itemsPath": "items",
        "responseType": "SubFormatLOVSDPType",
        "uriParameters": {
          "P_VALUE_SET_NAME": "HBG_Subformat"
        },
        "keyAttributes": "flex_value",
        "transformsContext": {
          "vb-textFilterAttributes": [
            "flex_value"
          ]
        }
      }
    }

  },
  "metadata": {},
  "types": {
    "@decorators.AccountTypeTblType": {
      "endpoint": "getAssignAccountType",
      "service": "devOrds",
      "path": "response-_-items[0]"
    },
    "@decorators.ADPType": {
      "endpoint": "getDistributionTitleRightsGetLookupValuesInfo",
      "service": "devOrds",
      "path": "response-_-items[0]"
    },
    "@decorators.Category1LOVSDPType": {
      "endpoint": "getDistributionTitleRightsGetLookupValuesInfo",
      "service": "devOrds",
      "path": "response"
    },
    "@decorators.Category2LOVSDPType": {
      "endpoint": "getDistributionTitleRightsGetLookupValuesInfo",
      "service": "devOrds",
      "path": "response"
    },
    "@decorators.FamilyCodeLOVType": {
      "endpoint": "getFamilyCode",
      "service": "devOrds",
      "path": "response"
    },
    "@decorators.FormatLOVSDPType": {
      "endpoint": "getDistributionTitleRightsGetValueSetsInfo",
      "service": "devOrds",
      "path": "response"
    },
    "@decorators.getAccountTypesResponse": {
      "endpoint": "getAccountTypes",
      "service": "devOrds",
      "path": "response"
    },
    "@decorators.getAccountTypesResponse2": {
      "endpoint": "getAccountTypes",
      "service": "devOrds",
      "path": "response"
    },
    "@decorators.getAllAccountsResponse": {
      "endpoint": "getAllAccounts",
      "service": "devOrds",
      "path": "response"
    },
    "@decorators.getDistributionTitleRightsGetLookupValuesInfoResponse": {
      "endpoint": "getDistributionTitleRightsGetLookupValuesInfo",
      "service": "devOrds",
      "path": "response"
    },
    "@decorators.getDistributionTitleRightsGetValueSetsInfoResponse": {
      "endpoint": "getDistributionTitleRightsGetValueSetsInfo",
      "service": "devOrds",
      "path": "response"
    },
    "@decorators.getSalesCreditGetallISBNResponse": {
      "endpoint": "getSalesCreditGetallISBN",
      "service": "devOrds",
      "path": "response"
    },
    "@decorators.getSalesCreditSFMappingResponse": {
      "endpoint": "getSalesCreditSFMapping",
      "service": "devOrds",
      "path": "response"
    },
    "@decorators.ISBNLovType": {
      "endpoint": "getSalesCreditGetallISBN",
      "service": "devOrds",
      "path": "response"
    },
    "@decorators.MappingTblType": {
      "endpoint": "getSalesCreditSFMapping",
      "service": "devOrds",
      "path": "response-_-items[0]"
    },
    "@decorators.OwnersLOVSDPType": {
      "endpoint": "getDistributionTitleRightsGetValueSetsInfo",
      "service": "devOrds",
      "path": "response"
    },
    "@decorators.ReportingGroupLOVType": {
      "endpoint": "getDistributionTitleRightsGetLookupValuesInfo",
      "service": "devOrds",
      "path": "response"
    },
    "@decorators.SalesForceADPType": {
      "endpoint": "getSalesCreditGetallSalesforceNumbers",
      "service": "devOrds",
      "path": "response-_-items[0]"
    },
    "@decorators.SalesForceNumberLOVType": {
      "endpoint": "getSalesCreditGetallSalesforceNumbers",
      "service": "devOrds",
      "path": "response"
    },
    "@decorators.SalesForceTblType": {
      "endpoint": "getSalesCreditSFAssign",
      "service": "devOrds",
      "path": "response-_-items[0]"
    },
    "@decorators.SubFormatLOVSDPType": {
      "endpoint": "getDistributionTitleRightsGetValueSetsInfo",
      "service": "devOrds",
      "path": "response"
    },
    "AccountTypeTblType": {
      "account_type": "any",
      "account_type_name": "any",
      "end_date": "any",
      "entered_by": "any",
      "entered_date": "any",
      "notes": "any",
      "owner_name": "string",
      "sales_force": "string",
      "sales_force_name": "string",
      "sf_account_id": "number",
      "sf_owner": "string",
      "start_date": "any",
      "status": "any",
      "updated_by": "any",
      "updated_date": "any"

    },
       "OwnerType": {
      "flex_value": "string"
    },
    "ADPType": {
      "description": "string",
      "lookup_code": "string"
    },
    "Category1LOVSDPType": {
      "items": [
        {
          "description": "string",
          "lookup_code": "string"
        }
      ]
    },
    "Category2LOVSDPType": {
      "items": [
        {
          "description": "string",
          "lookup_code": "string"
        }
      ]
    },
    "FamilyCodeLOVType": {
      "items": [
        {
          "familycode": "string"
        }
      ]
    },
    "FormatLOVSDPType": {
      "items": [
        {
          "description": "string",
          "flex_value": "string"
        }
      ]
    },
    "getAccountTypesResponse": {
      "items": [
        {
          "description": "string",
          "flex_value": "string"
        }
      ]
    },
    "getAccountTypesResponse2": {
      "items": [
        {
          "description": "string",
          "flex_value": "string"
        }
      ]
    },
    "getAllAccountsResponse": {
      "items": [
        {
          "account_name": "string",
          "account_number": "string"
        }
      ]
    },
    "getDistributionTitleRightsGetLookupValuesInfoResponse": {
      "items": [
        {
          "lookup_code": "string"
        }
      ]
    },
    "getDistributionTitleRightsGetValueSetsInfoResponse": {
      "items": [
        {
          "description": "string",
          "flex_value": "string"
        }
      ]
    },
    "getSalesCreditGetallISBNResponse": {
      "items": [
        {
          "item_number": "string"
        }
      ]
    },
    "getSalesCreditSFMappingResponse": {
      "items": [
        {
          "priority": "number"
        }
      ]
    },
    "ISBNLovType": {
      "items": [
        {
          "isbn": "string"
        }
      ]
    },
    "MappingTblType": {
      "account_type": "string",
      "account_type_description": "string",
      "bisac": "string",
      "bisac_description": "string",
      "category_1": "string",
      "category_1_description": "string",
      "category_2": "string",
      "category_2_description": "string",
      "end_date": "string",
      "entered_by": "string",
      "entered_date": "string",
      "format": "string",
      "format_description": "string",
      "isbn": "string",
      "notes": "string",
      "owner": "string",
      "owner_description": "string",
      "priority": "number",
      "reporting_group": "string",
      "reporting_group_description": "string",
      "sales_force": "string",
      "sales_force_id": "number",
      "sales_force_name": "string",
      "sf_acct_type_id": "number",
      "sf_mapping_id": "number",
      "start_date": "string",
      "status": "string",
      "sub_format": "string",
      "sub_format_description": "string",
      "updated_by": "string",
      "updated_date": "string"
    },
    "OwnersLOVSDPType": {
      "items": [
        {
          "description": "string",
          "flex_value": "string"

        }
      ]
    },
    "ReportingGroupLOVType": {
      "items": [
        {
          "description": "string",
          "lookup_code": "string"
        }
      ]
    },
    "SalesForceADPType": {
      "sales_force_number": "string"
    },
    "SalesForceNumberLOVType": {
      "items": [
        {

          "sales_force_number": "string",
          "sales_force_name": "string"

        }
      ]
    },
    "SalesForceTblType": {
      "account_name": "string",
      "account_override_end_date": "string",
      "account_override_start_date": "string",
      "account_type": "string",
      "alt_sales_country": "string",
      "bill_to_": "string",
      "bill_to_country": "string",
      "bisac": "number",
      "bisac_description": "string",
      "category_1": "number",
      "category_1_description": "string",
      "category_2": "number",
      "category_2_description": "string",
      "customer_account_number": "number",
      "customer_org_number": "number",
      "division": "number",
      "division_name": "string",
      "end_date": "string",
      "entered_by": "string",
      "entered_date": "any",
      "final_destination_country": "string",
      "format": "number",
      "format_description": "string",
      "notes": "string",
      "organization_name": "string",
      "override": "string",
      "owner": "string",
      "owner_description": "string",
      "reporting_group": "number",
      "reporting_group_description": "string",
      "sales_force": "number",
      "sales_force_id": "number",
      "sales_force_name": "string",
      "sales_rep": "number",
      "sales_rep_name": "string",
      "sf_assign_id": "number",
      "ship_to_country": "string",
      "ship_to_name": "string",
      "ship_to_number": "number",
      "ship_to_state": "string",
      "start_date": "any",
      "state_province": "string",
      "status": "string",
      "sub_format": "number",
      "sub_format_description": "string",
      "territory": "number",
      "territory_name": "string",
      "updated_by": "string",
      "updated_date": "string"
    },
    "SubFormatLOVSDPType": {
      "items": [
        {
          "description": "string",
          "flex_value": "string"
        }
      ]
    },
    "@decorators.FormatLOVSDPType_copy": {
      "endpoint": "getDistributionTitleRightsGetValueSetsInfo",
      "service": "devOrds",
      "path": "response"
    }

  },
  "eventListeners": {
    "buttonAction": {
      "chains": [
        {
          "chainId": "FetchMappingTblData"
        }
      ]
    },
    "buttonAction10": {
      "chains": [
        {
          "chainId": "ExportMappingTblAction"
        }
      ]
    },
    "buttonAction11": {
      "chains": [
        {
          "chainId": "ButtonActionChain"
        }
      ]
    },
    "buttonAction12": {
      "chains": [
        {
          "chainId": "FetchAssignAccountAction"
        }
      ]
    },
    "buttonAction13": {
      "chains": [
        {
          "chainId": "OpenAccountTypeDlgAction"
        }
      ]
    },
    "buttonAction14": {
      "chains": [
        {
          "chainId": "CreateAccountTypeAction"
        }
      ]
    },
    "buttonAction15": {
      "chains": [
        {
          "chainId": "navigatetoUnassignAction"
        }
      ]
    },
    "buttonAction2": {
      "chains": [
        {
          "chainId": "CloseMappingDLgAction"
        }
      ]
    },
    "buttonAction3": {
      "chains": [
        {
          "chainId": "OpenCreateMappingDlgAction"
        }
      ]
    },
    "buttonAction4": {
      "chains": [
        {
          "chainId": "CreateMappingAction"
        }
      ]
    },
    "buttonAction5": {
      "chains": [
        {
          "chainId": "CloseAccountDlgAction"
        }
      ]
    },
    "buttonAction6": {
      "chains": [
        {
          "chainId": "CreateSalesDlgOpenAction"
        }
      ]
    },
    "buttonAction7": {
      "chains": [
        {
          "chainId": "CreateAssignSalesAction"
        }
      ]
    },
    "buttonAction8": {
      "chains": [
        {
          "chainId": "EditMappingDetailsAction"
        }
      ]
    },
    "buttonAction9": {
      "chains": [
        {
          "chainId": "ResetBtnAction"
        }
      ]
    },
    "comboValue": {
      "chains": [
        {
          "chainId": "EditOwnerValueChange",
          "parameters": {
            "value": "{{ $event.detail.value }}"
          }
        }
      ]
    },
    "hyperlinkClick": {
      "chains": [
        {
          "chainId": "assignSFnumberAction",
          "parameters": {
            "key": "{{ $current.key }}",
            "index": "{{ $current.index }}",
            "current": "{{ $current }}"
          }
        }
      ]
    },
    "iconClick": {
      "chains": [
        {
          "chainId": "DeleteMappingAction",
          "parameters": {
            "key": "{{ $current.key }}",
            "index": "{{ $current.index }}",
            "current": "{{ $current }}"
          }
        }
      ]
    },
    "iconClick2": {
      "chains": [
        {
          "chainId": "SaveAssignedSalesAction",
          "parameters": {
            "key": "{{ $current.key }}",
            "index": "{{ $current.index }}",
            "current": "{{ $current }}"
          }
        }
      ]
    },
    "iconClick3": {
      "chains": [
        {
          "chainId": "SaveSalesmappingChangesAction",
          "parameters": {
            "key": "{{ $current.key }}",
            "index": "{{ $current.index }}",
            "current": "{{ $current }}"
          }
        }
      ]
    },
    "iconClick4": {
      "chains": [
        {
          "chainId": "EditMappingAction",
          "parameters": {
            "key": "{{ $current.key }}",
            "index": "{{ $current.index }}",
            "current": "{{ $current }}"
          }
        }
      ]
    },
    "iconClick5": {
      "chains": [
        {
          "chainId": "UpdateAccountTypeAction",
          "parameters": {
            "key": "{{ $current.key }}",
            "index": "{{ $current.index }}",
            "current": "{{ $current }}"
          }
        }
      ]
    },
    "iconClick6": {
      "chains": [
        {
          "chainId": "DeletAccountTypeAction",
          "parameters": {
            "key": "{{ $current.key }}",
            "index": "{{ $current.index }}",
            "current": "{{ $current }}"
          }
        }
      ]
    },
    "iconClick7": {
      "chains": [
        {
          "chainId": "EditMappingDetailsAction"
        }
      ]
    },
    "iconClick8": {
      "chains": [
        {
          "chainId": "EditIconDlgOpenAction",
          "parameters": {
            "key": "{{ $current.key }}",
            "index": "{{ $current.index }}",
            "current": "{{ $current }}"
          }
        }
      ]
    },
    "selectValueItem": {
      "chains": [
        {
          "chainId": "OwnerValueChangeAction",
          "parameters": {
            "key": "{{$event.detail.value.key}}",
            "data": "{{$event.detail.value.data}}",
            "metadata": "{{$event.detail.value.metadata}}"
          }
        }
      ]
    },
    "selectValueItem10": {
      "chains": [
        {
          "chainId": "AccountValueChangeAction",
          "parameters": {
            "key": "{{$event.detail.value.key}}",
            "data": "{{$event.detail.value.data}}",
            "metadata": "{{$event.detail.value.metadata}}"
          }
        }
      ]
    },
    "selectValueItem11": {
      "chains": [
        {
          "chainId": "SalesForcevalueChangeAction",
          "parameters": {
            "key": "{{$event.detail.value.key}}",
            "data": "{{$event.detail.value.data}}",
            "metadata": "{{$event.detail.value.metadata}}"
          }
        }
      ]
    },
    "selectValueItem12": {
      "chains": [
        {
          "chainId": "AccountTypevalueChange",
          "parameters": {
            "key": "{{$event.detail.value.key}}",
            "data": "{{$event.detail.value.data}}",
            "metadata": "{{$event.detail.value.metadata}}"
          }
        }
      ]
    },
    "selectValueItem13": {
      "chains": [
        {
          "chainId": "rowSaleForceValueChangeValucchange",
          "parameters": {
            "key": "{{ $current.key }}",
            "data": "{{$event.detail.value.data}}",
            "metadata": "{{$event.detail.value.metadata}}",
            "index": "{{ $current.index }}",
            "current": "{{ $current }}"
          }
        }
      ]
    },
    "selectValueItem14": {
      "chains": [
        {
          "chainId": "rowAccountValueChange",
          "parameters": {
            "key": "{{ $current.key }}",
            "data": "{{$event.detail.value.data}}",
            "metadata": "{{$event.detail.value.metadata}}",
            "index": "{{ $current.index }}",
            "current": "{{ $current }}"
          }
        }
      ]
    },
    "selectValueItem15": {
      "chains": [
        {
          "chainId": "rowOwnervalueChangeAction",
          "parameters": {
            "key": "{{ $current.key }}",
            "data": "{{$event.detail.value.data}}",
            "metadata": "{{$event.detail.value.metadata}}",
            "index": "{{ $current.index }}",
            "current": "{{ $current }}"
          }
        }
      ]
    },
    "selectValueItem16": {
      "chains": [
        {
          "chainId": "AccountTypeValueChangeAction",
          "parameters": {
            "key": "{{$event.detail.value.key}}",
            "data": "{{$event.detail.value.data}}",
            "metadata": "{{$event.detail.value.metadata}}"
          }
        }
      ]
    },
    "selectValueItem17": {
      "chains": [
        {
          "chainId": "MappingCreateBISACValueChange",
          "parameters": {
            "key": "{{$event.detail.value.key}}",
            "data": "{{$event.detail.value.data}}",
            "metadata": "{{$event.detail.value.metadata}}"
          }
        }
      ]
    },
    "selectValueItem18": {
      "chains": [
        {
          "chainId": "FormatValueChange",
          "parameters": {
            "key": "{{$event.detail.value.key}}",
            "data": "{{$event.detail.value.data}}",
            "metadata": "{{$event.detail.value.metadata}}"
          }
        }
      ]
    },
    "selectValueItem19": {
      "chains": [
        {
          "chainId": "SubFormatValueChange",
          "parameters": {
            "key": "{{$event.detail.value.key}}",
            "data": "{{$event.detail.value.data}}",
            "metadata": "{{$event.detail.value.metadata}}"
          }
        }
      ]
    },
    "selectValueItem2": {
      "chains": [
        {
          "chainId": "ReportingGroupValueChangeAction",
          "parameters": {
            "key": "{{$event.detail.value.key}}",
            "data": "{{$event.detail.value.data}}",
            "metadata": "{{$event.detail.value.metadata}}"
          }
        }
      ]
    },
    "selectValueItem3": {
      "chains": [
        {
          "chainId": "Category1ValueChangeAction",
          "parameters": {
            "key": "{{$event.detail.value.key}}",
            "data": "{{$event.detail.value.data}}",
            "metadata": "{{$event.detail.value.metadata}}"
          }
        }
      ]
    },
    "selectValueItem4": {
      "chains": [
        {
          "chainId": "Category2ValueChangeAction",
          "parameters": {
            "key": "{{$event.detail.value.key}}",
            "data": "{{$event.detail.value.data}}",
            "metadata": "{{$event.detail.value.metadata}}"
          }
        }
      ]
    },
    "selectValueItem5": {
      "chains": [
        {
          "chainId": "OwnerValueChangeAction_Assign",
          "parameters": {
            "data": "{{$event.detail.value.data}}",
            "key": "{{$event.detail.value.key}}",
            "metadata": "$event.detail.value.metadata}}"
          }
        }
      ]
    },
    "selectValueItem6": {
      "chains": [
        {
          "chainId": "ReportingGroupValueChangeAction_Assign",
          "parameters": {
            "data": "{{$event.detail.value.data}}",
            "key": "{{$event.detail.value.key}}",
            "metadata": "{{$event.detail.value.metadata}}"
          }
        }
      ]
    },
    "selectValueItem7": {
      "chains": [
        {
          "chainId": "Category1ValueChangeAction_Assign",
          "parameters": {
            "data": "{{$event.detail.value.data}}",
            "key": "{{$event.detail.value.key}}",
            "metadata": "{{$event.detail.value.metadata}}"
          }
        }
      ]
    },
    "selectValueItem8": {
      "chains": [
        {
          "chainId": "Category2ValueChangeAction_Assign",
          "parameters": {
            "metadata": "{{$event.detail.value.metadata}}",
            "key": "{{$event.detail.value.key}}",
            "data": "{{$event.detail.value.data}}"
          }
        }
      ]
    },
    "selectValueItem9": {
      "chains": [
        {
          "chainId": "sfNumberValueChangeAction",
          "parameters": {
            "key": "{{$event.detail.value.key}}",
            "data": "{{$event.detail.value.data}}",
            "metadata": "{{$event.detail.value.metadata}}"
          }
        }
      ]
    },
    "tableBeforeRowEdit": {
      "chains": [
        {
          "chainId": "MappingTbleBeforeRowEdit",
          "parameters": {
            "rowKey": "{{$event.detail.rowContext.status.rowKey}}",
            "rowIndex": "{{$event.detail.rowContext.status.rowIndex}}",
            "rowData": "{{$event.detail.rowContext.componentElement.getDataForVisibleRow($event.detail.rowContext.status.rowIndex).data}}"
          }
        }
      ]
    },
    "tableBeforeRowEdit2": {
      "chains": [
        {
          "chainId": "SalesAssignTblBeforeRowEdit",
          "parameters": {
            "rowKey": "{{$event.detail.rowContext.status.rowKey}}",
            "rowIndex": "{{$event.detail.rowContext.status.rowIndex}}",
            "rowData": "{{$event.detail.rowContext.componentElement.getDataForVisibleRow($event.detail.rowContext.status.rowIndex).data}}"
          }
        }
      ]
    },
    "tableBeforeRowEdit3": {
      "chains": [
        {
          "chainId": "AccountTypeBeforeEditAction",
          "parameters": {
            "rowKey": "{{$event.detail.rowContext.status.rowKey}}",
            "rowIndex": "{{$event.detail.rowContext.status.rowIndex}}",
            "rowData": "{{$event.detail.rowContext.componentElement.getDataForVisibleRow($event.detail.rowContext.status.rowIndex).data}}"
          }
        }
      ]
    },
    "tableBeforeRowEditEnd": {
      "chains": [
        {
          "chainId": "MappingTblBeforeRowEditEnd",
          "parameters": {
            "cancelEdit": "{{$event.detail.cancelEdit}}",
            "rowKey": "{{$event.detail.rowContext.status.rowKey}}",
            "rowIndex": "{{$event.detail.rowContext.status.rowIndex}}",
            "rowData": "{{$event.detail.rowContext.componentElement.getDataForVisibleRow($event.detail.rowContext.status.rowIndex).data}}"
          }
        }
      ]
    },
    "tableBeforeRowEditEnd2": {
      "chains": [
        {
          "chainId": "SalesAssignTblBeforeRowEditEnd",
          "parameters": {
            "cancelEdit": "{{$event.detail.cancelEdit}}",
            "rowKey": "{{$event.detail.rowContext.status.rowKey}}",
            "rowIndex": "{{$event.detail.rowContext.status.rowIndex}}",
            "rowData": "{{$event.detail.rowContext.componentElement.getDataForVisibleRow($event.detail.rowContext.status.rowIndex).data}}"
          }
        }
      ]
    },
    "tableBeforeRowEditEnd3": {
      "chains": [
        {
          "chainId": "AccountTypeBeforeRowEditEndAction",
          "parameters": {
            "cancelEdit": "{{$event.detail.cancelEdit}}",
            "rowKey": "{{$event.detail.rowContext.status.rowKey}}",
            "rowIndex": "{{$event.detail.rowContext.status.rowIndex}}",
            "rowData": "{{$event.detail.rowContext.componentElement.getDataForVisibleRow($event.detail.rowContext.status.rowIndex).data}}"
          }
        }
      ]
    },
    "tableFirstSelectedRow": {
      "chains": [
        {
          "chainId": "MappingTblRowSelectionAction",
          "parameters": {
            "rowKey": "{{$event.detail.value.key}}",
            "rowData": "{{$event.detail.value.data}}"
          }
        }
      ]
    },
    "toggleDrawer": {
      "chains": [
        {
          "chainId": "application:toggleDrawerHandler"
        }
      ]
    },
    "vbEnter": {
      "chains": [
{
          "parameters": {},
          "chainId": "VBEnterEvent"
        },
        {
          "parameters": {},
          "chainId": "FetchSalesForceAction"
        }
      ]
    }

  },
  "imports": {
    "components": {
      "oj-button": {
        "path": "ojs/ojbutton"
      },
      "oj-combobox-one": {
        "path": "ojs/ojselectcombobox"
      },
      "oj-dialog": {
        "path": "ojs/ojdialog"
      },
      "oj-form-layout": {
        "path": "ojs/ojformlayout"
      },
      "oj-input-date": {
        "path": "ojs/ojdatetimepicker"
      },
      "oj-input-number": {
        "path": "ojs/ojinputnumber"
      },
      "oj-input-text": {
        "path": "ojs/ojinputtext"
      },
      "oj-option": {
        "path": "ojs/ojoption"
      },
      "oj-sample-export-data": {
        "path": "oj-sample/export-data/loader"
      },
      "oj-select-single": {
        "path": "ojs/ojselectsingle"
      },
      "oj-table": {
        "path": "ojs/ojtable"
      },
      "oj-text-area": {
        "path": "ojs/ojinputtext"
      },
      "oj-validation-group": {
        "path": "ojs/ojvalidationgroup"
      }

    },
    "modules": {
      "ojValidationDateTime": {
        "path": "ojs/ojvalidation-datetime"
      },
      "ojValidationNumber": {
        "path": "ojs/ojvalidation-number"
      }

    }
  }
}