{
    "items": [
        {
            "cust_account_id": 100000230814714,
            "account_number": "14222411-NEIMAN MARCUS GROUP L",
            "account_name": "NEIMAN MARCUS GROUP LLC"
        },
        {
            "cust_account_id": 100000235729889,
            "account_number": "TST_01_11212583-POWELL'S BOOKS",
            "account_name": "POWELL'S BOOKSTORE"
        },
        {
            "cust_account_id": 100000235729890,
            "account_number": "TST_01_12206529-UNIVERSITY OF ",
            "account_name": "UNIVERSITY OF MINNESOTA"
        },
        {
            "cust_account_id": 100000235729891,
            "account_number": "TST_01_10448297-PLUMPJACK WINE",
            "account_name": "PLUMPJACK WINES"
        },
        {
            "cust_account_id": 100000235729892,
            "account_number": "TST_01_10449284-HARVARD WESTLA",
            "account_name": "HARVARD WESTLAKE SCHOOL"
        },
        {
            "cust_account_id": 100000235729893,
            "account_number": "TST_01_10447489-ARIANNA HUFFIN",
            "account_name": "ARIANNA HUFFINGTON"
        },
        {
            "cust_account_id": 100000235729894,
            "account_number": "TST_01_10451821-SKYLARK",
            "account_name": "SKYLARK"
        },
        {
            "cust_account_id": 100000235729895,
            "account_number": "TST_01_10451014-BOUDIN PROPERT",
            "account_name": "BOUDIN PROPERTIES"
        },
        {
            "cust_account_id": 100000235729896,
            "account_number": "TST_01_10450039-MOUNTAIN HOME ",
            "account_name": "MOUNTAIN HOME GIFT"
        },
        {
            "cust_account_id": 100000235729897,
            "account_number": "TST_01_10451277-R/C COUNTRY HO",
            "account_name": "R/C COUNTRY HOBBIES"
        },
        {
            "cust_account_id": 100000235729898,
            "account_number": "TST_01_10451299-WINE & ROSES H",
            "account_name": "WINE & ROSES HOTEL & SPA"
        },
        {
            "cust_account_id": 100000235729899,
            "account_number": "TST_01_10458228-STARK WAXING S",
            "account_name": "STARK WAXING STUDIO"
        },
        {
            "cust_account_id": 100000235729900,
            "account_number": "TST_01_11402766-MCMURRAY HATCH",
            "account_name": "MCMURRAY HATCHERY"
        },
        {
            "cust_account_id": 100000235729901,
            "account_number": "TST_01_11402828-FRANK LLOYD WR",
            "account_name": "FRANK LLOYD WRIGHT"
        },
        {
            "cust_account_id": 100000235729902,
            "account_number": "TST_01_11402397-TREASURE HOUSE",
            "account_name": "TREASURE HOUSE"
        },
        {
            "cust_account_id": 100000235729903,
            "account_number": "TST_01_12824000-CURRIER MUSEUM",
            "account_name": "CURRIER MUSEUM OF ART"
        },
        {
            "cust_account_id": 100000235729904,
            "account_number": "TST_01_12801754-TOY CITY",
            "account_name": "TOY CITY"
        },
        {
            "cust_account_id": 100000235729905,
            "account_number": "TST_01_12863735-STEELES STATIO",
            "account_name": "STEELES STATIONERS"
        },
        {
            "cust_account_id": 100000235729906,
            "account_number": "TST_01_12913116-ROSS AND ROSS ",
            "account_name": "ROSS AND ROSS INC  DBA"
        },
        {
            "cust_account_id": 100000235729907,
            "account_number": "TST_01_12913267-CALVIN KLEIN/P",
            "account_name": "CALVIN KLEIN/PVH CORP"
        },
        {
            "cust_account_id": 300000049343181,
            "account_number": "10002",
            "account_name": "Kyle Meredith"
        },
        {
            "cust_account_id": 100000235729908,
            "account_number": "TST_01_12915886-ARCHER HOTEL F",
            "account_name": "ARCHER HOTEL FLORHAM"
        },
        {
            "cust_account_id": 100000235729909,
            "account_number": "TST_01_10920881-RESILIENT REST",
            "account_name": "RESILIENT RESTAURANTS"
        },
        {
            "cust_account_id": 100000235729911,
            "account_number": "TST_01_10452994-BROWN DESIGN G",
            "account_name": "BROWN DESIGN GROUP"
        },
        {
            "cust_account_id": 100000235729912,
            "account_number": "TST_01_10454182-EASTERN LEAF I",
            "account_name": "EASTERN LEAF INC"
        },
        {
            "cust_account_id": 100000235729913,
            "account_number": "TST_01_10455244-BRAINY ZOO",
            "account_name": "BRAINY ZOO"
        },
        {
            "cust_account_id": 100000235729914,
            "account_number": "TST_01_10454589-WE OLIVE",
            "account_name": "WE OLIVE"
        },
        {
            "cust_account_id": 100000235729916,
            "account_number": "TST_01_10454718-SOL BABY INC",
            "account_name": "SOL BABY INC"
        },
        {
            "cust_account_id": 100000235729918,
            "account_number": "TST_01_10454833-MATZ MARKET",
            "account_name": "MATZ MARKET"
        },
        {
            "cust_account_id": 100000235729919,
            "account_number": "TST_01_10500553-ANNIE'S",
            "account_name": "ANNIE'S"
        },
        {
            "cust_account_id": 100000235729920,
            "account_number": "TST_01_11454639-PRAIRIE LIGHTS",
            "account_name": "PRAIRIE LIGHTS BOOKS"
        },
        {
            "cust_account_id": 100000235729921,
            "account_number": "TST_01_11601583-SOUTH UNION SH",
            "account_name": "SOUTH UNION SHAKER"
        },
        {
            "cust_account_id": 100000235729922,
            "account_number": "TST_01_11502994-THE DUSTY BOOK",
            "account_name": "THE DUSTY BOOKSHELF"
        },
        {
            "cust_account_id": 100000235729923,
            "account_number": "TST_01_11503128-RSVP IN THE VI",
            "account_name": "RSVP IN THE VILLAGE"
        },
        {
            "cust_account_id": 100000235729924,
            "account_number": "TST_01_11802651-PINECONE AND C",
            "account_name": "PINECONE AND CHICKADEE"
        },
        {
            "cust_account_id": 100000235729926,
            "account_number": "TST_01_11901641-ALTERNATE WORL",
            "account_name": "ALTERNATE WORLDS"
        },
        {
            "cust_account_id": 100000235729927,
            "account_number": "TST_01_11802596-STONE SOUP",
            "account_name": "STONE SOUP"
        },
        {
            "cust_account_id": 100000235729929,
            "account_number": "TST_01_12914805-ACCESSORIE STR",
            "account_name": "ACCESSORIE STREET"
        },
        {
            "cust_account_id": 100000235729931,
            "account_number": "TST_01_12914986-YOGAACCESSORIE",
            "account_name": "YOGAACCESSORIES LLC"
        },
        {
            "cust_account_id": 100000235729932,
            "account_number": "TST_01_13002263-CITY OF ROSWEL",
            "account_name": "CITY OF ROSWELL MUSEUM"
        },
        {
            "cust_account_id": 100000235729933,
            "account_number": "TST_01_14508505-LOU LOU BOUTIQ",
            "account_name": "LOU LOU BOUTIQUES"
        },
        {
            "cust_account_id": 300000034442226,
            "account_number": "24",
            "account_name": null
        },
        {
            "cust_account_id": 300000034442241,
            "account_number": "25",
            "account_name": null
        },
        {
            "cust_account_id": 300000034442256,
            "account_number": "26",
            "account_name": null
        },
        {
            "cust_account_id": 300000034442271,
            "account_number": "27",
            "account_name": null
        },
        {
            "cust_account_id": 100000223719194,
            "account_number": "987659 - Customer FBDI 1",
            "account_name": "Customer FBDI 1"
        },
        {
            "cust_account_id": 100000224224483,
            "account_number": "14605017-AMAZON.COM",
            "account_name": "AMAZON.COM"
        },
        {
            "cust_account_id": 100000226488213,
            "account_number": "55555-CST ACCT CONTACT.COM",
            "account_name": "CST ACCT CONTACT.COM"
        },
        {
            "cust_account_id": 100000226695114,
            "account_number": "666666-CST ACCT CONTACT.COM",
            "account_name": "CST ACCT CONTACT.COM"
        },
        {
            "cust_account_id": 100000227068961,
            "account_number": "101010-CST ACCT CONTACT.COM",
            "account_name": "CST ACCT CONTACT.COM"
        },
        {
            "cust_account_id": 100000227075308,
            "account_number": "121212-CST ACCT CONTACT.COM",
            "account_name": "CST ACCT CONTACT.COM"
        },
        {
            "cust_account_id": 100000227076370,
            "account_number": "131313-CST ACCT CONTACT.COM",
            "account_name": "CST ACCT CONTACT.COM"
        },
        {
            "cust_account_id": 100000227078241,
            "account_number": "141414-CST ACCT CONTACT.COM",
            "account_name": "CST ACCT CONTACT.COM"
        },
        {
            "cust_account_id": 100000227125865,
            "account_number": "151515-CST ACCT CONTACT.COM",
            "account_name": "CST ACCT CONTACT.COM"
        },
        {
            "cust_account_id": 100000227128430,
            "account_number": "161616-CST ACCT CONTACT.COM",
            "account_name": "CST ACCT CONTACT.COM"
        },
        {
            "cust_account_id": 100000227141965,
            "account_number": "12902004-SCHOLASTIC INC",
            "account_name": "SCHOLASTIC INC"
        },
        {
            "cust_account_id": 100000227141966,
            "account_number": "10902294-SCHOLASTIC BOOK FAIRS",
            "account_name": "SCHOLASTIC BOOK FAIRS"
        },
        {
            "cust_account_id": 100000227141967,
            "account_number": "15148162-METROPOLITAN MUSEUM A",
            "account_name": "METROPOLITAN MUSEUM ART"
        },
        {
            "cust_account_id": 300000034442130,
            "account_number": "17",
            "account_name": null
        },
        {
            "cust_account_id": 300000034442151,
            "account_number": "19",
            "account_name": null
        },
        {
            "cust_account_id": 300000034442166,
            "account_number": "20",
            "account_name": null
        },
        {
            "cust_account_id": 300000034442181,
            "account_number": "21",
            "account_name": null
        },
        {
            "cust_account_id": 300000034442196,
            "account_number": "22",
            "account_name": null
        },
        {
            "cust_account_id": 300000034442211,
            "account_number": "23",
            "account_name": null
        },
        {
            "cust_account_id": 300000034442286,
            "account_number": "28",
            "account_name": null
        },
        {
            "cust_account_id": 300000034442301,
            "account_number": "29",
            "account_name": null
        },
        {
            "cust_account_id": 300000034442316,
            "account_number": "30",
            "account_name": null
        },
        {
            "cust_account_id": 300000034442331,
            "account_number": "31",
            "account_name": null
        },
        {
            "cust_account_id": 300000034442346,
            "account_number": "32",
            "account_name": null
        },
        {
            "cust_account_id": 300000034442361,
            "account_number": "33",
            "account_name": null
        },
        {
            "cust_account_id": 300000034442376,
            "account_number": "34",
            "account_name": null
        },
        {
            "cust_account_id": 300000034442391,
            "account_number": "35",
            "account_name": null
        },
        {
            "cust_account_id": 300000034442406,
            "account_number": "36",
            "account_name": null
        },
        {
            "cust_account_id": 300000034442421,
            "account_number": "37",
            "account_name": null
        },
        {
            "cust_account_id": 300000039366202,
            "account_number": "1001",
            "account_name": null
        },
        {
            "cust_account_id": 300000039366217,
            "account_number": "1002",
            "account_name": null
        },
        {
            "cust_account_id": 300000039366232,
            "account_number": "1003",
            "account_name": null
        },
        {
            "cust_account_id": 300000045774359,
            "account_number": "Walch Book - 12345",
            "account_name": "Walch Book"
        },
        {
            "cust_account_id": 300000045774914,
            "account_number": "4001-Hastings Books",
            "account_name": "Hastings Books"
        },
        {
            "cust_account_id": 300000045774934,
            "account_number": "4002 - Bedeschi Books",
            "account_name": "Bedeschi Books"
        },
        {
            "cust_account_id": 300000045861747,
            "account_number": "6001",
            "account_name": "AC Description"
        },
        {
            "cust_account_id": 300000047282954,
            "account_number": "7002",
            "account_name": "Taylor Hastings"
        },
        {
            "cust_account_id": 300000048678891,
            "account_number": "9002",
            "account_name": "Walch MA"
        },
        {
            "cust_account_id": 100000228245972,
            "account_number": "12224132-BARNES & NOBLE INC",
            "account_name": "BARNES & NOBLE INC"
        },
        {
            "cust_account_id": 300000049073401,
            "account_number": "10001",
            "account_name": null
        },
        {
            "cust_account_id": 100000232756214,
            "account_number": "TST_01_10101018-HUCK FINN & CO",
            "account_name": "HUCK FINN & COMPANY"
        },
        {
            "cust_account_id": 100000232756215,
            "account_number": "TST_01_10103495-_LITTLE PROF B",
            "account_name": "_LITTLE PROF BOOK CENTER"
        },
        {
            "cust_account_id": 100000235729934,
            "account_number": "TST_01_14608397-_BUREAU OF FEA",
            "account_name": "_BUREAU OF FEARLESS IDEA"
        },
        {
            "cust_account_id": 100000235729935,
            "account_number": "TST_01_14605325-J MATHESON GIF",
            "account_name": "J MATHESON GIFT INC"
        },
        {
            "cust_account_id": 100000235729936,
            "account_number": "TST_01_10400459-PAPERHAUS",
            "account_name": "PAPERHAUS"
        },
        {
            "cust_account_id": 100000235729937,
            "account_number": "TST_01_14600684-_WATERMARK BOO",
            "account_name": "_WATERMARK BOOK CO"
        },
        {
            "cust_account_id": 100000235729939,
            "account_number": "TST_01_14509300-O WINSTON LINK",
            "account_name": "O WINSTON LINK MUSEUM"
        },
        {
            "cust_account_id": 100000235729940,
            "account_number": "TST_01_10920776-DESTIN JEWELER",
            "account_name": "DESTIN JEWELERS"
        },
        {
            "cust_account_id": 100000235729941,
            "account_number": "TST_01_10455915-TERTULIA COFFE",
            "account_name": "TERTULIA COFFEE"
        },
        {
            "cust_account_id": 100000235729942,
            "account_number": "TST_01_19924868-SEJONG BOOKS",
            "account_name": "SEJONG BOOKS"
        },
        {
            "cust_account_id": 100000235729943,
            "account_number": "TST_01_19002405-CHRISTINE KIRK",
            "account_name": "CHRISTINE KIRK"
        },
        {
            "cust_account_id": 100000235729944,
            "account_number": "TST_01_10452419-INDOTEL S DE R",
            "account_name": "INDOTEL S DE R.L."
        },
        {
            "cust_account_id": 100000235729945,
            "account_number": "TST_01_11201322-ACE HARDWARE C",
            "account_name": "ACE HARDWARE CORP"
        },
        {
            "cust_account_id": 100000235729946,
            "account_number": "TST_01_19605009-CATHERINE LEPA",
            "account_name": "CATHERINE LEPAGE"
        },
        {
            "cust_account_id": 100000235729947,
            "account_number": "TST_01_13209590-THE BOOK EXPRE",
            "account_name": "THE BOOK EXPRESS"
        }
    ],
    "hasMore": true,
    "limit": 100,
    "offset": 0,
    "count": 100,
    "links": [
        {
            "rel": "self",
            "href": "https://10.2.0.169:8081/ords/hbg_integration/salesCredit/getAllAccounts"
        },
        {
            "rel": "describedby",
            "href": "https://10.2.0.169:8081/ords/hbg_integration/metadata-catalog/salesCredit/item"
        },
        {
            "rel": "first",
            "href": "https://10.2.0.169:8081/ords/hbg_integration/salesCredit/getAllAccounts"
        },
        {
            "rel": "next",
            "href": "https://10.2.0.169:8081/ords/hbg_integration/salesCredit/getAllAccounts?offset=100"
        }
    ]
}