{
    "items": [
        {
            "lookup_type": "HBG_REPORTING_GROUP",
            "lookup_code": "AB58",
            "meaning": "Harry N. Abrams",
            "description": "58",
            "enabled_flag": "Y",
            "display_sequence": 1,
            "created_by": "thastings@pelotongroup.com",
            "creation_date": "2022-11-21T21:33:14Z",
            "last_updated_by": "thastings@pelotongroup.com",
            "last_update_date": "2022-11-21T21:33:14Z",
            "tag": "AB",
            "status": "N",
            "status_message": null,
            "oic_run_id": 20221123
        }
    ],
    "hasMore": false,
    "limit": 10000,
    "offset": 0,
    "count": 1,
    "links": [
        {
            "rel": "self",
            "href": "https://10.2.0.169:8081/ords/hbg_integration/AutomaticHolds/getReportingGroup?P_OWNER_NAME=AB"
        },
        {
            "rel": "describedby",
            "href": "https://10.2.0.169:8081/ords/hbg_integration/metadata-catalog/AutomaticHolds/item"
        },
        {
            "rel": "first",
            "href": "https://10.2.0.169:8081/ords/hbg_integration/AutomaticHolds/getReportingGroup?P_OWNER_NAME=AB&limit=10000"
        }
    ]
}