{
  "description": "",
  "root": "callRestStoreNumberLov",
  "actions": {
    "callRestStoreNumberLov": {
      "module": "vb/action/builtin/restAction",
      "parameters": {
        "endpoint": "devOrds/StoreNumberLov",
        "uriParams": {
          "p_party_site_name": "{{ $variables.value }}"
        }
      },
      "outcomes": {
        "success": "assignVariablesSearchObj"
      }
    },
    "assignVariablesSearchObj": {
      "module": "vb/action/builtin/assignVariablesAction",
      "parameters": {
        "$page.variables.searchObj": {
          "source": {
            "p_party_site_id": "{{ $chain.results.callRestStoreNumberLov.body.items[0].party_site_id }}"
          },
          "reset": "none",
          "auto": "always"
        }
      }
    }
  },
  "variables": {
    "value": {
      "required": true,
      "type": "any",
      "input": "fromCaller"
    }
  }
}