{
  "description": "",
  "root": "callRestGetOrganizations",
  "actions": {

    "fireNotification": {
      "module": "vb/action/builtin/fireNotificationEventAction",
      "parameters": {
        "target": "leaf",
        "summary": "[[ $chain.results.callRestGetOrganizations.message.summary ]]",
        "type": "error",
        "displayMode": "persist"
      }
    },
    "callRestGetOrganizations": {
      "module": "vb/action/builtin/restAction",
      "parameters": {
        "endpoint": "devOrds/getOrganizations",
        "uriParams": {
          "part_name": "{{ $variables.minLength }}"
        }
      },
      "outcomes": {
        "failure": "fireNotification",
        "success": "assignVariablesOrganizationArray"
      }
    },
    "assignVariablesOrganizationArray": {
      "module": "vb/action/builtin/assignVariablesAction",
      "parameters": {
        "$page.variables.OrganizationArray": {
          "source": "{{ $chain.results.callRestGetOrganizations.body.items }}"
        }
      }
    }
  },
  "variables": {
    "minLength": {
      "required": true,
      "type": "any",
      "input": "fromCaller"
    }
  }
}