{
  "description": "",
  "root": "ifCurrentValue",
  "actions": {
    "ifCurrentValue": {
      "module": "vb/action/builtin/ifAction",
      "parameters": {
        "condition": "[[ $variables.CurrentValue.length ]]"
      },
      "outcomes": {
        "true": "callRestGetReportingGroup"
      }
    },
    "callRestGetReportingGroup": {
      "module": "vb/action/builtin/restAction",
      "parameters": {
        "endpoint": "devOrds/getReportingGroup",
        "uriParams": {
          "P_OWNER_ID": "{{ $page.variables.searchObj.p_owner_id }}",
          "P_REPORTING_CODE": "{{ $variables.CurrentValue }}"
        }
      },
      "outcomes": {

        "success": "assignVariablesReportingGroupArray"
      }
    },
    "assignVariablesReportingGroupArray": {
      "module": "vb/action/builtin/assignVariablesAction",
      "parameters": {
        "$page.variables.ReportingGroupArray": {
          "source": "{{ $chain.results.callRestGetReportingGroup.body.items }}"
        }
      }
    }
  },
  "variables": {
    "CurrentValue": {
      "type": "string",
      "description": "",
      "input": "fromCaller"
    }
  }
}