{
  "description": "",
  "root": "callFunctionProgresspanSHOW",
  "actions": {

    "fireNotification": {
      "module": "vb/action/builtin/fireNotificationEventAction",
      "parameters": {
        "target": "leaf",
        "summary": "Failed to Fetch Criteria",
        "type": "error",
        "displayMode": "transient"
      },
      "outcomes": {
        "success": "callFunctionProgresspanHIDE2"
      }
    },
    "callRestFetchCriterioSearchAction": {
      "module": "vb/action/builtin/restAction",
      "parameters": {
        "endpoint": "devOrds/FetchCriterioSearchAction",
        "uriParams": {
          "p_cust_account_id": "{{ $page.variables.searchObj.p_cust_account_id ? $page.variables.searchObj.p_cust_account_id : \"\" }}",
          "p_hdr_reason_code": "{{ $page.variables.searchObj.p_hdr_reason_code ? $page.variables.searchObj.p_hdr_reason_code : \"\" }}",
          "p_invetory_item_id": "{{ $page.variables.searchObj.p_invetory_item_id ? $page.variables.searchObj.p_invetory_item_id : \"\" }}",
          "p_release_reason_code": "{{ $page.variables.searchObj.p_release_reason_code ? $page.variables.searchObj.p_release_reason_code : \"\" }}",
          "p_line_status": "{{ $page.variables.searchObj.p_line_status ? $page.variables.searchObj.p_line_status : \"\" }}",
          "p_order_status": "{{ $page.variables.searchObj.p_order_status ? $page.variables.searchObj.p_order_status : \"\" }}",
          "p_organization_id": "{{ $page.variables.searchObj.p_organization_id ? $page.variables.searchObj.p_organization_id : \"\" }}",
          "p_received_from_date": "{{ $page.variables.searchObj.p_received_from_date ? $page.variables.searchObj.p_received_from_date : \"\" }}",
          "p_received_to_date": "{{ $page.variables.searchObj.p_received_to_date ? $page.variables.searchObj.p_received_to_date : \"\" }}",
          "p_to_ordered_qty": "{{ $page.variables.searchObj.p_to_ordered_qty ? $page.variables.searchObj.p_to_ordered_qty : \"\" }}",
          "p_from_ordered_qty": "{{ $page.variables.searchObj.p_from_ordered_qty ? $page.variables.searchObj.p_from_ordered_qty  :\"\" }}",
          "p_ex_cust_account_id": "{{ $page.variables.searchObj.p_ex_cust_account_id ? $page.variables.searchObj.p_ex_cust_account_id : \"\" }}",
          "p_header_id": "{{ $page.variables.searchObj.p_header_id ? $page.variables.searchObj.p_header_id : \"\" }}",
          "p_cat1": "{{ $page.variables.searchObj.p_cat1 ? $page.variables.searchObj.p_cat1 : \"\" }}",
          "p_cat2": "{{ $page.variables.searchObj.p_cat2 ? $page.variables.searchObj.p_cat2 : \"\" }}",
          "p_owner_id": "{{ $page.variables.searchObj.p_owner_id ? $page.variables.searchObj.p_owner_id  : \"\" }}",
          "p_rpg_grp": "{{ $page.variables.searchObj.p_rpg_grp ? $page.variables.searchObj.p_rpg_grp : \"\" }}",
          "p_party_site_id": "{{ $page.variables.searchObj.p_party_site_id ? $page.variables.searchObj.p_party_site_id : \"\" }}",
          "p_apply_reason_code": "{{ $page.variables.searchObj.p_apply_reson_code ? $page.variables.searchObj.p_apply_reson_code : \"\" }}",
          "p_from_ord_net_value": "{{ $page.variables.searchObj.p_from_ord_net_value ? $page.variables.searchObj.p_from_ord_net_value : \"\" }}",
          "p_offer_code": "{{ $page.variables.searchObj.p_offer_code ? $page.variables.searchObj.p_offer_code : \"\" }}",
          "p_to_ord_net_value": "{{ $page.variables.searchObj.p_to_ord_net_value ? $page.variables.searchObj.p_to_ord_net_value : \"\" }}",
          "p_org_name": "{{ $page.variables.searchObj.p_org_name ? $page.variables.searchObj.p_org_name : \"\" }}",
          "p_po_number": "{{ $page.variables.searchObj.p_po_number ? $page.variables.searchObj.p_po_number : \"\" }}",
          "p_order_number": "{{ $page.variables.searchObj.p_order_number ? $page.variables.searchObj.p_order_number : \"\" }}"

        }
      },
      "outcomes": {
        "failure": "fireNotification",
        "success": "fireNotification3"
      }
    },
    "navigateToChanges": {
      "module": "vb/action/builtin/navigateAction",
      "parameters": {
        "page": "/shell/changes"
      },
      "outcomes": {}
    },
    "fireNotification3": {
      "module": "vb/action/builtin/fireNotificationEventAction",
      "parameters": {
        "target": "leaf",
        "summary": "Search Submitted Successfully. Please export the Orders file",
        "displayMode": "transient",
        "type": "info"
      },
      "outcomes": {
        "success": "callChainFetchExportData"
      }
    },
    "callChainFetchExportData": {
      "module": "vb/action/builtin/callChainAction",
      "parameters": {
        "id": "FetchExportData"
      },
      "outcomes": {
        "success": "callFunctionProgresspanHIDE"
      }
    },
    "callFunctionProgresspanSHOW": {
      "module": "vb/action/builtin/callModuleFunctionAction",
      "parameters": {
        "module": "[[ $functions ]]",
        "functionName": "progresspanSHOW"
      },
      "outcomes": {
        "success": "callRestFetchCriterioSearchAction"
      }
    },
    "callFunctionProgresspanHIDE": {
      "module": "vb/action/builtin/callModuleFunctionAction",
      "parameters": {
        "module": "[[ $functions ]]",
        "functionName": "progresspanHIDE"
      },
      "outcomes": {
        "success": "navigateToChanges"
      }
    },
    "callFunctionProgresspanHIDE2": {
      "module": "vb/action/builtin/callModuleFunctionAction",
      "parameters": {
        "module": "[[ $functions ]]",
        "functionName": "progresspanHIDE"
      }
    }
  },
  "variables": {}
}