{
  "title": "",
  "description": "",
  "variables": {
    "flowCat2Id": {
      "type": "number",
      "input": "fromCaller",
      "persisted": "session"
    },
    "ImpNameLovSDP": {
      "type": "vb/ServiceDataProvider",
      "defaultValue": {
        "endpoint": "devOrds/getFamilyCodeExternalImprint",
        "keyAttributes": "external_imp_name",
        "itemsPath": "items",
        "responseType": "ImpNameLovType",
        "uriParameters": {
          "P_EXTERNAL_IMP_ABBR": "{{ $variables.selectedimpAbbr ? $variables.selectedimpAbbr :\"\" }}",
          "P_EXTERNAL_IMP_CODE": "{{ $variables.selectedimpCode ? $variables.selectedimpCode : \"\" }}",
          "P_EXTERNAL_IMP_NAME": "{{ $variables.selectedimpName ? $variables.selectedimpName :\"\" }}"
        },
        "transformsContext": {
          "vb-textFilterAttributes": [
            "external_imp_name"
          ]
        }
      }
    },
    "ImprintAbbrLovSDP": {
      "type": "vb/ServiceDataProvider",
      "defaultValue": {
        "endpoint": "devOrds/getFamilyCodeExternalImprint",
        "keyAttributes": "external_imp_abbr",
        "itemsPath": "items",
        "responseType": "ImprintAbbrLovType",
        "uriParameters": {
          "P_EXTERNAL_IMP_ABBR": "{{ $variables.selectedimpAbbr ? $variables.selectedimpAbbr : \"\" }}",
          "P_EXTERNAL_IMP_CODE": "{{ $variables.selectedimpCode ? $variables.selectedimpCode  :\"\" }}",
          "P_EXTERNAL_IMP_NAME": "{{ $variables.selectedimpName ? $variables.selectedimpName : \"\" }}"
        },
        "transformsContext": {
          "vb-textFilterAttributes": [
            "external_imp_abbr"
          ]
        }
      }
    },
    "ImprintADP": {
      "type": "vb/ArrayDataProvider2",
      "defaultValue": {
        "itemType": "ImprintTblType",
        "keyAttributes": "impr_id"
      }
    },
    "ImprintCodeLovSDP": {
      "type": "vb/ServiceDataProvider",
      "defaultValue": {
        "endpoint": "devOrds/getFamilyCodeExternalImprint",
        "keyAttributes": "external_imp_code",
        "itemsPath": "items",
        "responseType": "ImprintCodeLovType",
        "uriParameters": {
          "P_EXTERNAL_IMP_ABBR": "{{ $variables.selectedimpAbbr ? $variables.selectedimpAbbr  :\"\" }}",
          "P_EXTERNAL_IMP_CODE": "{{ $variables.selectedimpCode ? $variables.selectedimpCode  :\"\" }}",
          "P_EXTERNAL_IMP_NAME": "{{ $variables.selectedimpName ? $variables.selectedimpName : \"\" }}"
        },
        "transformsContext": {
          "vb-textFilterAttributes": [
            "external_imp_code"
          ]
        }
      }
    },
    "imprintCollapse": {
      "type": "boolean",
      "defaultValue": false
    },
    "imprintCreateObj": {
      "type": "ImprintTblType",
      "defaultValue": {
        "status": "[[ $variables.imprintCreateObj.end_date > $functions.getsysdate() ? \"Inactive\" : \"Active\" ]]"
      }
    },
    "imprintRowData": {
      "type": "ImprintTblType",
      "defaultValue": {
        "status": "[[ $variables.imprintRowData.end_date > $functions.getsysdate() ? \"Inactive\" : \"Active\" ]]"
      }
    },
    "PubAbbLovSDP": {
      "type": "vb/ServiceDataProvider",
      "defaultValue": {
        "endpoint": "devOrds/getFamilyCodeExternalPublisher",
        "keyAttributes": "external_pub_abbr",
        "itemsPath": "items",
        "responseType": "PubAbbLovType",
        "uriParameters": {
          "P_EXTERNAL_PUB_ABBR": "{{ \"\" }}",
          "P_EXTERNAL_PUB_CODE": "{{ \"\" }}",
          "P_EXTERNAL_PUB_NAME": "{{ \"\" }}"
        },
        "transformsContext": {
          "vb-textFilterAttributes": [
            "external_pub_abbr"
          ]
        }
      }
    },
    "pubCollapse": {
      "type": "boolean",
      "defaultValue": true
    },
    "PubCreateObj": {
      "type": "PubTblType"
    },
    "PublisherCodeLovSDP": {
      "type": "vb/ServiceDataProvider",
      "defaultValue": {
        "endpoint": "devOrds/getFamilyCodeExternalPublisher",
        "keyAttributes": "external_pub_code",
        "itemsPath": "items",
        "responseType": "PublisherCodeLovType",
        "uriParameters": {
          "P_EXTERNAL_PUB_ABBR": "{{ \"\" }}",
          "P_EXTERNAL_PUB_CODE": "{{ \"\" }}",
          "P_EXTERNAL_PUB_NAME": "{{ \"\" }}"
        },
        "transformsContext": {
          "vb-textFilterAttributes": [
            "external_pub_code"
          ]
        }
      }
    },
    "PublisherNameLOVSDP": {
      "type": "vb/ServiceDataProvider",
      "defaultValue": {
        "endpoint": "devOrds/getFamilyCodeExternalPublisher",
        "keyAttributes": "external_pub_name",
        "itemsPath": "items",
        "responseType": "PublisherNameLOVType",
        "uriParameters": {
          "P_EXTERNAL_PUB_ABBR": "{{ \"\" }}",
          "P_EXTERNAL_PUB_CODE": "{{ \"\" }}",
          "P_EXTERNAL_PUB_NAME": "{{ \"\" }}"
        },
        "transformsContext": {
          "vb-textFilterAttributes": [
            "external_pub_name"
          ]
        }
      }
    },
    "PubRowData": {
      "type": "PubTblType",
      "defaultValue": {
        "status": "[[ $variables.PubRowData.end_date > $functions.getsysdate() ? \"Inactive\" : \"Active\" ]]"
      }
    },
    "PubTblADP": {
      "type": "vb/ArrayDataProvider2",
      "defaultValue": {
        "itemType": "PubTblType",
        "keyAttributes": "pub_id"
      }
    },
    "selectedimpAbbr": {
      "type": "string"
    },
    "selectedimpCode": {
      "type": "string"
    },
    "selectedimpName": {
      "type": "string"
    },
    "selectedpubAbbr": {
      "type": "string"
    },
    "selectedpubCode": {
      "type": "string"
    },
    "selectedpubName": {
      "type": "string"
    }

  },
  "metadata": {},
  "types": {
    "@decorators.ImpNameLovType": {
      "endpoint": "getFamilyCodeExternalImprint",
      "service": "devOrds",
      "path": "response"
    },
    "@decorators.ImprintAbbrLovType": {
      "endpoint": "getFamilyCodeExternalImprint",
      "service": "devOrds",
      "path": "response"
    },
    "@decorators.ImprintCodeLovType": {
      "endpoint": "getFamilyCodeExternalImprint",
      "service": "devOrds",
      "path": "response"
    },
    "@decorators.ImprintTblType": {
      "endpoint": "getFamilyCodeExternalImprint",
      "service": "devOrds",
      "path": "response-_-items[0]"
    },
    "@decorators.PubAbbLovType": {
      "endpoint": "getFamilyCodeExternalPublisher",
      "service": "devOrds",
      "path": "response"
    },
    "@decorators.PublisherCodeLovType": {
      "endpoint": "getFamilyCodeExternalPublisher",
      "service": "devOrds",
      "path": "response"
    },
    "@decorators.PublisherNameLOVType": {
      "endpoint": "getFamilyCodeExternalPublisher",
      "service": "devOrds",
      "path": "response"
    },
    "@decorators.PubTblType": {
      "endpoint": "getFamilyCodeExternalPublisher",
      "service": "devOrds",
      "path": "response-_-items[0]"
    },
    "ImpNameLovType": {
      "items": [
        {
          "external_imp_name": "string"
        }
      ]
    },
    "ImprintAbbrLovType": {
      "items": [
        {
          "external_imp_abbr": "string"
        }
      ]
    },
    "ImprintCodeLovType": {
      "items": [
        {
          "external_imp_code": "string"
        }
      ]
    },
    "ImprintTblType": {
      "category2_id": "number",
      "created_by": "string",
      "created_date": "string",
      "end_date": "string",
      "external_imp_abbr": "string",
      "external_imp_code": "string",
      "external_imp_name": "string",
      "impr_id": "number",
      "last_updated_by": "string",
      "last_updated_date": "string",
      "start_date": "string",
      "status": "string",
      "pub_id": "any",
      "status_dummy": "string[]"

    },
    "PubAbbLovType": {
      "items": [
        {
          "external_pub_abbr": "string"
        }
      ]
    },
    "PublisherCodeLovType": {
      "items": [
        {
          "external_pub_code": "string"
        }
      ]
    },
    "PublisherNameLOVType": {
      "items": [
        {
          "external_pub_name": "string"
        }
      ]
    },
    "PubTblType": {
      "created_by": "string",
      "created_date": "string",
      "end_date": "string",
      "external_pub_abbr": "string",
      "external_pub_code": "string",
      "external_pub_name": "string",
      "last_updated_by": "string",
      "last_updated_date": "string",
      "pub_id": "number",
      "start_date": "string",
      "status": "string"
    }

  },
  "eventListeners": {
    "buttonAction": {
      "chains": [
{
          "chainId": "FetchPublisherAction"
        }
      ]
    },
    "buttonAction10": {
      "chains": [
        {
          "chainId": "ResetPubVars"
        }
      ]
    },
    "buttonAction11": {
      "chains": [
        {
          "chainId": "NavigatebackAction"
        }
      ]
    },
    "buttonAction2": {
      "chains": [
        {
          "chainId": "CreatePublisherAction"
        }
      ]
    },
    "buttonAction3": {
      "chains": [
        {
          "chainId": "ClosePubDlgAction"
        }
      ]
    },
    "buttonAction4": {
      "chains": [
        {
          "chainId": "CreateImpAction"
        }
      ]
    },
    "buttonAction5": {
      "chains": [
        {
          "chainId": "PubAddBtnAction"
        }
      ]
    },
    "buttonAction6": {
      "chains": [
        {
          "chainId": "CloseImprintDLgAction"
        }
      ]
    },
    "buttonAction7": {
      "chains": [
        {
          "chainId": "OpenImprintDlgAction"
        }
      ]
    },
    "buttonAction8": {
      "chains": [
        {
          "chainId": "FetchImprintAction"
        }
      ]
    },
    "buttonAction9": {
      "chains": [
        {
          "chainId": "ResetImprints"
        }
      ]
    },
    "checkboxSetValue": {
      "chains": [
        {
          "chainId": "imprintCheckboxSetValue",
          "parameters": {
            "value": "{{ $event.detail.value }}"
          }
        }
      ]
    },
    "iconClick": {
      "chains": [
        {
          "chainId": "UpdatePubRecAction",
          "parameters": {
            "key": "{{ $current.key }}",
            "index": "{{ $current.index }}",
            "current": "{{ $current }}"
          }
        }
      ]
    },
    "iconClick2": {
      "chains": [
        {
          "chainId": "UpdateImprintAction",
          "parameters": {
            "key": "{{ $current.key }}",
            "index": "{{ $current.index }}",
            "current": "{{ $current }}"
          }
        }
      ]
    },
    "tableBeforeRowEdit": {
      "chains": [
        {
          "chainId": "PubTblBeforeRowEdit",
          "parameters": {
            "rowKey": "{{$event.detail.rowContext.status.rowKey}}",
            "rowIndex": "{{$event.detail.rowContext.status.rowIndex}}",
            "rowData": "{{$event.detail.rowContext.componentElement.getDataForVisibleRow($event.detail.rowContext.status.rowIndex).data}}"
          }
        }
      ]
    },
    "tableBeforeRowEdit2": {
      "chains": [
        {
          "chainId": "ImprintTblBeforeRowEdit",
          "parameters": {
            "rowKey": "{{$event.detail.rowContext.status.rowKey}}",
            "rowIndex": "{{$event.detail.rowContext.status.rowIndex}}",
            "rowData": "{{$event.detail.rowContext.componentElement.getDataForVisibleRow($event.detail.rowContext.status.rowIndex).data}}"
          }
        }
      ]
    },
    "tableBeforeRowEditEnd": {
      "chains": [
        {
          "chainId": "PubTblBeforeRowEditEnd",
          "parameters": {
            "cancelEdit": "{{$event.detail.cancelEdit}}",
            "rowKey": "{{$event.detail.rowContext.status.rowKey}}",
            "rowIndex": "{{$event.detail.rowContext.status.rowIndex}}",
            "rowData": "{{$event.detail.rowContext.componentElement.getDataForVisibleRow($event.detail.rowContext.status.rowIndex).data}}"
          }
        }
      ]
    },
    "tableBeforeRowEditEnd2": {
      "chains": [
        {
          "chainId": "ImprintTblBeforeRowEditEnd",
          "parameters": {
            "cancelEdit": "{{$event.detail.cancelEdit}}",
            "rowKey": "{{$event.detail.rowContext.status.rowKey}}",
            "rowIndex": "{{$event.detail.rowContext.status.rowIndex}}",
            "rowData": "{{$event.detail.rowContext.componentElement.getDataForVisibleRow($event.detail.rowContext.status.rowIndex).data}}"
          }
        }
      ]
    },
    "toggleDrawer": {
      "chains": [
        {
          "chainId": "application:toggleDrawerHandler"
        }
      ]
    },
    "vbEnter": {
      "chains": [
        {
          "parameters": {},
          "chainId": "FetchImprintAction"
        }
      ]
    }

  },
  "imports": {
    "components": {
      "oj-button": {
        "path": "ojs/ojbutton"
      },
      "oj-checkboxset": {
        "path": "ojs/ojcheckboxset"
      },
      "oj-collapsible": {
        "path": "ojs/ojcollapsible"
      },
      "oj-dialog": {
        "path": "ojs/ojdialog"
      },
      "oj-form-layout": {
        "path": "ojs/ojformlayout"
      },
      "oj-input-date": {
        "path": "ojs/ojdatetimepicker"
      },
      "oj-input-number": {
        "path": "ojs/ojinputnumber"
      },
      "oj-input-text": {
        "path": "ojs/ojinputtext"
      },
      "oj-option": {
        "path": "ojs/ojoption"
      },
      "oj-sample-export-data": {
        "path": "oj-sample/export-data/loader"
      },
      "oj-select-single": {
        "path": "ojs/ojselectsingle"
      },
      "oj-table": {
        "path": "ojs/ojtable"
      },
      "oj-validation-group": {
        "path": "ojs/ojvalidationgroup"
      }

    },
    "modules": {
      "ojValidationDateTime": {
        "path": "ojs/ojvalidation-datetime"
      }
    }
  }
}