{
  "root": "runInParallel",
  "description": "",
  "variables": {},
  "actions": {
    "runInParallel": {
      "module": "vb/action/builtin/forkAction",
      "parameters": {
        "actions": {
          "callRest": "callRestGetDistributionTitleRightsGetCountriesList"
        }
      }
    },
    "fireNotification": {
      "module": "vb/action/builtin/fireNotificationEventAction",
      "parameters": {
        "target": "leaf",
        "summary": "[[ $chain.results.callRestGetDistributionTitleRightsGetCountriesList.message.summary ]]",
        "type": "error",
        "displayMode": "persist"
      }
    },
    "callRestGetDistributionTitleRightsGetCountriesList": {
      "module": "vb/action/builtin/restAction",
      "parameters": {
        "endpoint": "ordsHbg_integration/getDistributionTitleRightsGetCountriesList"
      },
      "outcomes": {
        "failure": "fireNotification",
        "success": "assignVariablesGetCountriesListADP"
      }
    },
    "assignVariablesGetCountriesListADP": {
      "module": "vb/action/builtin/assignVariablesAction",
      "parameters": {
        "$flow.variables.getCountriesListADP": {
          "source": {
            "data": "{{ $chain.results.callRestGetDistributionTitleRightsGetCountriesList.body.items }}"
          },
          "reset": "none",
          "auto": "always"
        },
        "$flow.variables.getCountriesNameADP": {
          "source": {
            "data": "{{ $chain.results.callRestGetDistributionTitleRightsGetCountriesList.body.items }}"
          },
          "reset": "none",
          "auto": "always"
        }
      }
    }
  }
}