{
   "p_resevation_dtls":[
      {
         "p_inventory_organization":"",
         "p_requester             ":"",
         "p_approver              ":"",
         "p_reason_code           ":"",
         "p_reservation_type      ":"",
         "p_print_number          ":"",
         "p_expiration_date       ":"",
         "p_comments              ":"",
         "p_status                ":"",
         "p_created_by            ":"",
         "p_creation_date         ":"",
         "p_last_updated_by       ":"",
         "p_last_updated_date     ":"",
         "reservation_lines":[
            {
               "p_item_code":"lines.item_code",
               "p_isbn_on_book             ":"",
               "p_short_title              ":"",
               "p_status                   ":"",
               "p_reservation_type         ":"",
               "p_print_number             ":"",
               "p_inventory_organization   ":"",
               "p_lot_number               ":"",
               "p_subinventory             ":"",
               "p_requested_quantity       ":"",
               "p_reserved_quantity        ":"",
               "p_released_via_cuid        ":"",
               "p_available_reserved       ":"",
               "p_ip_only                  ":"",
               "p_pre_reserved_balance     ":"",
               "p_usable_balance           ":"",
               "p_end_balance              ":"",
               "p_created_by               ":"",
               "p_last_updated_by          ":"",
               "p_reservation_number       ":""
            }
         ]
      }
   ]
}