{
    "fields": [
        {
            "type": "number",
            "name": "id",
            "key": true,
            "oid": "38a75159-ca2f-494a-bffa-a02c2b640c73",
            "required": true,
            "unique": true,
            "displayLabel": "Id"
        },
        {
            "type": "datetime",
            "name": "creationDate",
            "oid": "60a30eef-00d1-4e1c-9c64-6d9d033ab480",
            "displayLabel": "Created",
            "historyType": "timeCreated"
        },
        {
            "type": "datetime",
            "name": "lastUpdateDate",
            "oid": "db7385f3-55ac-4859-ac4e-b7fcaadfc870",
            "displayLabel": "Last Updated",
            "historyType": "timeUpdated"
        },
        {
            "type": "string",
            "name": "createdBy",
            "oid": "462efcaf-515a-45f6-a7f7-4faacdb4803a",
            "displayLabel": "Created By",
            "historyType": "createdBy"
        },
        {
            "type": "string",
            "name": "lastUpdatedBy",
            "oid": "69d53924-71c1-40a6-82bb-3e630b8f4043",
            "displayLabel": "Last Updated By",
            "historyType": "updatedBy"
        },
{
            "type": "number",
            "name": "abcsChangeNumber",
            "oid": "9b74a16d-130f-4e75-9be7-ea5f386e3336",
            "displayLabel": "Version Number",
            "historyType": "versionNumber"
        },
        {
            "type": "string",
            "name": "outcome",
            "oid": "9bd5da3b-fb4b-44df-9450-d7eeffb27db1",
            "displayLabel": "Outcome"
        }
    ],
    "name": "DistributionRulesOutcom",
    "oid": "41c9c7a5-a4d6-46c1-a1f6-a514ed3260a2",
    "displayLabel": "DistributionRulesOutcome"
}