{
  "description": "",
  "root": "callRestDeleteReservationsUIReservationCriteria",
  "actions": {
    "fireNotification": {
      "module": "vb/action/builtin/fireNotificationEventAction",
      "parameters": {
        "target": "leaf",
        "summary": "[[ $chain.results.callRestDeleteReservationsUIReservationCriteria.message.summary ]]",
        "type": "error",
        "displayMode": "persist"
      }
    },
    "callRestDeleteReservationsUIReservationCriteria": {
      "module": "vb/action/builtin/restAction",
      "parameters": {
        "endpoint": "devOrds/deleteReservationsUIReservationCriteria",
        "uriParams": {
          "P_RESERVATION_NUMBER": "{{ $variables.current.row.reservation_number }}",
          "P_CRITERIA_UID": "{{ $variables.current.row.criteria_uid }}"
        }
      },
      "outcomes": {
        "failure": "fireNotification",
        "success": "fireNotification3"
      }
    },
    "fireNotification3": {
      "module": "vb/action/builtin/fireNotificationEventAction",
      "parameters": {
        "target": "leaf",
        "summary": "Deleted Criteria with ID",
        "message": "[[ $variables.current.row.criteria_uid ]]",
        "displayMode": "transient",
        "type": "confirmation"
      },
      "outcomes": {
        "success": "resetVariablesReservationCriteriaADP"
      }
    },
    "resetVariablesReservationCriteriaADP": {
      "module": "vb/action/builtin/resetVariablesAction",
      "parameters": {
        "variables": [
          "$page.variables.ReservationCriteriaADP"
        ]
      },
      "outcomes": {
        "success": "callRestGetReservationsUIReservationCriteria"
      }
    },
    "fireNotification2": {
      "module": "vb/action/builtin/fireNotificationEventAction",
      "parameters": {
        "target": "leaf",
        "summary": "[[ $chain.results.callRestGetReservationsUIReservationCriteria.message.summary ]]",
        "type": "error",
        "displayMode": "persist"
      }
    },
    "callRestGetReservationsUIReservationCriteria": {
      "module": "vb/action/builtin/restAction",
      "parameters": {
        "endpoint": "devOrds/getReservationsUIReservationCriteria",
        "uriParams": {
          "p_reservation_number": "{{ $page.variables.CreateReservationObj.pre_reservation_number }}"
        }
      },
      "outcomes": {
        "failure": "fireNotification2",
        "success": "assignVariablesReservationCriteriaADP"
      }
    },
    "assignVariablesReservationCriteriaADP": {
      "module": "vb/action/builtin/assignVariablesAction",
      "parameters": {
        "$page.variables.ReservationCriteriaADP": {
          "source": {
            "data": "{{ $chain.results.callRestGetReservationsUIReservationCriteria.body.items }}"
          },
          "reset": "none",
          "auto": "always"
        }
      }
    }
  },
  "variables": {
    "key": {
      "required": true,
      "type": "any",
      "input": "fromCaller"
    },
    "index": {
      "required": true,
      "type": "number",
      "input": "fromCaller"
    },
    "current": {
      "required": true,
      "type": "any",
      "input": "fromCaller"
    }
  }
}