{
  "description": "",
  "root": "resetVariablesLotNumberADP3",
  "actions": {
    "fireNotification": {
      "module": "vb/action/builtin/fireNotificationEventAction",
      "parameters": {
        "target": "leaf",
        "summary": "Info",
        "type": "error",
        "displayMode": "persist",
        "message": "Item does not have any lots"
      }
    },
    "callComponentSelectlotnumberOpen": {
      "module": "vb/action/builtin/callComponentMethodAction",
      "parameters": {
        "component": "{{ document.getElementById('selectlotnumber') }}",
        "method": "open"
      },
      "outcomes": {
        "success": "assignVariablesLotNumberADP"
      }
    },
    "assignVariablesLotNumberADP": {
      "module": "vb/action/builtin/assignVariablesAction",
      "parameters": {
        "$page.variables.LotNumberADP": {
          "source": {
            "data": "{{ $chain.results.callRestGetXXHBGRESERVATONHANDQUANTITY1GetReservationOnhandQuantity.body }}"
          },
          "reset": "none",
          "auto": "always"
        }
      }
    },
    "resetVariablesLotNumberADP": {
      "module": "vb/action/builtin/resetVariablesAction",
      "parameters": {
        "variables": [
          "$page.variables.LotNumberADP",
          "$page.variables.LotNumberADP.data"
        ]
      },
      "outcomes": {
        "success": "callRestGetXXHBGRESERVATONHANDQUANTITY1GetReservationOnhandQuantity"
      }
    },
    "if": {
      "module": "vb/action/builtin/ifAction",
      "parameters": {
        "condition": "[[ $chain.results.callRestGetXXHBGRESERVATONHANDQUANTITY1GetReservationOnhandQuantity.body.length > 0 ]]"
      },
      "outcomes": {
        "true": "callComponentSelectlotnumberOpen",
        "false": "fireNotification"
      }
    },
    "callRestGetXXHBGRESERVATONHANDQUANTITY1GetReservationOnhandQuantity": {
      "module": "vb/action/builtin/restAction",
      "parameters": {
        "endpoint": "ics/getXXHBG_RESERVAT_ONHAND_QUANTITY1_0GetReservationOnhandQuantity",
        "uriParams": {
          "ItemNumber": "{{ $page.variables.CreateReservationLineObj.item_code }}",
          "RequestType": "Find"
        }
      },
      "outcomes": {
        "success": "if"
      }
    },
    "resetVariablesLotNumberADP3": {
      "module": "vb/action/builtin/resetVariablesAction",
      "parameters": {
        "variables": [
          "$page.variables.LotNumberADP.data",
          "$page.variables.LotNumberADP"
        ]
      },
      "outcomes": {
        "success": "resetVariablesLotNumberADP"
      }
    }
  },
  "variables": {}
}