{
  "root": "runInParallel",
  "description": "",
  "actions": {
    "runInParallel": {
      "module": "vb/action/builtin/forkAction",
      "parameters": {
        "actions": {
          "callRest": "callRestGetReservationsUIGetAccountTypeLov",
          "callRestGetReservationsUIGetSalesTypeLov": "callRestGetReservationsUIGetSalesTypeLov",
          "callRestGetReservationsUIGetCustAccountNumber": "callRestGetReservationsUIGetCustAccountNumber",
          "callRest2": "callRestGetReservationsUIGetPartySiteNumberLOV",
          "callRest3": "callRestGetReservationsUIGetPartyName",
          "callRestGetReservationsUIGetOrderNumberLoV": "callRestGetReservationsUIGetOrderNumberLoV"
        }
      }
    },
    "fireNotification": {
      "module": "vb/action/builtin/fireNotificationEventAction",
      "parameters": {
        "target": "leaf",
        "summary": "[[ $chain.results.callRestGetReservationsUIGetSalesTypeLov.message.summary ]]",
        "type": "error",
        "displayMode": "persist"
      }
    },
    "callRestGetReservationsUIGetSalesTypeLov": {
      "module": "vb/action/builtin/restAction",
      "parameters": {
        "endpoint": "devOrds/getReservationsUIGetSalesTypeLov"
      },
      "outcomes": {
        "failure": "fireNotification",
        "success": "assignVariablesGetReservationsUIGetSalesTypeLovListSDP"
      }
    },
    "assignVariablesGetReservationsUIGetSalesTypeLovListSDP": {
      "module": "vb/action/builtin/assignVariablesAction",
      "parameters": {
        "$page.variables.getReservationsUIGetSalesTypeLovListSDP": {
          "source": {
            "data": "{{ $chain.results.callRestGetReservationsUIGetSalesTypeLov.body.items }}"
          },
          "reset": "none",
          "auto": "always"
        }
      }
    },
    "fireNotification2": {
      "module": "vb/action/builtin/fireNotificationEventAction",
      "parameters": {
        "target": "leaf",
        "summary": "[[ $chain.results.callRestGetReservationsUIGetCustAccountNumber.message.summary ]]",
        "type": "error",
        "displayMode": "persist"
      }
    },
    "callRestGetReservationsUIGetCustAccountNumber": {
      "module": "vb/action/builtin/restAction",
      "parameters": {
        "endpoint": "devOrds/getReservationsUIGetCustAccountNumber"
      },
      "outcomes": {
        "failure": "fireNotification2",
        "success": "assignVariablesGetReservationsUIGetCustAccountNumberListSDP"
      }
    },
    "fireNotification3": {
      "module": "vb/action/builtin/fireNotificationEventAction",
      "parameters": {
        "target": "leaf",
        "summary": "[[ $chain.results.callRestGetReservationsUIGetOrderNumberLoV.message.summary ]]",
        "type": "error",
        "displayMode": "persist"
      }
    },
    "callRestGetReservationsUIGetOrderNumberLoV": {
      "module": "vb/action/builtin/restAction",
      "parameters": {
        "endpoint": "devOrds/getReservationsUIGetOrderNumberLoV"
      },
      "outcomes": {
        "failure": "fireNotification3",
        "success": "assignVariablesOrderNumberLovSDP"
      }
    },
    "assignVariablesOrderNumberLovSDP": {
      "module": "vb/action/builtin/assignVariablesAction",
      "parameters": {
        "$page.variables.OrderNumberLovSDP": {
          "source": {
            "data": "{{ $chain.results.callRestGetReservationsUIGetOrderNumberLoV.body.items }}"
          },
          "reset": "none",
          "auto": "always"
        }
      }
    },
    "fireNotification4": {
      "module": "vb/action/builtin/fireNotificationEventAction",
      "parameters": {
        "target": "leaf",
        "summary": "[[ $chain.results.callRestGetReservationsUIGetAccountTypeLov.message.summary ]]",
        "type": "error",
        "displayMode": "persist"
      }
    },
    "fireNotification5": {
      "module": "vb/action/builtin/fireNotificationEventAction",
      "parameters": {
        "target": "leaf",
        "summary": "[[ $chain.results.callRestGetReservationsUIGetPartySiteNumberLOV.message.summary ]]",
        "type": "error",
        "displayMode": "persist"
      }
    },
    "fireNotification6": {
      "module": "vb/action/builtin/fireNotificationEventAction",
      "parameters": {
        "target": "leaf",
        "summary": "[[ $chain.results.callRestGetReservationsUIGetPartyName.message.summary ]]",
        "type": "error",
        "displayMode": "persist"
      }
    },
    "callRestGetReservationsUIGetPartyName": {
      "module": "vb/action/builtin/restAction",
      "parameters": {
        "endpoint": "devOrds/getReservationsUIGetPartyName"
      },
      "outcomes": {
        "failure": "fireNotification6",
        "success": "assignVariablesGetReservationsUIGetPartyNameListSDP"
      }
    },
    "assignVariablesGetReservationsUIGetPartyNameListSDP": {
      "module": "vb/action/builtin/assignVariablesAction",
      "parameters": {
        "$page.variables.getReservationsUIGetPartyNameListSDP": {
          "source": {
            "data": "{{ $chain.results.callRestGetReservationsUIGetPartyName.body.items }}"
          },
          "reset": "none",
          "auto": "always"
        }
      }
    },
    "callRestGetReservationsUIGetPartySiteNumberLOV": {
      "module": "vb/action/builtin/restAction",
      "parameters": {
        "endpoint": "devOrds/getReservationsUIGetPartySiteNumberLOV"
      },
      "outcomes": {
        "failure": "fireNotification5",
        "success": "assignVariablesGetReservationsUIGetPartySiteNumberLOVListSDP2"
      }
    },
    "assignVariablesGetReservationsUIGetPartySiteNumberLOVListSDP2": {
      "module": "vb/action/builtin/assignVariablesAction",
      "parameters": {
        "$page.variables.getReservationsUIGetPartySiteNumberLOVListSDP2": {
          "source": {
            "data": "{{ $chain.results.callRestGetReservationsUIGetPartySiteNumberLOV.body.items }}"
          },
          "reset": "none",
          "auto": "always"
        }
      }
    },
    "callRestGetReservationsUIGetAccountTypeLov": {
      "module": "vb/action/builtin/restAction",
      "parameters": {
        "endpoint": "devOrds/getReservationsUIGetAccountTypeLov"
      },
      "outcomes": {
        "failure": "fireNotification4",
        "success": "assignVariablesGetReservationsUIGetAccountTypeLovListSDP"
      }
    },
    "assignVariablesGetReservationsUIGetAccountTypeLovListSDP": {
      "module": "vb/action/builtin/assignVariablesAction",
      "parameters": {
        "$page.variables.getReservationsUIGetAccountTypeLovListSDP": {
          "source": {
            "data": "{{ $chain.results.callRestGetReservationsUIGetAccountTypeLov.body.items }}"
          },
          "reset": "none",
          "auto": "always"
        }
      }
    },
    "assignVariablesGetReservationsUIGetCustAccountNumberListSDP": {
      "module": "vb/action/builtin/assignVariablesAction",
      "parameters": {
        "$page.variables.getReservationsUIGetCustAccountNumberListSDP": {
          "source": {
            "data": "{{ $chain.results.callRestGetReservationsUIGetCustAccountNumber.body.items }}"
          },
          "reset": "none",
          "auto": "always"
        }
      }
    }
  }
}