{
  "description": "",
  "root": "resetVariablesReservationTypeChange",
  "actions": {
    "ifCreateReservationLineObj": {
      "module": "vb/action/builtin/ifAction",
      "parameters": {
        "condition": "[[ $page.variables.CreateReservationLineObj.reservation_type == 'Print & Bind' ]]"
      },
      "outcomes": {
        "true": "assignVariablesReservationTypeChange",
        "false": "ifCreateReservationLineObj2"
      }
    },
    "assignVariablesReservationTypeChange": {
      "module": "vb/action/builtin/assignVariablesAction",
      "parameters": {
        "$page.variables.ReservationTypeChange": {
          "source": "Print & Bind"
        },
        "$page.variables.CreateBtnOnReservationTypeValue": {
          "source": "Y"
        }
      }
    },
    "resetVariablesReservationTypeChange": {
      "module": "vb/action/builtin/resetVariablesAction",
      "parameters": {
        "variables": [
          "$page.variables.ReservationTypeChange",
          "$page.variables.CreateBtnOnReservationTypeValue"
        ]
      },
      "outcomes": {
        "success": "ifCreateReservationLineObj"
      }
    },
    "ifCreateReservationLineObj2": {
      "module": "vb/action/builtin/ifAction",
      "parameters": {
        "condition": "[[ $page.variables.CreateReservationLineObj.reservation_type == 'Future' ]]"
      },
      "outcomes": {
        "true": "assignVariablesReservationTypeChange4",
        "false": "if"
      }
    },
    "if": {
      "module": "vb/action/builtin/ifAction",
      "parameters": {
        "condition": "[[ ($page.variables.CreateReservationLineObj.item_code !== null || $page.variables.CreateReservationLineObj.item_code !== undefined) && $page.variables.CreateReservationLineObj.reservation_type == 'Regular' && ($page.variables.CreateReservationLineObj.lot_number !== null || $page.variables.CreateReservationLineObj.lot_number !== undefined || $page.variables.CreateReservationLineObj.lot_number !== \"\") ]]"
      },
      "outcomes": {
        "true": "assignVariablesReservationTypeChange2"
      }
    },
    "assignVariablesReservationTypeChange4": {
      "module": "vb/action/builtin/assignVariablesAction",
      "parameters": {
        "$page.variables.ReservationTypeChange": {
          "source": "Future"
        },
        "$page.variables.CreateBtnOnReservationTypeValue": {
          "source": "Y"
        }
      }
    },
    "assignVariablesReservationTypeChange2": {
      "module": "vb/action/builtin/assignVariablesAction",
      "parameters": {
        "$page.variables.ReservationTypeChange": {
          "source": "Regular"
        },
        "$page.variables.CreateBtnOnReservationTypeValue": {
          "source": "Y"
        }
      }
    }
  },
  "variables": {
    "value": {
      "required": true,
      "type": "any",
      "input": "fromCaller"
    }
  }
}