{
  "description": "",
  "root": "resetVariablesCreateReservationLineObj",
  "actions": {
    "callComponentCreatelinesOpen": {
      "module": "vb/action/builtin/callComponentMethodAction",
      "parameters": {
        "component": "{{ document.getElementById('createlines') }}",
        "method": "open"
      },
      "outcomes": {
        "success": "ifCreateReservationObj"
      }
    },
    "assignVariablesCreateReservationLineObj": {
      "module": "vb/action/builtin/assignVariablesAction",
      "parameters": {
        "$page.variables.CreateReservationLineObj": {
          "source": {
            "ip_only": "No",
            "reservation_type": "{{ $page.variables.CreateReservationObj.reservation_type }}"
          },
          "reset": "none",
          "auto": "always"
        },
        "$page.variables.CreateResDetailButton": {
          "source": "Create"
        },
        "$page.variables.CreateResDetailButton2": {
          "source": "Create & Add"
        }
      },
      "outcomes": {
        "success": "callComponentCreatelinesOpen"
      }
    },
    "resetVariablesCreateReservationLineObj": {
      "module": "vb/action/builtin/resetVariablesAction",
      "parameters": {
        "variables": [
          "$page.variables.CreateReservationLineObj",
          "$page.variables.CreateResDetailButton",
          "$page.variables.CreateResDetailButton2",
          "$page.variables.ReservationTypeChange"
        ]
      },
      "outcomes": {
        "success": "assignVariablesCreateReservationLineObj"
      }
    },
    "ifCreateReservationObj": {
      "module": "vb/action/builtin/ifAction",
      "parameters": {
        "condition": "[[ $page.variables.CreateReservationObj.reservation_type = 'Print & Bind' ]]"
      },
      "outcomes": {
        "true": "assignVariablesReservationTypeChange"
      }
    },
    "assignVariablesReservationTypeChange": {
      "module": "vb/action/builtin/assignVariablesAction",
      "parameters": {
        "$page.variables.ReservationTypeChange": {
          "source": "Y"
        }
      }
    }
  },
  "variables": {}
}