{
  "description": "",
  "root": "ifCurrentValue",
  "actions": {

    "fireNotification": {
      "module": "vb/action/builtin/fireNotificationEventAction",
      "parameters": {
        "target": "leaf",
        "summary": "[[ $chain.results.callRestGetReservationsUIGetCustAccountNumber.message.summary ]]",
        "type": "error",
        "displayMode": "persist"
      }
    },
    "callRestGetReservationsUIGetCustAccountNumber": {
      "module": "vb/action/builtin/restAction",
      "parameters": {
        "endpoint": "devOrds/getReservationsUIGetCustAccountNumber",
        "uriParams": {
          "p_account_number": "{{ $page.variables.ReservationCriteriaObj.bill_to_code }}"
        }
      },
      "outcomes": {
        "failure": "fireNotification",
        "success": "assignVariablesGetReservationsUIGetCustAccountNumberListSDP"
      }
    },
    "assignVariablesGetReservationsUIGetCustAccountNumberListSDP": {
      "module": "vb/action/builtin/assignVariablesAction",
      "parameters": {
        "$page.variables.getReservationsUIGetCustAccountNumberListSDP": {
          "source": {
            "data": "{{ $chain.results.callRestGetReservationsUIGetCustAccountNumber.body.items }}"
          },
          "reset": "none",
          "auto": "always"
        }
      }
    },
    "ifCurrentValue": {
      "module": "vb/action/builtin/ifAction",
      "parameters": {
        "condition": "[[ $variables.CurrentValue.length >= 3 ]]"
      },
      "outcomes": {
        "true": "callRestGetReservationsUIGetCustAccountNumber"
      }
    }
  },
  "variables": {
    "CurrentValue": {
      "type": "string",
      "input": "fromCaller"
    }
  }
}