{
  "root": "callRestGetGetRulesLines",
  "description": "",
  "actions": {
    "fireNotification": {
      "module": "vb/action/builtin/fireNotificationEventAction",
      "parameters": {
        "target": "leaf",
        "summary": "Failed to fetch Rule Lines",
        "type": "error",
        "displayMode": "transient"
      }
    },
    "callRestGetGetRulesLines": {
      "module": "vb/action/builtin/restAction",
      "parameters": {
        "endpoint": "ordsHbg_integration/getGetRulesLines",
        "uriParams": {
          "RULE_ID": "{{ $page.variables.RowRulesId }}"
        }
      },
      "outcomes": {
        "failure": "fireNotification",
        "success": "assignVariablesLinesTblADP"
      }
    },
    "assignVariablesLinesTblADP": {
      "module": "vb/action/builtin/assignVariablesAction",
      "parameters": {
        "$page.variables.LinesTblADP": {
          "source": {
            "data": "{{ $chain.results.callRestGetGetRulesLines.body.items }}"
          },
          "reset": "none",
          "auto": "always",
          "mapping": {
            "$target.data": {
              "source": "$source.data",
              "reset": "empty"
            }
          }
        }
      }
    }
  }
}