{
  "description": "",
  "root": "resetVariablesHeadersCreateObj",
  "actions": {
    "resetVariablesHeadersCreateObj": {
      "module": "vb/action/builtin/resetVariablesAction",
      "parameters": {
        "variables": [
          "$page.variables.HeadersCreateObj"
        ]
      },
      "outcomes": {
        "success": "callComponentHeaderpopClose"
      }
    },
    "callComponentHeaderpopClose": {
      "module": "vb/action/builtin/callComponentMethodAction",
      "parameters": {
        "component": "{{ document.getElementById('headerpop') }}",
        "method": "close"
      }
    }
  },
  "variables": {}
}