{
  "description": "",
  "root": "assignVariablesLinesLabel",
  "actions": {
    "assignVariablesLinesLabel": {
      "module": "vb/action/builtin/assignVariablesAction",
      "parameters": {
        "$page.variables.LinesLabel": {
          "source": "Edit"
        },
        "$page.variables.LinesCreateObj": {
          "source": "{{ $variables.current.row }}",
          "auto": "always"
        },
        "$page.variables.RowOwner": {
          "source": "{{ $variables.current.row.owner_code }}"
        },
        "$page.variables.RowPub": {
          "source": "{{ $variables.current.row.publisher }}"
        },
        "$page.variables.RowRepGroup": {
          "source": "{{ $variables.current.row.reporting_group }}"
        },
        "$page.variables.RowImp": {
          "source": "{{ $variables.current.row.imprint }}"
        }
      },
      "outcomes": {
        "success": "callComponentLinespopOpen"
      }
    },
    "callComponentLinespopOpen": {
      "module": "vb/action/builtin/callComponentMethodAction",
      "parameters": {
        "component": "{{ document.getElementById('linespop') }}",
        "method": "open"
      }
    }
  },
  "variables": {
    "key": {
      "required": true,
      "type": "any",
      "input": "fromCaller"
    },
    "index": {
      "required": true,
      "type": "number",
      "input": "fromCaller"
    },
    "current": {
      "required": true,
      "type": "any",
      "input": "fromCaller"
    }
  }
}