{
  "description": "",
  "root": "if",
  "actions": {
    "resetVariablesAccountNumberArray": {
      "module": "vb/action/builtin/resetVariablesAction",
      "parameters": {
        "variables": [
          "$page.variables.AccountNumberArray",
          "$page.variables.HeadersCreateObj.p_cust_account_id",
          "$page.variables.HeadersCreateObj.account_number"          ,
          "$page.variables.HeadersCreateObj.account_description"          ,
          "$page.variables.HeadersCreateObj.organization_name"
        ]
      },
      "outcomes": {
        "success": "callRestGetOrgNameByNumber"
      }
    },
    "assignVariablesAccountNumberArray": {
      "module": "vb/action/builtin/assignVariablesAction",
      "parameters": {
        "$page.variables.AccountNumberArray": {
          "source": "{{ $chain.results.callRestGetGetAccountNumber.body.items }}"
        }
      },
      "outcomes": {}
    },
    "if": {
      "module": "vb/action/builtin/ifAction",
      "parameters": {
        "condition": "[[ $variables.value !== \"\" && $variables.value !== null && typeof $variables.value !== \"undefined\" ]]"
      },
      "outcomes": {
        "true": "if3",
        "false": "resetVariablesAccountNumberArray2"
      }
    },
    "resetVariablesAccountNumberArray2": {
      "module": "vb/action/builtin/resetVariablesAction",
      "parameters": {
        "variables": [
        "$page.variables.AccountNumberArray",
          "$page.variables.HeadersCreateObj.p_cust_account_id",
          "$page.variables.HeadersCreateObj.account_number"          ,
          "$page.variables.HeadersCreateObj.account_description"          ,
          "$page.variables.HeadersCreateObj.organization_name"
        ]
      }
    },
    "callRestGetGetAccountNumber": {
      "module": "vb/action/builtin/restAction",
      "parameters": {
        "endpoint": "ordsHbg_integration/getGetAccountNumber",
        "uriParams": {
          "party_id": "{{ $page.variables.HeadersCreateObj.organization_id }}",
          "p_acct_number": "{{ \"\" }}"
        }
      },
      "outcomes": {
        "success": "assignVariablesAccountNumberArray"
      }
    },
    "callRestGetOrgNameByNumber": {
      "module": "vb/action/builtin/restAction",
      "parameters": {
        "endpoint": "ordsHbg_integration/GetOrgNameByNumber",
        "uriParams": {
          "part_number": "{{ $variables.value }}"
        }
      },
      "outcomes": {
        "success": "assignVariablesHeadersCreateObj"
      }
    },
    "assignVariablesHeadersCreateObj": {
      "module": "vb/action/builtin/assignVariablesAction",
      "parameters": {
        "$page.variables.HeadersCreateObj": {
          "source": {
            "organization_id": "{{ $chain.results.callRestGetOrgNameByNumber.body.items[0].party_id }}",
            "organization_name": "{{ $chain.results.callRestGetOrgNameByNumber.body.items[0].party_name }}"
          },
          "reset": "none",
          "auto": "always"
        }
      },
      "outcomes": {
        "success": "callRestGetGetAccountNumber"
      }
    },
    "if3": {
      "module": "vb/action/builtin/ifAction",
      "parameters": {
        "condition": "[[ $variables.value !== $page.variables.RowOrg ]]"
      },
      "outcomes": {
        "true": "resetVariablesAccountNumberArray",
        "false": "callRestGetOrgNameByNumber"
      }
    }
  },
  "variables": {
    "value": {
      "required": true,
      "type": "any",
      "input": "fromCaller"
    }
  }
}