{
  "description": "",
  "root": "resetVariablesActionLinesADP",
  "actions": {
    "resetVariablesActionLinesADP": {
      "module": "vb/action/builtin/resetVariablesAction",
      "parameters": {
        "variables": [
          "$page.variables.ActionLinesADP.data",
          "$page.variables.HeadersTblADP.data",
          "$page.variables.LinesTblADP.data",
          "$page.variables.RowRulesId",
          "$page.variables.searchPartyId",
          "$page.variables.SearchAccountId",
          "$page.variables.SearchOrgId"
        ]
      }
    }
  },
  "variables": {}
}