{
  "description": "",
  "root": "ifValue",
  "actions": {
    "ifValue": {
      "module": "vb/action/builtin/ifAction",
      "parameters": {
        "condition": "[[ $variables.value ]]"
      },
      "outcomes": {
        "true": "callRestGetGetTemplateHeaders",
        "false": "resetVariablesActionLinesCreateObj"
      }
    },
    "callRestGetGetTemplateHeaders": {
      "module": "vb/action/builtin/restAction",
      "parameters": {
        "endpoint": "ordsHbg_integration/getGetTemplateHeaders",
        "uriParams": {
          "P_TEMPLATE_DESCRIPTION": "{{ \"\" }}",
          "P_TEMPLATE_NAME": "{{ $variables.value }}"
        }
      },
      "outcomes": {
        "success": "assignVariablesActionLinesCreateObj"
      }
    },
    "assignVariablesActionLinesCreateObj": {
      "module": "vb/action/builtin/assignVariablesAction",
      "parameters": {
        "$page.variables.ActionLinesCreateObj": {
          "source": {
            "template_id": "{{ $chain.results.callRestGetGetTemplateHeaders.body.items[0].template_id }}"
          },
          "reset": "none",
          "auto": "always"
        }
      },
      "outcomes": {
        "success": "fireNotificationActionLinesCreateObj"
      }
    },
    "resetVariablesActionLinesCreateObj": {
      "module": "vb/action/builtin/resetVariablesAction",
      "parameters": {
        "variables": [
          "$page.variables.ActionLinesCreateObj.template_id"
        ]
      }
    },
    "fireNotificationActionLinesCreateObj": {
      "module": "vb/action/builtin/fireNotificationEventAction",
      "parameters": {
        "target": "leaf",
        "summary": "[[ $page.variables.ActionLinesCreateObj.template_id ]]"
      }
    }
  },
  "variables": {
    "value": {
      "required": true,
      "type": "any",
      "input": "fromCaller"
    }
  }
}