{
    "items": [
        {
            "organization_number": 123,
            "account_type": "02",
            "description": "AGENCY ACCOUNTS (ABRAMS)",
            "bill_to_country": "Country",
            "bill_to_state": "State",
            "ship_to_country": "Country",
            "ship_to_state": "State",
            "final_destination_country": "Test123",
            "sales_force": "SFM1",
            "sales_force_name": "SFM1Name",
            "division": "1",
            "division_name": "DIV1Name",
            "territory": "TER1",
            "territory_name": "Ter1Name",
            "sales_rep": "SR1",
            "sales_rep_name": "SR1Name",
            "distribution_channel": null,
            "notes": "Notes",
            "entered_by": "freis@pelotongroup.com",
            "entered_date": "2023-01-12T18:02:20Z",
            "updated_by": "freis@pelotongroup.com",
            "updated_date": "2023-01-12T18:02:20Z",
            "start_date": "2023-01-26T00:00:00Z",
            "end_date": "2023-01-27T00:00:00Z",
            "status": "Active",
            "df_distribution_id": 61,
            "account_number": null,
            "account_name": null
        }
    ],
    "hasMore": false,
    "limit": 100,
    "offset": 0,
    "count": 1,
    "links": [
        {
            "rel": "self",
            "href": "https://10.2.0.169:8081/ords/hbg_integration/salesCredit/DefaultDistributionChannel?SALES_FORCE=SFM1"
        },
        {
            "rel": "edit",
            "href": "https://10.2.0.169:8081/ords/hbg_integration/salesCredit/DefaultDistributionChannel?SALES_FORCE=SFM1"
        },
        {
            "rel": "describedby",
            "href": "https://10.2.0.169:8081/ords/hbg_integration/metadata-catalog/salesCredit/item"
        },
        {
            "rel": "first",
            "href": "https://10.2.0.169:8081/ords/hbg_integration/salesCredit/DefaultDistributionChannel?SALES_FORCE=SFM1"
        }
    ]
}