{
  "description": "",
  "root": "callRestPostHBGSYNCORDERTABLES1SyncOrderTables",
  "actions": {
    "fireNotification": {
      "module": "vb/action/builtin/fireNotificationEventAction",
      "parameters": {
        "target": "leaf",
        "summary": "[[ $chain.results.callRestPostHBGSYNCORDERTABLES1SyncOrderTables.body.status ]]",
        "type": "error",
        "displayMode": "transient"
      }
    },
    "callRestPostHBGSYNCORDERTABLES1SyncOrderTables": {
      "module": "vb/action/builtin/restAction",
      "parameters": {
        "endpoint": "ics/postHBG_SYNC_ORDER_TABLES1_0SyncOrderTables",
        "body": {
          "batch_Id": 213432
        }
      },
      "outcomes": {
        "failure": "fireNotification",
        "success": "fireNotification2"
      }
    },
    "fireNotification2": {
      "module": "vb/action/builtin/fireNotificationEventAction",
      "parameters": {
        "target": "leaf",
        "summary": "Refresh Triggered Successfully. Hold on for a while",
        "displayMode": "transient",
        "type": "confirmation"
      }
    }
  },
  "variables": {}
}