{
    "items": [
        {
            "pre_reservation_number": 1000000000397,
            "inventory_organization": null,
            "requester": "skadiri",
            "approver": "sneeli",
            "reason_code": "General Freeze",
            "reservation_type": "Future",
            "print_number": null,
            "expiration_date": "2023-03-31T00:00:00Z",
            "comments": "Test",
            "status": "In Process",
            "created_by": "freis@pelotongroup.com",
            "created_date": "2023-02-24T09:54:32Z",
            "last_updated_by": "freis@pelotongroup.com",
            "last_update_date": "2023-02-24T09:54:32Z",
            "auto_clear_on_expiry_date": "Yes"
        }
    ],
    "hasMore": false,
    "limit": 25,
    "offset": 0,
    "count": 1,
    "links": [
        {
            "rel": "self",
            "href": "https://10.2.0.169:8081/ords/hbg_integration/ReservationsUI/getReserHeaderbyCriteriaID?p_criteria_uid=1000000000066"
        },
        {
            "rel": "describedby",
            "href": "https://10.2.0.169:8081/ords/hbg_integration/metadata-catalog/ReservationsUI/item"
        },
        {
            "rel": "first",
            "href": "https://10.2.0.169:8081/ords/hbg_integration/ReservationsUI/getReserHeaderbyCriteriaID?p_criteria_uid=1000000000066"
        }
    ]
}