{
  "description": "",
  "root": "resetVariablesImprintCreateObj",
  "actions": {
    "resetVariablesImprintCreateObj": {
      "module": "vb/action/builtin/resetVariablesAction",
      "parameters": {
        "variables": [
          "$page.variables.imprintCreateObj"
        ]
      },
      "outcomes": {
        "success": "callComponentImpdlgOpen"
      }
    },
    "callComponentImpdlgOpen": {
      "module": "vb/action/builtin/callComponentMethodAction",
      "parameters": {
        "component": "{{ document.getElementById('impdlg') }}",
        "method": "open"
      }
    }
  },
  "variables": {}
}