{
  "description": "",
  "root": "resetVariablesAccountTypeTblADP",
  "actions": {
    "fireNotification": {
      "module": "vb/action/builtin/fireNotificationEventAction",
      "parameters": {
        "target": "leaf",
        "summary": "[[ $chain.results.callRestGetAssignAccountType.message.summary ]]",
        "type": "error",
        "displayMode": "persist"
      }
    },
    "callRestGetAssignAccountType": {
      "module": "vb/action/builtin/restAction",
      "parameters": {
        "endpoint": "devOrds/getAssignAccountType",
        "uriParams": {
          "sales_force_number": "{{ $page.variables.SelectedSFnumber ? $page.variables.SelectedSFnumber  :\"\" }}",
          "P_STATUS": "{{ $page.variables.SelectedStatus ? $page.variables.SelectedStatus : \"\" }}"
        }
      },
      "outcomes": {
        "failure": "fireNotification",
        "success": "assignVariablesAccountTypeTblADP"
      }
    },
    "assignVariablesAccountTypeTblADP": {
      "module": "vb/action/builtin/assignVariablesAction",
      "parameters": {
        "$page.variables.AccountTypeTblADP": {
          "source": {
            "data": "{{ $chain.results.callRestGetAssignAccountType.body.items }}"
          },
          "reset": "none",
          "auto": "always",
          "mapping": {
            "$target.data": {
              "source": "$source.data",
              "reset": "empty"
            }
          }
        }
      }
    },
    "resetVariablesAccountTypeTblADP": {
      "module": "vb/action/builtin/resetVariablesAction",
      "parameters": {
        "variables": [
          "$page.variables.AccountTypeTblADP.data"
        ]
      },
      "outcomes": {
        "success": "callRestGetAssignAccountType"
      }
    }
  },
  "variables": {}
}