{
  "description": "",
  "root": "callRestGetValueSetDetails",
  "actions": {

    "fireNotification": {
      "module": "vb/action/builtin/fireNotificationEventAction",
      "parameters": {
        "target": "leaf",
        "summary": "failed to fetch Details",
        "type": "error",
        "displayMode": "transient"
      }
    },
    "callRestGetValueSetDetails": {
      "module": "vb/action/builtin/restAction",
      "parameters": {
        "endpoint": "devOrds/GetValueSetDetails",
        "uriParams": {

          "P_FLEX_VALUE": "{{ $page.variables.MappingCreateObj.owner }}",
          "P_VALUE_SET_NAME": "HBG_Owner"
        }
      },
      "outcomes": {
        "failure": "fireNotification",
        "success": "assignVariablesMappingCreateObj"
      }
    },
    "assignVariablesMappingCreateObj": {
      "module": "vb/action/builtin/assignVariablesAction",
      "parameters": {
        "$page.variables.MappingCreateObj": {
          "source": {
            "owner_description": "{{ $chain.results.callRestGetValueSetDetails.body.items[0].description }}"
          },
          "reset": "none",
          "auto": "always"
        }
      }
    }
  },
  "variables": {
    "key": {
      "required": true,
      "type": "any",
      "input": "fromCaller"
    },
    "data": {
      "required": true,
      "type": "any",
      "input": "fromCaller"
    },
    "metadata": {
      "required": true,
      "type": "any",
      "input": "fromCaller"
    }
  }
}