{
  "description": "",
  "root": "resetVariablesPriority",
  "actions": {
    "resetVariablesPriority": {
      "module": "vb/action/builtin/resetVariablesAction",
      "parameters": {
        "variables": [
          "$page.variables.priority",
          "$page.variables.familycode",
          "$page.variables.SelectedSFnumber",
          "$page.variables.AccountTypeTblADP.data",
          "$page.variables.SelectedStatus"
        ]
      },
      "outcomes": {
        "success": "callChainFetchAssignAccountAction"
      }
    },
    "callChainFetchAssignAccountAction": {
      "module": "vb/action/builtin/callChainAction",
      "parameters": {
        "id": "FetchAssignAccountAction"
      }
    }
  },
  "variables": {}
}