{
  "description": "",
  "root": "ifData",
  "actions": {
    "assignVariablesAccountTypeRowData": {
      "module": "vb/action/builtin/assignVariablesAction",
      "parameters": {
        "$page.variables.AccountTypeRowData": {
          "source": {
            "account_type_name": "{{ $variables.data.description }}"
          },
          "reset": "none",
          "auto": "always"
        }
      }
    },
    "ifData": {
      "module": "vb/action/builtin/ifAction",
      "parameters": {
        "condition": "[[ $variables.data.flex_value ]]"
      },
      "outcomes": {
        "true": "assignVariablesAccountTypeRowData",
        "false": "resetVariablesAccountTypeRowData"
      }
    },
    "resetVariablesAccountTypeRowData": {
      "module": "vb/action/builtin/resetVariablesAction",
      "parameters": {
        "variables": [
          "$page.variables.AccountTypeRowData.account_type_name"
        ]
      }
    }
  },
  "variables": {
    "key": {
      "required": true,
      "type": "any",
      "input": "fromCaller"
    },
    "data": {
      "required": true,
      "type": "any",
      "input": "fromCaller"
    },
    "metadata": {
      "required": true,
      "type": "any",
      "input": "fromCaller"
    },
    "index": {
      "required": true,
      "type": "number",
      "input": "fromCaller"
    },
    "current": {
      "required": true,
      "type": "any",
      "input": "fromCaller"
    }
  }
}