{
  "id": "automaticholds-create",
  "description": "Flow main",
  "defaultPage": "automaticholds-create-start",
  "services": {},
  "types": {

    "@decorators.getCategory1Info": {
      "endpoint": "getAutomaticHoldsGetCategory1",
      "service": "ordsHbg_integration",
      "path": "response"
    },
    "@decorators.getCategory2Info": {
      "endpoint": "getAutomaticHoldsGetCategory2Info",
      "service": "ordsHbg_integration",
      "path": "response"
    },
    "@decorators.getCountryInfo": {
      "endpoint": "getAutomaticHoldsGetCountryInfo",
      "service": "ordsHbg_integration",
      "path": "response"
    },

    "@decorators.getCustomerInfo": {
      "endpoint": "getAutomaticHoldsGetCustomerInfo",
      "service": "ordsHbg_integration",
      "path": "response"
    },
    "@decorators.getHoldNamesInfo": {
      "endpoint": "getAutomaticHoldsGetHoldNamesInfo",
      "service": "ordsHbg_integration",
      "path": "response"
    },
    "@decorators.getItemInfo": {
      "endpoint": "getAutomaticHoldsGetItemInfo",
      "service": "ordsHbg_integration",
      "path": "response"
    },
    "@decorators.getOrganizationName": {
      "endpoint": "getAutomaticHoldsGetOrganizationName2",
      "service": "ordsHbg_integration",
      "path": "response"
    },
    "@decorators.getOwnerInfo": {
      "endpoint": "getAutomaticHoldsGetOwnerName2",
      "service": "ordsHbg_integration",
      "path": "response"
    },
    "@decorators.getReportingGroupInfo": {
      "endpoint": "getAutomaticHoldsGetReportingGroup",
      "service": "ordsHbg_integration",
      "path": "response"
    },
    "@decorators.getShiptoInfo": {
      "endpoint": "getAutomaticHoldsGetShiptoInfo",
      "service": "ordsHbg_integration",
      "path": "response"
    },
    "@decorators.getStateInfo": {
      "endpoint": "getAutomaticHoldsGetStateInfo2",
      "service": "ordsHbg_integration",
      "path": "response"
    },
    "getCategory1Info": {
    
          "created_by": "string",
          "creation_date": "string",
          "description": "string",
          "display_sequence": "number",
          "enabled_flag": "string",
          "last_update_date": "string",
          "last_updated_by": "string",
          "lookup_code": "string",
          "lookup_type": "string",
          "meaning": "string",
      "tag": "string"
      
    },
    "getCategory2Info": {
  
          "created_by": "string",
          "creation_date": "string",
          "description": "string",
          "display_sequence": "number",
          "enabled_flag": "string",
          "last_update_date": "string",
          "last_updated_by": "string",
          "lookup_code": "string",
          "lookup_type": "string",
          "meaning": "string",
      "tag": "string"
 
    },
    "getCountryInfo": {
     
          "country_code": "string",
          "country_name": "string"
  
    },
    "getCustomerInfo": {
      "account_name": "string",
      "account_number": "string",
      "cust_account_id": "number",
      "organization_number": "string"
    },
    "getHoldNamesInfo": {
     
          "effective_end_date": "any",
          "effective_start_date": "string",
          "hold_code": "string",
          "hold_code_id": "number",
          "hold_description": "string",
          "hold_name": "string"
  
    },
    "getItemInfo": {
          "author": "string",
          "item_number": "string",
          "short_title": "string"
        
    },
    "getOrganizationName": {
      "organization_name": "string",
      "organization_number": "string"
    },
    "getOwnerInfo": {
  
          "created_by": "string",
          "creation_date": "string",
          "description": "string",
          "enabled_flag": "string",
          "end_date_active": "any",
          "flex_value": "string",
          "last_update_date": "string",
          "last_updated_by": "string",
      "start_date_active": "any",
      "value_set_name": "string"
    
    },
    "getReportingGroupInfo": {
      
          "created_by": "string",
          "creation_date": "string",
          "description": "string",
          "display_sequence": "number",
          "enabled_flag": "string",
          "last_update_date": "string",
          "last_updated_by": "string",
          "lookup_code": "string",
          "lookup_type": "string",
          "meaning": "string",
          "tag": "string"
     
 
    },
    "getShiptoInfo": {
      "cust_account_id": "number",
      "party_site_name": "string",
      "party_site_number": "string"
    },
    "getStateInfo": {
      
          "state": "string",
      "state_concat": "string"
      
    }

  },
  "variables": {
    "getCategory1SDP": {
      "type": "vb/ArrayDataProvider2",
      "defaultValue": {
        "itemType": "getCategory1Info",
        "keyAttributes": "lookup_code"
      }
    },
    "getCategory2SDP": {
      "type": "vb/ArrayDataProvider2",
      "defaultValue": {
        "itemType": "getCategory2Info",
        "keyAttributes": "lookup_code"
      }
    },
    "getCountryInfoSDP": {
      "type": "vb/ArrayDataProvider2",
      "defaultValue": {
        "itemType": "getCountryInfo",
        "keyAttributes": "country_code"
      }
    },

    "getCustomerInfoSDP": {
      "type": "vb/ArrayDataProvider2",
      "defaultValue": {
        "itemType": "getCustomerInfo",
        "keyAttributes": "account_number"

      }
    },
    "getHoldNamesInfoSDP": {
      "type": "vb/ArrayDataProvider2",
      "defaultValue": {
        "itemType": "getHoldNamesInfo",
        "keyAttributes": "hold_code"
      }
    },
    "getItemInfoSDP": {
      "type": "vb/ArrayDataProvider2",
      "defaultValue": {
        "itemType": "getItemInfo",
        "keyAttributes": "item_number"
      }
    },
    "getOrganizationNameSDP": {
      "type": "vb/ArrayDataProvider2",
      "defaultValue": {
        "itemType": "getOrganizationName",
        "keyAttributes": "organization_number"
      }
    },
    "getOwnerInfoSDP": {
      "type": "vb/ArrayDataProvider2",
      "defaultValue": {
        "itemType": "getOwnerInfo",
        "keyAttributes": "flex_value"
      }
    },
    "getReportingGroupSDP": {
      "type": "vb/ArrayDataProvider2",
      "defaultValue": {
        "itemType": "getReportingGroupInfo",
        "keyAttributes": "lookup_code"
      }
    },
    "getShiptoInfoSDP": {
      "type": "vb/ArrayDataProvider2",
      "defaultValue": {
        "itemType": "getShiptoInfo",
        "keyAttributes": "party_site_number"
      }
    },
    "getStateInfoSDP": {
      "type": "vb/ArrayDataProvider2",
      "defaultValue": {
        "itemType": "getStateInfo",
        "keyAttributes": "state"
      }
    }

  },
  "eventListeners": {
    "vbEnter": {
      "chains": [

        {
          "parameters": {},
          "chainId": "PopulateAllLovs"
        }
      ]
    }
  }
}