{
    "items": [
        {
            "format_code": "f3"
        },
        {
            "format_code": "f2"
        },
        {
            "format_code": "83"
        },
        {
            "format_code": "32"
        },
        {
            "format_code": "34"
        },
        {
            "format_code": "91"
        },
        {
            "format_code": "87"
        },
        {
            "format_code": "81"
        },
        {
            "format_code": "71"
        },
        {
            "format_code": "92"
        },
        {
            "format_code": "82"
        },
        {
            "format_code": "67"
        },
        {
            "format_code": "68"
        },
        {
            "format_code": "69"
        },
        {
            "format_code": "77"
        },
        {
            "format_code": "64"
        },
        {
            "format_code": "80"
        },
        {
            "format_code": "66"
        },
        {
            "format_code": "63"
        },
        {
            "format_code": "01"
        },
        {
            "format_code": "02"
        },
        {
            "format_code": "03"
        },
        {
            "format_code": "04"
        },
        {
            "format_code": "06"
        },
        {
            "format_code": "07"
        }
    ],
    "hasMore": true,
    "limit": 25,
    "offset": 0,
    "count": 25,
    "links": [
        {
            "rel": "self",
            "href": "https://10.2.0.169:8081/ords/hbg_integration/familyCode/FormatLOV"
        },
        {
            "rel": "describedby",
            "href": "https://10.2.0.169:8081/ords/hbg_integration/metadata-catalog/familyCode/item"
        },
        {
            "rel": "first",
            "href": "https://10.2.0.169:8081/ords/hbg_integration/familyCode/FormatLOV"
        },
        {
            "rel": "next",
            "href": "https://10.2.0.169:8081/ords/hbg_integration/familyCode/FormatLOV?offset=25"
        }
    ]
}