{
    "items": [
        {
            "external_imp_name": "MR-IMP1"
        }
    ],
    "hasMore": false,
    "limit": 25,
    "offset": 0,
    "count": 1,
    "links": [
        {
            "rel": "self",
            "href": "https://10.2.0.169:8081/ords/hbg_integration/CustomeOrders/getImprintNamebyCode?P_EXTERNAL_IMP_CODE=MR-IMP1&P_PUB_ID=122"
        },
        {
            "rel": "describedby",
            "href": "https://10.2.0.169:8081/ords/hbg_integration/metadata-catalog/CustomeOrders/item"
        },
        {
            "rel": "first",
            "href": "https://10.2.0.169:8081/ords/hbg_integration/CustomeOrders/getImprintNamebyCode?P_EXTERNAL_IMP_CODE=MR-IMP1&P_PUB_ID=122"
        }
    ]
}