{
  "title": "",
  "description": "",
  "variables": {
    "createsalesforceID": {
      "type": "number"
    },
    "divisionADP": {
      "type": "vb/ArrayDataProvider2",
      "defaultValue": {
        "itemType": "DivisionTblType",
        "keyAttributes": "sf_div_id"
      }
    },
    "DivisionsCreateObj": {
      "type": "DivisionTblType",
      "defaultValue": {
        "sf_div_id": "[[ $variables.RowSalesForceId ]]",
        "start_date": "[[ $functions.getsysdate() ]]",
        "status": "[[ $variables.DivisionsCreateObj.end_date > $functions.getsysdate() ?  \"Inactive\" : \"Active\" ]]",
        "sales_force_id": "[[ $variables.createsalesforceID ]]"
      }
    },
    "divsionsRowData": {
      "type": "DivisionTblType",
      "defaultValue": {
        "status": "[[ $variables.divsionsRowData.end_date > $functions.getsysdate() ?  \"Inactive\" : \"Active\" ]]"
      }
    },
    "getSalesCreditGetallSalesforceNumbersListSDP": {
      "type": "vb/ServiceDataProvider",
      "defaultValue": {
        "endpoint": "devOrds/getSalesCreditGetallSalesforceNumbers",
        "keyAttributes": "sales_force_number",
        "itemsPath": "items",
        "responseType": "SalesForceNumberLOVType",
        "transformsContext": {
          "vb-textFilterAttributes": [
            "sales_force_number"
          ]
        }
      }
    },
    "getSalesCreditSalesforceMaintainanceListSDP": {
      "type": "vb/ServiceDataProvider",
      "defaultValue": {
        "endpoint": "devOrds/getSalesCreditSalesforceMaintainance",
        "keyAttributes": "sales_force_number",
        "itemsPath": "items",
        "responseType": "getSalesCreditSalesforceMaintainanceResponse",
        "uriParameters": {
          "P_SALES_FORCE_NAME": "{{ \"\" }}",
          "P_SALES_FORCE_NUMBER": "{{ \"\" }}"
        },
        "transformsContext": {
          "vb-textFilterAttributes": [
            "sales_force_number"
          ]
        }
      }
    },
    "salesforceDummy": {
      "type": "string"
    },
    "SalesForceLOVADP": {
      "type": "SalesForceType[]"
    },
    "SalesForceLOVSDP": {
      "type": "vb/ServiceDataProvider",
      "defaultValue": {
        "endpoint": "devOrds/getSalesCreditGetallSalesforceNumbers",
        "keyAttributes": "sales_force_number",
        "itemsPath": "items",
        "responseType": "getSalesCreditGetallSalesforceNumbersResponse2",
        "transformsContext": {
          "vb-textFilterAttributes": [
            "sales_force_number"
          ]
        }
      }
    },
    "SalesforceNameLOVSDP": {
      "type": "vb/ServiceDataProvider",
      "defaultValue": {
        "endpoint": "devOrds/getSalesCreditSalesforceMaintainance",
        "keyAttributes": "sales_force_name",
        "itemsPath": "items",
        "responseType": "SalesForceNameLOVType",
        "uriParameters": {
          "P_SALES_FORCE_NAME": "{{ \"\" }}",
          "P_SALES_FORCE_NUMBER": "{{ \"\" }}"
        },
        "transformsContext": {
          "vb-textFilterAttributes": [
            "sales_force_name"
          ]
        }
      }
    },
    "salesforce": {
      "type": "string",
      "persisted": "session"
    },
    "RowDivision": {
      "type": "string",
      "persisted": "session"
    },
    "RowSalesForceId": {
      "type": "number",
      "persisted": "session"
    },
    "salesForceADP": {
      "type": "vb/ArrayDataProvider2",
      "defaultValue": {
        "itemType": "SalesADPType",
        "keyAttributes": "sales_force_number"
      }
    },
    "SalesfrceCreateObj": {
      "type": "SalesRepPostType",
      "defaultValue": {
        "START_DATE": "[[ $functions.getsysdate() ]]",
        "EDELWEISS": "No",
        "STATUS": "[[ $variables.SalesfrceCreateObj.END_DATE > $functions.getsysdate() ?  \"Inactive\" : \"Active\" ]]"
      }
    },
    "salesRowdata": {
      "type": "SalesforceTblType",
      "defaultValue": {
        "status": "[[ $variables.salesRowdata.end_date > $functions.getsysdate() ?  \"Inactive\" : \"Active\" ]]"
      }
    },
    "SelectedSalesForce": {
      "type": "string",
      "input": "fromCaller",
      "persisted": "session"
    },
    "SelectedSalesForceName": {
      "type": "string"
    },
    "SFTblADP": {
      "type": "vb/ArrayDataProvider2",
      "defaultValue": {
        "itemType": "SalesforceTblType",
        "keyAttributes": "sf_maintenance_id"
      }
    }
  },
  "metadata": {},
  "types": {
    "@decorators.DivisionTblType": {
      "endpoint": "getSalesCreditDivisionData",
      "service": "devOrds",
      "path": "response-_-items[0]"
    },
    "@decorators.getSalesCreditGetallSalesforceNumbersResponse": {
      "endpoint": "getSalesCreditGetallSalesforceNumbers",
      "service": "devOrds",
      "path": "response"
    },
    "@decorators.getSalesCreditGetallSalesforceNumbersResponse2": {
      "endpoint": "getSalesCreditGetallSalesforceNumbers",
      "service": "devOrds",
      "path": "response"
    },
    "@decorators.getSalesCreditSalesforceMaintainanceResponse": {
      "endpoint": "getSalesCreditSalesforceMaintainance",
      "service": "devOrds",
      "path": "response"
    },
    "@decorators.SalesForceNameLOVType": {
      "endpoint": "getSalesCreditSalesforceMaintainance",
      "service": "devOrds",
      "path": "response"
    },
    "@decorators.SalesForceNumberLOVType": {
      "endpoint": "getSalesCreditGetallSalesforceNumbers",
      "service": "devOrds",
      "path": "response"
    },
    "@decorators.SalesforceTblType": {
      "endpoint": "getSalesCreditSalesforceMaintainance",
      "service": "devOrds",
      "path": "response-_-items[0]"
    },
    "@decorators.SalesForceType": {
      "endpoint": "getSalesCreditGetallSalesforceNumbers",
      "service": "devOrds",
      "path": "response-_-items[0]"
    },
    "@decorators.SalesRepPostType": {
      "endpoint": "postSalesCreditSalesforceMaintainance",
      "service": "devOrds",
      "path": "request"
    },
    "DivisionTblType": {
      "division_name": "string",
      "division_number": "number",
      "end_date": "any",
      "entered_by": "string",
      "entered_date": "any",
      "external_checkbox": "any",
      "external_checkbox_dummy": "string[]",
      "notes": "string",
      "sales_force_id": "number",
      "sf_div_id": "number",
      "start_date": "any",
      "status": "string",
      "updated_by": "any",
      "updated_date": "any",
      "sf_maintenance_id": "number"
    },
    "getSalesCreditGetallSalesforceNumbersResponse": {
      "items": [
        {
          "sales_force_number": "string"
        }
      ]
    },
    "getSalesCreditGetallSalesforceNumbersResponse2": {
      "items": [
        {
          "sales_force_number": "string"
        }
      ]
    },
    "getSalesCreditSalesforceMaintainanceResponse": {
      "items": [
        {
          "sales_force_number": "string"
        }
      ]
    },
    "SalesADPType": {
      "sales_force_number": "string"
    },
    "SalesForceNameLOVType": {
      "items": [
        {
          "sales_force_name": "string"
        }
      ]
    },
    "SalesForceNumberLOVType": {
      "items": [
        {
          "sales_force_number": "string"
        }
      ]
    },
    "SalesforceTblType": {
      "company": "string",
      "edelweiss": "string",
      "end_date": "string",
      "entered_by": "string",
      "entered_date": "string",
      "external_checkbox": "any",
      "notes": "string",
      "sales_force_id": "number",
      "sales_force_name": "string",
      "sales_force_number": "string",
      "start_date": "string",
      "status": "string",
      "updated_by": "string",
      "updated_date": "string",
      "external_checkbox_dummy": "string[]",
      "sf_maintenance_id": "any"
    },
    "SalesForceType": {
      "sales_force_id": "number",
      "sales_force_number": "string"
    },
    "SalesRepPostType": {
      "COMPANY": "string",
      "EDELWEISS": "string",
      "END_DATE": "string",
      "ENTERED_BY": "string",
      "EXTERNAL_CHECKBOX": "string",
      "NOTES": "string",
      "SALES_FORCE_NAME": "string",
      "SALES_FORCE_NUMBER": "number",
      "START_DATE": "string",
      "STATUS": "string",
      "UPDATED_BY": "string"
    }
  },
  "eventListeners": {
    "BeforeSalesForceRowEdit": {
      "chains": [
        {
          "chainId": "BeforeSalesForceRowEdit",
          "parameters": {
            "rowKey": "{{$event.detail.rowContext.status.rowKey}}",
            "rowIndex": "{{$event.detail.rowContext.status.rowIndex}}",
            "rowData": "{{$event.detail.rowContext.componentElement.getDataForVisibleRow($event.detail.rowContext.status.rowIndex).data}}"
          }
        }
      ]
    },
    "BeforeSalesForceRowEditEnd": {
      "chains": [
        {
          "chainId": "BeforeSalesForceRowEditEnd",
          "parameters": {
            "cancelEdit": "{{$event.detail.cancelEdit}}",
            "rowKey": "{{$event.detail.rowContext.status.rowKey}}",
            "rowIndex": "{{$event.detail.rowContext.status.rowIndex}}",
            "rowData": "{{$event.detail.rowContext.componentElement.getDataForVisibleRow($event.detail.rowContext.status.rowIndex).data}}"
          }
        }
      ]
    },
    "buttonAction": {
      "chains": [
        {
          "chainId": "AddSalesBtnAction"
        }
      ]
    },
    "buttonAction10": {
      "chains": [
        {
          "chainId": "SearchBtnAction"
        }
      ]
    },
    "buttonAction11": {
      "chains": [
        {
          "chainId": "CreateSalesForceAction"
        }
      ]
    },
    "buttonAction12": {
      "chains": [
        {
          "chainId": "CreateDivisionCreateAction"
        }
      ]
    },
    "buttonAction13": {
      "chains": [
        {
          "chainId": "ButtonActionChain11"
        }
      ]
    },
    "buttonAction14": {
      "chains": [
        {
          "chainId": "ExportSalesDivisonAction"
        }
      ]
    },
    "buttonAction15": {
      "chains": [
        {
          "chainId": "ExportSalesForceMaintenanceAction"
        }
      ]
    },
    "buttonAction16": {
      "chains": [
        {
          "chainId": "ResetBtnAction"
        }
      ]
    },
    "buttonAction17": {
      "chains": [
        {
          "chainId": "NavigatetoTerritoriesAction"
        }
      ]
    },
    "buttonAction2": {
      "chains": [
        {
          "chainId": "CloseSalesForceDlgAction"
        }
      ]
    },
    "buttonAction3": {
      "chains": [
        {
          "chainId": "ButtonActionChain1"
        }
      ]
    },
    "buttonAction4": {
      "chains": [
        {
          "chainId": "ButtonActionChain2"
        }
      ]
    },
    "buttonAction5": {
      "chains": [
        {
          "chainId": "DivisionsAddBtndAction"
        }
      ]
    },
    "buttonAction6": {
      "chains": [
        {
          "chainId": "ButtonActionChain4"
        }
      ]
    },
    "buttonAction7": {
      "chains": [
        {
          "chainId": "ButtonActionChain5"
        }
      ]
    },
    "buttonAction8": {
      "chains": [
        {
          "chainId": "ButtonActionChain6"
        }
      ]
    },
    "buttonAction9": {
      "chains": [
        {
          "chainId": "TerritoryPagenavigation"
        }
      ]
    },
    "checkboxSetValue": {
      "chains": [
        {
          "chainId": "ExternalCheckValueChange",
          "parameters": {
            "value": "{{ $event.detail.value }}"
          }
        }
      ]
    },
    "checkboxSetValue2": {
      "chains": [
        {
          "chainId": "DivisionExternalCheckAction",
          "parameters": {
            "value": "{{ $event.detail.value }}"
          }
        }
      ]
    },
    "hyperlinkClick": {
      "chains": [
        {
          "chainId": "AssignRowSalesForceIdAction",
          "parameters": {
            "key": "{{ $current.key }}",
            "index": "{{ $current.index }}",
            "current": "{{ $current }}"
          }
        }
      ]
    },
    "hyperlinkClick2": {
      "chains": [
        {
          "chainId": "FetchRowDivisionAction",
          "parameters": {
            "key": "{{ $current.key }}",
            "index": "{{ $current.index }}",
            "current": "{{ $current }}"
          }
        }
      ]
    },
    "iconClick": {
      "chains": [
        {
          "chainId": "DeleteSalesForceRecordAction",
          "parameters": {
            "key": "{{ $current.key }}",
            "index": "{{ $current.index }}",
            "current": "{{ $current }}",
            "Current_Record_ID": "[[ $current.row.Sales_Force ]]"
          }
        }
      ]
    },
    "iconClick2": {
      "chains": [
        {
          "chainId": "IconClickChain1",
          "parameters": {
            "key": "{{ $current.key }}",
            "index": "{{ $current.index }}",
            "current": "{{ $current }}",
            "CurrentSalesForceNumber": "[[ $current.row.Sales_Force ]]",
            "CurrentSalesForceName": "[[ $current.row.Sales_Force_Name ]]"
          }
        }
      ]
    },
    "iconClick3": {
      "chains": [
        {
          "chainId": "SaveSalesForceRowChanges",
          "parameters": {
            "key": "{{ $current.key }}",
            "index": "{{ $current.index }}",
            "current": "{{ $current }}"
          }
        }
      ]
    },
    "iconClick4": {
      "chains": [
        {
          "chainId": "DeleteDivisionRecordAction",
          "parameters": {
            "key": "{{ $current.key }}",
            "index": "{{ $current.index }}",
            "current": "{{ $current }}"
          }
        }
      ]
    },
    "iconClick5": {
      "chains": [
        {
          "chainId": "SaveDivisionsAction",
          "parameters": {
            "key": "{{ $current.key }}",
            "index": "{{ $current.index }}",
            "current": "{{ $current }}"
          }
        }
      ]
    },
    "salesforcelovValueItem": {
      "chains": [
        {
          "chainId": "SelectValueItemChangeChain",
          "parameters": {
            "key": "{{$event.detail.value.key}}",
            "data": "{{$event.detail.value.data}}",
            "metadata": "{{$event.detail.value.metadata}}"
          }
        }
      ]
    },
    "selectValueItem": {
      "chains": [
        {
          "chainId": "salesforceValueChangeListenerAction",
          "parameters": {
            "key": "{{$event.detail.value.key}}",
            "data": "{{$event.detail.value.data}}",
            "metadata": "{{$event.detail.value.metadata}}"
          }
        }
      ]
    },
    "tableBeforeRowEdit": {
      "chains": [
        {
          "chainId": "DivisionTableBeforeRowEditChain",
          "parameters": {
            "rowKey": "{{$event.detail.rowContext.status.rowKey}}",
            "rowIndex": "{{$event.detail.rowContext.status.rowIndex}}",
            "rowData": "{{$event.detail.rowContext.componentElement.getDataForVisibleRow($event.detail.rowContext.status.rowIndex).data}}"
          }
        }
      ]
    },
    "tableBeforeRowEditEnd": {
      "chains": [
        {
          "chainId": "DivisionsTblBeforeRowEditEnd",
          "parameters": {
            "cancelEdit": "{{$event.detail.cancelEdit}}",
            "rowKey": "{{$event.detail.rowContext.status.rowKey}}",
            "rowIndex": "{{$event.detail.rowContext.status.rowIndex}}",
            "rowData": "{{$event.detail.rowContext.componentElement.getDataForVisibleRow($event.detail.rowContext.status.rowIndex).data}}"
          }
        }
      ]
    },
    "tableFirstSelectedRow": {
      "chains": [
        {
          "chainId": "SalesforceRowSelectionAction",
          "parameters": {
            "rowKey": "{{$event.detail.value.key}}",
            "rowData": "{{$event.detail.value.data}}"
          }
        }
      ]
    },
    "tableFirstSelectedRow2": {
      "chains": [
        {
          "chainId": "SalesforceRowSelectionAction",
          "parameters": {
            "rowKey": "{{$event.detail.value.key}}",
            "rowData": "{{$event.detail.value.data}}"
          }
        }
      ]
    },
    "tableFirstSelectedRow3": {
      "chains": [
        {
          "chainId": "DivisionTblRowSelectionAction",
          "parameters": {
            "rowKey": "{{$event.detail.value.key}}",
            "rowData": "{{$event.detail.value.data}}"
          }
        }
      ]
    },
    "toggleDrawer": {
      "chains": [
        {
          "chainId": "application:toggleDrawerHandler"
        }
      ]
    },
    "vbEnter": {
      "chains": [
{
          "parameters": {},
          "chainId": "VBEnterAction"
        },
        {
          "parameters": {},
          "chainId": "FetchSalesForceLOVAction"
        }
      ]
    }
  },
  "imports": {
    "components": {
      "oj-button": {
        "path": "ojs/ojbutton"
      },
      "oj-checkboxset": {
        "path": "ojs/ojcheckboxset"
      },
      "oj-combobox-one": {
        "path": "ojs/ojselectcombobox"
      },
      "oj-dialog": {
        "path": "ojs/ojdialog"
      },
      "oj-form-layout": {
        "path": "ojs/ojformlayout"
      },
      "oj-input-date": {
        "path": "ojs/ojdatetimepicker"
      },
      "oj-input-number": {
        "path": "ojs/ojinputnumber"
      },
      "oj-input-search": {
        "path": "ojs/ojinputsearch"
      },
      "oj-input-text": {
        "path": "ojs/ojinputtext"
      },
      "oj-option": {
        "path": "ojs/ojoption"
      },
      "oj-radioset": {
        "path": "ojs/ojradioset"
      },
      "oj-sample-export-data": {
        "path": "oj-sample/export-data/loader"
      },
      "oj-select-many": {
        "path": "ojs/ojselectcombobox"
      },
      "oj-select-single": {
        "path": "ojs/ojselectsingle"
      },
      "oj-table": {
        "path": "ojs/ojtable"
      },
      "oj-text-area": {
        "path": "ojs/ojinputtext"
      },
      "oj-validation-group": {
        "path": "ojs/ojvalidationgroup"
      }
    },
    "modules": {
      "ojValidationDateTime": {
        "path": "ojs/ojvalidation-datetime"
      },
      "ojValidationNumber": {
        "path": "ojs/ojvalidation-number"
      }
    }
  }
}