{
    "items": [
        {
            "pre_reservation_number": 1000000000214
        },
        {
            "pre_reservation_number": 1000000000213
        },
        {
            "pre_reservation_number": 1000000000212
        },
        {
            "pre_reservation_number": 1000000000211
        },
        {
            "pre_reservation_number": 1000000000210
        },
        {
            "pre_reservation_number": 1000000000209
        },
        {
            "pre_reservation_number": 1000000000208
        },
        {
            "pre_reservation_number": 1000000000207
        },
        {
            "pre_reservation_number": 1000000000206
        },
        {
            "pre_reservation_number": 1000000000205
        },
        {
            "pre_reservation_number": 1000000000204
        },
        {
            "pre_reservation_number": 1000000000200
        },
        {
            "pre_reservation_number": 1000000000199
        },
        {
            "pre_reservation_number": 1000000000196
        },
        {
            "pre_reservation_number": 1000000000195
        },
        {
            "pre_reservation_number": 1000000000194
        },
        {
            "pre_reservation_number": 1000000000193
        },
        {
            "pre_reservation_number": 1000000000192
        },
        {
            "pre_reservation_number": 1000000000191
        },
        {
            "pre_reservation_number": 1000000000190
        },
        {
            "pre_reservation_number": 1000000000189
        },
        {
            "pre_reservation_number": 1000000000188
        },
        {
            "pre_reservation_number": 1000000000187
        },
        {
            "pre_reservation_number": 1000000000186
        },
        {
            "pre_reservation_number": 1000000000185
        }
    ],
    "hasMore": true,
    "limit": 25,
    "offset": 0,
    "count": 25,
    "links": [
        {
            "rel": "self",
            "href": "https://10.2.0.169:8081/ords/hbg_integration/ReservationsUI/getReservationNumber"
        },
        {
            "rel": "describedby",
            "href": "https://10.2.0.169:8081/ords/hbg_integration/metadata-catalog/ReservationsUI/item"
        },
        {
            "rel": "first",
            "href": "https://10.2.0.169:8081/ords/hbg_integration/ReservationsUI/getReservationNumber"
        },
        {
            "rel": "next",
            "href": "https://10.2.0.169:8081/ords/hbg_integration/ReservationsUI/getReservationNumber?offset=25"
        }
    ]
}