{
    "items": [
        {
            "cust_account_id": 100000163973832,
            "account_name": "TRACTOR SUPPLY"
        },
        {
            "cust_account_id": 100000163973812,
            "account_name": "AMAZON.COM.CA, INC."
        },
        {
            "cust_account_id": 300000029525394,
            "account_name": "TEST"
        },
        {
            "cust_account_id": 300000030153218,
            "account_name": null
        },
        {
            "cust_account_id": 300000030451772,
            "account_name": "CRP1a Test Account"
        },
        {
            "cust_account_id": 300000026797521,
            "account_name": "Jessica's Books"
        },
        {
            "cust_account_id": 300000026797567,
            "account_name": "BM"
        },
        {
            "cust_account_id": 300000037833112,
            "account_name": "Taylor Hastings"
        },
        {
            "cust_account_id": 100000163973831,
            "account_name": "BRODART CO"
        },
        {
            "cust_account_id": 100000108978829,
            "account_name": "OTG MANAGEMENT"
        },
        {
            "cust_account_id": 100000135395177,
            "account_name": "WAUCOMA BOOKSTORE INC"
        },
        {
            "cust_account_id": 100000135395145,
            "account_name": "SIERRA TRADING POST"
        },
        {
            "cust_account_id": 100000135395143,
            "account_name": "LIBRI GMBH"
        },
        {
            "cust_account_id": 100000123724228,
            "account_name": "TAYLOR HASTINGS BOOK CO."
        },
        {
            "cust_account_id": 100000137877784,
            "account_name": "B & N"
        },
        {
            "cust_account_id": 100000163973822,
            "account_name": "AAFES Readerlink"
        },
        {
            "cust_account_id": 300000030153143,
            "account_name": null
        },
        {
            "cust_account_id": 300000026757600,
            "account_name": "Bedeschi Book Shop"
        },
        {
            "cust_account_id": 300000029539696,
            "account_name": "Internal/Library Book Repository"
        },
        {
            "cust_account_id": 100000163973835,
            "account_name": "FUEGO - SP"
        },
        {
            "cust_account_id": 300000030153203,
            "account_name": null
        },
        {
            "cust_account_id": 300000027745164,
            "account_name": "REZZIN BOOKS"
        },
        {
            "cust_account_id": 300000028723214,
            "account_name": null
        },
        {
            "cust_account_id": 300000030153173,
            "account_name": null
        },
        {
            "cust_account_id": 300000028723243,
            "account_name": null
        },
        {
            "cust_account_id": 300000030006053,
            "account_name": null
        },
        {
            "cust_account_id": 100000135395170,
            "account_name": "UNIV SOUTHERN CALIFORNIA"
        },
        {
            "cust_account_id": 100000135395154,
            "account_name": "MARSHALLS"
        },
        {
            "cust_account_id": 100000135395144,
            "account_name": "THE CROCKETT BOOK CO."
        },
        {
            "cust_account_id": 100000157490837,
            "account_name": "WOLIVEIRA ACCOUNT DESCRIPTION"
        },
        {
            "cust_account_id": 100000137877790,
            "account_name": "B & N"
        },
        {
            "cust_account_id": 100000163973810,
            "account_name": "RMS"
        },
        {
            "cust_account_id": 300000025754314,
            "account_name": "B & N"
        },
        {
            "cust_account_id": 300000032269198,
            "account_name": "Test Account"
        },
        {
            "cust_account_id": 300000029454425,
            "account_name": "Store Sales Account"
        },
        {
            "cust_account_id": 300000030153158,
            "account_name": null
        },
        {
            "cust_account_id": 300000030153263,
            "account_name": null
        },
        {
            "cust_account_id": 300000030153233,
            "account_name": null
        },
        {
            "cust_account_id": 300000030006098,
            "account_name": null
        },
        {
            "cust_account_id": 300000030006068,
            "account_name": null
        },
        {
            "cust_account_id": 300000029691515,
            "account_name": null
        },
        {
            "cust_account_id": 300000026797861,
            "account_name": "Walch Books Account"
        },
        {
            "cust_account_id": 100000135395155,
            "account_name": "TJ MAXX"
        },
        {
            "cust_account_id": 100000137877783,
            "account_name": "B & N DIST"
        },
        {
            "cust_account_id": 100000125969940,
            "account_name": "1H G BUYING INC"
        },
        {
            "cust_account_id": 100000135395149,
            "account_name": "BAKER & TAYLOR INTL ***"
        },
        {
            "cust_account_id": 100000135395167,
            "account_name": "OTG Management"
        },
        {
            "cust_account_id": 100000135395142,
            "account_name": "OTG MANAGEMENT"
        },
        {
            "cust_account_id": 100000135395157,
            "account_name": "VANCOUVER KIDSBOOKS"
        },
        {
            "cust_account_id": 100000105591990,
            "account_name": "BOULDER BOOKSTORE"
        },
        {
            "cust_account_id": 100000138298683,
            "account_name": "ANSIBLE MEDIA"
        },
        {
            "cust_account_id": 100000160762974,
            "account_name": "Customer FBDI 1"
        },
        {
            "cust_account_id": 300000030153293,
            "account_name": null
        },
        {
            "cust_account_id": 300000030006038,
            "account_name": null
        },
        {
            "cust_account_id": 300000030006023,
            "account_name": null
        },
        {
            "cust_account_id": 300000026797582,
            "account_name": "BNN"
        },
        {
            "cust_account_id": 300000053573534,
            "account_name": null
        },
        {
            "cust_account_id": 300000030153188,
            "account_name": null
        },
        {
            "cust_account_id": 300000030153278,
            "account_name": null
        },
        {
            "cust_account_id": 300000029270478,
            "account_name": null
        },
        {
            "cust_account_id": 100000120473264,
            "account_name": "ANSIBLE MEDIA CO, LTD."
        },
        {
            "cust_account_id": 100000135395134,
            "account_name": "ERIC PINDER"
        },
        {
            "cust_account_id": 100000135395147,
            "account_name": "LIBRI GMBH FT WE"
        },
        {
            "cust_account_id": 100000137877797,
            "account_name": "BOOK ANNEX"
        },
        {
            "cust_account_id": 100000137877788,
            "account_name": "B & N, INC"
        },
        {
            "cust_account_id": 100000163973799,
            "account_name": "AMAZON.COM"
        },
        {
            "cust_account_id": 100000163973857,
            "account_name": "CALENDAR CLUB PTY LTD"
        },
        {
            "cust_account_id": 100000163973867,
            "account_name": "AMAZON.COM JAPAN"
        },
        {
            "cust_account_id": 300000053573519,
            "account_name": null
        },
        {
            "cust_account_id": 300000053573549,
            "account_name": null
        },
        {
            "cust_account_id": 300000032269180,
            "account_name": "Test CRP Account"
        },
        {
            "cust_account_id": 300000039769921,
            "account_name": null
        },
        {
            "cust_account_id": 100000163973836,
            "account_name": "SHOPIFY"
        },
        {
            "cust_account_id": 100000163973829,
            "account_name": "_READERLINK DISTRIBUTION"
        },
        {
            "cust_account_id": 100000135395136,
            "account_name": "H G BUYING INC"
        },
        {
            "cust_account_id": 100000137877781,
            "account_name": "B & N DIST CTR"
        },
        {
            "cust_account_id": 100000108978828,
            "account_name": "OTG MANAGEMENT"
        },
        {
            "cust_account_id": 100000135395168,
            "account_name": "OTG MANAGEMENT"
        },
        {
            "cust_account_id": 100000135395152,
            "account_name": "OTG MANAGEMENT"
        },
        {
            "cust_account_id": 100000116805534,
            "account_name": "INDIGO BOOKS & MUSIC CTR"
        },
        {
            "cust_account_id": 100000137877786,
            "account_name": "STERLING PUBLISHING INC"
        },
        {
            "cust_account_id": 100000135395133,
            "account_name": "LIBRI GMBH SONDERAUFTRAG"
        },
        {
            "cust_account_id": 100000116805535,
            "account_name": "ANSIBLE MEDIA - ANSIBLE MEDIA CO, LTD."
        },
        {
            "cust_account_id": 100000163973821,
            "account_name": "READERLINK DISTRIBUTION"
        },
        {
            "cust_account_id": 100000163973804,
            "account_name": "RMS"
        },
        {
            "cust_account_id": 100000163973853,
            "account_name": "AMAZON FBA"
        },
        {
            "cust_account_id": 300000030153113,
            "account_name": null
        },
        {
            "cust_account_id": 300000026797874,
            "account_name": "Walch Books Distribution Account"
        },
        {
            "cust_account_id": 300000029540084,
            "account_name": "Domestic Store Purchase Account"
        },
        {
            "cust_account_id": 300000030005992,
            "account_name": null
        },
        {
            "cust_account_id": 300000030006083,
            "account_name": null
        },
        {
            "cust_account_id": 300000027863281,
            "account_name": "Alex"
        },
        {
            "cust_account_id": 300000029539783,
            "account_name": "Canada Store Account"
        },
        {
            "cust_account_id": 300000029557567,
            "account_name": null
        },
        {
            "cust_account_id": 300000026797606,
            "account_name": "CC"
        },
        {
            "cust_account_id": 300000029584350,
            "account_name": "Credit Review Testing"
        },
        {
            "cust_account_id": 300000030153248,
            "account_name": null
        },
        {
            "cust_account_id": 300000029454529,
            "account_name": "Store Sales Canada Account"
        },
        {
            "cust_account_id": 100000137877795,
            "account_name": "B & N A/P"
        },
        {
            "cust_account_id": 100000135395166,
            "account_name": "VANCOUVER KIDSBOOKS"
        },
        {
            "cust_account_id": 100000125969939,
            "account_name": "1SIERRA TRADING POST INC"
        },
        {
            "cust_account_id": 100000135395146,
            "account_name": "OTG MANAGEMENT"
        },
        {
            "cust_account_id": 100000116449796,
            "account_name": "DENVER LINDER BOOKS"
        },
        {
            "cust_account_id": 100000108979657,
            "account_name": "OTG MANAGEMENT"
        },
        {
            "cust_account_id": 100000108979656,
            "account_name": "OTG MANAGEMENT"
        },
        {
            "cust_account_id": 100000137877796,
            "account_name": "B & N"
        },
        {
            "cust_account_id": 100000137877791,
            "account_name": "B & N DC"
        },
        {
            "cust_account_id": 100000163973823,
            "account_name": "TRACTOR SUPPLY"
        },
        {
            "cust_account_id": 100000163973806,
            "account_name": "RMS INTERNATIONAL"
        },
        {
            "cust_account_id": 100000163973839,
            "account_name": "RMS LATIN AMERICA"
        },
        {
            "cust_account_id": 300000026757587,
            "account_name": "Bedeschi Books Store"
        },
        {
            "cust_account_id": 300000026797543,
            "account_name": "AZ"
        },
        {
            "cust_account_id": 100000163973851,
            "account_name": "AMAZON.COM CORPORATE"
        },
        {
            "cust_account_id": 100000163973850,
            "account_name": "Amazon Corporate LLC"
        },
        {
            "cust_account_id": 300000032857162,
            "account_name": "Steve Ledger UAT Customer"
        },
        {
            "cust_account_id": 300000029557535,
            "account_name": "Store Sale"
        },
        {
            "cust_account_id": 300000032976526,
            "account_name": null
        },
        {
            "cust_account_id": 300000026807707,
            "account_name": "Vertleyb Books Acct"
        },
        {
            "cust_account_id": 100000135395153,
            "account_name": "BAKER TAYLOR INC"
        },
        {
            "cust_account_id": 100000125969942,
            "account_name": "1TJX COMPANIES, INC"
        },
        {
            "cust_account_id": 100000135395150,
            "account_name": "TJ Maxx Zone 1"
        },
        {
            "cust_account_id": 100000116805532,
            "account_name": "BOOK ANNEX - BARNES AND NOBLE INC."
        },
        {
            "cust_account_id": 100000163973807,
            "account_name": "AMAZON EU SARL DE"
        },
        {
            "cust_account_id": 100000163973803,
            "account_name": "AMAZON EU SARL"
        },
        {
            "cust_account_id": 300000039769683,
            "account_name": null
        },
        {
            "cust_account_id": 100000163973855,
            "account_name": "CALENDAR HOLDINGS LLC"
        },
        {
            "cust_account_id": 300000039769906,
            "account_name": null
        },
        {
            "cust_account_id": 300000030153128,
            "account_name": null
        },
        {
            "cust_account_id": 300000029557452,
            "account_name": "Store Sales Account"
        },
        {
            "cust_account_id": 300000033216305,
            "account_name": "Chronicle"
        },
        {
            "cust_account_id": 300000035023815,
            "account_name": "Customer Relation"
        },
        {
            "cust_account_id": 300000026797621,
            "account_name": null
        },
        {
            "cust_account_id": 300000028723265,
            "account_name": null
        },
        {
            "cust_account_id": 100000137877787,
            "account_name": "B & N"
        },
        {
            "cust_account_id": 100000135395180,
            "account_name": "LIBRI GMBH NOVITATEN"
        },
        {
            "cust_account_id": 100000108561608,
            "account_name": "OTG MANAGEMENT"
        },
        {
            "cust_account_id": 100000135395179,
            "account_name": "OTG MANAGEMENT"
        },
        {
            "cust_account_id": 100000137877780,
            "account_name": "B & N DIST CNTR"
        },
        {
            "cust_account_id": 100000135395141,
            "account_name": "OTG Management"
        }
    ],
    "hasMore": false,
    "limit": 10000,
    "offset": 0,
    "count": 139,
    "links": [
        {
            "rel": "self",
            "href": "https://10.2.0.169:8081/ords/hbg_integration/AutomaticHolds/getCustomerName"
        },
        {
            "rel": "describedby",
            "href": "https://10.2.0.169:8081/ords/hbg_integration/metadata-catalog/AutomaticHolds/item"
        },
        {
            "rel": "first",
            "href": "https://10.2.0.169:8081/ords/hbg_integration/AutomaticHolds/getCustomerName?limit=10000"
        }
    ]
}