{
  "title": "",
  "description": "",
  "variables": {
    "AccountNumberArray": {
      "type": "AccountsArrayType[]"
    },
    "AccountNumberLOVSDP": {
      "type": "vb/ServiceDataProvider",
      "defaultValue": {
        "endpoint": "devOrds/getAllAccounts",
        "keyAttributes": "account_number",
        "itemsPath": "items",
        "responseType": "AccountNumberLOVType",
        "uriParameters": {
          "party_id": "{{ $variables.salesAssignCreatObj.customer_org_number ? $variables.salesAssignCreatObj.customer_org_number : \"\" }}"
        },
        "transformsContext": {
          "vb-textFilterAttributes": [
            "account_number"
          ]
        }
      }
    },
    "OwnerArray": {
      "type": "OwnerType[]"
    },
    "AccountNumberLOVSDPRowAssign": {
      "defaultValue": {
        "endpoint": "devOrds/getAllAccounts",
        "itemsPath": "items",
        "responseType": "AccountNumberLOVType",
        "uriParameters": {
          "party_id": "{{ $variables.SalesAssignRow.customer_org_number ? $variables.SalesAssignRow.customer_org_number : \"\" }}"
        },
        "keyAttributes": "cust_account_id",
        "transformsContext": {
          "vb-textFilterAttributes": [
            "account_number"
          ]
        }
      },
      "type": "vb/ServiceDataProvider"
    },
    "AccountTypeRowData": {
      "type": "AccountTypeTblType"
    },
    "BisacArray": {
      "type": "BisacArrayType[]"
    },
    "AccountTypeTblADP": {
      "type": "vb/ArrayDataProvider2",
      "defaultValue": {
        "itemType": "AccountTypeTblType",
        "keyAttributes": "sf_account_id"
      }
    },
    "AssignRowCat1": {
      "type": "vb/ServiceDataProvider",
      "defaultValue": {
        "endpoint": "devOrds/getDistributionTitleRightsGetLookupValuesInfo",
        "itemsPath": "items",
        "responseType": "getDistributionTitleRightsGetLookupValuesInfoResponse2",
        "uriParameters": {
          "P_TAG": "{{ $variables.SalesAssignRow.owner + $variables.SalesAssignRow.reporting_group }}",
          "P_LOOKUP_TYPE": "HBG_CATEGORY_1"
        },
        "keyAttributes": "description",
        "transformsContext": {
          "vb-textFilterAttributes": [
            "description"
          ]
        }
      }
    },
    "AssignRowCat2": {
      "defaultValue": {
        "endpoint": "devOrds/getDistributionTitleRightsGetLookupValuesInfo",
        "itemsPath": "items",
        "responseType": "getDistributionTitleRightsGetLookupValuesInfoResponse2",
        "uriParameters": {
          "P_TAG": "{{ $variables.SalesAssignRow.owner + $variables.SalesAssignRow.reporting_group + $variables.SalesAssignRow.category_1 }}",
          "P_LOOKUP_TYPE": "HBG_CATEGORY_2"
        },
        "keyAttributes": "description",
        "transformsContext": {
          "vb-textFilterAttributes": [
            "description"
          ]
        }
      },
      "type": "vb/ServiceDataProvider"
    },
    "AssignSalesAccountTypeLOV": {
      "type": "vb/ServiceDataProvider",
      "defaultValue": {
        "endpoint": "devOrds/getAccountTypes",
        "keyAttributes": "flex_value",
        "itemsPath": "items",
        "responseType": "AssignSalesAccountType",
        "uriParameters": {
          "P_VALUE_SET_NAME": "HBG_ACCOUNT_TYPE"
        },
        "transformsContext": {
          "vb-textFilterAttributes": [
            "flex_value"
          ]
        }
      }
    },
    "BISACLOVSDP": {
      "type": "vb/ServiceDataProvider",
      "defaultValue": {
        "endpoint": "devOrds/getDistributionTitleRightsGetValueSetsInfo",
        "keyAttributes": "flex_value",
        "itemsPath": "items",
        "responseType": "BISACLOVType",
        "uriParameters": {
          "P_VALUE_SET_NAME": "HBG_BISAC_CATEGORIES"
        },
        "transformsContext": {
          "vb-textFilterAttributes": [
            "flex_value"
          ]
        }
      }
    },
    "CAT1LOVRow": {
      "type": "vb/ServiceDataProvider",
      "defaultValue": {
        "endpoint": "devOrds/getDistributionTitleRightsGetLookupValuesInfo",
        "itemsPath": "items",
        "responseType": "getDistributionTitleRightsGetLookupValuesInfoResponse3",
        "uriParameters": {
          "P_LOOKUP_TYPE": "HBG_CATEGORY_2",
          "P_TAG": "{{ $variables.SalesAssignRow.category_2 }}"
        },
        "keyAttributes": "description",
        "transformsContext": {
          "vb-textFilterAttributes": [
            "description"
          ]
        }
      }
    },
    "Category1Array": {
      "type": "Category1TypeArray[]"
    },
    "Category1LOVSDP_Assign": {
      "defaultValue": {
        "endpoint": "devOrds/getDistributionTitleRightsGetLookupValuesInfo",
        "itemsPath": "items",
        "responseType": "Category1LOVSDPType",
        "uriParameters": {
          "P_LOOKUP_TYPE": "HBG_CATEGORY_1",
          "P_TAG": "{{ $variables.salesAssignCreatObj.owner + $variables.salesAssignCreatObj.reporting_group }}"
        },
        "keyAttributes": "description",
        "transformsContext": {
          "vb-textFilterAttributes": [
            "description"
          ]
        }
      },
      "type": "vb/ServiceDataProvider"
    },
    "Category1LOVSDPRowAssign": {
      "defaultValue": {
        "endpoint": "devOrds/getDistributionTitleRightsGetLookupValuesInfo",
        "itemsPath": "items",
        "responseType": "Category1LOVSDPType",
        "uriParameters": {
          "P_LOOKUP_TYPE": "HBG_CATEGORY_1",
          "P_TAG": "{{ $variables.SalesAssignRow.reporting_group }}"
        },
        "keyAttributes": "lookup_code",
        "transformsContext": {
          "vb-textFilterAttributes": [
            "lookup_code"
          ]
        }
      },
      "type": "vb/ServiceDataProvider"
    },
    "Category2Array": {
      "type": "vb/ArrayDataProvider2",
      "defaultValue": {
        "itemType": "Category1TypeArray",
        "keyAttributes": "description"
      }
    },
    "Category2LOVSDP_Assign": {
      "defaultValue": {
        "endpoint": "devOrds/getDistributionTitleRightsGetLookupValuesInfo",
        "itemsPath": "items",
        "responseType": "Category2LOVSDPType",
        "uriParameters": {
          "P_LOOKUP_TYPE": "HBG_CATEGORY_2",
          "P_TAG": "{{ $variables.salesAssignCreatObj.owner + $variables.salesAssignCreatObj.reporting_group + $variables.salesAssignCreatObj.category_1 }}"
        },
        "keyAttributes": "description",
        "transformsContext": {
          "vb-textFilterAttributes": [
            "description"
          ]
        }
      },
      "type": "vb/ServiceDataProvider"
    },
    "Category2LOVSDPRowAssign": {
      "defaultValue": {
        "endpoint": "devOrds/getDistributionTitleRightsGetLookupValuesInfo",
        "itemsPath": "items",
        "responseType": "Category1LOVSDPType",
        "uriParameters": {
          "P_LOOKUP_TYPE": "HBG_CATEGORY_1",
          "P_TAG": "{{ $variables.SalesAssignRow.category_1 }}"
        },
        "keyAttributes": "lookup_code",
        "transformsContext": {
          "vb-textFilterAttributes": [
            "lookup_code"
          ]
        }
      },
      "type": "vb/ServiceDataProvider"
    },
    "CreateBillToCountrySDP": {
      "type": "vb/ServiceDataProvider",
      "defaultValue": {
        "endpoint": "devOrds/getSalesCreditGetBillandShipInfo",
        "keyAttributes": "country",
        "itemsPath": "items",
        "responseType": "getSalesCreditGetBillandShipInfoResponse2",
        "uriParameters": {
          "USECODE": "BILL_TO",
          "CUST_ACCOUNT_ID": "{{ $variables.salesAssignCreatObj.cust_accnt_id }}"
        },
        "transformsContext": {
          "vb-textFilterAttributes": [
            "country"
          ]
        }
      }
    },
    "CreatebillToStateSDP": {
      "type": "vb/ServiceDataProvider",
      "defaultValue": {
        "endpoint": "devOrds/getSalesCreditGetBillandShipInfo",
        "keyAttributes": "state",
        "itemsPath": "items",
        "responseType": "getSalesCreditGetBillandShipInfoResponse",
        "uriParameters": {
          "CUST_ACCOUNT_ID": "{{ $variables.salesAssignCreatObj.cust_accnt_id }}",
          "USECODE": "BILL_TO"
        },
        "transformsContext": {
          "vb-textFilterAttributes": [
            "state"
          ]
        }
      }
    },
    "CreateShipToCountrySDP": {
      "type": "vb/ServiceDataProvider",
      "defaultValue": {
        "endpoint": "devOrds/getSalesCreditGetBillandShipInfo",
        "keyAttributes": "country",
        "itemsPath": "items",
        "responseType": "getSalesCreditGetBillandShipInfoResponse6",
        "uriParameters": {
          "CUST_ACCOUNT_ID": "{{ $variables.salesAssignCreatObj.cust_accnt_id }}",
          "USECODE": "SHIP_TO"
        },
        "transformsContext": {
          "vb-textFilterAttributes": [
            "country"
          ]
        }
      }
    },
    "CreateShipToNameLOVSDP": {
      "type": "vb/ServiceDataProvider",
      "defaultValue": {
        "endpoint": "devOrds/getSalesCreditGetBillandShipInfo",
        "keyAttributes": "ship_to_name",
        "itemsPath": "items",
        "responseType": "getSalesCreditGetBillandShipInfoResponse4",
        "uriParameters": {
          "USECODE": "SHIP_TO",
          "CUST_ACCOUNT_ID": "{{ $variables.salesAssignCreatObj.cust_accnt_id }}"
        },
        "transformsContext": {
          "vb-textFilterAttributes": [
            "ship_to_name"
          ]
        }
      }
    },
    "CreateShipToNumberSDP": {
      "type": "vb/ServiceDataProvider",
      "defaultValue": {
        "endpoint": "devOrds/getSalesCreditGetBillandShipInfo",
        "keyAttributes": "ship_to_number",
        "itemsPath": "items",
        "responseType": "getSalesCreditGetBillandShipInfoResponse3",
        "uriParameters": {
          "USECODE": "SHIP_TO",
          "CUST_ACCOUNT_ID": "{{ $variables.salesAssignCreatObj.cust_accnt_id ? $variables.salesAssignCreatObj.cust_accnt_id : \"\" }}"
        },
        "transformsContext": {
          "vb-textFilterAttributes": [
            "ship_to_number"
          ]
        }
      }
    },
    "CreateShipToStateSDP": {
      "type": "vb/ServiceDataProvider",
      "defaultValue": {
        "endpoint": "devOrds/getSalesCreditGetBillandShipInfo",
        "keyAttributes": "state",
        "itemsPath": "items",
        "responseType": "getSalesCreditGetBillandShipInfoResponse5",
        "uriParameters": {
          "USECODE": "SHIP_TO",
          "CUST_ACCOUNT_ID": "{{ $variables.salesAssignCreatObj.cust_accnt_id }}"
        },
        "transformsContext": {
          "vb-textFilterAttributes": [
            "state"
          ]
        }
      }
    },
    "CustORgLOVSDP": {
      "type": "vb/ServiceDataProvider",
      "defaultValue": {
        "endpoint": "devOrds/getSalesCreditGetOrganizationName",
        "keyAttributes": "party_id",
        "itemsPath": "items",
        "responseType": "getSalesCreditGetOrganizationNameResponse",
        "transformsContext": {
          "vb-textFilterAttributes": [
            "party_number"
          ]
        }
      }
    },
    "DivisionArray": {
      "type": "vb/ArrayDataProvider2",
      "defaultValue": {
        "itemType": "DivisionArray",
        "keyAttributes": "division_number"
      }
    },
    "DivisionLOVSDP": {
      "type": "vb/ServiceDataProvider",
      "defaultValue": {
        "endpoint": "devOrds/getSalesCreditDivisionTableCol",
        "keyAttributes": "division_number",
        "itemsPath": "items",
        "responseType": "DivisionLOVSDPType",
        "uriParameters": {
          "SALES_FORCE_ID": "{{ $variables.salesAssignCreatObj.sales_force_id }}"
        },
        "transformsContext": {
          "vb-textFilterAttributes": [
            "division_number"
          ]
        }
      }
    },
    "DivisionLOVSDProwAssign": {
      "defaultValue": {
        "endpoint": "devOrds/getSalesCreditDivisionTableCol",
        "keyAttributes": "division_number",
        "itemsPath": "items",
        "responseType": "DivisionLOVSDPType",
        "uriParameters": {
          "SALES_FORCE_ID": "{{ $variables.SalesAssignRow.sales_force_id }}"
        },
        "transformsContext": {
          "vb-textFilterAttributes": [
            "division_number"
          ]
        }
      },
      "type": "vb/ServiceDataProvider"
    },
    "dlgLabel": {
      "type": "string",
      "defaultValue": "Create"
    },
    "familycode": {
      "type": "string",
      "persisted": "session"
    },
    "FamilyCodeLOVSDP": {
      "type": "vb/ServiceDataProvider",
      "defaultValue": {
        "endpoint": "devOrds/getFamilyCode",
        "keyAttributes": "familycode",
        "itemsPath": "items",
        "responseType": "FamilyCodeLOVType",
        "transformsContext": {
          "vb-textFilterAttributes": [
            "familycode"
          ]
        }
      }
    },
    "FormatLOVSDPType": {
      "type": "vb/ServiceDataProvider",
      "defaultValue": {
        "endpoint": "devOrds/getDistributionTitleRightsGetValueSetsInfo",
        "itemsPath": "items",
        "responseType": "FormatLOVSDPType",
        "uriParameters": {
          "P_VALUE_SET_NAME": "HBG_Format"
        },
        "keyAttributes": "flex_value",
        "transformsContext": {
          "vb-textFilterAttributes": [
            "flex_value"
          ]
        }
      }
    },
    "getAccountTypesListSDP": {
      "type": "vb/ServiceDataProvider",
      "defaultValue": {
        "endpoint": "devOrds/getAccountTypes",
        "keyAttributes": "flex_value",
        "itemsPath": "items",
        "responseType": "getAccountTypesResponse",
        "uriParameters": {
          "P_VALUE_SET_NAME": "HBG_ACCOUNT_TYPE"
        },
        "transformsContext": {
          "vb-textFilterAttributes": [
            "flex_value"
          ]
        }
      }
    },
    "getAccountTypesListSDP2": {
      "type": "vb/ServiceDataProvider",
      "defaultValue": {
        "endpoint": "devOrds/getAccountTypes",
        "keyAttributes": "flex_value",
        "itemsPath": "items",
        "responseType": "getAccountTypesResponse2",
        "transformsContext": {
          "vb-textFilterAttributes": [
            "flex_value"
          ]
        },
        "uriParameters": {
          "P_VALUE_SET_NAME": "HBG_ACCOUNT_TYPE"
        }
      }
    },
    "getAllAccountsListSDP": {
      "type": "vb/ServiceDataProvider",
      "defaultValue": {
        "endpoint": "devOrds/getAllAccounts",
        "keyAttributes": "account_number",
        "itemsPath": "items",
        "responseType": "getAllAccountsResponse",
        "transformsContext": {
          "vb-textFilterAttributes": [
            "account_number"
          ]
        }
      }
    },
    "getAllAccountsListSDP2": {
      "type": "vb/ServiceDataProvider",
      "defaultValue": {
        "endpoint": "devOrds/getAllAccounts",
        "keyAttributes": "cust_account_id",
        "itemsPath": "items",
        "responseType": "getAllAccountsResponse2",
        "uriParameters": {
          "party_id": "{{ $variables.SalesAssignRow.customer_org_number ? $variables.SalesAssignRow.customer_org_number : \"\" }}"
        },
        "transformsContext": {
          "vb-textFilterAttributes": [
            "account_number"
          ]
        }
      }
    },
    "getSalesCreditGetallISBNListSDP": {
      "type": "vb/ServiceDataProvider",
      "defaultValue": {
        "endpoint": "devOrds/getSalesCreditGetallISBN",
        "keyAttributes": "item_number",
        "itemsPath": "items",
        "responseType": "getSalesCreditGetallISBNResponse",
        "transformsContext": {
          "vb-textFilterAttributes": [
            "item_number"
          ]
        }
      }
    },
    "getSalesCreditGetallISBNListSDP2": {
      "type": "vb/ServiceDataProvider",
      "defaultValue": {
        "endpoint": "devOrds/getSalesCreditGetallISBN",
        "keyAttributes": "inventory_item_id",
        "itemsPath": "items",
        "responseType": "getSalesCreditGetallISBNResponse2",
        "transformsContext": {
          "vb-textFilterAttributes": [
            "item_number"
          ]
        }
      }
    },
    "getSalesCreditGetOrganizationNameListSDP": {
      "type": "vb/ServiceDataProvider",
      "defaultValue": {
        "endpoint": "devOrds/getSalesCreditGetOrganizationName",
        "keyAttributes": "party_id",
        "itemsPath": "items",
        "responseType": "getSalesCreditGetOrganizationNameResponse2",
        "transformsContext": {
          "vb-textFilterAttributes": [
            "party_number"
          ]
        }
      }
    },
    "getSalesCreditGetOrganizationNameListSDP2": {
      "type": "vb/ServiceDataProvider",
      "defaultValue": {
        "endpoint": "devOrds/getSalesCreditGetOrganizationName",
        "keyAttributes": "party_number",
        "itemsPath": "items",
        "responseType": "getSalesCreditGetOrganizationNameResponse3",
        "transformsContext": {
          "vb-textFilterAttributes": [
            "party_number"
          ]
        }
      }
    },
    "itemnum": {
      "type": "string"
    },
    "OrganizationArray": {
      "type": "OrganizationType[]"
    },
    "OrganizationLOVSDP": {
      "type": "vb/ServiceDataProvider",
      "defaultValue": {
        "endpoint": "devOrds/getSalesCreditGetOrganizationName",
        "keyAttributes": "party_id",
        "itemsPath": "items",
        "responseType": "OrganizationLOVType",
        "transformsContext": {
          "vb-textFilterAttributes": [
            "party_id"
          ]
        }
      }
    },
    "OwnersLOVSDP": {
      "type": "vb/ServiceDataProvider",
      "defaultValue": {
        "endpoint": "devOrds/getDistributionTitleRightsGetValueSetsInfo",
        "keyAttributes": "flex_value",
        "itemsPath": "items",
        "responseType": "OwnersLOVSDPType",
        "uriParameters": {
          "P_VALUE_SET_NAME": "HBG_Owner"
        },
        "transformsContext": {
          "vb-textFilterAttributes": [
            "flex_value"
          ]
        }
      }
    },
    "OwnersLOVSDP_Assign": {
      "defaultValue": {
        "endpoint": "devOrds/getDistributionTitleRightsGetValueSetsInfo",
        "keyAttributes": "flex_value",
        "itemsPath": "items",
        "responseType": "OwnersLOVSDPType",
        "uriParameters": {
          "P_VALUE_SET_NAME": "HBG_Owner"
        },
        "transformsContext": {
          "vb-textFilterAttributes": [
            "flex_value"
          ]
        }
      },
      "type": "vb/ServiceDataProvider"
    },
    "priority": {
      "type": "string"
    },
    "ReportingGroupADP": {
      "type": "vb/ArrayDataProvider2",
      "defaultValue": {
        "itemType": "ADPType",
        "keyAttributes": "lookup_code"
      }
    },
    "ReportingGroupArray": {
      "type": "ReportingGroupType[]"
    },
    "ReportingGroupLOVSDP_Assign": {
      "defaultValue": {
        "endpoint": "devOrds/getDistributionTitleRightsGetLookupValuesInfo",
        "itemsPath": "items",
        "responseType": "ReportingGroupLOVType",
        "uriParameters": {
          "P_LOOKUP_TYPE": "HBG_REPORTING_GROUP",
          "P_TAG": "{{ $variables.salesAssignCreatObj.owner }}"
        },
        "keyAttributes": "description",
        "transformsContext": {
          "vb-textFilterAttributes": [
            "description"
          ]
        }
      },
      "type": "vb/ServiceDataProvider"
    },
    "RepostingGroupLOVRowAssign": {
      "defaultValue": {
        "endpoint": "devOrds/getDistributionTitleRightsGetLookupValuesInfo",
        "itemsPath": "items",
        "responseType": "getDistributionTitleRightsGetLookupValuesInfoResponse",
        "uriParameters": {
          "P_LOOKUP_TYPE": "HBG_REPORTING_GROUP",
          "P_TAG": "{{ $variables.SalesAssignRow.owner }}"
        },
        "keyAttributes": "description",
        "transformsContext": {
          "vb-textFilterAttributes": [
            "description"
          ]
        }
      },
      "type": "vb/ServiceDataProvider"
    },
    "RowAccount": {
      "type": "string"
    },
    "RowBillToCountrySDP": {
      "defaultValue": {
        "endpoint": "devOrds/getSalesCreditGetBillandShipInfo",
        "keyAttributes": "country",
        "itemsPath": "items",
        "responseType": "getSalesCreditGetBillandShipInfoResponse2",
        "uriParameters": {
          "USECODE": "BILL_TO",
          "CUST_ACCOUNT_ID": "{{ $variables.SalesAssignRow.cust_accnt_id }}"
        },
        "transformsContext": {
          "vb-textFilterAttributes": [
            "country"
          ]
        }
      },
      "type": "vb/ServiceDataProvider"
    },
    "RowbillToStateSDP": {
      "defaultValue": {
        "endpoint": "devOrds/getSalesCreditGetBillandShipInfo",
        "keyAttributes": "state",
        "itemsPath": "items",
        "responseType": "getSalesCreditGetBillandShipInfoResponse",
        "uriParameters": {
          "USECODE": "BILL_TO",
          "CUST_ACCOUNT_ID": "{{ $variables.SalesAssignRow.cust_accnt_id }}"
        },
        "transformsContext": {
          "vb-textFilterAttributes": [
            "state"
          ]
        }
      },
      "type": "vb/ServiceDataProvider"
    },
    "RowCategory1": {
      "type": "string"
    },
    "RowCategory2": {
      "type": "string"
    },
    "RowDivision": {
      "type": "string"
    },
    "RowOrganization": {
      "type": "string"
    },
    "RowOwner": {
      "type": "string"
    },
    "RowReportingGroup": {
      "type": "string"
    },
    "rowsalesforce": {
      "type": "string"
    },
    "RowSalesForce": {
      "type": "string"
    },
    "RowSalesNumberLOVSDP": {
      "type": "vb/ServiceDataProvider",
      "defaultValue": {
        "endpoint": "devOrds/getSalesCreditGetallSalesforceNumbers",
        "keyAttributes": "sales_force_number",
        "itemsPath": "items",
        "responseType": "getSalesCreditGetallSalesforceNumbersResponse",
        "transformsContext": {
          "vb-textFilterAttributes": [
            "sales_force_number"
          ]
        }
      }
    },
    "RowSalesRep": {
      "type": "string"
    },
    "RowShipToCountrySDP": {
      "defaultValue": {
        "endpoint": "devOrds/getSalesCreditGetBillandShipInfo",
        "keyAttributes": "country",
        "itemsPath": "items",
        "responseType": "getSalesCreditGetBillandShipInfoResponse6",
        "uriParameters": {
          "CUST_ACCOUNT_ID": "{{ $variables.SalesAssignRow.cust_accnt_id }}",
          "USECODE": "SHIP_TO"
        },
        "transformsContext": {
          "vb-textFilterAttributes": [
            "country"
          ]
        }
      },
      "type": "vb/ServiceDataProvider"
    },
    "RowShipToNameLOVSDP": {
      "defaultValue": {
        "endpoint": "devOrds/getSalesCreditGetBillandShipInfo",
        "keyAttributes": "ship_to_name",
        "itemsPath": "items",
        "responseType": "getSalesCreditGetBillandShipInfoResponse4",
        "uriParameters": {
          "CUST_ACCOUNT_ID": "{{ $variables.SalesAssignRow.cust_accnt_id }}",
          "USECODE": "SHIP_TO"
        },
        "transformsContext": {
          "vb-textFilterAttributes": [
            "ship_to_name"
          ]
        }
      },
      "type": "vb/ServiceDataProvider"
    },
    "RowShipToNumberSDP": {
      "defaultValue": {
        "endpoint": "devOrds/getSalesCreditGetBillandShipInfo",
        "keyAttributes": "ship_to_number",
        "itemsPath": "items",
        "responseType": "getSalesCreditGetBillandShipInfoResponse3",
        "uriParameters": {
          "CUST_ACCOUNT_ID": "{{ $variables.SalesAssignRow.cust_accnt_id }}",
          "USECODE": "SHIP_TO"
        },
        "transformsContext": {
          "vb-textFilterAttributes": [
            "ship_to_number"
          ]
        }
      },
      "type": "vb/ServiceDataProvider"
    },
    "RowShipToStateSDP": {
      "defaultValue": {
        "endpoint": "devOrds/getSalesCreditGetBillandShipInfo",
        "keyAttributes": "state",
        "itemsPath": "items",
        "responseType": "getSalesCreditGetBillandShipInfoResponse5",
        "uriParameters": {
          "CUST_ACCOUNT_ID": "{{ $variables.SalesAssignRow.cust_accnt_id }}",
          "USECODE": "SHIP_TO"
        },
        "transformsContext": {
          "vb-textFilterAttributes": [
            "state"
          ]
        }
      },
      "type": "vb/ServiceDataProvider"
    },
    "Rowterritory": {
      "type": "string"
    },
    "salesAssignCreatObj": {
      "type": "SalesForceTblType",
      "defaultValue": {
        "start_date": "[[ $functions.getsysdate() ]]",
        "override": "[[ ($variables.salesAssignCreatObj.owner || $variables.salesAssignCreatObj.reporting_group || $variables.salesAssignCreatObj.category_1 || $variables.salesAssignCreatObj.category_2 || $variables.salesAssignCreatObj.format || $variables.salesAssignCreatObj.sub_format || $variables.salesAssignCreatObj.bisac) ? \"Yes\" : \"No\" ]]"
      }
    },
    "SalesAssignRow": {
      "type": "SalesForceTblType",
      "defaultValue": {
        "status": "[[ $variables.SalesAssignRow.end_date > $functions.getsysdate() ?  \"Inactive\" : \"Active\" ]]",
        "override": "[[ ($variables.SalesAssignRow.owner || $variables.SalesAssignRow.reporting_group || $variables.SalesAssignRow.category_1 || $variables.SalesAssignRow.category_2 || $variables.SalesAssignRow.format || $variables.SalesAssignRow.sub_format || $variables.SalesAssignRow.bisac) ? \"Yes\" : \"No\" ]]"
      }
    },
    "SalesAssignTblADP": {
      "type": "vb/ArrayDataProvider2",
      "defaultValue": {
        "itemType": "SalesForceTblType",
        "keyAttributes": "sf_assign_id"
      }
    },
    "SalesForceADP": {
      "type": "vb/ArrayDataProvider2",
      "defaultValue": {
        "itemType": "SalesADPType",
        "keyAttributes": "sales_force_number"
      }
    },
    "SalesForceNumberLOVSDP": {
      "type": "vb/ServiceDataProvider",
      "defaultValue": {
        "endpoint": "devOrds/getSalesCreditGetallSalesforceNumbers",
        "keyAttributes": "sales_force_number",
        "itemsPath": "items",
        "responseType": "SalesForceNumberLOVType",
        "transformsContext": {
          "vb-textFilterAttributes": [
            "sales_force_number"
          ]
        }
      }
    },
    "SalesRepADP": {
      "type": "vb/ArrayDataProvider2",
      "defaultValue": {
        "itemType": "SalesrepColArray",
        "keyAttributes": "sales_rep_number"
      }
    },
    "SalesRepLOVSDP": {
      "type": "vb/ServiceDataProvider",
      "defaultValue": {
        "endpoint": "devOrds/getSalesCreditSalesRepTableCol",
        "keyAttributes": "sales_rep_number",
        "itemsPath": "items",
        "responseType": "SalesRepLOVType",
        "uriParameters": {
          "SF_TERRITORY_ID": "{{ $variables.salesAssignCreatObj.SF_TERRITORY_ID }}"
        },
        "transformsContext": {
          "vb-textFilterAttributes": [
            "sales_rep_number"
          ]
        }
      }
    },
    "SalesRepLOVSDPRowAssign": {
      "defaultValue": {
        "endpoint": "devOrds/getSalesCreditSalesRepTableCol",
        "keyAttributes": "sales_rep_number",
        "itemsPath": "items",
        "responseType": "SalesRepLOVType",
        "uriParameters": {
          "SF_TERRITORY_ID": "{{ $variables.SalesAssignRow.SF_TERRITORY_ID }}"
        },
        "transformsContext": {
          "vb-textFilterAttributes": [
            "sales_rep_number"
          ]
        }
      },
      "type": "vb/ServiceDataProvider"
    },
    "selectedOverride": {
      "type": "string"
    },
    "SelectedsalesForce": {
      "type": "string",
      "persisted": "session"
    },
    "SelectedSFnumber": {
      "type": "string",
      "persisted": "session"
    },
    "SelectedStatus": {
      "type": "string"
    },
    "SubFormatLOVSDP": {
      "type": "vb/ServiceDataProvider",
      "defaultValue": {
        "endpoint": "devOrds/getDistributionTitleRightsGetValueSetsInfo",
        "itemsPath": "items",
        "responseType": "SubFormatLOVSDPType",
        "uriParameters": {
          "P_VALUE_SET_NAME": "HBG_Subformat"
        },
        "keyAttributes": "flex_value",
        "transformsContext": {
          "vb-textFilterAttributes": [
            "flex_value"
          ]
        }
      }
    },
    "TerritoryArray": {
      "type": "vb/ArrayDataProvider2",
      "defaultValue": {
        "itemType": "TerritoryArraytype",
        "keyAttributes": "territory_number"
      }
    },
    "TerritoryLOVSDP": {
      "type": "vb/ServiceDataProvider",
      "defaultValue": {
        "endpoint": "devOrds/getSalesCreditTeritoryTableCol2",
        "keyAttributes": "territory_number",
        "itemsPath": "items",
        "responseType": "getSalesCreditTeritoryTableCol2Response",
        "uriParameters": {
          "SF_DIV_ID": "{{ $variables.salesAssignCreatObj.SF_DIV_ID }}"
        },
        "transformsContext": {
          "vb-textFilterAttributes": [
            "territory_number"
          ]
        }
      }
    },
    "TerritoryLOVSDPRowAssign": {
      "defaultValue": {
        "endpoint": "devOrds/getSalesCreditTeritoryTableCol2",
        "keyAttributes": "territory_number",
        "itemsPath": "items",
        "responseType": "getSalesCreditTeritoryTableCol2Response",
        "uriParameters": {
          "SF_DIV_ID": "{{ $variables.SalesAssignRow.SF_DIV_ID }}"
        },
        "transformsContext": {
          "vb-textFilterAttributes": [
            "territory_number"
          ]
        }
      },
      "type": "vb/ServiceDataProvider"
    }

  },
  "metadata": {},
  "types": {
    "@decorators.AccountNumberLOVType": {
      "endpoint": "getAllAccounts",
      "service": "devOrds",
      "path": "response"
    },
    "@decorators.AccountsArrayType": {
      "endpoint": "getAllAccounts",
      "service": "devOrds",
      "path": "response-_-items[0]"
    },
    "@decorators.AccountTypeTblType": {
      "endpoint": "getAssignAccountType",
      "service": "devOrds",
      "path": "response-_-items[0]"
    },
    "@decorators.ADPType": {
      "endpoint": "getDistributionTitleRightsGetLookupValuesInfo",
      "service": "devOrds",
      "path": "response-_-items[0]"
    },
    "@decorators.AssignSalesAccountType": {
      "endpoint": "getAccountTypes",
      "service": "devOrds",
      "path": "response"
    },
    "@decorators.BISACLOVType": {
      "endpoint": "getDistributionTitleRightsGetValueSetsInfo",
      "service": "devOrds",
      "path": "response"
    },
    "@decorators.Category1LOVSDPType": {
      "endpoint": "getDistributionTitleRightsGetLookupValuesInfo",
      "service": "devOrds",
      "path": "response"
    },
    "@decorators.Category1TypeArray": {
      "endpoint": "getDistributionTitleRightsGetLookupValuesInfo",
      "service": "devOrds",
      "path": "response-_-items[0]"
    },
    "@decorators.Category2LOVSDPType": {
      "endpoint": "getDistributionTitleRightsGetLookupValuesInfo",
      "service": "devOrds",
      "path": "response"
    },
    "@decorators.DivisionArray": {
      "endpoint": "getSalesCreditDivisionData",
      "service": "devOrds",
      "path": "response-_-items[0]"
    },
    "@decorators.DivisionLOVSDPType": {
      "endpoint": "getSalesCreditDivisionTableCol",
      "service": "devOrds",
      "path": "response"
    },
    "@decorators.FamilyCodeLOVType": {
      "endpoint": "getFamilyCode",
      "service": "devOrds",
      "path": "response"
    },
    "@decorators.FormatLOVSDPType": {
      "endpoint": "getDistributionTitleRightsGetValueSetsInfo",
      "service": "devOrds",
      "path": "response"
    },
    "@decorators.getAccountTypesResponse": {
      "endpoint": "getAccountTypes",
      "service": "devOrds",
      "path": "response"
    },
    "@decorators.getAccountTypesResponse2": {
      "endpoint": "getAccountTypes",
      "service": "devOrds",
      "path": "response"
    },
    "@decorators.getAllAccountsResponse": {
      "endpoint": "getAllAccounts",
      "service": "devOrds",
      "path": "response"
    },
    "@decorators.getAllAccountsResponse2": {
      "endpoint": "getAllAccounts",
      "service": "devOrds",
      "path": "response"
    },
    "@decorators.getDistributionTitleRightsGetLookupValuesInfoResponse": {
      "endpoint": "getDistributionTitleRightsGetLookupValuesInfo",
      "service": "devOrds",
      "path": "response"
    },
    "@decorators.getDistributionTitleRightsGetLookupValuesInfoResponse2": {
      "endpoint": "getDistributionTitleRightsGetLookupValuesInfo",
      "service": "devOrds",
      "path": "response"
    },
    "@decorators.getDistributionTitleRightsGetLookupValuesInfoResponse3": {
      "endpoint": "getDistributionTitleRightsGetLookupValuesInfo",
      "service": "devOrds",
      "path": "response"
    },
    "@decorators.getSalesCreditGetallISBNResponse": {
      "endpoint": "getSalesCreditGetallISBN",
      "service": "devOrds",
      "path": "response"
    },
    "@decorators.getSalesCreditGetallISBNResponse2": {
      "endpoint": "getSalesCreditGetallISBN",
      "service": "devOrds",
      "path": "response"
    },
    "@decorators.getSalesCreditGetallSalesforceNumbersResponse": {
      "endpoint": "getSalesCreditGetallSalesforceNumbers",
      "service": "devOrds",
      "path": "response"
    },
    "@decorators.getSalesCreditGetBillandShipInfoResponse": {
      "endpoint": "getSalesCreditGetBillandShipInfo",
      "service": "devOrds",
      "path": "response"
    },
    "@decorators.getSalesCreditGetBillandShipInfoResponse2": {
      "endpoint": "getSalesCreditGetBillandShipInfo",
      "service": "devOrds",
      "path": "response"
    },
    "@decorators.getSalesCreditGetBillandShipInfoResponse3": {
      "endpoint": "getSalesCreditGetBillandShipInfo",
      "service": "devOrds",
      "path": "response"
    },
    "@decorators.getSalesCreditGetBillandShipInfoResponse4": {
      "endpoint": "getSalesCreditGetBillandShipInfo",
      "service": "devOrds",
      "path": "response"
    },
    "@decorators.getSalesCreditGetBillandShipInfoResponse5": {
      "endpoint": "getSalesCreditGetBillandShipInfo",
      "service": "devOrds",
      "path": "response"
    },
    "@decorators.getSalesCreditGetBillandShipInfoResponse6": {
      "endpoint": "getSalesCreditGetBillandShipInfo",
      "service": "devOrds",
      "path": "response"
    },
    "@decorators.getSalesCreditGetOrganizationNameResponse": {
      "endpoint": "getSalesCreditGetOrganizationName",
      "service": "devOrds",
      "path": "response"
    },
    "@decorators.getSalesCreditGetOrganizationNameResponse2": {
      "endpoint": "getSalesCreditGetOrganizationName",
      "service": "devOrds",
      "path": "response"
    },
    "@decorators.getSalesCreditGetOrganizationNameResponse3": {
      "endpoint": "getSalesCreditGetOrganizationName",
      "service": "devOrds",
      "path": "response"
    },
    "@decorators.getSalesCreditTeritoryTableCol2Response": {
      "endpoint": "getSalesCreditTeritoryTableCol2",
      "service": "devOrds",
      "path": "response"
    },
    "@decorators.ISBNLovType": {
      "endpoint": "getSalesCreditGetallISBN",
      "service": "devOrds",
      "path": "response"
    },
    "@decorators.OrgADPType": {
      "endpoint": "getSalesCreditGetOrganizationName",
      "service": "devOrds",
      "path": "response-_-items[0]"
    },
    "@decorators.OrganizationLOVType": {
      "endpoint": "getSalesCreditGetOrganizationName",
      "service": "devOrds",
      "path": "response"
    },
    "@decorators.OwnersLOVSDPType": {
      "endpoint": "getDistributionTitleRightsGetValueSetsInfo",
      "service": "devOrds",
      "path": "response"
    },
    "@decorators.ReportingGroupLOVType": {
      "endpoint": "getDistributionTitleRightsGetLookupValuesInfo",
      "service": "devOrds",
      "path": "response"
    },
    "@decorators.ReportingGroupType": {
      "endpoint": "getDistributionTitleRightsGetLookupValuesInfo",
      "service": "devOrds",
      "path": "response-_-items[0]"
    },
    "@decorators.SalesADPType": {
      "endpoint": "getSalesCreditGetallSalesforceNumbers",
      "service": "devOrds",
      "path": "response-_-items[0]"
    },
    "@decorators.SalesForceNumberLOVType": {
      "endpoint": "getSalesCreditGetallSalesforceNumbers",
      "service": "devOrds",
      "path": "response"
    },
    "@decorators.SalesForceTblType": {
      "endpoint": "getSalesCreditSFAssign",
      "service": "devOrds",
      "path": "response-_-items[0]"
    },
    "@decorators.SalesrepColArray": {
      "endpoint": "getSalesCreditSalesRepTableCol",
      "service": "devOrds",
      "path": "response-_-items[0]"
    },
    "@decorators.SalesRepLOVType": {
      "endpoint": "getSalesCreditSalesRepTableCol",
      "service": "devOrds",
      "path": "response"
    },
    "@decorators.SubFormatLOVSDPType": {
      "endpoint": "getDistributionTitleRightsGetValueSetsInfo",
      "service": "devOrds",
      "path": "response"
    },
    "@decorators.TerritoryArraytype": {
      "endpoint": "getSalesCreditTeritoryTableCol2",
      "service": "devOrds",
      "path": "response-_-items[0]"
    },
    "AccountNumberLOVType": {
      "items": [
        {
          "account_name": "string",
          "account_number": "string",
          "cust_account_id": "number"
        }
      ]
    },
    "AccountsArrayType": {
      "account_name": "string",
      "account_number": "string",
      "cust_account_id": "number"
    },
    "AccountTypeTblType": {
      "account_type": "any",
      "account_type_name": "any",
      "end_date": "any",
      "entered_by": "any",
      "entered_date": "any",
      "notes": "any",
      "owner_name": "string",
      "sales_force": "string",
      "sales_force_name": "string",
      "sf_account_id": "number",
      "sf_owner": "string",
      "start_date": "any",
      "status": "any",
      "updated_by": "any",
      "updated_date": "any"
    },
    "BisacArrayType": {
      "flex_value": "string"
    },
    "ADPType": {
      "description": "string",
      "lookup_code": "string"
    },
    "AssignSalesAccountType": {
      "items": [
        {
          "description": "string",
          "flex_value": "string"
        }
      ]
    },
    "BISACLOVType": {
      "items": [
        {
          "description": "string",
          "flex_value": "string"
        }
      ]
    },
    "Category1LOVSDPType": {
      "items": [
        {
          "description": "string",
          "lookup_code": "string",
          "meaning": "string"
        }
      ]
    },
    "OwnerType": {
      "flex_value": "string"
    },
    "Category1TypeArray": {
      "description": "string"
    },
    "Category2LOVSDPType": {
      "items": [
        {
          "description": "string",
          "lookup_code": "string",
          "meaning": "string"
        }
      ]
    },
    "DivisionArray": {
      "division_name": "string",
      "division_number": "string",
      "sf_div_id": "number"
    },
    "DivisionLOVSDPType": {
      "items": [
        {
          "division_name": "string",
          "division_number": "string",
          "sf_div_id": "number"
        }
      ]
    },
    "FamilyCodeLOVType": {
      "items": [
        {
          "familycode": "string"
        }
      ]
    },
    "FormatLOVSDPType": {
      "items": [
        {
          "description": "string",
          "flex_value": "string"
        }
      ]
    },
    "getAccountTypesResponse": {
      "items": [
        {
          "description": "string",
          "flex_value": "string"
        }
      ]
    },
    "getAccountTypesResponse2": {
      "items": [
        {
          "description": "string",
          "flex_value": "string"
        }
      ]
    },
    "getAllAccountsResponse": {
      "items": [
        {
          "account_name": "string",
          "account_number": "string"
        }
      ]
    },
    "getAllAccountsResponse2": {
      "items": [
        {
          "account_number": "string",
          "cust_account_id": "number"
        }
      ]
    },
    "getDistributionTitleRightsGetLookupValuesInfoResponse": {
      "items": [
        {
          "description": "string",
          "lookup_code": "string",
          "meaning": "string"
        }
      ]
    },
    "getDistributionTitleRightsGetLookupValuesInfoResponse2": {
      "items": [
        {
          "description": "string",
          "lookup_code": "string",
          "meaning": "string"
        }
      ]
    },
    "getDistributionTitleRightsGetLookupValuesInfoResponse3": {
      "items": [
        {
          "description": "string",
          "lookup_code": "string",
          "meaning": "string"
        }
      ]
    },
    "getSalesCreditGetallISBNResponse": {
      "items": [
        {
          "inventory_item_id": "number",
          "item_number": "string"
        }
      ]
    },
    "getSalesCreditGetallISBNResponse2": {
      "items": [
        {
          "inventory_item_id": "number",
          "item_number": "string"
        }
      ]
    },
    "getSalesCreditGetallSalesforceNumbersResponse": {
      "items": [
        {
          "sales_force_id": "number",
          "sales_force_name": "string",
          "sales_force_number": "string"
        }
      ]
    },
    "getSalesCreditGetBillandShipInfoResponse": {
      "items": [
        {
          "state": "string"
        }
      ]
    },
    "getSalesCreditGetBillandShipInfoResponse2": {
      "items": [
        {
          "country": "string"
        }
      ]
    },
    "getSalesCreditGetBillandShipInfoResponse3": {
      "items": [
        {
          "ship_to_number": "string"
        }
      ]
    },
    "getSalesCreditGetBillandShipInfoResponse4": {
      "items": [
        {
          "ship_to_name": "any"
        }
      ]
    },
    "getSalesCreditGetBillandShipInfoResponse5": {
      "items": [
        {
          "state": "string"
        }
      ]
    },
    "getSalesCreditGetBillandShipInfoResponse6": {
      "items": [
        {
          "country": "string"
        }
      ]
    },
    "getSalesCreditGetOrganizationNameResponse": {
      "items": [
        {
          "party_id": "number",
          "party_name": "string",
          "party_number": "string"
        }
      ]
    },
    "getSalesCreditGetOrganizationNameResponse2": {
      "items": [
        {
          "party_id": "number",
          "party_name": "string",
          "party_number": "string"
        }
      ]
    },
    "getSalesCreditGetOrganizationNameResponse3": {
      "items": [
        {
          "party_name": "string",
          "party_number": "string"
        }
      ]
    },
    "getSalesCreditTeritoryTableCol2Response": {
      "items": [
        {
          "sf_territory_id": "number",
          "territory_name": "string",
          "territory_number": "string"
        }
      ]
    },
    "ISBNLovType": {
      "items": [
        {
          "isbn": "string"
        }
      ]
    },
    "OrganizationType": {
      "party_id": "number",
      "party_name": "string",
      "party_number": "string"
    },
    "OrganizationLOVType": {
      "items": [
        {
          "party_id": "number",
          "party_name": "string"
        }
      ]
    },
    "OwnersLOVSDPType": {
      "items": [
        {
          "description": "string",
          "flex_value": "string"
        }
      ]
    },
    "ReportingGroupLOVType": {
      "items": [
        {
          "description": "string",
          "lookup_code": "string"
        }
      ]
    },
    "ReportingGroupType": {
      "description": "string",
      "meaning": "string"
    },
    "SalesADPType": {
      "sales_force_id": "number",
      "sales_force_name": "string",
      "sales_force_number": "string"
    },
    "SalesForceNumberLOVType": {
      "items": [
        {
          "sales_force_id": "number",
          "sales_force_name": "string",
          "sales_force_number": "string"
        }
      ]
    },
    "SalesForceTblType": {
      "account_name": "string",
      "account_override_end_date": "string",
      "account_override_start_date": "string",
      "account_type": "string",
      "alt_sales_country": "string",
      "bill_to_": "any",
      "bill_to_country": "string",
      "bisac": "string",
      "bisac_description": "string",
      "category_1": "string",
      "category_1_description": "string",
      "category_2": "string",
      "category_2_description": "string",
      "customer_account_number": "string",
      "customer_org_number": "number",
      "division": "string",
      "division_name": "string",
      "end_date": "string",
      "entered_by": "string",
      "entered_date": "string",
      "final_destination_country": "string",
      "format": "string",
      "format_description": "string",
      "notes": "string",
      "organization_name": "string",
      "override": "string",
      "owner": "string",
      "owner_description": "string",
      "party_id": "string",
      "reporting_group": "string",
      "reporting_group_description": "string",
      "sales_force": "string",
      "sales_force_id": "number",
      "sales_force_name": "string",
      "sales_rep": "string",
      "sales_rep_name": "string",
      "sf_assign_id": "number",
      "ship_to_country": "string",
      "ship_to_name": "any",
      "ship_to_number": "string",
      "ship_to_state": "string",
      "start_date": "string",
      "state_province": "string",
      "status": "string",
      "sub_format": "string",
      "sub_format_description": "string",
      "territory": "string",
      "territory_name": "string",
      "updated_by": "string",
      "updated_date": "string",
      "cust_accnt_id": "string",
      "SF_DIV_ID": "number",
      "SF_TERRITORY_ID": "number"
    },
    "SalesrepColArray": {
      "sales_rep_name": "string",
      "sales_rep_number": "string",
      "sf_sales_rep_id": "number"
    },
    "SalesRepLOVType": {
      "items": [
        {
          "sales_rep_name": "string",
          "sales_rep_number": "string",
          "sf_sales_rep_id": "number"
        }
      ]
    },
    "SubFormatLOVSDPType": {
      "items": [
        {
          "description": "string",
          "flex_value": "string"
        }
      ]
    },
    "@decorators.FormatLOVSDPType_copy": {
      "endpoint": "getDistributionTitleRightsGetValueSetsInfo",
      "service": "devOrds",
      "path": "response"
    },
    "TerritoryArraytype": {
      "sf_territory_id": "number",
      "territory_name": "string",
      "territory_number": "string"
    }
  },
  "eventListeners": {
    "buttonAction": {
      "chains": [
        {
          "chainId": "FetchSalesAssignTbl"
        }
      ]
    },
    "buttonAction12": {
      "chains": [
        {
          "chainId": "FetchAssignAccountAction"
        }
      ]
    },
    "buttonAction2": {
      "chains": [
        {
          "chainId": "ButtonActionChain1"
        }
      ]
    },
    "buttonAction3": {
      "chains": [
        {
          "chainId": "ResetBtnAction"
        }
      ]
    },
    "buttonAction4": {
      "chains": [
        {
          "chainId": "CloseAssignDlgAction"
        }
      ]
    },
    "buttonAction6": {
      "chains": [
        {
          "chainId": "CreateSalesDlgOpenAction"
        }
      ]
    },
    "buttonAction7": {
      "chains": [
        {
          "chainId": "CreateAssignSalesAction"
        }
      ]
    },
    "buttonAction9": {
      "chains": [
        {
          "chainId": "ResetBtnAction"
        }
      ]
    },
    "comboKeyup": {
      "chains": [
{
          "chainId": "ComboKeyupChain",
          "parameters": {
            "CurrentValue": "[[ $event.srcElement.value ]]"
          }
        }
      ]
    },
    "comboKeyup2": {
      "chains": [
        {
          "chainId": "AccountKeyUpAction",
          "parameters": {
            "CurrentValue": "[[ $event.srcElement.value ]]"
          }
        }
      ]
    },
    "comboKeyup3": {
      "chains": [
        {
          "chainId": "BISACKeyUpAction",
          "parameters": {
            "CUrrentValue": "[[ $event.srcElement.value ]]",
            "CurrentValue": "[[ $event.srcElement.value ]]"
          }
        }
      ]
    },
    "comboValue": {
      "chains": [
        {
          "chainId": "OrgValueChangeAction",
          "parameters": {
            "value": "{{ $event.detail.value }}",
            "detail": "[[ $event.detail ]]"
          }
        }
      ]
    },
    "comboValue10": {
      "chains": [
        {
          "chainId": "DivisionValueChangeAction",
          "parameters": {
            "value": "{{ $event.detail.value }}"
          }
        }
      ]
    },
    "comboValue11": {
      "chains": [
        {
          "chainId": "ReportingGroupEditValueChangeAction",
          "parameters": {
            "value": "{{ $event.detail.value }}"
          }
        }
      ]
    },
    "comboValue12": {
      "chains": [
        {
          "chainId": "category1EditValChange",
          "parameters": {
            "value": "{{ $event.detail.value }}"
          }
        }
      ]
    },
    "comboValue13": {
      "chains": [
        {
          "chainId": "Category2EditValueChange",
          "parameters": {
            "value": "{{ $event.detail.value }}"
          }
        }
      ]
    },
    "comboValue14": {
      "chains": [
        {
          "chainId": "EditOwnerValueChange",
          "parameters": {
            "value": "{{ $event.detail.value }}"
          }
        }
      ]
    },
    "comboValue2": {
      "chains": [
        {
          "chainId": "OrgValueChangeAction",
          "parameters": {
            "value": "[[ $event.detail.value ]]"
          }
        }
      ]
    },
    "comboValue3": {
      "chains": [
        {
          "chainId": "AccountNumValueChange",
          "parameters": {
            "value": "{{ $event.detail.value }}",
            "details": "[[ $event.detail ]]"
          }
        }
      ]
    },
    "comboValue4": {
      "chains": [
        {
          "chainId": "BISACValChangeAction",
          "parameters": {
            "value": "{{ $event.detail.value }}"
          }
        }
      ]
    },
    "comboValue5": {
      "chains": [
        {
          "chainId": "RowBisacValueChange",
          "parameters": {
            "value": "{{ $event.detail.value }}",
            "key": "{{ $current.key }}",
            "index": "{{ $current.index }}",
            "current": "{{ $current }}"
          }
        }
      ]
    },
    "comboValue6": {
      "chains": [
        {
          "chainId": "RowAccountNumValueChange",
          "parameters": {
            "value": "[[ $event.detail.value ]]"
          }
        }
      ]
    },
    "comboValue7": {
      "chains": [
        {
          "chainId": "RowOrgValueChangeAction",
          "parameters": {
            "value": "[[ $event.detail.value ]]"
          }
        }
      ]
    },
    "comboValue8": {
      "chains": [
        {
          "chainId": "TerritoryvalueChange",
          "parameters": {
            "value": "{{ $event.detail.value }}",
            "key": "{{ $current.key }}",
            "index": "{{ $current.index }}",
            "current": "{{ $current }}",
            "currentDetails": "[[ $event.detail ]]"
          }
        }
      ]
    },
    "comboValue9": {
      "chains": [
        {
          "chainId": "RowSalesRepValueChangeAction",
          "parameters": {
            "value": "{{ $event.detail.value }}",
            "key": "{{ $current.key }}",
            "index": "{{ $current.index }}",
            "current": "{{ $current }}"
          }
        }
      ]
    },
    "hyperlinkClick": {
      "chains": [
        {
          "chainId": "assignSFnumberAction",
          "parameters": {
            "key": "{{ $current.key }}",
            "index": "{{ $current.index }}",
            "current": "{{ $current }}"
          }
        }
      ]
    },
    "iconClick": {
      "chains": [
        {
          "chainId": "DeleteAssignSalesAction",
          "parameters": {
            "current": "{{$current}}",
            "index": "{{$current.index}}",
            "key": "{{$current.key}}"
          }
        }
      ]
    },
    "iconClick2": {
      "chains": [
        {
          "chainId": "SaveAssignedSalesAction",
          "parameters": {
            "key": "{{ $current.key }}",
            "index": "{{ $current.index }}",
            "current": "{{ $current }}"
          }
        }
      ]
    },
    "iconClick3": {
      "chains": [
        {
          "chainId": "EditIconClickAction",
          "parameters": {
            "key": "{{ $current.key }}",
            "index": "{{ $current.index }}",
            "current": "{{ $current }}"
          }
        }
      ]
    },
    "selectValue": {
      "chains": [
        {
          "chainId": "SHipToValueChangeACtion",
          "parameters": {
            "value": "[[ $event.detail.value ]]"
          }
        }
      ]
    },
    "selectValue2": {
      "chains": [
        {
          "chainId": "RowShipToNumValChange",
          "parameters": {
            "value": "{{ $event.detail.value }}",
            "key": "{{ $current.key }}",
            "index": "{{ $current.index }}",
            "current": "{{ $current }}"
          }
        }
      ]
    },
    "selectValueItem": {
      "chains": [
        {
          "chainId": "OwnerValueChangeAction",
          "parameters": {
            "key": "{{$event.detail.value.key}}",
            "data": "{{$event.detail.value.data}}",
            "metadata": "{{$event.detail.value.metadata}}"
          }
        }
      ]
    },
    "selectValueItem10": {
      "chains": [
        {
          "chainId": "AccountValueChangeAction",
          "parameters": {
            "key": "{{$event.detail.value.key}}",
            "data": "{{$event.detail.value.data}}",
            "metadata": "{{$event.detail.value.metadata}}"
          }
        }
      ]
    },
    "selectValueItem11": {
      "chains": [
        {
          "chainId": "SalesForcevalueChangeAction",
          "parameters": {
            "key": "{{$event.detail.value.key}}",
            "data": "{{$event.detail.value.data}}",
            "metadata": "{{$event.detail.value.metadata}}"
          }
        }
      ]
    },
    "selectValueItem12": {
      "chains": [
        {
          "chainId": "AssignCreateAccountnumberValueChange",
          "parameters": {
            "key": "{{$event.detail.value.key}}",
            "data": "{{$event.detail.value.data}}",
            "metadata": "{{$event.detail.value.metadata}}"
          }
        }
      ]
    },
    "selectValueItem13": {
      "chains": [
        {
          "chainId": "rowSaleForceValueChangeValucchange",
          "parameters": {
            "key": "{{ $current.key }}",
            "data": "{{$event.detail.value.data}}",
            "metadata": "{{$event.detail.value.metadata}}",
            "index": "{{ $current.index }}",
            "current": "{{ $current }}"
          }
        }
      ]
    },
    "selectValueItem14": {
      "chains": [
        {
          "chainId": "rowAccountValueChange",
          "parameters": {
            "key": "{{ $current.key }}",
            "data": "{{$event.detail.value.data}}",
            "metadata": "{{$event.detail.value.metadata}}",
            "index": "{{ $current.index }}",
            "current": "{{ $current }}"
          }
        }
      ]
    },
    "selectValueItem15": {
      "chains": [
        {
          "chainId": "RowAssignAccountTypeValueChangeAction",
          "parameters": {
            "key": "{{ $current.key }}",
            "data": "{{$event.detail.value.data}}",
            "metadata": "{{$event.detail.value.metadata}}",
            "index": "{{ $current.index }}",
            "current": "{{ $current }}"
          }
        }
      ]
    },
    "selectValueItem16": {
      "chains": [
        {
          "chainId": "SelectValueItemChangeChain3",
          "parameters": {
            "key": "{{ $current.key }}",
            "data": "{{$event.detail.value.data}}",
            "metadata": "{{$event.detail.value.metadata}}",
            "index": "{{ $current.index }}",
            "current": "{{ $current }}"
          }
        }
      ]
    },
    "selectValueItem17": {
      "chains": [
        {
          "chainId": "AccountTypeValueChangeAction",
          "parameters": {
            "key": "{{$event.detail.value.key}}",
            "data": "{{$event.detail.value.data}}",
            "metadata": "{{$event.detail.value.metadata}}"
          }
        }
      ]
    },
    "selectValueItem18": {
      "chains": [
        {
          "chainId": "FormatValueChange",
          "parameters": {
            "key": "{{$event.detail.value.key}}",
            "data": "{{$event.detail.value.data}}",
            "metadata": "{{$event.detail.value.metadata}}"
          }
        }
      ]
    },
    "selectValueItem19": {
      "chains": [
        {
          "chainId": "SubFormatValueChange",
          "parameters": {
            "key": "{{$event.detail.value.key}}",
            "data": "{{$event.detail.value.data}}",
            "metadata": "{{$event.detail.value.metadata}}"
          }
        }
      ]
    },
    "selectValueItem2": {
      "chains": [
        {
          "chainId": "ReportingGroupValueChangeAction",
          "parameters": {
            "key": "{{$event.detail.value.key}}",
            "data": "{{$event.detail.value.data}}",
            "metadata": "{{$event.detail.value.metadata}}"
          }
        }
      ]
    },
    "selectValueItem20": {
      "chains": [
        {
          "chainId": "BisacValueChangeAction",
          "parameters": {
            "key": "{{$event.detail.value.key}}",
            "data": "{{$event.detail.value.data}}",
            "metadata": "{{$event.detail.value.metadata}}"
          }
        }
      ]
    },
    "selectValueItem21": {
      "chains": [
        {
          "chainId": "DivisionNumberValueChange",
          "parameters": {
            "key": "{{$event.detail.value.key}}",
            "data": "{{$event.detail.value.data}}",
            "metadata": "{{$event.detail.value.metadata}}"
          }
        }
      ]
    },
    "selectValueItem22": {
      "chains": [
        {
          "chainId": "TerritoryNumberValueChange",
          "parameters": {
            "key": "{{$event.detail.value.key}}",
            "data": "{{$event.detail.value.data}}",
            "metadata": "{{$event.detail.value.metadata}}"
          }
        }
      ]
    },
    "selectValueItem23": {
      "chains": [
        {
          "chainId": "SalesRepNumberValueChangeAction",
          "parameters": {
            "key": "{{$event.detail.value.key}}",
            "data": "{{$event.detail.value.data}}",
            "metadata": "{{$event.detail.value.metadata}}"
          }
        }
      ]
    },
    "selectValueItem24": {
      "chains": [
        {
          "chainId": "FormatValueChangeAction",
          "parameters": {
            "key": "{{$event.detail.value.key}}",
            "data": "{{$event.detail.value.data}}",
            "metadata": "{{$event.detail.value.metadata}}"
          }
        }
      ]
    },
    "selectValueItem25": {
      "chains": [
        {
          "chainId": "SubFormatValueChangeAction",
          "parameters": {
            "key": "{{$event.detail.value.key}}",
            "data": "{{$event.detail.value.data}}",
            "metadata": "{{$event.detail.value.metadata}}"
          }
        }
      ]
    },
    "selectValueItem26": {
      "chains": [
        {
          "chainId": "RowSalesForceValueChange",
          "parameters": {
            "key": "{{ $current.key }}",
            "data": "{{$event.detail.value.data}}",
            "metadata": "{{$event.detail.value.metadata}}",
            "index": "{{ $current.index }}",
            "current": "{{ $current }}"
          }
        }
      ]
    },
    "selectValueItem27": {
      "chains": [
        {
          "chainId": "RowOwnerValueChangeAction1",
          "parameters": {
            "key": "{{ $current.key }}",
            "data": "{{$event.detail.value.data}}",
            "metadata": "{{$event.detail.value.metadata}}",
            "index": "{{ $current.index }}",
            "current": "{{ $current }}"
          }
        }
      ]
    },
    "selectValueItem28": {
      "chains": [
        {
          "chainId": "ReportingGroupRowEditAction",
          "parameters": {
            "key": "{{ $current.key }}",
            "data": "{{$event.detail.value.data}}",
            "metadata": "{{$event.detail.value.metadata}}",
            "index": "{{ $current.index }}",
            "current": "{{ $current }}"
          }
        }
      ]
    },
    "selectValueItem29": {
      "chains": [
        {
          "chainId": "RowCatLOV1ValueChangeAction",
          "parameters": {
            "key": "{{ $current.key }}",
            "data": "{{$event.detail.value.data}}",
            "metadata": "{{$event.detail.value.metadata}}",
            "index": "{{ $current.index }}",
            "current": "{{ $current }}"
          }
        }
      ]
    },
    "selectValueItem3": {
      "chains": [
        {
          "chainId": "Category1ValueChangeAction",
          "parameters": {
            "key": "{{$event.detail.value.key}}",
            "data": "{{$event.detail.value.data}}",
            "metadata": "{{$event.detail.value.metadata}}"
          }
        }
      ]
    },
    "selectValueItem33": {
      "chains": [
        {
          "chainId": "AssignRowSalesForcevalueChange",
          "parameters": {
            "key": "{{ $current.key }}",
            "data": "{{$event.detail.value.data}}",
            "metadata": "{{$event.detail.value.metadata}}",
            "index": "{{ $current.index }}",
            "current": "{{ $current }}"
          }
        }
      ]
    },
    "selectValueItem34": {
      "chains": [
        {
          "chainId": "AssignRowOwnerValueChangeAction",
          "parameters": {
            "key": "{{ $current.key }}",
            "data": "{{$event.detail.value.data}}",
            "metadata": "{{$event.detail.value.metadata}}",
            "index": "{{ $current.index }}",
            "current": "{{ $current }}"
          }
        }
      ]
    },
    "selectValueItem36": {
      "chains": [
        {
          "chainId": "SelectValueItemChangeChain",
          "parameters": {
            "key": "{{ $current.key }}",
            "data": "{{$event.detail.value.data}}",
            "metadata": "{{$event.detail.value.metadata}}",
            "index": "{{ $current.index }}",
            "current": "{{ $current }}"
          }
        }
      ]
    },
    "selectValueItem37": {
      "chains": [
        {
          "chainId": "RowAssignCustOrgNumValueChangeAction",
          "parameters": {
            "key": "{{ $current.key }}",
            "data": "{{$event.detail.value.data}}",
            "metadata": "{{$event.detail.value.metadata}}",
            "index": "{{ $current.index }}",
            "current": "{{ $current }}"
          }
        }
      ]
    },
    "selectValueItem38": {
      "chains": [
        {
          "chainId": "AssignRowRepoGrpValueChangeAction",
          "parameters": {
            "key": "{{ $current.key }}",
            "data": "{{$event.detail.value.data}}",
            "metadata": "{{$event.detail.value.metadata}}",
            "index": "{{ $current.index }}",
            "current": "{{ $current }}"
          }
        }
      ]
    },
    "selectValueItem39": {
      "chains": [
        {
          "chainId": "AssignRowCat1ValueChangeAction",
          "parameters": {
            "key": "{{ $current.key }}",
            "data": "{{$event.detail.value.data}}",
            "metadata": "{{$event.detail.value.metadata}}",
            "index": "{{ $current.index }}",
            "current": "{{ $current }}"
          }
        }
      ]
    },
    "selectValueItem4": {
      "chains": [
        {
          "chainId": "Category2ValueChangeAction",
          "parameters": {
            "key": "{{$event.detail.value.key}}",
            "data": "{{$event.detail.value.data}}",
            "metadata": "{{$event.detail.value.metadata}}"
          }
        }
      ]
    },
    "selectValueItem40": {
      "chains": [
        {
          "chainId": "RowAssignCat2ValueChangeAction",
          "parameters": {
            "key": "{{ $current.key }}",
            "data": "{{$event.detail.value.data}}",
            "metadata": "{{$event.detail.value.metadata}}",
            "index": "{{ $current.index }}",
            "current": "{{ $current }}"
          }
        }
      ]
    },
    "selectValueItem41": {
      "chains": [
        {
          "chainId": "RowFormatValueChangeAction",
          "parameters": {
            "key": "{{ $current.key }}",
            "data": "{{$event.detail.value.data}}",
            "metadata": "{{$event.detail.value.metadata}}",
            "index": "{{ $current.index }}",
            "current": "{{ $current }}"
          }
        }
      ]
    },
    "selectValueItem42": {
      "chains": [
        {
          "chainId": "RowSubformatValueChangeAction",
          "parameters": {
            "key": "{{ $current.key }}",
            "data": "{{$event.detail.value.data}}",
            "metadata": "{{$event.detail.value.metadata}}",
            "index": "{{ $current.index }}",
            "current": "{{ $current }}"
          }
        }
      ]
    },
    "selectValueItem43": {
      "chains": [
        {
          "chainId": "RowAssignBisacValueChangeAction",
          "parameters": {
            "key": "{{ $current.key }}",
            "data": "{{$event.detail.value.data}}",
            "metadata": "{{$event.detail.value.metadata}}",
            "index": "{{ $current.index }}",
            "current": "{{ $current }}"
          }
        }
      ]
    },
    "selectValueItem44": {
      "chains": [
        {
          "chainId": "RowAssignAccountNumValueChangeAction",
          "parameters": {
            "key": "{{ $current.key }}",
            "data": "{{$event.detail.value.data}}",
            "metadata": "{{$event.detail.value.metadata}}",
            "index": "{{ $current.index }}",
            "current": "{{ $current }}"
          }
        }
      ]
    },
    "selectValueItem45": {
      "chains": [
        {
          "chainId": "AssignCustOrgNumValueChangeAction",
          "parameters": {
            "key": "{{$event.detail.value.key}}",
            "data": "{{$event.detail.value.data}}",
            "metadata": "{{$event.detail.value.metadata}}"
          }
        }
      ]
    },
    "selectValueItem46": {
      "chains": [
        {
          "chainId": "AssignRowDivisionValueChangeAction",
          "parameters": {
            "key": "{{ $current.key }}",
            "data": "{{$event.detail.value.data}}",
            "metadata": "{{$event.detail.value.metadata}}",
            "index": "{{ $current.index }}",
            "current": "{{ $current }}"
          }
        }
      ]
    },
    "selectValueItem48": {
      "chains": [
        {
          "chainId": "RowAssignSalesRepValueChangeAction",
          "parameters": {
            "key": "{{ $current.key }}",
            "data": "{{$event.detail.value.data}}",
            "metadata": "{{$event.detail.value.metadata}}",
            "index": "{{ $current.index }}",
            "current": "{{ $current }}"
          }
        }
      ]
    },
    "selectValueItem5": {
      "chains": [
        {
          "chainId": "OwnerValueChangeAction_Assign",
          "parameters": {
            "data": "{{$event.detail.value.data}}",
            "key": "{{ $current.key }}",
            "metadata": "$event.detail.value.metadata}}",
            "current": "{{ $current }}",
            "index": "{{ $current.index }}",
            "value": "[[ $event.detail.value ]]"
          }
        }
      ]
    },
    "selectValueItem6": {
      "chains": [
        {
          "chainId": "ReportingGroupValueChangeAction_Assign",
          "parameters": {
            "data": "{{$event.detail.value.data}}",
            "key": "{{$event.detail.value.key}}",
            "metadata": "{{$event.detail.value.metadata}}"
          }
        }
      ]
    },
    "selectValueItem7": {
      "chains": [
        {
          "chainId": "Category1ValueChangeAction_Assign",
          "parameters": {
            "data": "{{$event.detail.value.data}}",
            "key": "{{$event.detail.value.key}}",
            "metadata": "{{$event.detail.value.metadata}}"
          }
        }
      ]
    },
    "selectValueItem8": {
      "chains": [
        {
          "chainId": "Category2ValueChangeAction_Assign",
          "parameters": {
            "metadata": "{{$event.detail.value.metadata}}",
            "key": "{{$event.detail.value.key}}",
            "data": "{{$event.detail.value.data}}"
          }
        }
      ]
    },
    "selectValueItem9": {
      "chains": [
        {
          "chainId": "sfNumberValueChangeAction",
          "parameters": {
            "key": "{{$event.detail.value.key}}",
            "data": "{{$event.detail.value.data}}",
            "metadata": "{{$event.detail.value.metadata}}"
          }
        }
      ]
    },
    "tableBeforeRowEdit2": {
      "chains": [
        {
          "chainId": "SalesAssignTblBeforeRowEdit",
          "parameters": {
            "rowKey": "{{$event.detail.rowContext.status.rowKey}}",
            "rowIndex": "{{$event.detail.rowContext.status.rowIndex}}",
            "rowData": "{{$event.detail.rowContext.componentElement.getDataForVisibleRow($event.detail.rowContext.status.rowIndex).data}}"
          }
        }
      ]
    },
    "tableBeforeRowEdit3": {
      "chains": [
        {
          "chainId": "AccountTypeBeforeEditAction",
          "parameters": {
            "rowKey": "{{$event.detail.rowContext.status.rowKey}}",
            "rowIndex": "{{$event.detail.rowContext.status.rowIndex}}",
            "rowData": "{{$event.detail.rowContext.componentElement.getDataForVisibleRow($event.detail.rowContext.status.rowIndex).data}}"
          }
        }
      ]
    },
    "tableBeforeRowEditEnd2": {
      "chains": [
        {
          "chainId": "SalesAssignTblBeforeRowEditEnd",
          "parameters": {
            "cancelEdit": "{{$event.detail.cancelEdit}}",
            "rowKey": "{{$event.detail.rowContext.status.rowKey}}",
            "rowIndex": "{{$event.detail.rowContext.status.rowIndex}}",
            "rowData": "{{$event.detail.rowContext.componentElement.getDataForVisibleRow($event.detail.rowContext.status.rowIndex).data}}"
          }
        }
      ]
    },
    "tableBeforeRowEditEnd3": {
      "chains": [
        {
          "chainId": "AccountTypeBeforeRowEditEndAction",
          "parameters": {
            "cancelEdit": "{{$event.detail.cancelEdit}}",
            "rowKey": "{{$event.detail.rowContext.status.rowKey}}",
            "rowIndex": "{{$event.detail.rowContext.status.rowIndex}}",
            "rowData": "{{$event.detail.rowContext.componentElement.getDataForVisibleRow($event.detail.rowContext.status.rowIndex).data}}"
          }
        }
      ]
    },
    "toggleDrawer": {
      "chains": [
        {
          "chainId": "application:toggleDrawerHandler"
        }
      ]
    },
    "vbEnter": {
      "chains": [
        {
          "parameters": {},
          "chainId": "VBEnterEvent"
        },
        {
          "parameters": {},
          "chainId": "FetchSalesForce"
        }
      ]
    }

  },
  "imports": {
    "components": {
      "oj-button": {
        "path": "ojs/ojbutton"
      },
      "oj-collapsible": {
        "path": "ojs/ojcollapsible"
      },
      "oj-combobox-one": {
        "path": "ojs/ojselectcombobox"
      },
      "oj-dialog": {
        "path": "ojs/ojdialog"
      },
      "oj-form-layout": {
        "path": "ojs/ojformlayout"
      },
      "oj-input-date": {
        "path": "ojs/ojdatetimepicker"
      },
      "oj-input-number": {
        "path": "ojs/ojinputnumber"
      },
      "oj-input-text": {
        "path": "ojs/ojinputtext"
      },
      "oj-option": {
        "path": "ojs/ojoption"
      },
      "oj-sample-export-data": {
        "path": "oj-sample/export-data/loader"
      },
      "oj-select-single": {
        "path": "ojs/ojselectsingle"
      },
      "oj-table": {
        "path": "ojs/ojtable"
      },
      "oj-text-area": {
        "path": "ojs/ojinputtext"
      },
      "oj-validation-group": {
        "path": "ojs/ojvalidationgroup"
      }
    },
    "modules": {
      "ojValidationDateTime": {
        "path": "ojs/ojvalidation-datetime"
      },
      "ojValidationNumber": {
        "path": "ojs/ojvalidation-number"
      }
    }
  }
}