{
    "items": [
        {
            "party_number": "1040"
        },
        {
            "party_number": "1057"
        },
        {
            "party_number": "1063"
        },
        {
            "party_number": "1068"
        },
        {
            "party_number": "1016"
        },
        {
            "party_number": "1019"
        },
        {
            "party_number": "1022"
        },
        {
            "party_number": "1027"
        },
        {
            "party_number": "1183"
        },
        {
            "party_number": "1188"
        },
        {
            "party_number": "1195"
        },
        {
            "party_number": "1084"
        },
        {
            "party_number": "1086"
        },
        {
            "party_number": "1100"
        },
        {
            "party_number": "1105"
        },
        {
            "party_number": "1106"
        },
        {
            "party_number": "1110"
        },
        {
            "party_number": "1111"
        },
        {
            "party_number": "1115"
        },
        {
            "party_number": "1132"
        },
        {
            "party_number": "1148"
        },
        {
            "party_number": "1156"
        },
        {
            "party_number": "1177"
        },
        {
            "party_number": "1261"
        },
        {
            "party_number": "1266"
        },
        {
            "party_number": "1270"
        },
        {
            "party_number": "1271"
        },
        {
            "party_number": "1286"
        },
        {
            "party_number": "1287"
        },
        {
            "party_number": "1296"
        },
        {
            "party_number": "1304"
        },
        {
            "party_number": "1309"
        },
        {
            "party_number": "1312"
        },
        {
            "party_number": "1316"
        },
        {
            "party_number": "1324"
        },
        {
            "party_number": "1210"
        },
        {
            "party_number": "1236"
        },
        {
            "party_number": "1246"
        },
        {
            "party_number": "1254"
        },
        {
            "party_number": "1255"
        },
        {
            "party_number": "1473"
        },
        {
            "party_number": "1476"
        },
        {
            "party_number": "1359"
        },
        {
            "party_number": "1366"
        },
        {
            "party_number": "1374"
        },
        {
            "party_number": "1383"
        },
        {
            "party_number": "1392"
        },
        {
            "party_number": "1399"
        },
        {
            "party_number": "1403"
        },
        {
            "party_number": "1404"
        },
        {
            "party_number": "1406"
        },
        {
            "party_number": "1408"
        },
        {
            "party_number": "1414"
        },
        {
            "party_number": "1422"
        },
        {
            "party_number": "1424"
        },
        {
            "party_number": "1455"
        },
        {
            "party_number": "1464"
        },
        {
            "party_number": "1555"
        },
        {
            "party_number": "1556"
        },
        {
            "party_number": "1564"
        },
        {
            "party_number": "1571"
        },
        {
            "party_number": "1579"
        },
        {
            "party_number": "1585"
        },
        {
            "party_number": "1596"
        },
        {
            "party_number": "1598"
        },
        {
            "party_number": "1601"
        },
        {
            "party_number": "1605"
        },
        {
            "party_number": "1608"
        },
        {
            "party_number": "1493"
        },
        {
            "party_number": "1496"
        },
        {
            "party_number": "1506"
        },
        {
            "party_number": "1507"
        },
        {
            "party_number": "1508"
        },
        {
            "party_number": "1510"
        },
        {
            "party_number": "1512"
        },
        {
            "party_number": "1513"
        },
        {
            "party_number": "1518"
        },
        {
            "party_number": "1535"
        },
        {
            "party_number": "1753"
        },
        {
            "party_number": "1769"
        },
        {
            "party_number": "1620"
        },
        {
            "party_number": "1628"
        },
        {
            "party_number": "1643"
        },
        {
            "party_number": "1646"
        },
        {
            "party_number": "1649"
        },
        {
            "party_number": "1652"
        },
        {
            "party_number": "1659"
        },
        {
            "party_number": "1672"
        },
        {
            "party_number": "1678"
        },
        {
            "party_number": "1687"
        },
        {
            "party_number": "1688"
        },
        {
            "party_number": "1690"
        },
        {
            "party_number": "1691"
        },
        {
            "party_number": "1693"
        },
        {
            "party_number": "1694"
        },
        {
            "party_number": "1708"
        },
        {
            "party_number": "1725"
        },
        {
            "party_number": "1727"
        },
        {
            "party_number": "1728"
        },
        {
            "party_number": "1730"
        },
        {
            "party_number": "1731"
        },
        {
            "party_number": "1738"
        },
        {
            "party_number": "1740"
        },
        {
            "party_number": "1834"
        },
        {
            "party_number": "1836"
        },
        {
            "party_number": "1857"
        },
        {
            "party_number": "1863"
        },
        {
            "party_number": "1868"
        },
        {
            "party_number": "1878"
        },
        {
            "party_number": "1879"
        },
        {
            "party_number": "1896"
        },
        {
            "party_number": "1774"
        },
        {
            "party_number": "1793"
        },
        {
            "party_number": "1803"
        },
        {
            "party_number": "1818"
        },
        {
            "party_number": "1821"
        },
        {
            "party_number": "1823"
        },
        {
            "party_number": "1824"
        },
        {
            "party_number": "2040"
        },
        {
            "party_number": "2046"
        },
        {
            "party_number": "2053"
        },
        {
            "party_number": "1905"
        },
        {
            "party_number": "1910"
        },
        {
            "party_number": "1915"
        },
        {
            "party_number": "1917"
        },
        {
            "party_number": "1919"
        },
        {
            "party_number": "1927"
        },
        {
            "party_number": "1928"
        },
        {
            "party_number": "1948"
        },
        {
            "party_number": "1954"
        },
        {
            "party_number": "1956"
        },
        {
            "party_number": "1959"
        },
        {
            "party_number": "1963"
        },
        {
            "party_number": "1975"
        },
        {
            "party_number": "1989"
        },
        {
            "party_number": "2022"
        },
        {
            "party_number": "2112"
        },
        {
            "party_number": "2138"
        },
        {
            "party_number": "2142"
        },
        {
            "party_number": "2147"
        },
        {
            "party_number": "2148"
        },
        {
            "party_number": "2149"
        },
        {
            "party_number": "2161"
        },
        {
            "party_number": "2165"
        },
        {
            "party_number": "2168"
        },
        {
            "party_number": "2170"
        },
        {
            "party_number": "2174"
        },
        {
            "party_number": "2179"
        },
        {
            "party_number": "2180"
        },
        {
            "party_number": "2187"
        },
        {
            "party_number": "2059"
        },
        {
            "party_number": "2069"
        },
        {
            "party_number": "2070"
        },
        {
            "party_number": "2075"
        },
        {
            "party_number": "2077"
        },
        {
            "party_number": "2088"
        },
        {
            "party_number": "2091"
        },
        {
            "party_number": "2092"
        },
        {
            "party_number": "2093"
        },
        {
            "party_number": "2095"
        },
        {
            "party_number": "2335"
        },
        {
            "party_number": "2188"
        },
        {
            "party_number": "2198"
        },
        {
            "party_number": "2204"
        },
        {
            "party_number": "2217"
        },
        {
            "party_number": "2220"
        },
        {
            "party_number": "2231"
        },
        {
            "party_number": "2247"
        },
        {
            "party_number": "2250"
        },
        {
            "party_number": "2266"
        },
        {
            "party_number": "2269"
        },
        {
            "party_number": "2274"
        },
        {
            "party_number": "2294"
        },
        {
            "party_number": "2301"
        },
        {
            "party_number": "2304"
        },
        {
            "party_number": "2306"
        },
        {
            "party_number": "2322"
        },
        {
            "party_number": "2404"
        },
        {
            "party_number": "2414"
        },
        {
            "party_number": "2420"
        },
        {
            "party_number": "2421"
        },
        {
            "party_number": "2424"
        },
        {
            "party_number": "2426"
        },
        {
            "party_number": "2437"
        },
        {
            "party_number": "2439"
        },
        {
            "party_number": "2442"
        },
        {
            "party_number": "2443"
        },
        {
            "party_number": "2446"
        },
        {
            "party_number": "2452"
        },
        {
            "party_number": "2466"
        },
        {
            "party_number": "2467"
        },
        {
            "party_number": "2379"
        },
        {
            "party_number": "2380"
        },
        {
            "party_number": "2381"
        },
        {
            "party_number": "2383"
        },
        {
            "party_number": "2391"
        },
        {
            "party_number": "2618"
        },
        {
            "party_number": "2622"
        },
        {
            "party_number": "2483"
        },
        {
            "party_number": "2494"
        },
        {
            "party_number": "2526"
        },
        {
            "party_number": "2542"
        },
        {
            "party_number": "2544"
        },
        {
            "party_number": "2578"
        },
        {
            "party_number": "2591"
        },
        {
            "party_number": "2603"
        },
        {
            "party_number": "2689"
        },
        {
            "party_number": "2704"
        },
        {
            "party_number": "2728"
        },
        {
            "party_number": "2746"
        },
        {
            "party_number": "2749"
        },
        {
            "party_number": "2627"
        },
        {
            "party_number": "2629"
        },
        {
            "party_number": "2638"
        },
        {
            "party_number": "2650"
        },
        {
            "party_number": "2651"
        },
        {
            "party_number": "2677"
        },
        {
            "party_number": "2682"
        },
        {
            "party_number": "2894"
        },
        {
            "party_number": "2895"
        },
        {
            "party_number": "2761"
        },
        {
            "party_number": "2776"
        },
        {
            "party_number": "2782"
        },
        {
            "party_number": "2792"
        },
        {
            "party_number": "2804"
        },
        {
            "party_number": "2812"
        },
        {
            "party_number": "2817"
        },
        {
            "party_number": "2840"
        },
        {
            "party_number": "2843"
        },
        {
            "party_number": "2859"
        },
        {
            "party_number": "2861"
        },
        {
            "party_number": "2863"
        },
        {
            "party_number": "2878"
        },
        {
            "party_number": "2882"
        },
        {
            "party_number": "2883"
        },
        {
            "party_number": "2885"
        },
        {
            "party_number": "2886"
        },
        {
            "party_number": "2891"
        },
        {
            "party_number": "2892"
        },
        {
            "party_number": "2970"
        },
        {
            "party_number": "2971"
        },
        {
            "party_number": "2974"
        },
        {
            "party_number": "2992"
        },
        {
            "party_number": "2993"
        },
        {
            "party_number": "3002"
        },
        {
            "party_number": "3022"
        },
        {
            "party_number": "2914"
        },
        {
            "party_number": "2923"
        },
        {
            "party_number": "2932"
        },
        {
            "party_number": "2955"
        },
        {
            "party_number": "2961"
        },
        {
            "party_number": "3188"
        },
        {
            "party_number": "3052"
        },
        {
            "party_number": "3061"
        },
        {
            "party_number": "3073"
        },
        {
            "party_number": "3079"
        },
        {
            "party_number": "3094"
        },
        {
            "party_number": "3099"
        },
        {
            "party_number": "3101"
        },
        {
            "party_number": "3103"
        },
        {
            "party_number": "3104"
        },
        {
            "party_number": "3107"
        },
        {
            "party_number": "3118"
        },
        {
            "party_number": "3121"
        },
        {
            "party_number": "3139"
        },
        {
            "party_number": "3141"
        },
        {
            "party_number": "3150"
        },
        {
            "party_number": "3152"
        },
        {
            "party_number": "3163"
        },
        {
            "party_number": "3166"
        },
        {
            "party_number": "3169"
        },
        {
            "party_number": "5243"
        },
        {
            "party_number": "5493"
        },
        {
            "party_number": "4676"
        },
        {
            "party_number": "4682"
        },
        {
            "party_number": "4959"
        },
        {
            "party_number": "4964"
        },
        {
            "party_number": "5542"
        },
        {
            "party_number": "5543"
        },
        {
            "party_number": "5545"
        },
        {
            "party_number": "4687"
        },
        {
            "party_number": "4690"
        },
        {
            "party_number": "4701"
        },
        {
            "party_number": "4981"
        },
        {
            "party_number": "5552"
        },
        {
            "party_number": "5554"
        },
        {
            "party_number": "5558"
        },
        {
            "party_number": "5562"
        },
        {
            "party_number": "5584"
        },
        {
            "party_number": "5586"
        },
        {
            "party_number": "5587"
        },
        {
            "party_number": "4709"
        },
        {
            "party_number": "4710"
        },
        {
            "party_number": "4711"
        },
        {
            "party_number": "4720"
        },
        {
            "party_number": "4993"
        },
        {
            "party_number": "5002"
        },
        {
            "party_number": "5003"
        },
        {
            "party_number": "5007"
        },
        {
            "party_number": "5594"
        },
        {
            "party_number": "5595"
        },
        {
            "party_number": "5598"
        },
        {
            "party_number": "5602"
        },
        {
            "party_number": "4430"
        },
        {
            "party_number": "4737"
        },
        {
            "party_number": "5012"
        },
        {
            "party_number": "5014"
        },
        {
            "party_number": "5023"
        },
        {
            "party_number": "5027"
        },
        {
            "party_number": "5273"
        },
        {
            "party_number": "4451"
        },
        {
            "party_number": "4747"
        },
        {
            "party_number": "4752"
        },
        {
            "party_number": "5030"
        },
        {
            "party_number": "5032"
        },
        {
            "party_number": "5037"
        },
        {
            "party_number": "5046"
        },
        {
            "party_number": "5280"
        },
        {
            "party_number": "5289"
        },
        {
            "party_number": "5291"
        },
        {
            "party_number": "5294"
        },
        {
            "party_number": "5295"
        },
        {
            "party_number": "4469"
        },
        {
            "party_number": "4762"
        },
        {
            "party_number": "4763"
        },
        {
            "party_number": "4768"
        },
        {
            "party_number": "4777"
        },
        {
            "party_number": "5050"
        },
        {
            "party_number": "5055"
        },
        {
            "party_number": "5061"
        },
        {
            "party_number": "5063"
        },
        {
            "party_number": "5308"
        },
        {
            "party_number": "4475"
        },
        {
            "party_number": "5073"
        },
        {
            "party_number": "5080"
        },
        {
            "party_number": "5082"
        },
        {
            "party_number": "5083"
        },
        {
            "party_number": "5322"
        },
        {
            "party_number": "5326"
        },
        {
            "party_number": "5333"
        },
        {
            "party_number": "4496"
        },
        {
            "party_number": "4502"
        },
        {
            "party_number": "4505"
        },
        {
            "party_number": "4807"
        },
        {
            "party_number": "4809"
        },
        {
            "party_number": "4814"
        },
        {
            "party_number": "4817"
        },
        {
            "party_number": "5088"
        },
        {
            "party_number": "5092"
        },
        {
            "party_number": "5094"
        },
        {
            "party_number": "5099"
        },
        {
            "party_number": "5334"
        },
        {
            "party_number": "5336"
        },
        {
            "party_number": "4512"
        },
        {
            "party_number": "4823"
        },
        {
            "party_number": "4835"
        },
        {
            "party_number": "4836"
        },
        {
            "party_number": "5106"
        },
        {
            "party_number": "5118"
        },
        {
            "party_number": "5121"
        },
        {
            "party_number": "5372"
        },
        {
            "party_number": "4538"
        },
        {
            "party_number": "4544"
        },
        {
            "party_number": "4839"
        },
        {
            "party_number": "4842"
        },
        {
            "party_number": "4844"
        },
        {
            "party_number": "4849"
        },
        {
            "party_number": "4851"
        },
        {
            "party_number": "5132"
        },
        {
            "party_number": "5140"
        },
        {
            "party_number": "5141"
        },
        {
            "party_number": "5385"
        },
        {
            "party_number": "5387"
        },
        {
            "party_number": "4860"
        },
        {
            "party_number": "4866"
        },
        {
            "party_number": "4867"
        },
        {
            "party_number": "4871"
        },
        {
            "party_number": "5146"
        },
        {
            "party_number": "5154"
        },
        {
            "party_number": "5155"
        },
        {
            "party_number": "5157"
        },
        {
            "party_number": "5394"
        },
        {
            "party_number": "5406"
        },
        {
            "party_number": "5408"
        },
        {
            "party_number": "5409"
        },
        {
            "party_number": "4570"
        },
        {
            "party_number": "4571"
        },
        {
            "party_number": "4576"
        },
        {
            "party_number": "4880"
        },
        {
            "party_number": "4884"
        },
        {
            "party_number": "4889"
        },
        {
            "party_number": "5175"
        },
        {
            "party_number": "5176"
        },
        {
            "party_number": "5424"
        },
        {
            "party_number": "4595"
        },
        {
            "party_number": "4596"
        },
        {
            "party_number": "4914"
        },
        {
            "party_number": "4915"
        },
        {
            "party_number": "5186"
        },
        {
            "party_number": "5194"
        },
        {
            "party_number": "5435"
        },
        {
            "party_number": "5444"
        },
        {
            "party_number": "5449"
        },
        {
            "party_number": "4612"
        },
        {
            "party_number": "4615"
        },
        {
            "party_number": "4620"
        },
        {
            "party_number": "4621"
        },
        {
            "party_number": "4925"
        },
        {
            "party_number": "4927"
        },
        {
            "party_number": "5218"
        },
        {
            "party_number": "5452"
        },
        {
            "party_number": "5462"
        },
        {
            "party_number": "5463"
        },
        {
            "party_number": "4645"
        },
        {
            "party_number": "4939"
        },
        {
            "party_number": "4940"
        },
        {
            "party_number": "5220"
        },
        {
            "party_number": "5472"
        },
        {
            "party_number": "5473"
        },
        {
            "party_number": "5479"
        },
        {
            "party_number": "5487"
        },
        {
            "party_number": "5489"
        },
        {
            "party_number": "4655"
        },
        {
            "party_number": "4665"
        },
        {
            "party_number": "4356"
        },
        {
            "party_number": "4357"
        },
        {
            "party_number": "3464"
        },
        {
            "party_number": "3465"
        },
        {
            "party_number": "3473"
        },
        {
            "party_number": "3478"
        },
        {
            "party_number": "3767"
        },
        {
            "party_number": "3779"
        },
        {
            "party_number": "3782"
        },
        {
            "party_number": "4360"
        },
        {
            "party_number": "4364"
        },
        {
            "party_number": "3486"
        },
        {
            "party_number": "3492"
        },
        {
            "party_number": "3785"
        },
        {
            "party_number": "3792"
        },
        {
            "party_number": "3793"
        },
        {
            "party_number": "3798"
        },
        {
            "party_number": "4401"
        },
        {
            "party_number": "4411"
        },
        {
            "party_number": "3199"
        },
        {
            "party_number": "3202"
        },
        {
            "party_number": "3816"
        },
        {
            "party_number": "3821"
        },
        {
            "party_number": "4107"
        },
        {
            "party_number": "3222"
        },
        {
            "party_number": "3224"
        },
        {
            "party_number": "3225"
        },
        {
            "party_number": "3520"
        },
        {
            "party_number": "3527"
        },
        {
            "party_number": "3537"
        },
        {
            "party_number": "3832"
        },
        {
            "party_number": "3834"
        },
        {
            "party_number": "3841"
        },
        {
            "party_number": "3842"
        },
        {
            "party_number": "4110"
        },
        {
            "party_number": "4112"
        },
        {
            "party_number": "4115"
        },
        {
            "party_number": "4120"
        },
        {
            "party_number": "4124"
        },
        {
            "party_number": "3235"
        },
        {
            "party_number": "3236"
        },
        {
            "party_number": "3539"
        },
        {
            "party_number": "3543"
        },
        {
            "party_number": "3546"
        },
        {
            "party_number": "3547"
        },
        {
            "party_number": "3551"
        },
        {
            "party_number": "3553"
        },
        {
            "party_number": "3848"
        },
        {
            "party_number": "3851"
        },
        {
            "party_number": "3856"
        },
        {
            "party_number": "4133"
        },
        {
            "party_number": "4147"
        },
        {
            "party_number": "3254"
        },
        {
            "party_number": "3263"
        },
        {
            "party_number": "3264"
        },
        {
            "party_number": "3865"
        },
        {
            "party_number": "4148"
        },
        {
            "party_number": "4160"
        },
        {
            "party_number": "3281"
        },
        {
            "party_number": "3288"
        },
        {
            "party_number": "3585"
        },
        {
            "party_number": "3889"
        },
        {
            "party_number": "3894"
        },
        {
            "party_number": "4173"
        },
        {
            "party_number": "4177"
        },
        {
            "party_number": "3297"
        },
        {
            "party_number": "3303"
        },
        {
            "party_number": "3608"
        },
        {
            "party_number": "3609"
        },
        {
            "party_number": "3900"
        },
        {
            "party_number": "3904"
        },
        {
            "party_number": "3319"
        },
        {
            "party_number": "3321"
        },
        {
            "party_number": "3613"
        },
        {
            "party_number": "3614"
        },
        {
            "party_number": "3922"
        },
        {
            "party_number": "3931"
        },
        {
            "party_number": "4212"
        },
        {
            "party_number": "4216"
        },
        {
            "party_number": "4224"
        },
        {
            "party_number": "3342"
        },
        {
            "party_number": "3638"
        },
        {
            "party_number": "3650"
        },
        {
            "party_number": "3940"
        },
        {
            "party_number": "3944"
        },
        {
            "party_number": "3954"
        },
        {
            "party_number": "4236"
        },
        {
            "party_number": "3356"
        },
        {
            "party_number": "3357"
        },
        {
            "party_number": "3367"
        },
        {
            "party_number": "3973"
        },
        {
            "party_number": "3974"
        },
        {
            "party_number": "3975"
        },
        {
            "party_number": "4248"
        },
        {
            "party_number": "4253"
        },
        {
            "party_number": "3371"
        },
        {
            "party_number": "3376"
        },
        {
            "party_number": "3670"
        },
        {
            "party_number": "3683"
        },
        {
            "party_number": "3687"
        },
        {
            "party_number": "3981"
        },
        {
            "party_number": "3982"
        },
        {
            "party_number": "3985"
        },
        {
            "party_number": "4263"
        },
        {
            "party_number": "4265"
        },
        {
            "party_number": "4266"
        },
        {
            "party_number": "3393"
        },
        {
            "party_number": "3394"
        },
        {
            "party_number": "3405"
        },
        {
            "party_number": "3692"
        },
        {
            "party_number": "3703"
        },
        {
            "party_number": "3705"
        },
        {
            "party_number": "3707"
        },
        {
            "party_number": "4008"
        },
        {
            "party_number": "4009"
        },
        {
            "party_number": "4286"
        },
        {
            "party_number": "4293"
        },
        {
            "party_number": "4296"
        },
        {
            "party_number": "4300"
        },
        {
            "party_number": "3408"
        },
        {
            "party_number": "3418"
        },
        {
            "party_number": "3422"
        },
        {
            "party_number": "3709"
        },
        {
            "party_number": "3711"
        },
        {
            "party_number": "3717"
        },
        {
            "party_number": "4016"
        },
        {
            "party_number": "4024"
        },
        {
            "party_number": "4029"
        },
        {
            "party_number": "4307"
        },
        {
            "party_number": "4311"
        },
        {
            "party_number": "4316"
        },
        {
            "party_number": "3426"
        },
        {
            "party_number": "3439"
        },
        {
            "party_number": "3730"
        },
        {
            "party_number": "3740"
        },
        {
            "party_number": "3742"
        },
        {
            "party_number": "4036"
        },
        {
            "party_number": "4041"
        },
        {
            "party_number": "4050"
        },
        {
            "party_number": "4051"
        },
        {
            "party_number": "3461"
        },
        {
            "party_number": "7660"
        },
        {
            "party_number": "7663"
        },
        {
            "party_number": "7909"
        },
        {
            "party_number": "7085"
        },
        {
            "party_number": "7097"
        },
        {
            "party_number": "7098"
        },
        {
            "party_number": "7913"
        },
        {
            "party_number": "7919"
        },
        {
            "party_number": "7921"
        },
        {
            "party_number": "7928"
        },
        {
            "party_number": "7929"
        },
        {
            "party_number": "7933"
        },
        {
            "party_number": "7942"
        },
        {
            "party_number": "7944"
        },
        {
            "party_number": "7948"
        },
        {
            "party_number": "7949"
        },
        {
            "party_number": "7399"
        },
        {
            "party_number": "7401"
        },
        {
            "party_number": "7957"
        },
        {
            "party_number": "7962"
        },
        {
            "party_number": "7967"
        },
        {
            "party_number": "7968"
        },
        {
            "party_number": "7970"
        },
        {
            "party_number": "7978"
        },
        {
            "party_number": "7983"
        },
        {
            "party_number": "7122"
        },
        {
            "party_number": "7126"
        },
        {
            "party_number": "7132"
        },
        {
            "party_number": "7135"
        },
        {
            "party_number": "7409"
        },
        {
            "party_number": "7410"
        },
        {
            "party_number": "7416"
        },
        {
            "party_number": "7417"
        },
        {
            "party_number": "7419"
        },
        {
            "party_number": "7420"
        },
        {
            "party_number": "7423"
        },
        {
            "party_number": "7990"
        },
        {
            "party_number": "8000"
        },
        {
            "party_number": "8001"
        },
        {
            "party_number": "6841"
        },
        {
            "party_number": "6847"
        },
        {
            "party_number": "6848"
        },
        {
            "party_number": "6851"
        },
        {
            "party_number": "7139"
        },
        {
            "party_number": "7153"
        },
        {
            "party_number": "7156"
        },
        {
            "party_number": "7424"
        },
        {
            "party_number": "7673"
        },
        {
            "party_number": "7678"
        },
        {
            "party_number": "6854"
        },
        {
            "party_number": "6856"
        },
        {
            "party_number": "6863"
        },
        {
            "party_number": "7162"
        },
        {
            "party_number": "7165"
        },
        {
            "party_number": "7166"
        },
        {
            "party_number": "7174"
        },
        {
            "party_number": "7685"
        },
        {
            "party_number": "7693"
        },
        {
            "party_number": "7703"
        },
        {
            "party_number": "6874"
        },
        {
            "party_number": "7178"
        },
        {
            "party_number": "7179"
        },
        {
            "party_number": "7180"
        },
        {
            "party_number": "7185"
        },
        {
            "party_number": "7478"
        },
        {
            "party_number": "7707"
        },
        {
            "party_number": "7708"
        },
        {
            "party_number": "7721"
        },
        {
            "party_number": "6894"
        },
        {
            "party_number": "6897"
        },
        {
            "party_number": "6904"
        },
        {
            "party_number": "7207"
        },
        {
            "party_number": "7208"
        },
        {
            "party_number": "7212"
        },
        {
            "party_number": "7486"
        },
        {
            "party_number": "7490"
        },
        {
            "party_number": "7495"
        },
        {
            "party_number": "7496"
        },
        {
            "party_number": "7497"
        },
        {
            "party_number": "7725"
        },
        {
            "party_number": "7734"
        },
        {
            "party_number": "6912"
        },
        {
            "party_number": "6919"
        },
        {
            "party_number": "6922"
        },
        {
            "party_number": "6925"
        },
        {
            "party_number": "7215"
        },
        {
            "party_number": "7217"
        },
        {
            "party_number": "7224"
        },
        {
            "party_number": "7753"
        },
        {
            "party_number": "6934"
        },
        {
            "party_number": "6938"
        },
        {
            "party_number": "6942"
        },
        {
            "party_number": "6945"
        },
        {
            "party_number": "7241"
        },
        {
            "party_number": "7248"
        },
        {
            "party_number": "7250"
        },
        {
            "party_number": "7253"
        },
        {
            "party_number": "7519"
        },
        {
            "party_number": "7520"
        },
        {
            "party_number": "7529"
        },
        {
            "party_number": "7531"
        },
        {
            "party_number": "7761"
        },
        {
            "party_number": "7763"
        },
        {
            "party_number": "6949"
        },
        {
            "party_number": "6952"
        },
        {
            "party_number": "6956"
        },
        {
            "party_number": "6966"
        },
        {
            "party_number": "7254"
        },
        {
            "party_number": "7265"
        },
        {
            "party_number": "7271"
        },
        {
            "party_number": "7550"
        },
        {
            "party_number": "7783"
        },
        {
            "party_number": "7788"
        },
        {
            "party_number": "7794"
        },
        {
            "party_number": "6969"
        },
        {
            "party_number": "7284"
        },
        {
            "party_number": "7564"
        },
        {
            "party_number": "7567"
        },
        {
            "party_number": "7810"
        },
        {
            "party_number": "7812"
        },
        {
            "party_number": "7814"
        },
        {
            "party_number": "7816"
        },
        {
            "party_number": "7817"
        },
        {
            "party_number": "6988"
        },
        {
            "party_number": "7297"
        },
        {
            "party_number": "7303"
        },
        {
            "party_number": "7306"
        },
        {
            "party_number": "7310"
        },
        {
            "party_number": "7835"
        },
        {
            "party_number": "7013"
        },
        {
            "party_number": "7311"
        },
        {
            "party_number": "7322"
        },
        {
            "party_number": "7323"
        },
        {
            "party_number": "7324"
        },
        {
            "party_number": "7606"
        },
        {
            "party_number": "7609"
        },
        {
            "party_number": "7840"
        },
        {
            "party_number": "7037"
        },
        {
            "party_number": "7337"
        },
        {
            "party_number": "7340"
        },
        {
            "party_number": "7347"
        },
        {
            "party_number": "7614"
        },
        {
            "party_number": "7619"
        },
        {
            "party_number": "7622"
        },
        {
            "party_number": "7857"
        },
        {
            "party_number": "7866"
        },
        {
            "party_number": "7044"
        },
        {
            "party_number": "7047"
        },
        {
            "party_number": "7048"
        },
        {
            "party_number": "7049"
        },
        {
            "party_number": "7050"
        },
        {
            "party_number": "7054"
        },
        {
            "party_number": "7352"
        },
        {
            "party_number": "7353"
        },
        {
            "party_number": "7630"
        },
        {
            "party_number": "7636"
        },
        {
            "party_number": "7645"
        },
        {
            "party_number": "6488"
        },
        {
            "party_number": "6491"
        },
        {
            "party_number": "6496"
        },
        {
            "party_number": "6498"
        },
        {
            "party_number": "6503"
        },
        {
            "party_number": "5887"
        },
        {
            "party_number": "5892"
        },
        {
            "party_number": "6183"
        },
        {
            "party_number": "6185"
        },
        {
            "party_number": "6188"
        },
        {
            "party_number": "6196"
        },
        {
            "party_number": "6202"
        },
        {
            "party_number": "6786"
        },
        {
            "party_number": "6794"
        },
        {
            "party_number": "6797"
        },
        {
            "party_number": "6799"
        },
        {
            "party_number": "6804"
        },
        {
            "party_number": "5907"
        },
        {
            "party_number": "5908"
        },
        {
            "party_number": "6215"
        },
        {
            "party_number": "6816"
        },
        {
            "party_number": "6817"
        },
        {
            "party_number": "6821"
        },
        {
            "party_number": "6826"
        },
        {
            "party_number": "6829"
        },
        {
            "party_number": "6831"
        },
        {
            "party_number": "5612"
        },
        {
            "party_number": "5620"
        },
        {
            "party_number": "5626"
        },
        {
            "party_number": "5919"
        },
        {
            "party_number": "6230"
        },
        {
            "party_number": "6232"
        },
        {
            "party_number": "6233"
        },
        {
            "party_number": "6239"
        },
        {
            "party_number": "6519"
        },
        {
            "party_number": "6522"
        },
        {
            "party_number": "5638"
        },
        {
            "party_number": "5640"
        },
        {
            "party_number": "5646"
        },
        {
            "party_number": "5945"
        },
        {
            "party_number": "6244"
        },
        {
            "party_number": "6251"
        },
        {
            "party_number": "6531"
        },
        {
            "party_number": "6535"
        },
        {
            "party_number": "6541"
        },
        {
            "party_number": "5653"
        },
        {
            "party_number": "5664"
        },
        {
            "party_number": "5666"
        },
        {
            "party_number": "5958"
        },
        {
            "party_number": "5973"
        },
        {
            "party_number": "6262"
        },
        {
            "party_number": "6275"
        },
        {
            "party_number": "6277"
        },
        {
            "party_number": "6546"
        },
        {
            "party_number": "6553"
        },
        {
            "party_number": "6558"
        },
        {
            "party_number": "6559"
        },
        {
            "party_number": "6563"
        },
        {
            "party_number": "5670"
        },
        {
            "party_number": "5678"
        },
        {
            "party_number": "5977"
        },
        {
            "party_number": "5979"
        },
        {
            "party_number": "6279"
        },
        {
            "party_number": "6295"
        },
        {
            "party_number": "6566"
        },
        {
            "party_number": "6570"
        },
        {
            "party_number": "6577"
        },
        {
            "party_number": "6579"
        },
        {
            "party_number": "6582"
        },
        {
            "party_number": "6583"
        },
        {
            "party_number": "5691"
        },
        {
            "party_number": "5699"
        },
        {
            "party_number": "5705"
        },
        {
            "party_number": "6003"
        },
        {
            "party_number": "6005"
        },
        {
            "party_number": "6008"
        },
        {
            "party_number": "6009"
        },
        {
            "party_number": "6588"
        },
        {
            "party_number": "6590"
        },
        {
            "party_number": "6598"
        },
        {
            "party_number": "5721"
        },
        {
            "party_number": "5724"
        },
        {
            "party_number": "6013"
        },
        {
            "party_number": "6017"
        },
        {
            "party_number": "6317"
        },
        {
            "party_number": "6327"
        },
        {
            "party_number": "6330"
        },
        {
            "party_number": "6609"
        },
        {
            "party_number": "5727"
        },
        {
            "party_number": "5735"
        },
        {
            "party_number": "5744"
        },
        {
            "party_number": "6031"
        },
        {
            "party_number": "6036"
        },
        {
            "party_number": "6043"
        },
        {
            "party_number": "6047"
        },
        {
            "party_number": "6347"
        },
        {
            "party_number": "6348"
        },
        {
            "party_number": "6638"
        },
        {
            "party_number": "5753"
        },
        {
            "party_number": "6059"
        },
        {
            "party_number": "6066"
        },
        {
            "party_number": "6372"
        },
        {
            "party_number": "6645"
        },
        {
            "party_number": "6647"
        },
        {
            "party_number": "6658"
        },
        {
            "party_number": "5772"
        },
        {
            "party_number": "5776"
        },
        {
            "party_number": "6085"
        },
        {
            "party_number": "6383"
        },
        {
            "party_number": "6385"
        },
        {
            "party_number": "6392"
        },
        {
            "party_number": "6664"
        },
        {
            "party_number": "5784"
        },
        {
            "party_number": "5787"
        },
        {
            "party_number": "5789"
        },
        {
            "party_number": "5795"
        },
        {
            "party_number": "5799"
        },
        {
            "party_number": "6092"
        },
        {
            "party_number": "6096"
        },
        {
            "party_number": "6100"
        },
        {
            "party_number": "6397"
        },
        {
            "party_number": "6692"
        },
        {
            "party_number": "5815"
        },
        {
            "party_number": "5820"
        },
        {
            "party_number": "6114"
        },
        {
            "party_number": "6121"
        },
        {
            "party_number": "6122"
        },
        {
            "party_number": "6412"
        },
        {
            "party_number": "6413"
        },
        {
            "party_number": "6416"
        },
        {
            "party_number": "6427"
        },
        {
            "party_number": "6700"
        },
        {
            "party_number": "6711"
        },
        {
            "party_number": "5824"
        },
        {
            "party_number": "6128"
        },
        {
            "party_number": "6139"
        },
        {
            "party_number": "6438"
        },
        {
            "party_number": "6442"
        },
        {
            "party_number": "6718"
        },
        {
            "party_number": "6722"
        },
        {
            "party_number": "6724"
        },
        {
            "party_number": "6727"
        },
        {
            "party_number": "6733"
        },
        {
            "party_number": "6736"
        },
        {
            "party_number": "5848"
        },
        {
            "party_number": "5857"
        },
        {
            "party_number": "6146"
        },
        {
            "party_number": "6154"
        },
        {
            "party_number": "6161"
        },
        {
            "party_number": "6453"
        },
        {
            "party_number": "6465"
        },
        {
            "party_number": "6743"
        },
        {
            "party_number": "6748"
        },
        {
            "party_number": "6749"
        },
        {
            "party_number": "5866"
        },
        {
            "party_number": "5874"
        },
        {
            "party_number": "6483"
        },
        {
            "party_number": "27071"
        },
        {
            "party_number": "27321"
        },
        {
            "party_number": "27332"
        },
        {
            "party_number": "9746"
        },
        {
            "party_number": "9751"
        },
        {
            "party_number": "9764"
        },
        {
            "party_number": "18952"
        },
        {
            "party_number": "18967"
        },
        {
            "party_number": "27342"
        },
        {
            "party_number": "27345"
        },
        {
            "party_number": "27350"
        },
        {
            "party_number": "9770"
        },
        {
            "party_number": "9776"
        },
        {
            "party_number": "9788"
        },
        {
            "party_number": "9791"
        },
        {
            "party_number": "9792"
        },
        {
            "party_number": "19955"
        },
        {
            "party_number": "19958"
        },
        {
            "party_number": "19962"
        },
        {
            "party_number": "27382"
        },
        {
            "party_number": "27387"
        },
        {
            "party_number": "27391"
        },
        {
            "party_number": "27396"
        },
        {
            "party_number": "9795"
        },
        {
            "party_number": "9799"
        },
        {
            "party_number": "20978"
        },
        {
            "party_number": "20971"
        },
        {
            "party_number": "27416"
        },
        {
            "party_number": "27417"
        },
        {
            "party_number": "27441"
        },
        {
            "party_number": "9205"
        },
        {
            "party_number": "9209"
        },
        {
            "party_number": "9217"
        },
        {
            "party_number": "9618"
        },
        {
            "party_number": "9622"
        },
        {
            "party_number": "9625"
        },
        {
            "party_number": "9629"
        },
        {
            "party_number": "9631"
        },
        {
            "party_number": "9637"
        },
        {
            "party_number": "20990"
        },
        {
            "party_number": "21952"
        },
        {
            "party_number": "21957"
        },
        {
            "party_number": "21958"
        },
        {
            "party_number": "27080"
        },
        {
            "party_number": "27081"
        },
        {
            "party_number": "27091"
        },
        {
            "party_number": "9229"
        },
        {
            "party_number": "9234"
        },
        {
            "party_number": "9238"
        },
        {
            "party_number": "9244"
        },
        {
            "party_number": "9641"
        },
        {
            "party_number": "9647"
        },
        {
            "party_number": "9648"
        },
        {
            "party_number": "9650"
        },
        {
            "party_number": "9659"
        },
        {
            "party_number": "21971"
        },
        {
            "party_number": "21972"
        },
        {
            "party_number": "27113"
        },
        {
            "party_number": "9265"
        },
        {
            "party_number": "9269"
        },
        {
            "party_number": "9667"
        },
        {
            "party_number": "9673"
        },
        {
            "party_number": "9675"
        },
        {
            "party_number": "9676"
        },
        {
            "party_number": "9685"
        },
        {
            "party_number": "9687"
        },
        {
            "party_number": "9689"
        },
        {
            "party_number": "22960"
        },
        {
            "party_number": "22961"
        },
        {
            "party_number": "27131"
        },
        {
            "party_number": "27128"
        },
        {
            "party_number": "27129"
        },
        {
            "party_number": "9277"
        },
        {
            "party_number": "9278"
        },
        {
            "party_number": "9691"
        },
        {
            "party_number": "9694"
        },
        {
            "party_number": "9701"
        },
        {
            "party_number": "9812"
        },
        {
            "party_number": "22987"
        },
        {
            "party_number": "27153"
        },
        {
            "party_number": "27154"
        },
        {
            "party_number": "27155"
        },
        {
            "party_number": "9521"
        },
        {
            "party_number": "9525"
        },
        {
            "party_number": "9534"
        },
        {
            "party_number": "9538"
        },
        {
            "party_number": "9815"
        },
        {
            "party_number": "9824"
        },
        {
            "party_number": "9822"
        },
        {
            "party_number": "22996"
        },
        {
            "party_number": "27157"
        },
        {
            "party_number": "27160"
        },
        {
            "party_number": "27162"
        },
        {
            "party_number": "27165"
        },
        {
            "party_number": "9550"
        },
        {
            "party_number": "9551"
        },
        {
            "party_number": "11956"
        },
        {
            "party_number": "11952"
        },
        {
            "party_number": "11955"
        },
        {
            "party_number": "23014"
        },
        {
            "party_number": "23011"
        },
        {
            "party_number": "23016"
        },
        {
            "party_number": "23017"
        },
        {
            "party_number": "23023"
        },
        {
            "party_number": "9566"
        },
        {
            "party_number": "9575"
        },
        {
            "party_number": "11973"
        },
        {
            "party_number": "11974"
        },
        {
            "party_number": "11985"
        },
        {
            "party_number": "11983"
        },
        {
            "party_number": "11987"
        },
        {
            "party_number": "23029"
        },
        {
            "party_number": "27194"
        },
        {
            "party_number": "27204"
        },
        {
            "party_number": "27215"
        },
        {
            "party_number": "27213"
        },
        {
            "party_number": "9596"
        },
        {
            "party_number": "9603"
        },
        {
            "party_number": "9410"
        },
        {
            "party_number": "9418"
        },
        {
            "party_number": "12975"
        }
    ],
    "hasMore": true,
    "limit": 1000,
    "offset": 0,
    "count": 1000,
    "links": [
        {
            "rel": "self",
            "href": "https://10.2.0.169:8081/ords/hbg_integration/ReservationsUI/getPartyName"
        },
        {
            "rel": "describedby",
            "href": "https://10.2.0.169:8081/ords/hbg_integration/metadata-catalog/ReservationsUI/item"
        },
        {
            "rel": "first",
            "href": "https://10.2.0.169:8081/ords/hbg_integration/ReservationsUI/getPartyName?limit=1000"
        },
        {
            "rel": "next",
            "href": "https://10.2.0.169:8081/ords/hbg_integration/ReservationsUI/getPartyName?offset=1000&limit=1000"
        }
    ]
}