{
    "items": [
        {
            "category1_id": 3163550187,
            "category2_id": 5217247849,
            "flex_value": "65-Special Editions",
            "category2_code": "65"
        },
        {
            "category1_id": 3163550187,
            "category2_id": 3163551305,
            "flex_value": "16-Fashion",
            "category2_code": "16"
        },
        {
            "category1_id": 3163550187,
            "category2_id": 3163551302,
            "flex_value": "47-Fantasy",
            "category2_code": "47"
        },
        {
            "category1_id": 3163550187,
            "category2_id": 3163551300,
            "flex_value": "23-Science",
            "category2_code": "23"
        },
        {
            "category1_id": 3163550187,
            "category2_id": 3163551299,
            "flex_value": "28-Travel",
            "category2_code": "28"
        },
        {
            "category1_id": 3163550187,
            "category2_id": 3163551254,
            "flex_value": "42-Woman's Interest",
            "category2_code": "42"
        },
        {
            "category1_id": 3163550187,
            "category2_id": 3163551253,
            "flex_value": "41-Weddings",
            "category2_code": "41"
        },
        {
            "category1_id": 3163550187,
            "category2_id": 3163551252,
            "flex_value": "40-Religion and Spirituality",
            "category2_code": "40"
        },
        {
            "category1_id": 3163550187,
            "category2_id": 3163551246,
            "flex_value": "39-Sex",
            "category2_code": "39"
        },
        {
            "category1_id": 3163550187,
            "category2_id": 3163551245,
            "flex_value": "38-Self-Help",
            "category2_code": "38"
        },
        {
            "category1_id": 3163550187,
            "category2_id": 3163551244,
            "flex_value": "37-Reference",
            "category2_code": "37"
        },
        {
            "category1_id": 3163550187,
            "category2_id": 3163551243,
            "flex_value": "36-Pets",
            "category2_code": "36"
        },
        {
            "category1_id": 3163550187,
            "category2_id": 3163551242,
            "flex_value": "35-Parenting",
            "category2_code": "35"
        },
        {
            "category1_id": 3163550187,
            "category2_id": 3163551241,
            "flex_value": "34-NYC",
            "category2_code": "34"
        },
        {
            "category1_id": 3163550187,
            "category2_id": 3163551240,
            "flex_value": "33-Juvenile",
            "category2_code": "33"
        },
        {
            "category1_id": 3163550187,
            "category2_id": 3163551239,
            "flex_value": "32-Judaica",
            "category2_code": "32"
        },
        {
            "category1_id": 3163550187,
            "category2_id": 3163551238,
            "flex_value": "31-Inspiration",
            "category2_code": "31"
        },
        {
            "category1_id": 3163550187,
            "category2_id": 3163551237,
            "flex_value": "30-Holiday",
            "category2_code": "30"
        },
        {
            "category1_id": 3163550187,
            "category2_id": 3163551236,
            "flex_value": "29-Gift",
            "category2_code": "29"
        },
        {
            "category1_id": 3163550187,
            "category2_id": 3163551235,
            "flex_value": "27-Sports",
            "category2_code": "27"
        },
        {
            "category1_id": 3163550187,
            "category2_id": 3163551234,
            "flex_value": "26-Popular Culture",
            "category2_code": "26"
        },
        {
            "category1_id": 3163550187,
            "category2_id": 3163551233,
            "flex_value": "24-Photography",
            "category2_code": "24"
        },
        {
            "category1_id": 3163550187,
            "category2_id": 3163551232,
            "flex_value": "21-Nature / Environment",
            "category2_code": "21"
        },
        {
            "category1_id": 3163550187,
            "category2_id": 3163551083,
            "flex_value": "48-Transportation",
            "category2_code": "48"
        },
        {
            "category1_id": 3163550187,
            "category2_id": 3163551082,
            "flex_value": "49-Regional",
            "category2_code": "49"
        },
        {
            "category1_id": 3163550187,
            "category2_id": 3163551075,
            "flex_value": "44-Music",
            "category2_code": "44"
        },
        {
            "category1_id": 3163550187,
            "category2_id": 3163550924,
            "flex_value": "12-Craft",
            "category2_code": "12"
        },
        {
            "category1_id": 3163550187,
            "category2_id": 3163550923,
            "flex_value": "11-Health",
            "category2_code": "11"
        },
        {
            "category1_id": 3163550187,
            "category2_id": 3163550922,
            "flex_value": "10-\"Other\"",
            "category2_code": "10"
        },
        {
            "category1_id": 3163550187,
            "category2_id": 3163550921,
            "flex_value": "09-Merchandise - Other",
            "category2_code": "09"
        },
        {
            "category1_id": 3163550187,
            "category2_id": 3163550920,
            "flex_value": "08-Merchandise - Calendars",
            "category2_code": "08"
        },
        {
            "category1_id": 3163550187,
            "category2_id": 3163550893,
            "flex_value": "07-Merchandise - Journals",
            "category2_code": "07"
        },
        {
            "category1_id": 3163550187,
            "category2_id": 3163550892,
            "flex_value": "06-Merchandise - Note Cards",
            "category2_code": "06"
        },
        {
            "category1_id": 3163550187,
            "category2_id": 3163550891,
            "flex_value": "05-Gardening",
            "category2_code": "05"
        },
        {
            "category1_id": 3163550187,
            "category2_id": 3163550890,
            "flex_value": "04-Design / Decorating",
            "category2_code": "04"
        },
        {
            "category1_id": 3163550187,
            "category2_id": 3163550889,
            "flex_value": "03-Cooking",
            "category2_code": "03"
        },
        {
            "category1_id": 3163550187,
            "category2_id": 3163550873,
            "flex_value": "02-Catalogues",
            "category2_code": "02"
        },
        {
            "category1_id": 3163550187,
            "category2_id": 3163550871,
            "flex_value": "01-General / Other",
            "category2_code": "01"
        }
    ],
    "hasMore": false,
    "limit": 10000,
    "offset": 0,
    "count": 38,
    "links": [
        {
            "rel": "self",
            "href": "https://10.2.0.169:8081/ords/hbg_integration/Common/getCategory2?P_CATEGORY1_ID=3163550187"
        },
        {
            "rel": "describedby",
            "href": "https://10.2.0.169:8081/ords/hbg_integration/metadata-catalog/Common/item"
        },
        {
            "rel": "first",
            "href": "https://10.2.0.169:8081/ords/hbg_integration/Common/getCategory2?P_CATEGORY1_ID=3163550187"
        }
    ]
}