{
    "items": [
        {
            "template_name": "MR-HDR5"
        },
        {
            "template_name": "MR-HDR4"
        },
        {
            "template_name": "MR-HDR2"
        },
        {
            "template_name": "MR-HDR1"
        },
        {
            "template_name": "MR-HDR3"
        }
    ],
    "hasMore": false,
    "limit": 25,
    "offset": 0,
    "count": 5,
    "links": [
        {
            "rel": "self",
            "href": "https://10.2.0.169:8081/ords/hbg_integration/CustomeOrders/getTemplatenameForRules"
        },
        {
            "rel": "describedby",
            "href": "https://10.2.0.169:8081/ords/hbg_integration/metadata-catalog/CustomeOrders/item"
        },
        {
            "rel": "first",
            "href": "https://10.2.0.169:8081/ords/hbg_integration/CustomeOrders/getTemplatenameForRules"
        }
    ]
}