{
"p_item_code": 9780064300957,
"p_isbn_on_book": 9780064300957,
"p_short_title": "Test Item",
"p_status": "Active",
"p_reservation_type": "Regular",
"p_print_number": 1234,
"p_inventory_organization": "Test Organization",
"p_lot_number": 1234,
"p_subinventory": "test sub_inv",
"p_requested_quantity": 20,
"p_reserved_quantity": 30,
"p_released_via_cuid": 50,
"p_available_reserved": 100,
"p_ip_only": "Yes",
"p_pre_reserved_balance": 50,
"p_usable_balance": 50,
"p_end_balance": 50,
"p_created_by": "user",
"p_last_updated_by": "user",
"p_reservation_number": 101010101010
}