{
    "items": [
        {
            "line_id": 13093,
            "batch_id": 332,
            "business_unit": "HBG US BU",
            "payment_type": "Standard",
            "payment_date": "2023-03-10T06:49:51Z",
            "account_number": "1001",
            "account_name": null,
            "receipt_number": "12893Standard Test",
            "amount": 1,
            "payment_method": "HBG Manual Receipt Method",
            "currency": "USD",
            "gl_account": null,
            "creation_date": "2023-03-10T06:49:51Z",
            "created_by": "OIC INTEGRATION",
            "last_update_date": "2023-03-10T00:00:00Z",
            "last_updated_by": "OIC_INTEGRATION",
            "return_status": "PROCESSED",
            "return_message": "Receipt sucessfully processed"
        },
        {
            "line_id": 13094,
            "batch_id": 332,
            "business_unit": "HBG US BU",
            "payment_type": "Standard",
            "payment_date": "2023-03-10T06:49:51Z",
            "account_number": "1001",
            "account_name": null,
            "receipt_number": "12894Standard Test",
            "amount": 1,
            "payment_method": "HBG Manual Receipt Method",
            "currency": "USD",
            "gl_account": null,
            "creation_date": "2023-03-10T06:49:51Z",
            "created_by": "OIC INTEGRATION",
            "last_update_date": "2023-03-10T00:00:00Z",
            "last_updated_by": "OIC_INTEGRATION",
            "return_status": "PROCESSED",
            "return_message": "Receipt sucessfully processed"
        },
        {
            "line_id": 13095,
            "batch_id": 332,
            "business_unit": "HBG US BU",
            "payment_type": "Standard",
            "payment_date": "2023-03-10T06:49:51Z",
            "account_number": "1001",
            "account_name": null,
            "receipt_number": "12895Standard Test",
            "amount": 1,
            "payment_method": "HBG Manual Receipt Method",
            "currency": "USD",
            "gl_account": null,
            "creation_date": "2023-03-10T06:49:51Z",
            "created_by": "OIC INTEGRATION",
            "last_update_date": "2023-03-10T00:00:00Z",
            "last_updated_by": "OIC_INTEGRATION",
            "return_status": "PROCESSED",
            "return_message": "Receipt sucessfully processed"
        },
        {
            "line_id": 13096,
            "batch_id": 332,
            "business_unit": "HBG US BU",
            "payment_type": "Standard",
            "payment_date": "2023-03-10T06:49:51Z",
            "account_number": "1001",
            "account_name": null,
            "receipt_number": "12896Standard Test",
            "amount": 1,
            "payment_method": "HBG Manual Receipt Method",
            "currency": "USD",
            "gl_account": null,
            "creation_date": "2023-03-10T06:49:51Z",
            "created_by": "OIC INTEGRATION",
            "last_update_date": "2023-03-10T00:00:00Z",
            "last_updated_by": "OIC_INTEGRATION",
            "return_status": "PROCESSED",
            "return_message": "Receipt sucessfully processed"
        },
        {
            "line_id": 13097,
            "batch_id": 332,
            "business_unit": "HBG US BU",
            "payment_type": "Standard",
            "payment_date": "2023-03-10T06:49:51Z",
            "account_number": "1001",
            "account_name": null,
            "receipt_number": "12897Standard Test",
            "amount": 1,
            "payment_method": "HBG Manual Receipt Method",
            "currency": "USD",
            "gl_account": null,
            "creation_date": "2023-03-10T06:49:51Z",
            "created_by": "OIC INTEGRATION",
            "last_update_date": "2023-03-10T00:00:00Z",
            "last_updated_by": "OIC_INTEGRATION",
            "return_status": "PROCESSED",
            "return_message": "Receipt sucessfully processed"
        },
        {
            "line_id": 13098,
            "batch_id": 332,
            "business_unit": "HBG US BU",
            "payment_type": "Standard",
            "payment_date": "2023-03-10T06:49:51Z",
            "account_number": "1001",
            "account_name": null,
            "receipt_number": "12898Standard Test",
            "amount": 1,
            "payment_method": "HBG Manual Receipt Method",
            "currency": "USD",
            "gl_account": null,
            "creation_date": "2023-03-10T06:49:51Z",
            "created_by": "OIC INTEGRATION",
            "last_update_date": "2023-03-10T00:00:00Z",
            "last_updated_by": "OIC_INTEGRATION",
            "return_status": "PROCESSED",
            "return_message": "Receipt sucessfully processed"
        },
        {
            "line_id": 13099,
            "batch_id": 332,
            "business_unit": "HBG US BU",
            "payment_type": "Standard",
            "payment_date": "2023-03-10T06:49:51Z",
            "account_number": "1001",
            "account_name": null,
            "receipt_number": "12899Standard Test",
            "amount": 1,
            "payment_method": "HBG Manual Receipt Method",
            "currency": "USD",
            "gl_account": null,
            "creation_date": "2023-03-10T06:49:51Z",
            "created_by": "OIC INTEGRATION",
            "last_update_date": "2023-03-10T00:00:00Z",
            "last_updated_by": "OIC_INTEGRATION",
            "return_status": "PROCESSED",
            "return_message": "Receipt sucessfully processed"
        },
        {
            "line_id": 13100,
            "batch_id": 332,
            "business_unit": "HBG US BU",
            "payment_type": "Standard",
            "payment_date": "2023-03-10T06:49:51Z",
            "account_number": "1001",
            "account_name": null,
            "receipt_number": "12900Standard Test",
            "amount": 1,
            "payment_method": "HBG Manual Receipt Method",
            "currency": "USD",
            "gl_account": null,
            "creation_date": "2023-03-10T06:49:51Z",
            "created_by": "OIC INTEGRATION",
            "last_update_date": "2023-03-10T00:00:00Z",
            "last_updated_by": "OIC_INTEGRATION",
            "return_status": "PROCESSED",
            "return_message": "Receipt sucessfully processed"
        },
        {
            "line_id": 13101,
            "batch_id": 332,
            "business_unit": "HBG US BU",
            "payment_type": "Standard",
            "payment_date": "2023-03-10T06:49:51Z",
            "account_number": "1001",
            "account_name": null,
            "receipt_number": "12901Standard Test",
            "amount": 1,
            "payment_method": "HBG Manual Receipt Method",
            "currency": "USD",
            "gl_account": null,
            "creation_date": "2023-03-10T06:49:51Z",
            "created_by": "OIC INTEGRATION",
            "last_update_date": "2023-03-10T00:00:00Z",
            "last_updated_by": "OIC_INTEGRATION",
            "return_status": "PROCESSED",
            "return_message": "Receipt sucessfully processed"
        },
        {
            "line_id": 13102,
            "batch_id": 332,
            "business_unit": "HBG US BU",
            "payment_type": "Standard",
            "payment_date": "2023-03-10T06:49:51Z",
            "account_number": "1001",
            "account_name": null,
            "receipt_number": "12902Standard Test",
            "amount": 1,
            "payment_method": "HBG Manual Receipt Method",
            "currency": "USD",
            "gl_account": null,
            "creation_date": "2023-03-10T06:49:51Z",
            "created_by": "OIC INTEGRATION",
            "last_update_date": "2023-03-10T00:00:00Z",
            "last_updated_by": "OIC_INTEGRATION",
            "return_status": "PROCESSED",
            "return_message": "Receipt sucessfully processed"
        },
        {
            "line_id": 13103,
            "batch_id": 332,
            "business_unit": "HBG US BU",
            "payment_type": "Standard",
            "payment_date": "2023-03-10T06:49:51Z",
            "account_number": "1001",
            "account_name": null,
            "receipt_number": "12903Standard Test",
            "amount": 1,
            "payment_method": "HBG Manual Receipt Method",
            "currency": "USD",
            "gl_account": null,
            "creation_date": "2023-03-10T06:49:51Z",
            "created_by": "OIC INTEGRATION",
            "last_update_date": "2023-03-10T00:00:00Z",
            "last_updated_by": "OIC_INTEGRATION",
            "return_status": "PROCESSED",
            "return_message": "Receipt sucessfully processed"
        },
        {
            "line_id": 13104,
            "batch_id": 332,
            "business_unit": "HBG US BU",
            "payment_type": "Standard",
            "payment_date": "2023-03-10T06:49:51Z",
            "account_number": "1001",
            "account_name": null,
            "receipt_number": "12904Standard Test",
            "amount": 1,
            "payment_method": "HBG Manual Receipt Method",
            "currency": "USD",
            "gl_account": null,
            "creation_date": "2023-03-10T06:49:51Z",
            "created_by": "OIC INTEGRATION",
            "last_update_date": "2023-03-10T00:00:00Z",
            "last_updated_by": "OIC_INTEGRATION",
            "return_status": "PROCESSED",
            "return_message": "Receipt sucessfully processed"
        },
        {
            "line_id": 13105,
            "batch_id": 332,
            "business_unit": "HBG US BU",
            "payment_type": "Standard",
            "payment_date": "2023-03-10T06:49:51Z",
            "account_number": "1001",
            "account_name": null,
            "receipt_number": "12905Standard Test",
            "amount": 1,
            "payment_method": "HBG Manual Receipt Method",
            "currency": "USD",
            "gl_account": null,
            "creation_date": "2023-03-10T06:49:51Z",
            "created_by": "OIC INTEGRATION",
            "last_update_date": "2023-03-10T00:00:00Z",
            "last_updated_by": "OIC_INTEGRATION",
            "return_status": "PROCESSED",
            "return_message": "Receipt sucessfully processed"
        },
        {
            "line_id": 13106,
            "batch_id": 332,
            "business_unit": "HBG US BU",
            "payment_type": "Standard",
            "payment_date": "2023-03-10T06:49:51Z",
            "account_number": "1001",
            "account_name": null,
            "receipt_number": "12906Standard Test",
            "amount": 1,
            "payment_method": "HBG Manual Receipt Method",
            "currency": "USD",
            "gl_account": null,
            "creation_date": "2023-03-10T06:49:51Z",
            "created_by": "OIC INTEGRATION",
            "last_update_date": "2023-03-10T00:00:00Z",
            "last_updated_by": "OIC_INTEGRATION",
            "return_status": "PROCESSED",
            "return_message": "Receipt sucessfully processed"
        },
        {
            "line_id": 13107,
            "batch_id": 332,
            "business_unit": "HBG US BU",
            "payment_type": "Standard",
            "payment_date": "2023-03-10T06:49:51Z",
            "account_number": "1001",
            "account_name": null,
            "receipt_number": "12907Standard Test",
            "amount": 1,
            "payment_method": "HBG Manual Receipt Method",
            "currency": "USD",
            "gl_account": null,
            "creation_date": "2023-03-10T06:49:51Z",
            "created_by": "OIC INTEGRATION",
            "last_update_date": "2023-03-10T00:00:00Z",
            "last_updated_by": "OIC_INTEGRATION",
            "return_status": "PROCESSED",
            "return_message": "Receipt sucessfully processed"
        },
        {
            "line_id": 13108,
            "batch_id": 332,
            "business_unit": "HBG US BU",
            "payment_type": "Standard",
            "payment_date": "2023-03-10T06:49:51Z",
            "account_number": "1001",
            "account_name": null,
            "receipt_number": "12908Standard Test",
            "amount": 1,
            "payment_method": "HBG Manual Receipt Method",
            "currency": "USD",
            "gl_account": null,
            "creation_date": "2023-03-10T06:49:51Z",
            "created_by": "OIC INTEGRATION",
            "last_update_date": "2023-03-10T00:00:00Z",
            "last_updated_by": "OIC_INTEGRATION",
            "return_status": "PROCESSED",
            "return_message": "Receipt sucessfully processed"
        },
        {
            "line_id": 13109,
            "batch_id": 332,
            "business_unit": "HBG US BU",
            "payment_type": "Standard",
            "payment_date": "2023-03-10T06:49:51Z",
            "account_number": "1001",
            "account_name": null,
            "receipt_number": "12909Standard Test",
            "amount": 1,
            "payment_method": "HBG Manual Receipt Method",
            "currency": "USD",
            "gl_account": null,
            "creation_date": "2023-03-10T06:49:51Z",
            "created_by": "OIC INTEGRATION",
            "last_update_date": "2023-03-10T00:00:00Z",
            "last_updated_by": "OIC_INTEGRATION",
            "return_status": "PROCESSED",
            "return_message": "Receipt sucessfully processed"
        },
        {
            "line_id": 13110,
            "batch_id": 332,
            "business_unit": "HBG US BU",
            "payment_type": "Standard",
            "payment_date": "2023-03-10T06:49:51Z",
            "account_number": "1001",
            "account_name": null,
            "receipt_number": "12910Standard Test",
            "amount": 1,
            "payment_method": "HBG Manual Receipt Method",
            "currency": "USD",
            "gl_account": null,
            "creation_date": "2023-03-10T06:49:51Z",
            "created_by": "OIC INTEGRATION",
            "last_update_date": "2023-03-10T00:00:00Z",
            "last_updated_by": "OIC_INTEGRATION",
            "return_status": "PROCESSED",
            "return_message": "Receipt sucessfully processed"
        },
        {
            "line_id": 13111,
            "batch_id": 332,
            "business_unit": "HBG US BU",
            "payment_type": "Standard",
            "payment_date": "2023-03-10T06:49:51Z",
            "account_number": "1001",
            "account_name": null,
            "receipt_number": "12911Standard Test",
            "amount": 1,
            "payment_method": "HBG Manual Receipt Method",
            "currency": "USD",
            "gl_account": null,
            "creation_date": "2023-03-10T06:49:51Z",
            "created_by": "OIC INTEGRATION",
            "last_update_date": "2023-03-10T00:00:00Z",
            "last_updated_by": "OIC_INTEGRATION",
            "return_status": "PROCESSED",
            "return_message": "Receipt sucessfully processed"
        },
        {
            "line_id": 13112,
            "batch_id": 332,
            "business_unit": "HBG US BU",
            "payment_type": "Standard",
            "payment_date": "2023-03-10T06:49:51Z",
            "account_number": "1001",
            "account_name": null,
            "receipt_number": "12912Standard Test",
            "amount": 1,
            "payment_method": "HBG Manual Receipt Method",
            "currency": "USD",
            "gl_account": null,
            "creation_date": "2023-03-10T06:49:51Z",
            "created_by": "OIC INTEGRATION",
            "last_update_date": "2023-03-10T00:00:00Z",
            "last_updated_by": "OIC_INTEGRATION",
            "return_status": "PROCESSED",
            "return_message": "Receipt sucessfully processed"
        },
        {
            "line_id": 13113,
            "batch_id": 332,
            "business_unit": "HBG US BU",
            "payment_type": "Standard",
            "payment_date": "2023-03-10T06:49:51Z",
            "account_number": "1001",
            "account_name": null,
            "receipt_number": "12913Standard Test",
            "amount": 1,
            "payment_method": "HBG Manual Receipt Method",
            "currency": "USD",
            "gl_account": null,
            "creation_date": "2023-03-10T06:49:51Z",
            "created_by": "OIC INTEGRATION",
            "last_update_date": "2023-03-10T00:00:00Z",
            "last_updated_by": "OIC_INTEGRATION",
            "return_status": "PROCESSED",
            "return_message": "Receipt sucessfully processed"
        },
        {
            "line_id": 13114,
            "batch_id": 332,
            "business_unit": "HBG US BU",
            "payment_type": "Standard",
            "payment_date": "2023-03-10T06:49:51Z",
            "account_number": "1001",
            "account_name": null,
            "receipt_number": "12914Standard Test",
            "amount": 1,
            "payment_method": "HBG Manual Receipt Method",
            "currency": "USD",
            "gl_account": null,
            "creation_date": "2023-03-10T06:49:51Z",
            "created_by": "OIC INTEGRATION",
            "last_update_date": "2023-03-10T00:00:00Z",
            "last_updated_by": "OIC_INTEGRATION",
            "return_status": "PROCESSED",
            "return_message": "Receipt sucessfully processed"
        },
        {
            "line_id": 13115,
            "batch_id": 332,
            "business_unit": "HBG US BU",
            "payment_type": "Standard",
            "payment_date": "2023-03-10T06:49:51Z",
            "account_number": "1001",
            "account_name": null,
            "receipt_number": "12915Standard Test",
            "amount": 1,
            "payment_method": "HBG Manual Receipt Method",
            "currency": "USD",
            "gl_account": null,
            "creation_date": "2023-03-10T06:49:51Z",
            "created_by": "OIC INTEGRATION",
            "last_update_date": "2023-03-10T00:00:00Z",
            "last_updated_by": "OIC_INTEGRATION",
            "return_status": "PROCESSED",
            "return_message": "Receipt sucessfully processed"
        },
        {
            "line_id": 13116,
            "batch_id": 332,
            "business_unit": "HBG US BU",
            "payment_type": "Standard",
            "payment_date": "2023-03-10T06:49:51Z",
            "account_number": "1001",
            "account_name": null,
            "receipt_number": "12916Standard Test",
            "amount": 1,
            "payment_method": "HBG Manual Receipt Method",
            "currency": "USD",
            "gl_account": null,
            "creation_date": "2023-03-10T06:49:51Z",
            "created_by": "OIC INTEGRATION",
            "last_update_date": "2023-03-10T00:00:00Z",
            "last_updated_by": "OIC_INTEGRATION",
            "return_status": "PROCESSED",
            "return_message": "Receipt sucessfully processed"
        },
        {
            "line_id": 13117,
            "batch_id": 332,
            "business_unit": "HBG US BU",
            "payment_type": "Standard",
            "payment_date": "2023-03-10T06:49:51Z",
            "account_number": "1001",
            "account_name": null,
            "receipt_number": "12917Standard Test",
            "amount": 1,
            "payment_method": "HBG Manual Receipt Method",
            "currency": "USD",
            "gl_account": null,
            "creation_date": "2023-03-10T06:49:51Z",
            "created_by": "OIC INTEGRATION",
            "last_update_date": "2023-03-10T00:00:00Z",
            "last_updated_by": "OIC_INTEGRATION",
            "return_status": "PROCESSED",
            "return_message": "Receipt sucessfully processed"
        },
        {
            "line_id": 13118,
            "batch_id": 332,
            "business_unit": "HBG US BU",
            "payment_type": "Standard",
            "payment_date": "2023-03-10T06:49:51Z",
            "account_number": "1001",
            "account_name": null,
            "receipt_number": "12918Standard Test",
            "amount": 1,
            "payment_method": "HBG Manual Receipt Method",
            "currency": "USD",
            "gl_account": null,
            "creation_date": "2023-03-10T06:49:51Z",
            "created_by": "OIC INTEGRATION",
            "last_update_date": "2023-03-10T00:00:00Z",
            "last_updated_by": "OIC_INTEGRATION",
            "return_status": "PROCESSED",
            "return_message": "Receipt sucessfully processed"
        },
        {
            "line_id": 13119,
            "batch_id": 332,
            "business_unit": "HBG US BU",
            "payment_type": "Standard",
            "payment_date": "2023-03-10T06:49:51Z",
            "account_number": "1001",
            "account_name": null,
            "receipt_number": "12919Standard Test",
            "amount": 1,
            "payment_method": "HBG Manual Receipt Method",
            "currency": "USD",
            "gl_account": null,
            "creation_date": "2023-03-10T06:49:51Z",
            "created_by": "OIC INTEGRATION",
            "last_update_date": "2023-03-10T00:00:00Z",
            "last_updated_by": "OIC_INTEGRATION",
            "return_status": "PROCESSED",
            "return_message": "Receipt sucessfully processed"
        },
        {
            "line_id": 13120,
            "batch_id": 332,
            "business_unit": "HBG US BU",
            "payment_type": "Standard",
            "payment_date": "2023-03-10T06:49:51Z",
            "account_number": "1001",
            "account_name": null,
            "receipt_number": "12920Standard Test",
            "amount": 1,
            "payment_method": "HBG Manual Receipt Method",
            "currency": "USD",
            "gl_account": null,
            "creation_date": "2023-03-10T06:49:51Z",
            "created_by": "OIC INTEGRATION",
            "last_update_date": "2023-03-10T00:00:00Z",
            "last_updated_by": "OIC_INTEGRATION",
            "return_status": "PROCESSED",
            "return_message": "Receipt sucessfully processed"
        },
        {
            "line_id": 13121,
            "batch_id": 332,
            "business_unit": "HBG US BU",
            "payment_type": "Standard",
            "payment_date": "2023-03-10T06:49:51Z",
            "account_number": "1001",
            "account_name": null,
            "receipt_number": "12921Standard Test",
            "amount": 1,
            "payment_method": "HBG Manual Receipt Method",
            "currency": "USD",
            "gl_account": null,
            "creation_date": "2023-03-10T06:49:51Z",
            "created_by": "OIC INTEGRATION",
            "last_update_date": "2023-03-10T00:00:00Z",
            "last_updated_by": "OIC_INTEGRATION",
            "return_status": "PROCESSED",
            "return_message": "Receipt sucessfully processed"
        },
        {
            "line_id": 13122,
            "batch_id": 332,
            "business_unit": "HBG US BU",
            "payment_type": "Miscellaneous",
            "payment_date": "2023-03-10T07:14:30Z",
            "account_number": null,
            "account_name": null,
            "receipt_number": "12922Miscellaneous Test",
            "amount": 1,
            "payment_method": "HBG Manual Receipt Method",
            "currency": "USD",
            "gl_account": null,
            "creation_date": "2023-03-10T07:14:30Z",
            "created_by": "OIC INTEGRATION",
            "last_update_date": "2023-03-10T00:00:00Z",
            "last_updated_by": "OIC_INTEGRATION",
            "return_status": "PROCESSED",
            "return_message": "Receipt sucessfully processed"
        },
        {
            "line_id": 13022,
            "batch_id": 332,
            "business_unit": "HBG US BU",
            "payment_type": "Standard",
            "payment_date": "2023-03-10T06:49:50Z",
            "account_number": "1001",
            "account_name": null,
            "receipt_number": "12822Standard Test",
            "amount": 1,
            "payment_method": "HBG Manual Receipt Method",
            "currency": "USD",
            "gl_account": null,
            "creation_date": "2023-03-10T06:49:50Z",
            "created_by": "OIC INTEGRATION",
            "last_update_date": "2023-03-10T00:00:00Z",
            "last_updated_by": "OIC_INTEGRATION",
            "return_status": "PROCESSED",
            "return_message": "Receipt sucessfully processed"
        },
        {
            "line_id": 13023,
            "batch_id": 332,
            "business_unit": "HBG US BU",
            "payment_type": "Standard",
            "payment_date": "2023-03-10T06:49:50Z",
            "account_number": "1001",
            "account_name": null,
            "receipt_number": "12823Standard Test",
            "amount": 1,
            "payment_method": "HBG Manual Receipt Method",
            "currency": "USD",
            "gl_account": null,
            "creation_date": "2023-03-10T06:49:50Z",
            "created_by": "OIC INTEGRATION",
            "last_update_date": "2023-03-10T00:00:00Z",
            "last_updated_by": "OIC_INTEGRATION",
            "return_status": "PROCESSED",
            "return_message": "Receipt sucessfully processed"
        },
        {
            "line_id": 13024,
            "batch_id": 332,
            "business_unit": "HBG US BU",
            "payment_type": "Standard",
            "payment_date": "2023-03-10T06:49:50Z",
            "account_number": "1001",
            "account_name": null,
            "receipt_number": "12824Standard Test",
            "amount": 1,
            "payment_method": "HBG Manual Receipt Method",
            "currency": "USD",
            "gl_account": null,
            "creation_date": "2023-03-10T06:49:50Z",
            "created_by": "OIC INTEGRATION",
            "last_update_date": "2023-03-10T00:00:00Z",
            "last_updated_by": "OIC_INTEGRATION",
            "return_status": "PROCESSED",
            "return_message": "Receipt sucessfully processed"
        },
        {
            "line_id": 13025,
            "batch_id": 332,
            "business_unit": "HBG US BU",
            "payment_type": "Standard",
            "payment_date": "2023-03-10T06:49:50Z",
            "account_number": "1001",
            "account_name": null,
            "receipt_number": "12825Standard Test",
            "amount": 1,
            "payment_method": "HBG Manual Receipt Method",
            "currency": "USD",
            "gl_account": null,
            "creation_date": "2023-03-10T06:49:50Z",
            "created_by": "OIC INTEGRATION",
            "last_update_date": "2023-03-10T00:00:00Z",
            "last_updated_by": "OIC_INTEGRATION",
            "return_status": "PROCESSED",
            "return_message": "Receipt sucessfully processed"
        },
        {
            "line_id": 13026,
            "batch_id": 332,
            "business_unit": "HBG US BU",
            "payment_type": "Standard",
            "payment_date": "2023-03-10T06:49:50Z",
            "account_number": "1001",
            "account_name": null,
            "receipt_number": "12826Standard Test",
            "amount": 1,
            "payment_method": "HBG Manual Receipt Method",
            "currency": "USD",
            "gl_account": null,
            "creation_date": "2023-03-10T06:49:50Z",
            "created_by": "OIC INTEGRATION",
            "last_update_date": "2023-03-10T00:00:00Z",
            "last_updated_by": "OIC_INTEGRATION",
            "return_status": "PROCESSED",
            "return_message": "Receipt sucessfully processed"
        },
        {
            "line_id": 13027,
            "batch_id": 332,
            "business_unit": "HBG US BU",
            "payment_type": "Standard",
            "payment_date": "2023-03-10T06:49:50Z",
            "account_number": "1001",
            "account_name": null,
            "receipt_number": "12827Standard Test",
            "amount": 1,
            "payment_method": "HBG Manual Receipt Method",
            "currency": "USD",
            "gl_account": null,
            "creation_date": "2023-03-10T06:49:50Z",
            "created_by": "OIC INTEGRATION",
            "last_update_date": "2023-03-10T00:00:00Z",
            "last_updated_by": "OIC_INTEGRATION",
            "return_status": "PROCESSED",
            "return_message": "Receipt sucessfully processed"
        },
        {
            "line_id": 13028,
            "batch_id": 332,
            "business_unit": "HBG US BU",
            "payment_type": "Standard",
            "payment_date": "2023-03-10T06:49:50Z",
            "account_number": "1001",
            "account_name": null,
            "receipt_number": "12828Standard Test",
            "amount": 1,
            "payment_method": "HBG Manual Receipt Method",
            "currency": "USD",
            "gl_account": null,
            "creation_date": "2023-03-10T06:49:50Z",
            "created_by": "OIC INTEGRATION",
            "last_update_date": "2023-03-10T00:00:00Z",
            "last_updated_by": "OIC_INTEGRATION",
            "return_status": "PROCESSED",
            "return_message": "Receipt sucessfully processed"
        },
        {
            "line_id": 13029,
            "batch_id": 332,
            "business_unit": "HBG US BU",
            "payment_type": "Standard",
            "payment_date": "2023-03-10T06:49:50Z",
            "account_number": "1001",
            "account_name": null,
            "receipt_number": "12829Standard Test",
            "amount": 1,
            "payment_method": "HBG Manual Receipt Method",
            "currency": "USD",
            "gl_account": null,
            "creation_date": "2023-03-10T06:49:50Z",
            "created_by": "OIC INTEGRATION",
            "last_update_date": "2023-03-10T00:00:00Z",
            "last_updated_by": "OIC_INTEGRATION",
            "return_status": "PROCESSED",
            "return_message": "Receipt sucessfully processed"
        },
        {
            "line_id": 13030,
            "batch_id": 332,
            "business_unit": "HBG US BU",
            "payment_type": "Standard",
            "payment_date": "2023-03-10T06:49:50Z",
            "account_number": "1001",
            "account_name": null,
            "receipt_number": "12830Standard Test",
            "amount": 1,
            "payment_method": "HBG Manual Receipt Method",
            "currency": "USD",
            "gl_account": null,
            "creation_date": "2023-03-10T06:49:50Z",
            "created_by": "OIC INTEGRATION",
            "last_update_date": "2023-03-10T00:00:00Z",
            "last_updated_by": "OIC_INTEGRATION",
            "return_status": "PROCESSED",
            "return_message": "Receipt sucessfully processed"
        },
        {
            "line_id": 13031,
            "batch_id": 332,
            "business_unit": "HBG US BU",
            "payment_type": "Standard",
            "payment_date": "2023-03-10T06:49:50Z",
            "account_number": "1001",
            "account_name": null,
            "receipt_number": "12831Standard Test",
            "amount": 1,
            "payment_method": "HBG Manual Receipt Method",
            "currency": "USD",
            "gl_account": null,
            "creation_date": "2023-03-10T06:49:50Z",
            "created_by": "OIC INTEGRATION",
            "last_update_date": "2023-03-10T00:00:00Z",
            "last_updated_by": "OIC_INTEGRATION",
            "return_status": "PROCESSED",
            "return_message": "Receipt sucessfully processed"
        },
        {
            "line_id": 13032,
            "batch_id": 332,
            "business_unit": "HBG US BU",
            "payment_type": "Standard",
            "payment_date": "2023-03-10T06:49:50Z",
            "account_number": "1001",
            "account_name": null,
            "receipt_number": "12832Standard Test",
            "amount": 1,
            "payment_method": "HBG Manual Receipt Method",
            "currency": "USD",
            "gl_account": null,
            "creation_date": "2023-03-10T06:49:50Z",
            "created_by": "OIC INTEGRATION",
            "last_update_date": "2023-03-10T00:00:00Z",
            "last_updated_by": "OIC_INTEGRATION",
            "return_status": "PROCESSED",
            "return_message": "Receipt sucessfully processed"
        },
        {
            "line_id": 13033,
            "batch_id": 332,
            "business_unit": "HBG US BU",
            "payment_type": "Standard",
            "payment_date": "2023-03-10T06:49:50Z",
            "account_number": "1001",
            "account_name": null,
            "receipt_number": "12833Standard Test",
            "amount": 1,
            "payment_method": "HBG Manual Receipt Method",
            "currency": "USD",
            "gl_account": null,
            "creation_date": "2023-03-10T06:49:50Z",
            "created_by": "OIC INTEGRATION",
            "last_update_date": "2023-03-10T00:00:00Z",
            "last_updated_by": "OIC_INTEGRATION",
            "return_status": "PROCESSED",
            "return_message": "Receipt sucessfully processed"
        },
        {
            "line_id": 13034,
            "batch_id": 332,
            "business_unit": "HBG US BU",
            "payment_type": "Standard",
            "payment_date": "2023-03-10T06:49:50Z",
            "account_number": "1001",
            "account_name": null,
            "receipt_number": "12834Standard Test",
            "amount": 1,
            "payment_method": "HBG Manual Receipt Method",
            "currency": "USD",
            "gl_account": null,
            "creation_date": "2023-03-10T06:49:50Z",
            "created_by": "OIC INTEGRATION",
            "last_update_date": "2023-03-10T00:00:00Z",
            "last_updated_by": "OIC_INTEGRATION",
            "return_status": "PROCESSED",
            "return_message": "Receipt sucessfully processed"
        },
        {
            "line_id": 13035,
            "batch_id": 332,
            "business_unit": "HBG US BU",
            "payment_type": "Standard",
            "payment_date": "2023-03-10T06:49:50Z",
            "account_number": "1001",
            "account_name": null,
            "receipt_number": "12835Standard Test",
            "amount": 1,
            "payment_method": "HBG Manual Receipt Method",
            "currency": "USD",
            "gl_account": null,
            "creation_date": "2023-03-10T06:49:50Z",
            "created_by": "OIC INTEGRATION",
            "last_update_date": "2023-03-10T00:00:00Z",
            "last_updated_by": "OIC_INTEGRATION",
            "return_status": "PROCESSED",
            "return_message": "Receipt sucessfully processed"
        },
        {
            "line_id": 13036,
            "batch_id": 332,
            "business_unit": "HBG US BU",
            "payment_type": "Standard",
            "payment_date": "2023-03-10T06:49:50Z",
            "account_number": "1001",
            "account_name": null,
            "receipt_number": "12836Standard Test",
            "amount": 1,
            "payment_method": "HBG Manual Receipt Method",
            "currency": "USD",
            "gl_account": null,
            "creation_date": "2023-03-10T06:49:50Z",
            "created_by": "OIC INTEGRATION",
            "last_update_date": "2023-03-10T00:00:00Z",
            "last_updated_by": "OIC_INTEGRATION",
            "return_status": "PROCESSED",
            "return_message": "Receipt sucessfully processed"
        },
        {
            "line_id": 13037,
            "batch_id": 332,
            "business_unit": "HBG US BU",
            "payment_type": "Standard",
            "payment_date": "2023-03-10T06:49:50Z",
            "account_number": "1001",
            "account_name": null,
            "receipt_number": "12837Standard Test",
            "amount": 1,
            "payment_method": "HBG Manual Receipt Method",
            "currency": "USD",
            "gl_account": null,
            "creation_date": "2023-03-10T06:49:50Z",
            "created_by": "OIC INTEGRATION",
            "last_update_date": "2023-03-10T00:00:00Z",
            "last_updated_by": "OIC_INTEGRATION",
            "return_status": "PROCESSED",
            "return_message": "Receipt sucessfully processed"
        },
        {
            "line_id": 13038,
            "batch_id": 332,
            "business_unit": "HBG US BU",
            "payment_type": "Standard",
            "payment_date": "2023-03-10T06:49:50Z",
            "account_number": "1001",
            "account_name": null,
            "receipt_number": "12838Standard Test",
            "amount": 1,
            "payment_method": "HBG Manual Receipt Method",
            "currency": "USD",
            "gl_account": null,
            "creation_date": "2023-03-10T06:49:50Z",
            "created_by": "OIC INTEGRATION",
            "last_update_date": "2023-03-10T00:00:00Z",
            "last_updated_by": "OIC_INTEGRATION",
            "return_status": "PROCESSED",
            "return_message": "Receipt sucessfully processed"
        },
        {
            "line_id": 13039,
            "batch_id": 332,
            "business_unit": "HBG US BU",
            "payment_type": "Standard",
            "payment_date": "2023-03-10T06:49:50Z",
            "account_number": "1001",
            "account_name": null,
            "receipt_number": "12839Standard Test",
            "amount": 1,
            "payment_method": "HBG Manual Receipt Method",
            "currency": "USD",
            "gl_account": null,
            "creation_date": "2023-03-10T06:49:50Z",
            "created_by": "OIC INTEGRATION",
            "last_update_date": "2023-03-10T00:00:00Z",
            "last_updated_by": "OIC_INTEGRATION",
            "return_status": "PROCESSED",
            "return_message": "Receipt sucessfully processed"
        },
        {
            "line_id": 13040,
            "batch_id": 332,
            "business_unit": "HBG US BU",
            "payment_type": "Standard",
            "payment_date": "2023-03-10T06:49:51Z",
            "account_number": "1001",
            "account_name": null,
            "receipt_number": "12840Standard Test",
            "amount": 1,
            "payment_method": "HBG Manual Receipt Method",
            "currency": "USD",
            "gl_account": null,
            "creation_date": "2023-03-10T06:49:51Z",
            "created_by": "OIC INTEGRATION",
            "last_update_date": "2023-03-10T00:00:00Z",
            "last_updated_by": "OIC_INTEGRATION",
            "return_status": "PROCESSED",
            "return_message": "Receipt sucessfully processed"
        },
        {
            "line_id": 13041,
            "batch_id": 332,
            "business_unit": "HBG US BU",
            "payment_type": "Standard",
            "payment_date": "2023-03-10T06:49:51Z",
            "account_number": "1001",
            "account_name": null,
            "receipt_number": "12841Standard Test",
            "amount": 1,
            "payment_method": "HBG Manual Receipt Method",
            "currency": "USD",
            "gl_account": null,
            "creation_date": "2023-03-10T06:49:51Z",
            "created_by": "OIC INTEGRATION",
            "last_update_date": "2023-03-10T00:00:00Z",
            "last_updated_by": "OIC_INTEGRATION",
            "return_status": "PROCESSED",
            "return_message": "Receipt sucessfully processed"
        },
        {
            "line_id": 13042,
            "batch_id": 332,
            "business_unit": "HBG US BU",
            "payment_type": "Standard",
            "payment_date": "2023-03-10T06:49:51Z",
            "account_number": "1001",
            "account_name": null,
            "receipt_number": "12842Standard Test",
            "amount": 1,
            "payment_method": "HBG Manual Receipt Method",
            "currency": "USD",
            "gl_account": null,
            "creation_date": "2023-03-10T06:49:51Z",
            "created_by": "OIC INTEGRATION",
            "last_update_date": "2023-03-10T00:00:00Z",
            "last_updated_by": "OIC_INTEGRATION",
            "return_status": "PROCESSED",
            "return_message": "Receipt sucessfully processed"
        },
        {
            "line_id": 13043,
            "batch_id": 332,
            "business_unit": "HBG US BU",
            "payment_type": "Standard",
            "payment_date": "2023-03-10T06:49:51Z",
            "account_number": "1001",
            "account_name": null,
            "receipt_number": "12843Standard Test",
            "amount": 1,
            "payment_method": "HBG Manual Receipt Method",
            "currency": "USD",
            "gl_account": null,
            "creation_date": "2023-03-10T06:49:51Z",
            "created_by": "OIC INTEGRATION",
            "last_update_date": "2023-03-10T00:00:00Z",
            "last_updated_by": "OIC_INTEGRATION",
            "return_status": "PROCESSED",
            "return_message": "Receipt sucessfully processed"
        },
        {
            "line_id": 13044,
            "batch_id": 332,
            "business_unit": "HBG US BU",
            "payment_type": "Standard",
            "payment_date": "2023-03-10T06:49:51Z",
            "account_number": "1001",
            "account_name": null,
            "receipt_number": "12844Standard Test",
            "amount": 1,
            "payment_method": "HBG Manual Receipt Method",
            "currency": "USD",
            "gl_account": null,
            "creation_date": "2023-03-10T06:49:51Z",
            "created_by": "OIC INTEGRATION",
            "last_update_date": "2023-03-10T00:00:00Z",
            "last_updated_by": "OIC_INTEGRATION",
            "return_status": "PROCESSED",
            "return_message": "Receipt sucessfully processed"
        },
        {
            "line_id": 13045,
            "batch_id": 332,
            "business_unit": "HBG US BU",
            "payment_type": "Standard",
            "payment_date": "2023-03-10T06:49:51Z",
            "account_number": "1001",
            "account_name": null,
            "receipt_number": "12845Standard Test",
            "amount": 1,
            "payment_method": "HBG Manual Receipt Method",
            "currency": "USD",
            "gl_account": null,
            "creation_date": "2023-03-10T06:49:51Z",
            "created_by": "OIC INTEGRATION",
            "last_update_date": "2023-03-10T00:00:00Z",
            "last_updated_by": "OIC_INTEGRATION",
            "return_status": "PROCESSED",
            "return_message": "Receipt sucessfully processed"
        },
        {
            "line_id": 13046,
            "batch_id": 332,
            "business_unit": "HBG US BU",
            "payment_type": "Standard",
            "payment_date": "2023-03-10T06:49:51Z",
            "account_number": "1001",
            "account_name": null,
            "receipt_number": "12846Standard Test",
            "amount": 1,
            "payment_method": "HBG Manual Receipt Method",
            "currency": "USD",
            "gl_account": null,
            "creation_date": "2023-03-10T06:49:51Z",
            "created_by": "OIC INTEGRATION",
            "last_update_date": "2023-03-10T00:00:00Z",
            "last_updated_by": "OIC_INTEGRATION",
            "return_status": "PROCESSED",
            "return_message": "Receipt sucessfully processed"
        },
        {
            "line_id": 13047,
            "batch_id": 332,
            "business_unit": "HBG US BU",
            "payment_type": "Standard",
            "payment_date": "2023-03-10T06:49:51Z",
            "account_number": "1001",
            "account_name": null,
            "receipt_number": "12847Standard Test",
            "amount": 1,
            "payment_method": "HBG Manual Receipt Method",
            "currency": "USD",
            "gl_account": null,
            "creation_date": "2023-03-10T06:49:51Z",
            "created_by": "OIC INTEGRATION",
            "last_update_date": "2023-03-10T00:00:00Z",
            "last_updated_by": "OIC_INTEGRATION",
            "return_status": "PROCESSED",
            "return_message": "Receipt sucessfully processed"
        },
        {
            "line_id": 13048,
            "batch_id": 332,
            "business_unit": "HBG US BU",
            "payment_type": "Standard",
            "payment_date": "2023-03-10T06:49:51Z",
            "account_number": "1001",
            "account_name": null,
            "receipt_number": "12848Standard Test",
            "amount": 1,
            "payment_method": "HBG Manual Receipt Method",
            "currency": "USD",
            "gl_account": null,
            "creation_date": "2023-03-10T06:49:51Z",
            "created_by": "OIC INTEGRATION",
            "last_update_date": "2023-03-10T00:00:00Z",
            "last_updated_by": "OIC_INTEGRATION",
            "return_status": "PROCESSED",
            "return_message": "Receipt sucessfully processed"
        },
        {
            "line_id": 13049,
            "batch_id": 332,
            "business_unit": "HBG US BU",
            "payment_type": "Standard",
            "payment_date": "2023-03-10T06:49:51Z",
            "account_number": "1001",
            "account_name": null,
            "receipt_number": "12849Standard Test",
            "amount": 1,
            "payment_method": "HBG Manual Receipt Method",
            "currency": "USD",
            "gl_account": null,
            "creation_date": "2023-03-10T06:49:51Z",
            "created_by": "OIC INTEGRATION",
            "last_update_date": "2023-03-10T00:00:00Z",
            "last_updated_by": "OIC_INTEGRATION",
            "return_status": "PROCESSED",
            "return_message": "Receipt sucessfully processed"
        },
        {
            "line_id": 13050,
            "batch_id": 332,
            "business_unit": "HBG US BU",
            "payment_type": "Standard",
            "payment_date": "2023-03-10T06:49:51Z",
            "account_number": "1001",
            "account_name": null,
            "receipt_number": "12850Standard Test",
            "amount": 1,
            "payment_method": "HBG Manual Receipt Method",
            "currency": "USD",
            "gl_account": null,
            "creation_date": "2023-03-10T06:49:51Z",
            "created_by": "OIC INTEGRATION",
            "last_update_date": "2023-03-10T00:00:00Z",
            "last_updated_by": "OIC_INTEGRATION",
            "return_status": "PROCESSED",
            "return_message": "Receipt sucessfully processed"
        },
        {
            "line_id": 13051,
            "batch_id": 332,
            "business_unit": "HBG US BU",
            "payment_type": "Standard",
            "payment_date": "2023-03-10T06:49:51Z",
            "account_number": "1001",
            "account_name": null,
            "receipt_number": "12851Standard Test",
            "amount": 1,
            "payment_method": "HBG Manual Receipt Method",
            "currency": "USD",
            "gl_account": null,
            "creation_date": "2023-03-10T06:49:51Z",
            "created_by": "OIC INTEGRATION",
            "last_update_date": "2023-03-10T00:00:00Z",
            "last_updated_by": "OIC_INTEGRATION",
            "return_status": "PROCESSED",
            "return_message": "Receipt sucessfully processed"
        },
        {
            "line_id": 13052,
            "batch_id": 332,
            "business_unit": "HBG US BU",
            "payment_type": "Standard",
            "payment_date": "2023-03-10T06:49:51Z",
            "account_number": "1001",
            "account_name": null,
            "receipt_number": "12852Standard Test",
            "amount": 1,
            "payment_method": "HBG Manual Receipt Method",
            "currency": "USD",
            "gl_account": null,
            "creation_date": "2023-03-10T06:49:51Z",
            "created_by": "OIC INTEGRATION",
            "last_update_date": "2023-03-10T00:00:00Z",
            "last_updated_by": "OIC_INTEGRATION",
            "return_status": "PROCESSED",
            "return_message": "Receipt sucessfully processed"
        },
        {
            "line_id": 13053,
            "batch_id": 332,
            "business_unit": "HBG US BU",
            "payment_type": "Standard",
            "payment_date": "2023-03-10T06:49:51Z",
            "account_number": "1001",
            "account_name": null,
            "receipt_number": "12853Standard Test",
            "amount": 1,
            "payment_method": "HBG Manual Receipt Method",
            "currency": "USD",
            "gl_account": null,
            "creation_date": "2023-03-10T06:49:51Z",
            "created_by": "OIC INTEGRATION",
            "last_update_date": "2023-03-10T00:00:00Z",
            "last_updated_by": "OIC_INTEGRATION",
            "return_status": "PROCESSED",
            "return_message": "Receipt sucessfully processed"
        },
        {
            "line_id": 13054,
            "batch_id": 332,
            "business_unit": "HBG US BU",
            "payment_type": "Standard",
            "payment_date": "2023-03-10T06:49:51Z",
            "account_number": "1001",
            "account_name": null,
            "receipt_number": "12854Standard Test",
            "amount": 1,
            "payment_method": "HBG Manual Receipt Method",
            "currency": "USD",
            "gl_account": null,
            "creation_date": "2023-03-10T06:49:51Z",
            "created_by": "OIC INTEGRATION",
            "last_update_date": "2023-03-10T00:00:00Z",
            "last_updated_by": "OIC_INTEGRATION",
            "return_status": "PROCESSED",
            "return_message": "Receipt sucessfully processed"
        },
        {
            "line_id": 13055,
            "batch_id": 332,
            "business_unit": "HBG US BU",
            "payment_type": "Standard",
            "payment_date": "2023-03-10T06:49:51Z",
            "account_number": "1001",
            "account_name": null,
            "receipt_number": "12855Standard Test",
            "amount": 1,
            "payment_method": "HBG Manual Receipt Method",
            "currency": "USD",
            "gl_account": null,
            "creation_date": "2023-03-10T06:49:51Z",
            "created_by": "OIC INTEGRATION",
            "last_update_date": "2023-03-10T00:00:00Z",
            "last_updated_by": "OIC_INTEGRATION",
            "return_status": "PROCESSED",
            "return_message": "Receipt sucessfully processed"
        },
        {
            "line_id": 13056,
            "batch_id": 332,
            "business_unit": "HBG US BU",
            "payment_type": "Standard",
            "payment_date": "2023-03-10T06:49:51Z",
            "account_number": "1001",
            "account_name": null,
            "receipt_number": "12856Standard Test",
            "amount": 1,
            "payment_method": "HBG Manual Receipt Method",
            "currency": "USD",
            "gl_account": null,
            "creation_date": "2023-03-10T06:49:51Z",
            "created_by": "OIC INTEGRATION",
            "last_update_date": "2023-03-10T00:00:00Z",
            "last_updated_by": "OIC_INTEGRATION",
            "return_status": "PROCESSED",
            "return_message": "Receipt sucessfully processed"
        },
        {
            "line_id": 13057,
            "batch_id": 332,
            "business_unit": "HBG US BU",
            "payment_type": "Standard",
            "payment_date": "2023-03-10T06:49:51Z",
            "account_number": "1001",
            "account_name": null,
            "receipt_number": "12857Standard Test",
            "amount": 1,
            "payment_method": "HBG Manual Receipt Method",
            "currency": "USD",
            "gl_account": null,
            "creation_date": "2023-03-10T06:49:51Z",
            "created_by": "OIC INTEGRATION",
            "last_update_date": "2023-03-10T00:00:00Z",
            "last_updated_by": "OIC_INTEGRATION",
            "return_status": "PROCESSED",
            "return_message": "Receipt sucessfully processed"
        },
        {
            "line_id": 13058,
            "batch_id": 332,
            "business_unit": "HBG US BU",
            "payment_type": "Standard",
            "payment_date": "2023-03-10T06:49:51Z",
            "account_number": "1001",
            "account_name": null,
            "receipt_number": "12858Standard Test",
            "amount": 1,
            "payment_method": "HBG Manual Receipt Method",
            "currency": "USD",
            "gl_account": null,
            "creation_date": "2023-03-10T06:49:51Z",
            "created_by": "OIC INTEGRATION",
            "last_update_date": "2023-03-10T00:00:00Z",
            "last_updated_by": "OIC_INTEGRATION",
            "return_status": "PROCESSED",
            "return_message": "Receipt sucessfully processed"
        },
        {
            "line_id": 13059,
            "batch_id": 332,
            "business_unit": "HBG US BU",
            "payment_type": "Standard",
            "payment_date": "2023-03-10T06:49:51Z",
            "account_number": "1001",
            "account_name": null,
            "receipt_number": "12859Standard Test",
            "amount": 1,
            "payment_method": "HBG Manual Receipt Method",
            "currency": "USD",
            "gl_account": null,
            "creation_date": "2023-03-10T06:49:51Z",
            "created_by": "OIC INTEGRATION",
            "last_update_date": "2023-03-10T00:00:00Z",
            "last_updated_by": "OIC_INTEGRATION",
            "return_status": "PROCESSED",
            "return_message": "Receipt sucessfully processed"
        },
        {
            "line_id": 13060,
            "batch_id": 332,
            "business_unit": "HBG US BU",
            "payment_type": "Standard",
            "payment_date": "2023-03-10T06:49:51Z",
            "account_number": "1001",
            "account_name": null,
            "receipt_number": "12860Standard Test",
            "amount": 1,
            "payment_method": "HBG Manual Receipt Method",
            "currency": "USD",
            "gl_account": null,
            "creation_date": "2023-03-10T06:49:51Z",
            "created_by": "OIC INTEGRATION",
            "last_update_date": "2023-03-10T00:00:00Z",
            "last_updated_by": "OIC_INTEGRATION",
            "return_status": "PROCESSED",
            "return_message": "Receipt sucessfully processed"
        },
        {
            "line_id": 13061,
            "batch_id": 332,
            "business_unit": "HBG US BU",
            "payment_type": "Standard",
            "payment_date": "2023-03-10T06:49:51Z",
            "account_number": "1001",
            "account_name": null,
            "receipt_number": "12861Standard Test",
            "amount": 1,
            "payment_method": "HBG Manual Receipt Method",
            "currency": "USD",
            "gl_account": null,
            "creation_date": "2023-03-10T06:49:51Z",
            "created_by": "OIC INTEGRATION",
            "last_update_date": "2023-03-10T00:00:00Z",
            "last_updated_by": "OIC_INTEGRATION",
            "return_status": "PROCESSED",
            "return_message": "Receipt sucessfully processed"
        },
        {
            "line_id": 13062,
            "batch_id": 332,
            "business_unit": "HBG US BU",
            "payment_type": "Standard",
            "payment_date": "2023-03-10T06:49:51Z",
            "account_number": "1001",
            "account_name": null,
            "receipt_number": "12862Standard Test",
            "amount": 1,
            "payment_method": "HBG Manual Receipt Method",
            "currency": "USD",
            "gl_account": null,
            "creation_date": "2023-03-10T06:49:51Z",
            "created_by": "OIC INTEGRATION",
            "last_update_date": "2023-03-10T00:00:00Z",
            "last_updated_by": "OIC_INTEGRATION",
            "return_status": "PROCESSED",
            "return_message": "Receipt sucessfully processed"
        },
        {
            "line_id": 13063,
            "batch_id": 332,
            "business_unit": "HBG US BU",
            "payment_type": "Standard",
            "payment_date": "2023-03-10T06:49:51Z",
            "account_number": "1001",
            "account_name": null,
            "receipt_number": "12863Standard Test",
            "amount": 1,
            "payment_method": "HBG Manual Receipt Method",
            "currency": "USD",
            "gl_account": null,
            "creation_date": "2023-03-10T06:49:51Z",
            "created_by": "OIC INTEGRATION",
            "last_update_date": "2023-03-10T00:00:00Z",
            "last_updated_by": "OIC_INTEGRATION",
            "return_status": "PROCESSED",
            "return_message": "Receipt sucessfully processed"
        },
        {
            "line_id": 13064,
            "batch_id": 332,
            "business_unit": "HBG US BU",
            "payment_type": "Standard",
            "payment_date": "2023-03-10T06:49:51Z",
            "account_number": "1001",
            "account_name": null,
            "receipt_number": "12864Standard Test",
            "amount": 1,
            "payment_method": "HBG Manual Receipt Method",
            "currency": "USD",
            "gl_account": null,
            "creation_date": "2023-03-10T06:49:51Z",
            "created_by": "OIC INTEGRATION",
            "last_update_date": "2023-03-10T00:00:00Z",
            "last_updated_by": "OIC_INTEGRATION",
            "return_status": "PROCESSED",
            "return_message": "Receipt sucessfully processed"
        },
        {
            "line_id": 13065,
            "batch_id": 332,
            "business_unit": "HBG US BU",
            "payment_type": "Standard",
            "payment_date": "2023-03-10T06:49:51Z",
            "account_number": "1001",
            "account_name": null,
            "receipt_number": "12865Standard Test",
            "amount": 1,
            "payment_method": "HBG Manual Receipt Method",
            "currency": "USD",
            "gl_account": null,
            "creation_date": "2023-03-10T06:49:51Z",
            "created_by": "OIC INTEGRATION",
            "last_update_date": "2023-03-10T00:00:00Z",
            "last_updated_by": "OIC_INTEGRATION",
            "return_status": "PROCESSED",
            "return_message": "Receipt sucessfully processed"
        },
        {
            "line_id": 13066,
            "batch_id": 332,
            "business_unit": "HBG US BU",
            "payment_type": "Standard",
            "payment_date": "2023-03-10T06:49:51Z",
            "account_number": "1001",
            "account_name": null,
            "receipt_number": "12866Standard Test",
            "amount": 1,
            "payment_method": "HBG Manual Receipt Method",
            "currency": "USD",
            "gl_account": null,
            "creation_date": "2023-03-10T06:49:51Z",
            "created_by": "OIC INTEGRATION",
            "last_update_date": "2023-03-10T00:00:00Z",
            "last_updated_by": "OIC_INTEGRATION",
            "return_status": "PROCESSED",
            "return_message": "Receipt sucessfully processed"
        },
        {
            "line_id": 13067,
            "batch_id": 332,
            "business_unit": "HBG US BU",
            "payment_type": "Standard",
            "payment_date": "2023-03-10T06:49:51Z",
            "account_number": "1001",
            "account_name": null,
            "receipt_number": "12867Standard Test",
            "amount": 1,
            "payment_method": "HBG Manual Receipt Method",
            "currency": "USD",
            "gl_account": null,
            "creation_date": "2023-03-10T06:49:51Z",
            "created_by": "OIC INTEGRATION",
            "last_update_date": "2023-03-10T00:00:00Z",
            "last_updated_by": "OIC_INTEGRATION",
            "return_status": "PROCESSED",
            "return_message": "Receipt sucessfully processed"
        },
        {
            "line_id": 13068,
            "batch_id": 332,
            "business_unit": "HBG US BU",
            "payment_type": "Standard",
            "payment_date": "2023-03-10T06:49:51Z",
            "account_number": "1001",
            "account_name": null,
            "receipt_number": "12868Standard Test",
            "amount": 1,
            "payment_method": "HBG Manual Receipt Method",
            "currency": "USD",
            "gl_account": null,
            "creation_date": "2023-03-10T06:49:51Z",
            "created_by": "OIC INTEGRATION",
            "last_update_date": "2023-03-10T00:00:00Z",
            "last_updated_by": "OIC_INTEGRATION",
            "return_status": "PROCESSED",
            "return_message": "Receipt sucessfully processed"
        },
        {
            "line_id": 13069,
            "batch_id": 332,
            "business_unit": "HBG US BU",
            "payment_type": "Standard",
            "payment_date": "2023-03-10T06:49:51Z",
            "account_number": "1001",
            "account_name": null,
            "receipt_number": "12869Standard Test",
            "amount": 1,
            "payment_method": "HBG Manual Receipt Method",
            "currency": "USD",
            "gl_account": null,
            "creation_date": "2023-03-10T06:49:51Z",
            "created_by": "OIC INTEGRATION",
            "last_update_date": "2023-03-10T00:00:00Z",
            "last_updated_by": "OIC_INTEGRATION",
            "return_status": "PROCESSED",
            "return_message": "Receipt sucessfully processed"
        },
        {
            "line_id": 13070,
            "batch_id": 332,
            "business_unit": "HBG US BU",
            "payment_type": "Standard",
            "payment_date": "2023-03-10T06:49:51Z",
            "account_number": "1001",
            "account_name": null,
            "receipt_number": "12870Standard Test",
            "amount": 1,
            "payment_method": "HBG Manual Receipt Method",
            "currency": "USD",
            "gl_account": null,
            "creation_date": "2023-03-10T06:49:51Z",
            "created_by": "OIC INTEGRATION",
            "last_update_date": "2023-03-10T00:00:00Z",
            "last_updated_by": "OIC_INTEGRATION",
            "return_status": "PROCESSED",
            "return_message": "Receipt sucessfully processed"
        },
        {
            "line_id": 13071,
            "batch_id": 332,
            "business_unit": "HBG US BU",
            "payment_type": "Standard",
            "payment_date": "2023-03-10T06:49:51Z",
            "account_number": "1001",
            "account_name": null,
            "receipt_number": "12871Standard Test",
            "amount": 1,
            "payment_method": "HBG Manual Receipt Method",
            "currency": "USD",
            "gl_account": null,
            "creation_date": "2023-03-10T06:49:51Z",
            "created_by": "OIC INTEGRATION",
            "last_update_date": "2023-03-10T00:00:00Z",
            "last_updated_by": "OIC_INTEGRATION",
            "return_status": "PROCESSED",
            "return_message": "Receipt sucessfully processed"
        },
        {
            "line_id": 13072,
            "batch_id": 332,
            "business_unit": "HBG US BU",
            "payment_type": "Standard",
            "payment_date": "2023-03-10T06:49:51Z",
            "account_number": "1001",
            "account_name": null,
            "receipt_number": "12872Standard Test",
            "amount": 1,
            "payment_method": "HBG Manual Receipt Method",
            "currency": "USD",
            "gl_account": null,
            "creation_date": "2023-03-10T06:49:51Z",
            "created_by": "OIC INTEGRATION",
            "last_update_date": "2023-03-10T00:00:00Z",
            "last_updated_by": "OIC_INTEGRATION",
            "return_status": "PROCESSED",
            "return_message": "Receipt sucessfully processed"
        },
        {
            "line_id": 13073,
            "batch_id": 332,
            "business_unit": "HBG US BU",
            "payment_type": "Standard",
            "payment_date": "2023-03-10T06:49:51Z",
            "account_number": "1001",
            "account_name": null,
            "receipt_number": "12873Standard Test",
            "amount": 1,
            "payment_method": "HBG Manual Receipt Method",
            "currency": "USD",
            "gl_account": null,
            "creation_date": "2023-03-10T06:49:51Z",
            "created_by": "OIC INTEGRATION",
            "last_update_date": "2023-03-10T00:00:00Z",
            "last_updated_by": "OIC_INTEGRATION",
            "return_status": "PROCESSED",
            "return_message": "Receipt sucessfully processed"
        },
        {
            "line_id": 13074,
            "batch_id": 332,
            "business_unit": "HBG US BU",
            "payment_type": "Standard",
            "payment_date": "2023-03-10T06:49:51Z",
            "account_number": "1001",
            "account_name": null,
            "receipt_number": "12874Standard Test",
            "amount": 1,
            "payment_method": "HBG Manual Receipt Method",
            "currency": "USD",
            "gl_account": null,
            "creation_date": "2023-03-10T06:49:51Z",
            "created_by": "OIC INTEGRATION",
            "last_update_date": "2023-03-10T00:00:00Z",
            "last_updated_by": "OIC_INTEGRATION",
            "return_status": "PROCESSED",
            "return_message": "Receipt sucessfully processed"
        },
        {
            "line_id": 13075,
            "batch_id": 332,
            "business_unit": "HBG US BU",
            "payment_type": "Standard",
            "payment_date": "2023-03-10T06:49:51Z",
            "account_number": "1001",
            "account_name": null,
            "receipt_number": "12875Standard Test",
            "amount": 1,
            "payment_method": "HBG Manual Receipt Method",
            "currency": "USD",
            "gl_account": null,
            "creation_date": "2023-03-10T06:49:51Z",
            "created_by": "OIC INTEGRATION",
            "last_update_date": "2023-03-10T00:00:00Z",
            "last_updated_by": "OIC_INTEGRATION",
            "return_status": "PROCESSED",
            "return_message": "Receipt sucessfully processed"
        },
        {
            "line_id": 13076,
            "batch_id": 332,
            "business_unit": "HBG US BU",
            "payment_type": "Standard",
            "payment_date": "2023-03-10T06:49:51Z",
            "account_number": "1001",
            "account_name": null,
            "receipt_number": "12876Standard Test",
            "amount": 1,
            "payment_method": "HBG Manual Receipt Method",
            "currency": "USD",
            "gl_account": null,
            "creation_date": "2023-03-10T06:49:51Z",
            "created_by": "OIC INTEGRATION",
            "last_update_date": "2023-03-10T00:00:00Z",
            "last_updated_by": "OIC_INTEGRATION",
            "return_status": "PROCESSED",
            "return_message": "Receipt sucessfully processed"
        },
        {
            "line_id": 13077,
            "batch_id": 332,
            "business_unit": "HBG US BU",
            "payment_type": "Standard",
            "payment_date": "2023-03-10T06:49:51Z",
            "account_number": "1001",
            "account_name": null,
            "receipt_number": "12877Standard Test",
            "amount": 1,
            "payment_method": "HBG Manual Receipt Method",
            "currency": "USD",
            "gl_account": null,
            "creation_date": "2023-03-10T06:49:51Z",
            "created_by": "OIC INTEGRATION",
            "last_update_date": "2023-03-10T00:00:00Z",
            "last_updated_by": "OIC_INTEGRATION",
            "return_status": "PROCESSED",
            "return_message": "Receipt sucessfully processed"
        },
        {
            "line_id": 13078,
            "batch_id": 332,
            "business_unit": "HBG US BU",
            "payment_type": "Standard",
            "payment_date": "2023-03-10T06:49:51Z",
            "account_number": "1001",
            "account_name": null,
            "receipt_number": "12878Standard Test",
            "amount": 1,
            "payment_method": "HBG Manual Receipt Method",
            "currency": "USD",
            "gl_account": null,
            "creation_date": "2023-03-10T06:49:51Z",
            "created_by": "OIC INTEGRATION",
            "last_update_date": "2023-03-10T00:00:00Z",
            "last_updated_by": "OIC_INTEGRATION",
            "return_status": "PROCESSED",
            "return_message": "Receipt sucessfully processed"
        },
        {
            "line_id": 13079,
            "batch_id": 332,
            "business_unit": "HBG US BU",
            "payment_type": "Standard",
            "payment_date": "2023-03-10T06:49:51Z",
            "account_number": "1001",
            "account_name": null,
            "receipt_number": "12879Standard Test",
            "amount": 1,
            "payment_method": "HBG Manual Receipt Method",
            "currency": "USD",
            "gl_account": null,
            "creation_date": "2023-03-10T06:49:51Z",
            "created_by": "OIC INTEGRATION",
            "last_update_date": "2023-03-10T00:00:00Z",
            "last_updated_by": "OIC_INTEGRATION",
            "return_status": "PROCESSED",
            "return_message": "Receipt sucessfully processed"
        },
        {
            "line_id": 13080,
            "batch_id": 332,
            "business_unit": "HBG US BU",
            "payment_type": "Standard",
            "payment_date": "2023-03-10T06:49:51Z",
            "account_number": "1001",
            "account_name": null,
            "receipt_number": "12880Standard Test",
            "amount": 1,
            "payment_method": "HBG Manual Receipt Method",
            "currency": "USD",
            "gl_account": null,
            "creation_date": "2023-03-10T06:49:51Z",
            "created_by": "OIC INTEGRATION",
            "last_update_date": "2023-03-10T00:00:00Z",
            "last_updated_by": "OIC_INTEGRATION",
            "return_status": "PROCESSED",
            "return_message": "Receipt sucessfully processed"
        },
        {
            "line_id": 13081,
            "batch_id": 332,
            "business_unit": "HBG US BU",
            "payment_type": "Standard",
            "payment_date": "2023-03-10T06:49:51Z",
            "account_number": "1001",
            "account_name": null,
            "receipt_number": "12881Standard Test",
            "amount": 1,
            "payment_method": "HBG Manual Receipt Method",
            "currency": "USD",
            "gl_account": null,
            "creation_date": "2023-03-10T06:49:51Z",
            "created_by": "OIC INTEGRATION",
            "last_update_date": "2023-03-10T00:00:00Z",
            "last_updated_by": "OIC_INTEGRATION",
            "return_status": "PROCESSED",
            "return_message": "Receipt sucessfully processed"
        },
        {
            "line_id": 13082,
            "batch_id": 332,
            "business_unit": "HBG US BU",
            "payment_type": "Standard",
            "payment_date": "2023-03-10T06:49:51Z",
            "account_number": "1001",
            "account_name": null,
            "receipt_number": "12882Standard Test",
            "amount": 1,
            "payment_method": "HBG Manual Receipt Method",
            "currency": "USD",
            "gl_account": null,
            "creation_date": "2023-03-10T06:49:51Z",
            "created_by": "OIC INTEGRATION",
            "last_update_date": "2023-03-10T00:00:00Z",
            "last_updated_by": "OIC_INTEGRATION",
            "return_status": "PROCESSED",
            "return_message": "Receipt sucessfully processed"
        },
        {
            "line_id": 13083,
            "batch_id": 332,
            "business_unit": "HBG US BU",
            "payment_type": "Standard",
            "payment_date": "2023-03-10T06:49:51Z",
            "account_number": "1001",
            "account_name": null,
            "receipt_number": "12883Standard Test",
            "amount": 1,
            "payment_method": "HBG Manual Receipt Method",
            "currency": "USD",
            "gl_account": null,
            "creation_date": "2023-03-10T06:49:51Z",
            "created_by": "OIC INTEGRATION",
            "last_update_date": "2023-03-10T00:00:00Z",
            "last_updated_by": "OIC_INTEGRATION",
            "return_status": "PROCESSED",
            "return_message": "Receipt sucessfully processed"
        },
        {
            "line_id": 13084,
            "batch_id": 332,
            "business_unit": "HBG US BU",
            "payment_type": "Standard",
            "payment_date": "2023-03-10T06:49:51Z",
            "account_number": "1001",
            "account_name": null,
            "receipt_number": "12884Standard Test",
            "amount": 1,
            "payment_method": "HBG Manual Receipt Method",
            "currency": "USD",
            "gl_account": null,
            "creation_date": "2023-03-10T06:49:51Z",
            "created_by": "OIC INTEGRATION",
            "last_update_date": "2023-03-10T00:00:00Z",
            "last_updated_by": "OIC_INTEGRATION",
            "return_status": "PROCESSED",
            "return_message": "Receipt sucessfully processed"
        },
        {
            "line_id": 13085,
            "batch_id": 332,
            "business_unit": "HBG US BU",
            "payment_type": "Standard",
            "payment_date": "2023-03-10T06:49:51Z",
            "account_number": "1001",
            "account_name": null,
            "receipt_number": "12885Standard Test",
            "amount": 1,
            "payment_method": "HBG Manual Receipt Method",
            "currency": "USD",
            "gl_account": null,
            "creation_date": "2023-03-10T06:49:51Z",
            "created_by": "OIC INTEGRATION",
            "last_update_date": "2023-03-10T00:00:00Z",
            "last_updated_by": "OIC_INTEGRATION",
            "return_status": "PROCESSED",
            "return_message": "Receipt sucessfully processed"
        },
        {
            "line_id": 13086,
            "batch_id": 332,
            "business_unit": "HBG US BU",
            "payment_type": "Standard",
            "payment_date": "2023-03-10T06:49:51Z",
            "account_number": "1001",
            "account_name": null,
            "receipt_number": "12886Standard Test",
            "amount": 1,
            "payment_method": "HBG Manual Receipt Method",
            "currency": "USD",
            "gl_account": null,
            "creation_date": "2023-03-10T06:49:51Z",
            "created_by": "OIC INTEGRATION",
            "last_update_date": "2023-03-10T00:00:00Z",
            "last_updated_by": "OIC_INTEGRATION",
            "return_status": "PROCESSED",
            "return_message": "Receipt sucessfully processed"
        },
        {
            "line_id": 13087,
            "batch_id": 332,
            "business_unit": "HBG US BU",
            "payment_type": "Standard",
            "payment_date": "2023-03-10T06:49:51Z",
            "account_number": "1001",
            "account_name": null,
            "receipt_number": "12887Standard Test",
            "amount": 1,
            "payment_method": "HBG Manual Receipt Method",
            "currency": "USD",
            "gl_account": null,
            "creation_date": "2023-03-10T06:49:51Z",
            "created_by": "OIC INTEGRATION",
            "last_update_date": "2023-03-10T00:00:00Z",
            "last_updated_by": "OIC_INTEGRATION",
            "return_status": "PROCESSED",
            "return_message": "Receipt sucessfully processed"
        },
        {
            "line_id": 13088,
            "batch_id": 332,
            "business_unit": "HBG US BU",
            "payment_type": "Standard",
            "payment_date": "2023-03-10T06:49:51Z",
            "account_number": "1001",
            "account_name": null,
            "receipt_number": "12888Standard Test",
            "amount": 1,
            "payment_method": "HBG Manual Receipt Method",
            "currency": "USD",
            "gl_account": null,
            "creation_date": "2023-03-10T06:49:51Z",
            "created_by": "OIC INTEGRATION",
            "last_update_date": "2023-03-10T00:00:00Z",
            "last_updated_by": "OIC_INTEGRATION",
            "return_status": "PROCESSED",
            "return_message": "Receipt sucessfully processed"
        },
        {
            "line_id": 13089,
            "batch_id": 332,
            "business_unit": "HBG US BU",
            "payment_type": "Standard",
            "payment_date": "2023-03-10T06:49:51Z",
            "account_number": "1001",
            "account_name": null,
            "receipt_number": "12889Standard Test",
            "amount": 1,
            "payment_method": "HBG Manual Receipt Method",
            "currency": "USD",
            "gl_account": null,
            "creation_date": "2023-03-10T06:49:51Z",
            "created_by": "OIC INTEGRATION",
            "last_update_date": "2023-03-10T00:00:00Z",
            "last_updated_by": "OIC_INTEGRATION",
            "return_status": "PROCESSED",
            "return_message": "Receipt sucessfully processed"
        },
        {
            "line_id": 13090,
            "batch_id": 332,
            "business_unit": "HBG US BU",
            "payment_type": "Standard",
            "payment_date": "2023-03-10T06:49:51Z",
            "account_number": "1001",
            "account_name": null,
            "receipt_number": "12890Standard Test",
            "amount": 1,
            "payment_method": "HBG Manual Receipt Method",
            "currency": "USD",
            "gl_account": null,
            "creation_date": "2023-03-10T06:49:51Z",
            "created_by": "OIC INTEGRATION",
            "last_update_date": "2023-03-10T00:00:00Z",
            "last_updated_by": "OIC_INTEGRATION",
            "return_status": "PROCESSED",
            "return_message": "Receipt sucessfully processed"
        },
        {
            "line_id": 13091,
            "batch_id": 332,
            "business_unit": "HBG US BU",
            "payment_type": "Standard",
            "payment_date": "2023-03-10T06:49:51Z",
            "account_number": "1001",
            "account_name": null,
            "receipt_number": "12891Standard Test",
            "amount": 1,
            "payment_method": "HBG Manual Receipt Method",
            "currency": "USD",
            "gl_account": null,
            "creation_date": "2023-03-10T06:49:51Z",
            "created_by": "OIC INTEGRATION",
            "last_update_date": "2023-03-10T00:00:00Z",
            "last_updated_by": "OIC_INTEGRATION",
            "return_status": "PROCESSED",
            "return_message": "Receipt sucessfully processed"
        },
        {
            "line_id": 13092,
            "batch_id": 332,
            "business_unit": "HBG US BU",
            "payment_type": "Standard",
            "payment_date": "2023-03-10T06:49:51Z",
            "account_number": "1001",
            "account_name": null,
            "receipt_number": "12892Standard Test",
            "amount": 1,
            "payment_method": "HBG Manual Receipt Method",
            "currency": "USD",
            "gl_account": null,
            "creation_date": "2023-03-10T06:49:51Z",
            "created_by": "OIC INTEGRATION",
            "last_update_date": "2023-03-10T00:00:00Z",
            "last_updated_by": "OIC_INTEGRATION",
            "return_status": "PROCESSED",
            "return_message": "Receipt sucessfully processed"
        }
    ],
    "hasMore": false,
    "limit": 0,
    "offset": 0,
    "count": 101,
    "links": [
        {
            "rel": "self",
            "href": "https://10.2.0.169:8081/ords/hbg_integration/PaymentExtension/hbg_ar_payments_lines?P_BATCH_ID=332"
        },
        {
            "rel": "edit",
            "href": "https://10.2.0.169:8081/ords/hbg_integration/PaymentExtension/hbg_ar_payments_lines?P_BATCH_ID=332"
        },
        {
            "rel": "describedby",
            "href": "https://10.2.0.169:8081/ords/hbg_integration/metadata-catalog/PaymentExtension/item"
        }
    ]
}