{
    "items": [
        {
            "dist_chnl_assign_id": 10,
            "account_number": "14222411-NEIMAN MARCUS GROUP L",
            "account_name": "NEIMAN MARCUS GROUP LLC",
            "sales_force_number": "01",
            "sales_force_name": "HBG ID/WHL SALES",
            "owner": "BB",
            "reporting_group": "BB97",
            "category_1": "BB9701",
            "category_2": "BB970101",
            "bisac": "ANT001000",
            "bisac_description": "ANTIQUES & COLLECTIBLES / Americana",
            "distribution_channel": "01",
            "dist_channel_description": "Test Taylor",
            "notes": null,
            "entered_by": "thastings@pelotongroup.com",
            "entered_date": "2023-01-18T14:57:39Z",
            "updated_by": "thastings@pelotongroup.com",
            "updated_date": "2023-01-18T14:57:39Z",
            "start_date": "0018-01-21T00:00:00Z",
            "end_date": null,
            "dist_channel_id": 1011
        },
        {
            "dist_chnl_assign_id": 8,
            "account_number": "14222411-NEIMAN MARCUS GROUP L",
            "account_name": "NEIMAN MARCUS GROUP LLC",
            "sales_force_number": "SFM1",
            "sales_force_name": "SFM1Name",
            "owner": "AB",
            "reporting_group": "AB58",
            "category_1": "AB5801",
            "category_2": "AB580101",
            "bisac": "ANT005000",
            "bisac_description": "ANTIQUES & COLLECTIBLES / Books",
            "distribution_channel": "DIST1",
            "dist_channel_description": "DIST1",
            "notes": "TestNotes",
            "entered_by": "freis@pelotongroup.com",
            "entered_date": "2023-01-14T17:22:55Z",
            "updated_by": "freis@pelotongroup.com",
            "updated_date": "2023-01-14T17:22:55Z",
            "start_date": "0014-01-21T00:00:00Z",
            "end_date": "2023-01-19T00:00:00Z",
            "dist_channel_id": 1009
        },
        {
            "dist_chnl_assign_id": 7,
            "account_number": "14222411-NEIMAN MARCUS GROUP L",
            "account_name": "NEIMAN MARCUS GROUP LLC",
            "sales_force_number": "SFM1",
            "sales_force_name": "SFM1Name",
            "owner": "AB",
            "reporting_group": "AB58",
            "category_1": "AB5801",
            "category_2": "AB580101",
            "bisac": "ANT008000",
            "bisac_description": "ANTIQUES & COLLECTIBLES / Care & Restoration",
            "distribution_channel": "DIST1",
            "dist_channel_description": "DIST1",
            "notes": "TestNotes",
            "entered_by": null,
            "entered_date": "0013-01-21T00:00:00Z",
            "updated_by": "freis@pelotongroup.com",
            "updated_date": "2023-01-13T15:47:05Z",
            "start_date": "0021-01-11T00:00:00Z",
            "end_date": "2023-01-27T00:00:00Z",
            "dist_channel_id": 1009
        },
        {
            "dist_chnl_assign_id": 9,
            "account_number": "TST_01_11212583-POWELL'S BOOKS",
            "account_name": "POWELL'S BOOKSTORE",
            "sales_force_number": "01",
            "sales_force_name": "HBG ID/WHL SALES",
            "owner": "AR",
            "reporting_group": "AR65",
            "category_1": "AR6501",
            "category_2": "AR650101",
            "bisac": "ANT005000",
            "bisac_description": "ANTIQUES & COLLECTIBLES / Books",
            "distribution_channel": "DIST2",
            "dist_channel_description": "DIST2",
            "notes": "Final Test",
            "entered_by": "freis@pelotongroup.com",
            "entered_date": "2023-01-14T17:26:49Z",
            "updated_by": "freis@pelotongroup.com",
            "updated_date": "2023-01-14T17:26:49Z",
            "start_date": "0014-01-21T00:00:00Z",
            "end_date": "2023-01-25T00:00:00Z",
            "dist_channel_id": 1010
        }
    ],
    "hasMore": false,
    "limit": 100,
    "offset": 0,
    "count": 4,
    "links": [
        {
            "rel": "self",
            "href": "https://10.2.0.169:8081/ords/hbg_integration/salesCredit/AssignDistribution"
        },
        {
            "rel": "edit",
            "href": "https://10.2.0.169:8081/ords/hbg_integration/salesCredit/AssignDistribution"
        },
        {
            "rel": "describedby",
            "href": "https://10.2.0.169:8081/ords/hbg_integration/metadata-catalog/salesCredit/item"
        },
        {
            "rel": "first",
            "href": "https://10.2.0.169:8081/ords/hbg_integration/salesCredit/AssignDistribution"
        }
    ]
}