{
  "root": "callRestGetSalesCreditGetClientinfo",
  "description": "",
  "actions": {
    "fireNotification": {
      "module": "vb/action/builtin/fireNotificationEventAction",
      "parameters": {
        "target": "leaf",
        "summary": "Failed to Fetch CLient info Data",
        "type": "error",
        "displayMode": "transient"
      }
    },
    "callRestGetSalesCreditGetClientinfo": {
      "module": "vb/action/builtin/restAction",
      "parameters": {
        "endpoint": "devOrds/getSalesCreditGetClientinfo",
        "uriParams": {
          "p_cust_account_id": "{{ $page.variables.SelectedNavCustAccId }}"
        }
      },
      "outcomes": {
        "failure": "fireNotification",
        "success": "assignVariablesClientInfoADP"
      }
    },
    "assignVariablesClientInfoADP": {
      "module": "vb/action/builtin/assignVariablesAction",
      "parameters": {
        "$page.variables.ClientInfoADP": {
          "source": {
            "data": "{{ $chain.results.callRestGetSalesCreditGetClientinfo.body.items }}"
          },
          "reset": "none",
          "auto": "always",
          "mapping": {
            "$target.data": {
              "source": "$source.data",
              "reset": "empty"
            }
          }
        }
      }
    }
  }
}