{
  "description": "",
  "root": "ifCurrentId",
  "actions": {
    "assignVariablesSelectedParent": {
      "module": "vb/action/builtin/assignVariablesAction",
      "parameters": {
        "$page.variables.SelectedParent": {
          "source": "Org"
        }
      }
    },
    "ifCurrentId": {
      "module": "vb/action/builtin/ifAction",
      "parameters": {
        "condition": "[[ $variables.CurrentValue === \"Org\" ]]"
      },
      "outcomes": {
        "true": "assignVariablesSelectedParent",
        "false": "ifCurrentId3"
      }
    },
    "ifCurrentId3": {
      "module": "vb/action/builtin/ifAction",
      "parameters": {
        "condition": "[[ $variables.CurrentValue === \"Accounts\" ]]"
      },
      "outcomes": {
        "true": "assignVariablesSelectedParent4",
        "false": "ifCurrentValue"
      }
    },
    "callChainFetchSitesNavdata": {
      "module": "vb/action/builtin/callChainAction",
      "parameters": {
        "id": "FetchSitesNavdata"
      }
    },
    "ifCurrentValue": {
      "module": "vb/action/builtin/ifAction",
      "parameters": {
        "condition": "[[ $variables.CurrentValue === \"Sites\" ]]"
      },
      "outcomes": {
        "true": "assignVariablesSelectedParent3"
      }
    },
    "assignVariablesSelectedParent3": {
      "module": "vb/action/builtin/assignVariablesAction",
      "parameters": {
        "$page.variables.SelectedParent": {
          "source": "Sites"
        },
        "$page.variables.SelectedNavData": {
          "source": "{{ $variables.SelectedNav }}"
        }
      },
      "outcomes": {
        "success": "fireNotificationSelectedNavData"
      }
    },
    "runInParallel": {
      "module": "vb/action/builtin/forkAction",
      "parameters": {
        "actions": {
          "callChainFetchSitesNavdata": "callChainFetchSitesNavdata",
          "callRestGetAccountNameByNumber": "callRestGetAccountNameByNumber"
        }
      }
    },
    "assignVariablesSelectedParent4": {
      "module": "vb/action/builtin/assignVariablesAction",
      "parameters": {
        "$page.variables.SelectedParent": {
          "source": "Accounts"
        },
        "$page.variables.SelectedNavData": {
          "source": "{{ $variables.SelectedNav }}"
        }
      },
      "outcomes": {
        "success": "runInParallel"
      }
    },
    "callRestGetAccountNameByNumber": {
      "module": "vb/action/builtin/restAction",
      "parameters": {
        "endpoint": "devOrds/GetAccountNameByNumber",
        "uriParams": {
          "p_account_number": "{{ $variables.SelectedNav }}"
        }
      },
      "outcomes": {
        "success": "assignVariablesSelectedNavCustAccId"
      }
    },
    "assignVariablesSelectedNavCustAccId": {
      "module": "vb/action/builtin/assignVariablesAction",
      "parameters": {
        "$page.variables.SelectedNavCustAccId": {
          "source": "{{ $chain.results.callRestGetAccountNameByNumber.body.items[0].cust_account_id }}"
        }
      },
      "outcomes": {
        "success": "callChainFetchClientinfoTbl"
      }
    },
    "fireNotificationSelectedNavData": {
      "module": "vb/action/builtin/fireNotificationEventAction",
      "parameters": {
        "target": "leaf",
        "summary": "[[ $page.variables.SelectedNavData ]]",
        "displayMode": "transient"
      }
    },
    "callChainFetchClientinfoTbl": {
      "module": "vb/action/builtin/callChainAction",
      "parameters": {
        "id": "FetchClientinfoTbl"
      }
    }
  },
  "variables": {
    "CurrentValue": {
      "type": "string",
      "input": "fromCaller"
    },
    "SelectedNav": {
      "type": "string",
      "input": "fromCaller"
    }
  }
}