{
  "description": "",
  "root": "callFunctionNavigationToPages",
  "actions": {
    "callFunctionNavigationToPages": {
      "module": "vb/action/builtin/callModuleFunctionAction",
      "parameters": {
        "module": "[[ $application.functions ]]",
        "functionName": "navigationToPages",
        "params": [
          "https://hbg-dev-oic-idznh2qrdodx-ia.integration.ocp.oraclecloud.com/ic/builder/rt/HBG_SALES_CREDIT_APP/live/webApps/hbg_sales/"
        ]
      }
    }
  },
  "variables": {}
}