{
    "items": [
        {
            "order_number": "2881"
        },
        {
            "order_number": "2880"
        },
        {
            "order_number": "2879"
        },
        {
            "order_number": "2878"
        },
        {
            "order_number": "2877"
        },
        {
            "order_number": "2876"
        },
        {
            "order_number": "2875"
        },
        {
            "order_number": "2874"
        },
        {
            "order_number": "2873"
        },
        {
            "order_number": "2872"
        },
        {
            "order_number": "2871"
        },
        {
            "order_number": "2870"
        },
        {
            "order_number": "2869"
        },
        {
            "order_number": "2868"
        },
        {
            "order_number": "2867"
        },
        {
            "order_number": "2866"
        },
        {
            "order_number": "2865"
        },
        {
            "order_number": "2864"
        },
        {
            "order_number": "2863"
        },
        {
            "order_number": "2862"
        },
        {
            "order_number": "2861"
        },
        {
            "order_number": "2860"
        },
        {
            "order_number": "2859"
        },
        {
            "order_number": "2858"
        },
        {
            "order_number": "2857"
        }
    ],
    "hasMore": true,
    "limit": 25,
    "offset": 0,
    "count": 25,
    "links": [
        {
            "rel": "self",
            "href": "https://10.2.0.169:8081/ords/hbg_integration/ReservationsUI/getOrderNumberLoV"
        },
        {
            "rel": "describedby",
            "href": "https://10.2.0.169:8081/ords/hbg_integration/metadata-catalog/ReservationsUI/item"
        },
        {
            "rel": "first",
            "href": "https://10.2.0.169:8081/ords/hbg_integration/ReservationsUI/getOrderNumberLoV"
        },
        {
            "rel": "next",
            "href": "https://10.2.0.169:8081/ords/hbg_integration/ReservationsUI/getOrderNumberLoV?offset=25"
        }
    ]
}