{
  "root": "runInParallel",
  "description": "",
  "variables": {},
  "actions": {
    "runInParallel": {
      "module": "vb/action/builtin/forkAction",
      "parameters": {
        "actions": {
          "callRest": "callRestGetDistributionTitleRightsGetCountriesList",
          "callRestGetDistributionTitleRightsGetCountryGroupList": "callRestGetDistributionTitleRightsGetCountryGroupList"
        }
      }
    },
    "fireNotification": {
      "module": "vb/action/builtin/fireNotificationEventAction",
      "parameters": {
        "target": "leaf",
        "summary": "[[ $chain.results.callRestGetDistributionTitleRightsGetCountryGroupList.message.summary ]]",
        "type": "error",
        "displayMode": "persist"
      }
    },
    "callRestGetDistributionTitleRightsGetCountryGroupList": {
      "module": "vb/action/builtin/restAction",
      "parameters": {
        "endpoint": "ordsHbg_integration/getDistributionTitleRightsGetCountryGroupList"
      },
      "outcomes": {
        "failure": "fireNotification",
        "success": "assignVariablesGetCountryListADP"
      }
    },
    "assignVariablesGetCountryListADP": {
      "module": "vb/action/builtin/assignVariablesAction",
      "parameters": {
        "$flow.variables.getCountryGroupListADP": {
          "source": {
            "data": "{{ $chain.results.callRestGetDistributionTitleRightsGetCountryGroupList.body.items }}"
          },
          "reset": "none",
          "auto": "always",
          "mapping": {
            "$target.data": {
              "source": "$source.data",
              "reset": "empty"
            }
          }
        }
      }
    },
    "fireNotification2": {
      "module": "vb/action/builtin/fireNotificationEventAction",
      "parameters": {
        "target": "leaf",
        "summary": "[[ $chain.results.callRestGetDistributionTitleRightsGetCountriesList.message.summary ]]",
        "type": "error",
        "displayMode": "persist"
      }
    },
    "callRestGetDistributionTitleRightsGetCountriesList": {
      "module": "vb/action/builtin/restAction",
      "parameters": {
        "endpoint": "ordsHbg_integration/getDistributionTitleRightsGetCountriesList"
      },
      "outcomes": {
        "failure": "fireNotification2",
        "success": "assignVariablesGetCountriesListADP"
      }
    },
    "assignVariablesGetCountriesListADP": {
      "module": "vb/action/builtin/assignVariablesAction",
      "parameters": {
        "$flow.variables.getCountriesListADP": {
          "source": {
            "data": "{{ $chain.results.callRestGetDistributionTitleRightsGetCountriesList.body.items }}"
          },
          "reset": "none",
          "auto": "always",
          "mapping": {
            "$target.data": {
              "source": "$source.data",
              "reset": "empty"
            }
          }
        }
      }
    }
  }
}