{
  "description": "",
  "root": "resetVariablesReportingGrpCreateObj",
  "actions": {
    "resetVariablesReportingGrpCreateObj": {
      "module": "vb/action/builtin/resetVariablesAction",
      "parameters": {
        "variables": [
          "$page.variables.ReportingGrpCreateObj"
        ]
      },
      "outcomes": {
        "success": "assignVariablesRepdlgLabel"
      }
    },
    "callComponentCreateReportingGroupOpen": {
      "module": "vb/action/builtin/callComponentMethodAction",
      "parameters": {
        "component": "{{ document.getElementById('createReportingGroup') }}",
        "method": "open"
      }
    },
    "assignVariablesRepdlgLabel": {
      "module": "vb/action/builtin/assignVariablesAction",
      "parameters": {
        "$page.variables.repdlgLabel": {
          "source": "Create"
        }
      },
      "outcomes": {
        "success": "callComponentCreateReportingGroupOpen"
      }
    }
  },
  "variables": {}
}