{
  "description": "",
  "root": "resetVariablesSelectedOwnerAbbr",
  "actions": {
    "resetVariablesSelectedOwnerAbbr": {
      "module": "vb/action/builtin/resetVariablesAction",
      "parameters": {
        "variables": [
          "$page.variables.SelectedOwnerAbbr",
          "$page.variables.SelectedOwnerName",
          "$page.variables.SelectedOwnerCode",
          "$page.variables.OwnerTableADP.data",
          "$page.variables.ReportingGroupADP.data",
          "$page.variables.selectedRowOwner"          ,
          "$page.variables.RowReportingGroup"
        ]
      }
    }
  },
  "variables": {}
}