 { 
"type                        " : "" ,
"organization_number         " : "" ,
"account_type                " : "" ,
"description                 " : "" ,
"account_prefix              " : "" ,
"owner                       " : "" ,
"owner_description           " : "" ,
"reporting_group             " : "" ,
"reporting_group_description " : "" ,
"bill_to_country             " : "" ,
"bill_to_state               " : "" ,
"ship_to_country             " : "" ,
"ship_to_state               " : "" ,
"final_destination_country   " : "" ,
"sales_force_number          " : "" ,
"sales_force_name            " : "" ,
"division                    " : "" ,
"division_name               " : "" ,
"territory                   " : "" ,
"territory_name              " : "" ,
"sales_rep                   " : "" ,
"sales_rep_name              " : "" ,
"notes                       " : "" ,
"entered_by                  " : "" ,
"entered_date                " : "" ,
"updated_by                  " : "" ,
"updated_date                " : "" ,
"start_date                  " : "" ,
"end_date                    " : "" ,
"status                      " : "" ,
"sf_assign_id                " : "" ,
"sales_force_id              " : ""  
}