{
  "description": "",
  "root": "ifValue",
  "actions": {

    "resetVariablesSalesAssignRow": {
      "module": "vb/action/builtin/resetVariablesAction",
      "parameters": {
        "variables": [
    "$page.variables.MappingCreateObj.owner_description",
          "$page.variables.MappingCreateObj.reporting_group",
          "$page.variables.MappingCreateObj.reporting_group_description",
          "$page.variables.MappingCreateObj.category_1",
          "$page.variables.MappingCreateObj.category_1_description",
          "$page.variables.MappingCreateObj.category_2",
          "$page.variables.MappingCreateObj.category_2_description"
        ]
      },
      "outcomes": {
        "success": "resetVariablesRowOwner"
      }
    },
    "if": {
      "module": "vb/action/builtin/ifAction",
      "parameters": {
        "condition": "[[ $variables.value !== $page.variables.RowOwner && $variables.value !== \"\" && $variables.value !== null && typeof $variables.value !== \"undefined\" ]]"
      },
      "outcomes": {
        "true": "resetVariablesSalesAssignRow",
        "false": "runInParallel"
      }
    },
    "resetVariablesRowOwner": {
      "module": "vb/action/builtin/resetVariablesAction",
      "parameters": {
        "variables": [
          "$page.variables.RowOwner"
        ]
      },
      "outcomes": {
        "success": "runInParallel"
      }
    },
    "callRestGetDistributionTitleRightsGetLookupValuesInfo": {
      "module": "vb/action/builtin/restAction",
      "parameters": {
        "endpoint": "devOrds/getDistributionTitleRightsGetLookupValuesInfo",
        "uriParams": {
          "P_LOOKUP_TYPE": "HBG_REPORTING_GROUP",
          "P_TAG": "{{ $variables.value }}"
        }
      },
      "outcomes": {
        "success": "assignVariablesReportingGroupArray"
      }
    },
    "assignVariablesReportingGroupArray": {
      "module": "vb/action/builtin/assignVariablesAction",
      "parameters": {
        "$page.variables.ReportingGroupArray": {
          "source": "{{ $chain.results.callRestGetDistributionTitleRightsGetLookupValuesInfo.body.items }}"
        }
      }
    },
    "runInParallel": {
      "module": "vb/action/builtin/forkAction",
      "parameters": {
        "actions": {
          "callRestGetDistributionTitleRightsGetLookupValuesInfo": "callRestGetDistributionTitleRightsGetLookupValuesInfo",
          "callRest": "callRestGetValueSetDetails"
        }
      }
    },
    "callRestGetValueSetDetails": {
      "module": "vb/action/builtin/restAction",
      "parameters": {
        "endpoint": "devOrds/GetValueSetDetails",
        "uriParams": {
          "P_FLEX_VALUE": "{{ $variables.value }}",
          "P_VALUE_SET_NAME": "HBG_Owner"
        }
      },
      "outcomes": {
        "success": "assignVariablesDistMaintenenceCreateObj"
      }
    },
    "assignVariablesDistMaintenenceCreateObj": {
      "module": "vb/action/builtin/assignVariablesAction",
      "parameters": {
        "$page.variables.MappingCreateObj": {
          "source": {
            "owner_description": "{{ $chain.results.callRestGetValueSetDetails.body.items[0].description }}"
          },
          "reset": "none",
          "auto": "always"
        }
      }
    },
    "ifValue": {
      "module": "vb/action/builtin/ifAction",
      "parameters": {
        "condition": "[[ $variables.value ]]"
      },
      "outcomes": {
        "true": "if",
        "false": "resetVariablesDistMaintenenceCreateObj"
      }
    },
    "resetVariablesDistMaintenenceCreateObj": {
      "module": "vb/action/builtin/resetVariablesAction",
      "parameters": {
        "variables": [
    "$page.variables.MappingCreateObj.owner_description",
          "$page.variables.MappingCreateObj.reporting_group",
          "$page.variables.MappingCreateObj.reporting_group_description",
          "$page.variables.MappingCreateObj.category_1",
          "$page.variables.MappingCreateObj.category_1_description",
          "$page.variables.MappingCreateObj.category_2",
          "$page.variables.MappingCreateObj.category_2_description"
        ]
      }
    }
  },
  "variables": {
    "value": {
      "required": true,
      "type": "any",
      "input": "fromCaller"
    }
  }
}