{
  "description": "",
  "root": "assignVariablesMappingTblRow",
  "actions": {
    "assignVariablesMappingTblRow": {
      "module": "vb/action/builtin/assignVariablesAction",
      "parameters": {
        "$page.variables.MappingTblRow": {
          "source": "{{ $variables.rowData }}",
          "auto": "always"
        },
        "$page.variables.RowOwner": {
          "source": "{{ $variables.rowData.owner }}"
        },
        "$page.variables.RowReportingGroup": {
          "source": "{{ $variables.rowData.reporting_group }}"
        },
        "$page.variables.Rowcategory1": {
          "source": "{{ $variables.rowData.category_1 }}"
        },
        "$page.variables.Rowcategory2": {
          "source": "{{ $variables.rowData.category_2 }}"
        }
      }
    }
  },
  "variables": {
    "rowKey": {
      "required": true,
      "type": "any",
      "input": "fromCaller"
    },
    "rowIndex": {
      "required": true,
      "type": "number",
      "input": "fromCaller"
    },
    "rowData": {
      "required": true,
      "type": "any",
      "input": "fromCaller"
    }
  }
}