{
  "description": "",
  "root": "assignVariablesAccountTypeRowData",
  "actions": {
    "assignVariablesAccountTypeRowData": {
      "module": "vb/action/builtin/assignVariablesAction",
      "parameters": {
        "$page.variables.AccountTypeRowData": {
          "source": {
            "updated_by": "{{ $application.user.email }}"
          },
          "reset": "none",
          "auto": "always"
        }
      },
      "outcomes": {
        "success": "callRestPutSalesCreditAssignAccountTypeSalesForce"
      }
    },
    "fireNotification": {
      "module": "vb/action/builtin/fireNotificationEventAction",
      "parameters": {
        "target": "leaf",
        "summary": "failed to Update Account Type",
        "type": "error",
        "displayMode": "transient"
      }
    },
    "callRestPutSalesCreditAssignAccountTypeSalesForce": {
      "module": "vb/action/builtin/restAction",
      "parameters": {
        "endpoint": "devOrds/putSalesCreditAssignAccountTypeSalesForce",
        "body": "{{ $page.variables.AccountTypeRowData }}"
      },
      "outcomes": {
        "failure": "fireNotification",
        "success": "fireNotification3"
      }
    },
    "fireNotification3": {
      "module": "vb/action/builtin/fireNotificationEventAction",
      "parameters": {
        "target": "leaf",
        "summary": "Account Type Updated Successfully",
        "displayMode": "transient",
        "type": "confirmation"
      },
      "outcomes": {
        "success": "callChainFetchAssignAccountAction"
      }
    },
    "callChainFetchAssignAccountAction": {
      "module": "vb/action/builtin/callChainAction",
      "parameters": {
        "id": "FetchAssignAccountAction"
      }
    }
  },
  "variables": {
    "key": {
      "required": true,
      "type": "any",
      "input": "fromCaller"
    },
    "index": {
      "required": true,
      "type": "number",
      "input": "fromCaller"
    },
    "current": {
      "required": true,
      "type": "any",
      "input": "fromCaller"
    }
  }
}