{
    "items": [
        {
            "accountnumber": "10001",
            "accountname": null,
            "party_name": "Bedeschi Inc"
        },
        {
            "accountnumber": "10002",
            "accountname": "Kyle Meredith",
            "party_name": "Walch Book Org."
        },
        {
            "accountnumber": "1001",
            "accountname": null,
            "party_name": "POS BAKER & TAYLOR"
        },
        {
            "accountnumber": "1002",
            "accountname": null,
            "party_name": "POS JOBBER OTHER"
        },
        {
            "accountnumber": "1003",
            "accountname": null,
            "party_name": "POS INGRAM"
        },
        {
            "accountnumber": "101010-CST ACCT CONTACT.COM",
            "accountname": "CST ACCT CONTACT.COM",
            "party_name": "CUSTOMER CONTACT TST - 101010"
        },
        {
            "accountnumber": "10902294-SCHOLASTIC BOOK FAIRS",
            "accountname": "SCHOLASTIC BOOK FAIRS",
            "party_name": "SCHOLASTIC INC"
        },
        {
            "accountnumber": "121212-CST ACCT CONTACT.COM",
            "accountname": "CST ACCT CONTACT.COM",
            "party_name": "CUSTOMER CONTACT TST - 121212"
        },
        {
            "accountnumber": "12224132-BARNES & NOBLE INC",
            "accountname": "BARNES & NOBLE INC",
            "party_name": "BARNES & NOBLE INC"
        },
        {
            "accountnumber": "12902004-SCHOLASTIC INC",
            "accountname": "SCHOLASTIC INC",
            "party_name": "SCHOLASTIC INC"
        },
        {
            "accountnumber": "131313-CST ACCT CONTACT.COM",
            "accountname": "CST ACCT CONTACT.COM",
            "party_name": "CUSTOMER CONTACT TST - 131313"
        },
        {
            "accountnumber": "141414-CST ACCT CONTACT.COM",
            "accountname": "CST ACCT CONTACT.COM",
            "party_name": "CUSTOMER CONTACT TST - 141414"
        },
        {
            "accountnumber": "14222411-NEIMAN MARCUS GROUP L",
            "accountname": "NEIMAN MARCUS GROUP LLC",
            "party_name": "NEIMAN MARCUS GROUP"
        },
        {
            "accountnumber": "14605017-AMAZON.COM",
            "accountname": "AMAZON.COM",
            "party_name": "AMAZON"
        },
        {
            "accountnumber": "15148162-METROPOLITAN MUSEUM A",
            "accountname": "METROPOLITAN MUSEUM ART",
            "party_name": "METROPOLITAN MUSEUM"
        },
        {
            "accountnumber": "151515-CST ACCT CONTACT.COM",
            "accountname": "CST ACCT CONTACT.COM",
            "party_name": "CUSTOMER CONTACT TST - 151515"
        },
        {
            "accountnumber": "161616-CST ACCT CONTACT.COM",
            "accountname": "CST ACCT CONTACT.COM",
            "party_name": "CUSTOMER CONTACT TST - 161616"
        },
        {
            "accountnumber": "17",
            "accountname": null,
            "party_name": "AMAZON"
        },
        {
            "accountnumber": "19",
            "accountname": null,
            "party_name": "AMAZON CANADA"
        },
        {
            "accountnumber": "20",
            "accountname": null,
            "party_name": "AWBC (BAM)"
        },
        {
            "accountnumber": "21",
            "accountname": null,
            "party_name": "BARNES & NOBLE"
        },
        {
            "accountnumber": "22",
            "accountname": null,
            "party_name": "BAKER & TAYLOR"
        },
        {
            "accountnumber": "23",
            "accountname": null,
            "party_name": "JOBBER OTHER"
        },
        {
            "accountnumber": "24",
            "accountname": null,
            "party_name": "INGRAM"
        },
        {
            "accountnumber": "25",
            "accountname": null,
            "party_name": "INDIGO"
        },
        {
            "accountnumber": "26",
            "accountname": null,
            "party_name": "CANADA OTHER"
        },
        {
            "accountnumber": "27",
            "accountname": null,
            "party_name": "INTERNATIONAL"
        },
        {
            "accountnumber": "28",
            "accountname": null,
            "party_name": "SPECIAL MKTS"
        },
        {
            "accountnumber": "29",
            "accountname": null,
            "party_name": "US OTHER"
        },
        {
            "accountnumber": "30",
            "accountname": null,
            "party_name": "READERLINK"
        },
        {
            "accountnumber": "31",
            "accountname": null,
            "party_name": "COSTCO"
        },
        {
            "accountnumber": "32",
            "accountname": null,
            "party_name": "TARGET"
        },
        {
            "accountnumber": "33",
            "accountname": null,
            "party_name": "BJ’S"
        },
        {
            "accountnumber": "34",
            "accountname": null,
            "party_name": "SAM'S"
        },
        {
            "accountnumber": "35",
            "accountname": null,
            "party_name": "WALMART"
        },
        {
            "accountnumber": "36",
            "accountname": null,
            "party_name": "RDS AIRPORTS"
        },
        {
            "accountnumber": "37",
            "accountname": null,
            "party_name": "READERLINK OTHER"
        },
        {
            "accountnumber": "4001-Hastings Books",
            "accountname": "Hastings Books",
            "party_name": "Hastings Book Co."
        },
        {
            "accountnumber": "4002 - Bedeschi Books",
            "accountname": "Bedeschi Books",
            "party_name": "Bedeschi Book Org"
        },
        {
            "accountnumber": "55555-CST ACCT CONTACT.COM",
            "accountname": "CST ACCT CONTACT.COM",
            "party_name": "CUSTOMER CONTACT TST - 55555"
        },
        {
            "accountnumber": "6001",
            "accountname": "AC Description",
            "party_name": "HBG Customer"
        },
        {
            "accountnumber": "666666-CST ACCT CONTACT.COM",
            "accountname": "CST ACCT CONTACT.COM",
            "party_name": "CUSTOMER CONTACT TST - 666666"
        },
        {
            "accountnumber": "7002",
            "accountname": "Taylor Hastings",
            "party_name": "Walch Book Org."
        },
        {
            "accountnumber": "9002",
            "accountname": "Walch MA",
            "party_name": "Walch Book Org."
        },
        {
            "accountnumber": "987659 - Customer FBDI 1",
            "accountname": "Customer FBDI 1",
            "party_name": "987659 - Customer FBDI "
        },
        {
            "accountnumber": "Walch Book - 12345",
            "accountname": "Walch Book",
            "party_name": "Walch Book Org."
        }
    ],
    "hasMore": false,
    "limit": 0,
    "offset": 0,
    "count": 46,
    "links": [
        {
            "rel": "self",
            "href": "https://10.2.0.169:8081/ords/hbg_integration/arCustMaintenance/getCustomerbyOrgName"
        },
        {
            "rel": "describedby",
            "href": "https://10.2.0.169:8081/ords/hbg_integration/metadata-catalog/arCustMaintenance/item"
        }
    ]
}