{
  "description": "",
  "root": "resetVariablesCreateDistributionRulesObj",
  "actions": {
    "resetVariablesCreateDistributionRulesObj": {
      "module": "vb/action/builtin/resetVariablesAction",
      "parameters": {
        "variables": [
          "$flow.variables.CreateDistributionRulesObj.format",
          "$flow.variables.CreateDistributionRulesObj.format_description",
          "$flow.variables.CreateDistributionRulesObj.subformat",
          "$flow.variables.CreateDistributionRulesObj.subformat_description",
          "$flow.variables.CreateDistributionRulesObj.from_pub_date",
          "$flow.variables.CreateDistributionRulesObj.to_pub_date"
        ]
      }
    }
  },
  "variables": {
    "value": {
      "required": true,
      "type": "any",
      "input": "fromCaller"
    }
  }
}