{
  "description": "",
  "root": "if4",
  "actions": {
    "resetVariablesCreateDistributionRulesObj": {
      "module": "vb/action/builtin/resetVariablesAction",
      "parameters": {
        "variables": [
          "$flow.variables.CreateDistributionRulesObj.short_title",
          "$flow.variables.CreateDistributionRulesObj.short_author",
          "$flow.variables.CreateDistributionRulesObj.edition"
        ]
      },
      "outcomes": {
        "success": "if"
      }
    },
    "fireNotification": {
      "module": "vb/action/builtin/fireNotificationEventAction",
      "parameters": {
        "target": "leaf",
        "summary": "[[ $chain.results.callRestGetDistributionTitleRightsGetItemInfo2.message.summary ]]",
        "type": "error",
        "displayMode": "persist"
      }
    },
    "callRestGetDistributionTitleRightsGetItemInfo2": {
      "module": "vb/action/builtin/restAction",
      "parameters": {
        "endpoint": "ordsHbg_integration/getDistributionTitleRightsGetItemInfo2",
        "uriParams": {
          "P_ITEM_NUMBER": "{{ $flow.variables.CreateDistributionRulesObj.item_number }}"
        }
      },
      "outcomes": {
        "failure": "fireNotification",
        "success": "if3"
      }
    },
    "assignVariablesCreateDistributionRulesObj": {
      "module": "vb/action/builtin/assignVariablesAction",
      "parameters": {
        "$flow.variables.CreateDistributionRulesObj": {
          "source": {
            "short_author": "{{ $chain.results.callRestGetDistributionTitleRightsGetItemInfo2.body.items[0].author }}",
            "short_title": "{{ $chain.results.callRestGetDistributionTitleRightsGetItemInfo2.body.items[0].short_title }}"
          },
          "reset": "none",
          "auto": "always"
        }
      }
    },
    "if": {
      "module": "vb/action/builtin/ifAction",
      "parameters": {
        "condition": "[[ $flow.variables.CreateDistributionRulesObj.item_number == null || $flow.variables.CreateDistributionRulesObj.item_number == 'undefined' || $flow.variables.CreateDistributionRulesObj.item_number == '' ]]"
      },
      "outcomes": {
        "false": "callRestGetDistributionTitleRightsGetItemInfo2"
      }
    },
    "if3": {
      "module": "vb/action/builtin/ifAction",
      "parameters": {
        "condition": "[[ $chain.results.callRestGetDistributionTitleRightsGetItemInfo2.body.count == 0 ]]"
      },
      "outcomes": {
        "false": "assignVariablesCreateDistributionRulesObj",
        "true": "resetVariablesCreateDistributionRulesObj2"
      }
    },
    "fireNotification3": {
      "module": "vb/action/builtin/fireNotificationEventAction",
      "parameters": {
        "target": "leaf",
        "summary": "Information Message",
        "message": "Please Select the Valid Item",
        "displayMode": "transient",
        "type": "info"
      }
    },
    "resetVariablesCreateDistributionRulesObj2": {
      "module": "vb/action/builtin/resetVariablesAction",
      "parameters": {
        "variables": [
          "$flow.variables.CreateDistributionRulesObj.item_number"
        ]
      },
      "outcomes": {
        "success": "fireNotification3"
      }
    },
    "if4": {
      "module": "vb/action/builtin/ifAction",
      "parameters": {
        "condition": "[[ $flow.variables.CreateDistributionRulesObj.short_author != null && $flow.variables.CreateDistributionRulesObj.short_author != '' && $flow.variables.CreateDistributionRulesObj.short_author != 'undefined' && $flow.variables.CreateDistributionRulesObj.item_number != null && $flow.variables.CreateDistributionRulesObj.item_number != '' && $flow.variables.CreateDistributionRulesObj.item_number != 'undefined' ]]"
      },
      "outcomes": {
        "false": "resetVariablesCreateDistributionRulesObj"
      }
    }
  },
  "variables": {}
}