{
  "description": "",
  "root": "assignVariablesCreateDistributionRulesObj",
  "actions": {
    "assignVariablesCreateDistributionRulesObj": {
      "module": "vb/action/builtin/assignVariablesAction",
      "parameters": {
        "$flow.variables.CreateDistributionRulesObj": {
          "source": {
            "item_number": "{{ $page.variables.CurrentItemNumberObj.item_number }}",
            "short_title": "{{ $page.variables.CurrentItemNumberObj.short_title }}",
            "short_author": "{{ $page.variables.CurrentItemNumberObj.author }}"
          },
          "reset": "none",
          "auto": "always"
        }
      },
      "outcomes": {
        "success": "callComponentItemNumberSearchClose"
      }
    },
    "callComponentItemNumberSearchClose": {
      "module": "vb/action/builtin/callComponentMethodAction",
      "parameters": {
        "component": "{{ document.getElementById('ItemNumberSearch') }}",
        "method": "close"
      }
    }
  },
  "variables": {}
}