{
  "description": "",
  "root": "callRestGetDistributionTitleRightsGetItemInfo2",
  "actions": {

    "assignVariablesGetItemInfoADP": {
      "module": "vb/action/builtin/assignVariablesAction",
      "parameters": {
        "$page.variables.getItemInfoADP": {
          "source": {
            "data": "{{ $chain.results.callRestGetDistributionTitleRightsGetItemInfo2.body.items }}"
          },
          "reset": "none",
          "auto": "always",
          "mapping": {
            "$target.data": {
              "source": "$source.data",
              "reset": "empty"
            }
          }
        }
      }
    },
    "fireNotification2": {
      "module": "vb/action/builtin/fireNotificationEventAction",
      "parameters": {
        "target": "leaf",
        "summary": "[[ $chain.results.callRestGetDistributionTitleRightsGetItemInfo2.message.summary ]]",
        "type": "error",
        "displayMode": "persist"
      }
    },
    "callRestGetDistributionTitleRightsGetItemInfo2": {
      "module": "vb/action/builtin/restAction",
      "parameters": {
        "endpoint": "ordsHbg_integration/getDistributionTitleRightsGetItemInfo2",
        "uriParams": {
          "P_ITEM_NUMBER": "{{ $page.variables.p_item_number.replace(\"%\",\"'\") }}"
        }
      },
      "outcomes": {
        "failure": "fireNotification2",
        "success": "assignVariablesGetItemInfoADP"
      }
    }

  },
  "variables": {}
}