{
    "items": [
        {
            "criteria_uid": 1000000000014,
            "order_number": "4546655",
            "release_date": "2023-01-11T00:00:00Z",
            "entered_by": "4546655",
            "purchase_order_number": "4546655",
            "work_order_number": "4546655",
            "organization_code": "4546655",
            "account_type": "Test",
            "bill_to_code": "4546655",
            "ship_to_code": "4546655",
            "sale_type": "test",
            "offer_code": "4546655",
            "override_hot_title": "Yes",
            "reservation_number": 1000000000256,
            "item_code": null
        }
    ],
    "hasMore": false,
    "limit": 25,
    "offset": 0,
    "count": 1,
    "links": [
        {
            "rel": "self",
            "href": "https://10.2.0.169:8081/ords/hbg_integration/ReservationsUI/getReservationCriteria?p_criteria_uid=1000000000014"
        },
        {
            "rel": "describedby",
            "href": "https://10.2.0.169:8081/ords/hbg_integration/metadata-catalog/ReservationsUI/item"
        },
        {
            "rel": "first",
            "href": "https://10.2.0.169:8081/ords/hbg_integration/ReservationsUI/getReservationCriteria?p_criteria_uid=1000000000014"
        }
    ]
}