     {
            "format_id": 1,
            "format_code": "f6",
            "format_name": "name3",
            "format_abbr": "abbr3",
            "ebook_ind": "ebook",
            "nonpub_item_ind": "nonpub",
            "audio_ind": "audio",
            "inc_sale_ind": "sale",
            "cal_ind": "cal",
            "commodity_code": "commodity_code",
            "require_sub_fmt_ind": "yes",
            "active_ind": "active",
            "creation_date": "0020-01-21T00:00:00Z",
            "created_by": "user",
            "last_updated_date": "0020-01-21T00:00:00Z",
            "last_updated_by": "user"
        }