{
  "description": "",
  "root": "callFunctionValidateGroup",
  "actions": {
    "assignVariablesClientCreateObj": {
      "module": "vb/action/builtin/assignVariablesAction",
      "parameters": {
        "$page.variables.ClientCreateObj": {
          "source": {
            "created_by": "{{ $application.user.email }}",
            "last_updated_by": "{{ $application.user.email }}",
            "cust_account_id": "{{ $page.variables.selecedcustAccId }}"
          },
          "reset": "none",
          "auto": "always"
        }
      },
      "outcomes": {
        "success": "callRestPostSalesCreditGetClientinfo"
      }
    },
    "fireNotification": {
      "module": "vb/action/builtin/fireNotificationEventAction",
      "parameters": {
        "target": "leaf",
        "summary": "failed to Create Client Info",
        "type": "error",
        "displayMode": "transient"
      }
    },
    "callRestPostSalesCreditGetClientinfo": {
      "module": "vb/action/builtin/restAction",
      "parameters": {
        "endpoint": "devOrds/postSalesCreditGetClientinfo",
        "body": "{{ $page.variables.ClientCreateObj }}"
      },
      "outcomes": {
        "failure": "fireNotification",
        "success": "fireNotification3"
      }
    },
    "fireNotification3": {
      "module": "vb/action/builtin/fireNotificationEventAction",
      "parameters": {
        "target": "leaf",
        "summary": "Client Info Created Successfully",
        "displayMode": "transient",
        "type": "confirmation"
      },
      "outcomes": {
        "success": "callChainFetchClientInfoAction"
      }
    },
    "callChainFetchClientInfoAction": {
      "module": "vb/action/builtin/callChainAction",
      "parameters": {
        "id": "FetchClientInfoAction"
      },
      "outcomes": {
        "success": "callComponentClientinfoClose"
      }
    },
    "callComponentClientinfoClose": {
      "module": "vb/action/builtin/callComponentMethodAction",
      "parameters": {
        "component": "{{ document.getElementById('clientinfo') }}",
        "method": "close"
      },
      "outcomes": {
        "success": "resetVariablesClientCreateObj"
      }
    },
    "callFunctionValidateGroup": {
      "module": "vb/action/builtin/callModuleFunctionAction",
      "parameters": {
        "module": "[[ $application.functions ]]",
        "functionName": "validateGroup",
        "params": [
          "clientInfoValidation"
        ]
      },
      "outcomes": {
        "success": "if"
      }
    },
    "if": {
      "module": "vb/action/builtin/ifAction",
      "parameters": {
        "condition": "[[ $chain.results.callFunctionValidateGroup === 'valid' ]]"
      },
      "outcomes": {
        "true": "ifDlglabel"
      }
    },
    "resetVariablesClientCreateObj": {
      "module": "vb/action/builtin/resetVariablesAction",
      "parameters": {
        "variables": [
          "$page.variables.ClientCreateObj"
        ]
      }
    },
    "assignVariablesClientCreateObj3": {
      "module": "vb/action/builtin/assignVariablesAction",
      "parameters": {
        "$page.variables.ClientCreateObj": {
          "source": {
            "last_updated_by": "{{ $application.user.email }}"
          },
          "reset": "none",
          "auto": "always"
        }
      },
      "outcomes": {
        "success": "callRestPutSalesCreditGetClientinfo"
      }
    },
    "callRestPutSalesCreditGetClientinfo": {
      "module": "vb/action/builtin/restAction",
      "parameters": {
        "endpoint": "devOrds/putSalesCreditGetClientinfo",
        "uriParams": {
          "client_info_id": "{{ $page.variables.ClientCreateObj.client_info_id }}"
        },
        "body": "{{ $page.variables.ClientCreateObj }}"
      },
      "outcomes": {
        "failure": "fireNotification4",
        "success": "fireNotification5"
      }
    },
    "fireNotification4": {
      "module": "vb/action/builtin/fireNotificationEventAction",
      "parameters": {
        "target": "leaf",
        "summary": "failed to update Client info",
        "type": "error",
        "displayMode": "transient"
      }
    },
    "fireNotification5": {
      "module": "vb/action/builtin/fireNotificationEventAction",
      "parameters": {
        "target": "leaf",
        "summary": "Client Info updated Successfully",
        "displayMode": "transient",
        "type": "confirmation"
      },
      "outcomes": {
        "success": "callChainFetchClientInfoAction2"
      }
    },
    "callChainFetchClientInfoAction2": {
      "module": "vb/action/builtin/callChainAction",
      "parameters": {
        "id": "FetchClientInfoAction"
      },
      "outcomes": {
        "success": "callComponentClientinfoClose2"
      }
    },
    "callComponentClientinfoClose2": {
      "module": "vb/action/builtin/callComponentMethodAction",
      "parameters": {
        "component": "{{ document.getElementById('clientinfo') }}",
        "method": "close"
      },
      "outcomes": {
        "success": "resetVariablesClientCreateObj2"
      }
    },
    "resetVariablesClientCreateObj2": {
      "module": "vb/action/builtin/resetVariablesAction",
      "parameters": {
        "variables": [
          "$page.variables.ClientCreateObj"
        ]
      }
    },
    "ifDlglabel": {
      "module": "vb/action/builtin/ifAction",
      "parameters": {
        "condition": "[[ $page.variables.Dlglabel === \"Create\" ]]"
      },
      "outcomes": {
        "true": "assignVariablesClientCreateObj",
        "false": "assignVariablesClientCreateObj3"
      }
    }
  },
  "variables": {}
}