{
  "description": "",
  "root": "callRestDeleteClientInfo",
  "actions": {
    "callChainFetchClientInfoAction": {
      "module": "vb/action/builtin/callChainAction",
      "parameters": {
        "id": "FetchClientInfoAction"
      }
    },
    "fireNotification": {
      "module": "vb/action/builtin/fireNotificationEventAction",
      "parameters": {
        "target": "leaf",
        "summary": "failed to Delete Client Info",
        "type": "error",
        "displayMode": "transient"
      }
    },
    "fireNotification3": {
      "module": "vb/action/builtin/fireNotificationEventAction",
      "parameters": {
        "target": "leaf",
        "summary": "Client Info Deleted Successfully",
        "displayMode": "transient",
        "type": "confirmation"
      },
      "outcomes": {
        "success": "resetVariablesClientInfoADP"
      }
    },
    "callRestDeleteClientInfo": {
      "module": "vb/action/builtin/restAction",
      "parameters": {
        "endpoint": "devOrds/DeleteClientInfo",
        "uriParams": {
          "client_info_id": "{{ $variables.current.row.client_info_id }}"
        }
      },
      "outcomes": {
        "failure": "fireNotification",
        "success": "fireNotification3"
      }
    },
    "resetVariablesClientInfoADP": {
      "module": "vb/action/builtin/resetVariablesAction",
      "parameters": {
        "variables": [
          "$page.variables.ClientInfoADP.data"
        ]
      },
      "outcomes": {
        "success": "callChainFetchClientInfoAction"
      }
    }
  },
  "variables": {
    "key": {
      "required": true,
      "type": "any",
      "input": "fromCaller"
    },
    "index": {
      "required": true,
      "type": "number",
      "input": "fromCaller"
    },
    "current": {
      "required": true,
      "type": "any",
      "input": "fromCaller"
    }
  }
}