{
  "description": "",
  "root": "assignVariablesDlglabel",
  "actions": {
    "assignVariablesDlglabel": {
      "module": "vb/action/builtin/assignVariablesAction",
      "parameters": {
        "$page.variables.Dlglabel": {
          "source": "Edit"
        },
        "$page.variables.Rowcategory1": {
          "source": "{{ $variables.current.row.category1 }}"
        },
        "$page.variables.Rowcategory2": {
          "source": "{{ $variables.current.row.category2 }}"
        },
        "$page.variables.RowOwner": {
          "source": "{{ $variables.current.row.cust_owner }}"
        },
        "$page.variables.RowReportingGroup": {
          "source": "{{ $variables.current.row.reporting_group }}"
        },
        "$page.variables.ClientCreateObj": {
          "source": "{{ $variables.current.row }}",
          "auto": "always"
        }
      },
      "outcomes": {
        "success": "callComponentClientinfoOpen"
      }
    },
    "callComponentClientinfoOpen": {
      "module": "vb/action/builtin/callComponentMethodAction",
      "parameters": {
        "component": "{{ document.getElementById('clientinfo') }}",
        "method": "open"
      }
    }
  },
  "variables": {
    "key": {
      "required": true,
      "type": "any",
      "input": "fromCaller"
    },
    "index": {
      "required": true,
      "type": "number",
      "input": "fromCaller"
    },
    "current": {
      "required": true,
      "type": "any",
      "input": "fromCaller"
    }
  }
}