{
  "description": "",
  "root": "ifValue",
  "actions": {
    "ifValue": {
      "module": "vb/action/builtin/ifAction",
      "parameters": {
        "condition": "[[ $variables.value ]]"
      },
      "outcomes": {
        "true": "callRestGetSubFormatNameByCode"
      }
    },
    "callRestGetSubFormatNameByCode": {
      "module": "vb/action/builtin/restAction",
      "parameters": {
        "endpoint": "devOrds/GetSubFormatNameByCode",
        "uriParams": {
          "P_SUB_FORMAT_CODE": "{{ $variables.value }}"
        }
      },
      "outcomes": {
        "success": "assignVariablesClientCreateObj"
      }
    },
    "assignVariablesClientCreateObj": {
      "module": "vb/action/builtin/assignVariablesAction",
      "parameters": {
        "$page.variables.ClientCreateObj": {
          "source": {
            "sub_format_description": "{{ $chain.results.callRestGetSubFormatNameByCode.body.items[0].sub_format_name }}"
          },
          "reset": "none",
          "auto": "always"
        }
      }
    }
  },
  "variables": {
    "value": {
      "required": true,
      "type": "any",
      "input": "fromCaller"
    }
  }
}