{
  "description": "",
  "root": "ifValue",
  "actions": {
    "ifValue": {
      "module": "vb/action/builtin/ifAction",
      "parameters": {
        "condition": "[[ $variables.value ]]"
      },
      "outcomes": {
        "true": "if",
        "false": "resetVariables2"
      }
    },
    "resetVariables2": {
      "module": "vb/action/builtin/resetVariablesAction",
      "parameters": {     "variables": [
          "$page.variables.ClientCreateObj.reporting_group_description",
          "$page.variables.ClientCreateObj.ReportinggroupId",
          "$page.variables.ClientCreateObj.category1",
          "$page.variables.ClientCreateObj.category1_description",
          "$page.variables.ClientCreateObj.category2",
          "$page.variables.ClientCreateObj.category2_description"
        ]}
    },
    "resetVariablesClientCreateObj": {
      "module": "vb/action/builtin/resetVariablesAction",
      "parameters": {
        "variables": [
          "$page.variables.ClientCreateObj.reporting_group_description",
          "$page.variables.ClientCreateObj.ReportinggroupId",
          "$page.variables.ClientCreateObj.category1",
          "$page.variables.ClientCreateObj.category1_description",
          "$page.variables.ClientCreateObj.category2",
          "$page.variables.ClientCreateObj.category2_description",
          "$page.variables.RowReportingGroup"
        ]
      },
      "outcomes": {
        "success": "callRestGetrepGrpNamebyCode"
      }
    },
    "callRestGetrepGrpNamebyCode": {
      "module": "vb/action/builtin/restAction",
      "parameters": {
        "endpoint": "devOrds/GetrepGrpNamebyCode",
        "uriParams": {
          "P_owner_id": "{{ $page.variables.ClientCreateObj.OwnerId }}",
          "P_REPORTING_GRP_CODE": "{{ $variables.value }}"
        }
      },
      "outcomes": {
        "success": "callRestGetCategory1"
      }
    },
    "assignVariablesClientCreateObj": {
      "module": "vb/action/builtin/assignVariablesAction",
      "parameters": {
        "$page.variables.ClientCreateObj": {
          "source": {
            "ReportinggroupId": "{{ $chain.results.callRestGetrepGrpNamebyCode.body.items[0].reporting_group_id }}",
            "reporting_group_description": "{{ $chain.results.callRestGetrepGrpNamebyCode.body.items[0].reporting_grp_name }}"
          },
          "reset": "none",
          "auto": "always"
        },
        "$page.variables.category1Array": {
          "source": "{{ $chain.results.callRestGetCategory1.body.items }}"
        }
      }
    },
    "callRestGetCategory1": {
      "module": "vb/action/builtin/restAction",
      "parameters": {
        "endpoint": "devOrds/GetCategory1",
        "uriParams": {
          "P_REPORTING_GROUP_ID": "{{ $chain.results.callRestGetrepGrpNamebyCode.body.items[0].reporting_group_id }}"
        }
      },
      "outcomes": {
        "success": "assignVariablesClientCreateObj"
      }
    },
    "if": {
      "module": "vb/action/builtin/ifAction",
      "parameters": {
        "condition": "[[ $variables.value !== $page.variables.RowReportingGroup ]]"
      },
      "outcomes": {
        "true": "resetVariablesClientCreateObj",
        "false": "callRestGetrepGrpNamebyCode"
      }
    }
  },
  "variables": {
    "value": {
      "required": true,
      "type": "any",
      "input": "fromCaller"
    }
  }
}