{
    "items": [
        {
            "criteria_uid": 1000000000031,
            "order_number": "2345",
            "release_date": "2023-02-28T00:00:00Z",
            "entered_by": "schelloju",
            "purchase_order_number": "2345",
            "work_order_number": "2345",
            "organization_code": "HBG",
            "account_type": "Regular",
            "bill_to_code": "2345",
            "ship_to_code": "2345",
            "sale_type": "Regular",
            "offer_code": "Test Offer",
            "override_hot_title": "Yes",
            "reservation_number": 1000000000355,
            "item_code": "9780306924118"
        },
        {
            "criteria_uid": 1000000000032,
            "order_number": "07022023",
            "release_date": "2023-02-28T00:00:00Z",
            "entered_by": "schelloju",
            "purchase_order_number": "07022023",
            "work_order_number": "07022023",
            "organization_code": "HBG",
            "account_type": "07022023",
            "bill_to_code": "07022023",
            "ship_to_code": "07022023",
            "sale_type": "Regular",
            "offer_code": "Test Offer",
            "override_hot_title": "Yes",
            "reservation_number": 1000000000355,
            "item_code": "9780306924118"
        },
        {
            "criteria_uid": 1000000000033,
            "order_number": "07022023_1",
            "release_date": "2023-02-21T00:00:00Z",
            "entered_by": "schelloju",
            "purchase_order_number": "07022023_1",
            "work_order_number": "07022023_1",
            "organization_code": "HXR",
            "account_type": "Test",
            "bill_to_code": "07022023_1",
            "ship_to_code": "07022023_1",
            "sale_type": "Test",
            "offer_code": "Test",
            "override_hot_title": "Yes",
            "reservation_number": 1000000000355,
            "item_code": "9780306924118"
        },
        {
            "criteria_uid": 1000000000034,
            "order_number": "07022023_2",
            "release_date": "0028-02-21T00:00:00Z",
            "entered_by": "schelloju",
            "purchase_order_number": "07022023_2",
            "work_order_number": "07022023_2",
            "organization_code": "HBG",
            "account_type": "07022023_2",
            "bill_to_code": "07022023_2",
            "ship_to_code": "07022023_2",
            "sale_type": "Regular",
            "offer_code": "Test Offer",
            "override_hot_title": "Yes",
            "reservation_number": 1000000000355,
            "item_code": "9780201406924"
        }
    ],
    "hasMore": false,
    "limit": 25,
    "offset": 0,
    "count": 4,
    "links": [
        {
            "rel": "self",
            "href": "https://10.2.0.169:8081/ords/hbg_integration/ReservationsUI/ReservationCriteria?p_reservation_number=1000000000355"
        },
        {
            "rel": "edit",
            "href": "https://10.2.0.169:8081/ords/hbg_integration/ReservationsUI/ReservationCriteria?p_reservation_number=1000000000355"
        },
        {
            "rel": "describedby",
            "href": "https://10.2.0.169:8081/ords/hbg_integration/metadata-catalog/ReservationsUI/item"
        },
        {
            "rel": "first",
            "href": "https://10.2.0.169:8081/ords/hbg_integration/ReservationsUI/ReservationCriteria?p_reservation_number=1000000000355"
        }
    ]
}