{
  "title": "",
  "description": "",
  "variables": {
    "CreateSubFormatObj": {
      "type": "SubFormatTblType",
      "defaultValue": {
        "status": "Active"
      }
    },
    "SelectedSubFormatAbbr": {
      "type": "string"
    },
    "SelectedSubFormatCode": {
      "type": "string"
    },
    "SelectedSubFormatName": {
      "type": "string"
    },
    "SubFormatAbbrLOV": {
      "type": "vb/ServiceDataProvider",
      "defaultValue": {
        "endpoint": "devOrds/getFamilyCodeSubFormat2",
        "responseType": "getSubFormatAbbr",
        "itemsPath": "items",
        "uriParameters": {
          "P_SUB_FORMAT_ABBR": "{{ \"\" }}",
          "P_SUB_FORMAT_CODE": "{{ \"\" }}",
          "P_SUB_FORMAT_NAME": "{{ \"\" }}"
        },
        "keyAttributes": "sub_format_abbr",
        "transformsContext": {
          "vb-textFilterAttributes": [
            "sub_format_abbr"
          ]
        }
      }
    },
    "SubFormatADP": {
      "type": "vb/ArrayDataProvider2",
      "defaultValue": {
        "itemType": "SubFormatTblType",
        "keyAttributes": "sub_format_id",
        "textFilterAttributes": [
          "sub_format_id"
        ]
      }
    },
    "SubFormatCodeLOV": {
      "type": "vb/ServiceDataProvider",
      "defaultValue": {
        "endpoint": "devOrds/getFamilyCodeSubFormat2",
        "responseType": "getSubFormatCodeLOV",
        "itemsPath": "items",
        "keyAttributes": "sub_format_code",
        "transformsContext": {
          "vb-textFilterAttributes": [
            "sub_format_code"
          ]
        },
        "uriParameters": {
          "P_SUB_FORMAT_ABBR": "{{ \"\"}}",
          "P_SUB_FORMAT_CODE": "{{ \"\"}}",
          "P_SUB_FORMAT_NAME": "{{ \"\"}}"
        }
      }
    },
    "SubFormatDlgLabel": {
      "type": "string"
    },
    "SubFormatNameLOV": {
      "type": "vb/ServiceDataProvider",
      "defaultValue": {
        "endpoint": "devOrds/getFamilyCodeSubFormat2",
        "responseType": "getSubFormatName",
        "itemsPath": "items",
        "keyAttributes": "sub_format_name",
        "transformsContext": {
          "vb-textFilterAttributes": [
            "sub_format_name"
          ]
        },
        "uriParameters": {
          "P_SUB_FORMAT_ABBR": "{{ \"\" }}",
          "P_SUB_FORMAT_CODE": "{{ \"\" }}",
          "P_SUB_FORMAT_NAME": "{{ \"\" }}"
        }
      }
    },
    "SubFormatRowData": {
      "type": "SubFormatTblType"
    }

  },
  "metadata": {},
  "types": {
    "@decorators.getSubFormatAbbr": {
      "endpoint": "getFamilyCodeSubFormat2",
      "service": "devOrds",
      "path": "response"
    },
    "@decorators.getSubFormatCodeLOV": {
      "endpoint": "getFamilyCodeSubFormat2",
      "service": "devOrds",
      "path": "response"
    },
    "@decorators.getSubFormatName": {
      "endpoint": "getFamilyCodeSubFormat2",
      "service": "devOrds",
      "path": "response"
    },
    "@decorators.SubFormatTblType": {
      "endpoint": "getFamilyCodeSubFormat2",
      "service": "devOrds",
      "path": "response-_-items[0]"
    },
    "getSubFormatAbbr": {
      "items": [
        {
          "sub_format_abbr": "string"
        }
      ]
    },
    "getSubFormatCodeLOV": {
      "items": [
        {
          "sub_format_code": "string"
        }
      ]
    },
    "getSubFormatName": {
      "items": [
        {
          "sub_format_name": "string"
        }
      ]
    },
    "SubFormatTblType": {

      "commodity_code": "any",
      "created_by": "any",
      "created_date": "any",
      "default_rpt_ind": "any",
      "last_updated_by": "any",
      "last_updated_date": "any",
      "status": "any",
      "sub_format_abbr": "any",
      "sub_format_code": "string",
      "sub_format_id": "number",
      "sub_format_name": "string",
      "active_dummy": "string[]",
      "active_ind": "string"

    }
  },
  "eventListeners": {
    "addSubFormatAction": {
      "chains": [
        {
          "chainId": "AddButtonAction"
        }
      ]
    },
    "buttonAction": {
      "chains": [
        {
          "chainId": "ResetBtnAction"
        }
      ]
    },
    "buttonAction2": {
      "chains": [
        {
          "chainId": "PostSubFormatActionChain"
        }
      ]
    },
    "checkboxSetValue": {
      "chains": [
        {
          "chainId": "subFormatCheckboxSetValue",
          "parameters": {
            "value": "{{ $event.detail.value }}"
          }
        }
      ]
    },
    "closeDialogAction": {
      "chains": [
        {
          "chainId": "CloseDialogActionChain"
        }
      ]
    },
    "flexRowClick": {
      "chains": [
        {
          "chainId": "PostSubFormatActionChain"
        }
      ]
    },
    "iconClick": {
      "chains": [
        {
          "chainId": "UpdateSubFormatAction",
          "parameters": {
            "key": "{{ $current.key }}",
            "index": "{{ $current.index }}",
            "current": "{{ $current }}"
          }
        }
      ]
    },
    "iconClick2": {
      "chains": [
        {
          "chainId": "EditPopUpSubFOrmatDLgOpen",
          "parameters": {
            "key": "{{ $current.key }}",
            "index": "{{ $current.index }}",
            "current": "{{ $current }}"
          }
        }
      ]
    },
    "searchSubfmtAction": {
      "chains": [
        {
          "chainId": "FetchSubFormatAction"
        }
      ]
    },
    "tableBeforeRowEdit": {
      "chains": [
        {
          "chainId": "SubFormatBeforeRowEdit",
          "parameters": {
            "rowKey": "{{$event.detail.rowContext.status.rowKey}}",
            "rowIndex": "{{$event.detail.rowContext.status.rowIndex}}",
            "rowData": "{{$event.detail.rowContext.componentElement.getDataForVisibleRow($event.detail.rowContext.status.rowIndex).data}}"
          }
        }
      ]
    },
    "tableBeforeRowEditEnd": {
      "chains": [
        {
          "chainId": "SubFormatTblBeforeRowEditEndChain",
          "parameters": {
            "cancelEdit": "{{$event.detail.cancelEdit}}",
            "rowKey": "{{$event.detail.rowContext.status.rowKey}}",
            "rowIndex": "{{$event.detail.rowContext.status.rowIndex}}",
            "rowData": "{{$event.detail.rowContext.componentElement.getDataForVisibleRow($event.detail.rowContext.status.rowIndex).data}}"
          }
        }
      ]
    },
    "toggleDrawer": {
      "chains": [
        {
          "chainId": "application:toggleDrawerHandler"
        }
      ]
    },
    "vbEnter": {
      "chains": [
        {
          "parameters": {},
          "chainId": "FetchSubFormatAction"
        }
      ]
    }

  },
  "imports": {
    "components": {
      "oj-button": {
        "path": "ojs/ojbutton"
      },
      "oj-checkboxset": {
        "path": "ojs/ojcheckboxset"
      },
      "oj-combobox-one": {
        "path": "ojs/ojselectcombobox"
      },
      "oj-dialog": {
        "path": "ojs/ojdialog"
      },
      "oj-form-layout": {
        "path": "ojs/ojformlayout"
      },
      "oj-input-date": {
        "path": "ojs/ojdatetimepicker"
      },
      "oj-input-number": {
        "path": "ojs/ojinputnumber"
      },
      "oj-input-text": {
        "path": "ojs/ojinputtext"
      },
      "oj-label": {
        "path": "ojs/ojlabel"
      },
      "oj-option": {
        "path": "ojs/ojoption"
      },
      "oj-sample-export-data": {
        "path": "oj-sample/export-data/loader"
      },
      "oj-select-single": {
        "path": "ojs/ojselectsingle"
      },
      "oj-table": {
        "path": "ojs/ojtable"
      },
      "oj-validation-group": {
        "path": "ojs/ojvalidationgroup"
      }

    }
  }
}