{
    "items": [
        {
            "party_id": 300000006710528,
            "party_name": "ABRAMS ARTISTS AGENCY",
            "party_number": "1035"
        }
    ],
    "hasMore": false,
    "limit": 25,
    "offset": 0,
    "count": 1,
    "links": [
        {
            "rel": "self",
            "href": "https://10.2.0.169:8081/ords/hbg_integration/Common/getOrganizationNameByNumber?party_number=1035"
        },
        {
            "rel": "describedby",
            "href": "https://10.2.0.169:8081/ords/hbg_integration/metadata-catalog/Common/item"
        },
        {
            "rel": "first",
            "href": "https://10.2.0.169:8081/ords/hbg_integration/Common/getOrganizationNameByNumber?party_number=1035"
        }
    ]
}