{
  "description": "",
  "root": "ifCurrentValue",
  "actions": {
    "ifCurrentValue": {
      "module": "vb/action/builtin/ifAction",
      "parameters": {
        "condition": "[[ $variables.CurrentValue ]]"
      },
      "outcomes": {
        "true": "callRestGetCategory1"
      }
    },
    "callRestGetCategory1": {
      "module": "vb/action/builtin/restAction",
      "parameters": {
        "endpoint": "devOrds/getCategory1",
        "uriParams": {
          "P_CATEGORY_CODE": "{{ $variables.CurrentValue }}",
          "P_REPORTING_GROUP_ID": "{{ $page.variables.searchObj.p_rpg_grp }}"
        }
      },
      "outcomes": {
        "success": "assignVariablesCat1Array"
      }
    },
    "assignVariablesCat1Array": {
      "module": "vb/action/builtin/assignVariablesAction",
      "parameters": {
        "$page.variables.cat1Array": {
          "source": "{{ $chain.results.callRestGetCategory1.body.items }}"
        }
      }
    }
  },
  "variables": {
    "CurrentValue": {
      "type": "string",
      "input": "fromCaller"
    }
  }
}