{
  "description": "",
  "root": "ifValue",
  "actions": {

    "ifValue": {
      "module": "vb/action/builtin/ifAction",
      "parameters": {
        "condition": "[[ $variables.value ]]"
      },
      "outcomes": {
        "true": "callRestGetCategory1",
        "false": "resetVariablesSearchObj"
      }
    },
    "callRestGetCategory1": {
      "module": "vb/action/builtin/restAction",
      "parameters": {
        "endpoint": "devOrds/getCategory1",
        "uriParams": {
          "P_CATEGORY_CODE": "{{ $variables.value }}",
          "P_REPORTING_GROUP_ID": "{{ $page.variables.searchObj.p_rpg_grp }}"
        }
      },
      "outcomes": {
        "success": "assignVariablesSearchObj"
      }
    },
    "assignVariablesSearchObj": {
      "module": "vb/action/builtin/assignVariablesAction",
      "parameters": {
        "$page.variables.searchObj": {
          "source": {
            "p_cat1": "{{ $chain.results.callRestGetCategory1.body.items[0].category1_id }}"
          },
          "reset": "none",
          "auto": "always"
        }
      }
    },
    "resetVariablesSearchObj": {
      "module": "vb/action/builtin/resetVariablesAction",
      "parameters": {
        "variables": [
          "$page.variables.searchObj.p_cat1",
          "$page.variables.searchObj.Cat2Code",
          "$page.variables.searchObj.p_cat2"
        ]
      }
    }
  },
  "variables": {
    "value": {
      "required": true,
      "type": "any",
      "input": "fromCaller"
    }
  }
}