{
  "description": "",
  "root": "ifCurrentValue",
  "actions": {
    "ifCurrentValue": {
      "module": "vb/action/builtin/ifAction",
      "parameters": {
        "condition": "[[ $variables.CurrentValue ]]"
      },
      "outcomes": {
        "true": "callRestGetcategory2"
      }
    },
    "callRestGetcategory2": {
      "module": "vb/action/builtin/restAction",
      "parameters": {
        "endpoint": "devOrds/getcategory2",
        "uriParams": {
          "P_CATEGORY_CODE": "{{ $variables.CurrentValue }}",
          "P_CATEGORY1_ID": "{{ $page.variables.searchObj.p_cat1 }}"
        }
      },
      "outcomes": {
        "success": "assignVariablesCat2Array"
      }
    },
    "assignVariablesCat2Array": {
      "module": "vb/action/builtin/assignVariablesAction",
      "parameters": {
        "$page.variables.cat2Array": {
          "source": "{{ $chain.results.callRestGetcategory2.body.items }}"
        }
      }
    }
  },
  "variables": {
    "CurrentValue": {
      "type": "string",
      "input": "fromCaller"
    }
  }
}