{
    "items": [
        {
            "country_id": 300000000273646,
            "country_code": "AD",
            "concat_country_code": "AD -- Andorra",
            "country_name": "Andorra"
        },
        {
            "country_id": 300000000273649,
            "country_code": "AE",
            "concat_country_code": "AE -- United Arab Emirates",
            "country_name": "United Arab Emirates"
        },
        {
            "country_id": 300000000273652,
            "country_code": "AF",
            "concat_country_code": "AF -- Afghanistan",
            "country_name": "Afghanistan"
        },
        {
            "country_id": 300000000273655,
            "country_code": "AG",
            "concat_country_code": "AG -- Antigua and Barbuda",
            "country_name": "Antigua and Barbuda"
        },
        {
            "country_id": 300000000273658,
            "country_code": "AI",
            "concat_country_code": "AI -- Anguilla",
            "country_name": "Anguilla"
        },
        {
            "country_id": 300000000273661,
            "country_code": "AL",
            "concat_country_code": "AL -- Albania",
            "country_name": "Albania"
        },
        {
            "country_id": 300000000273664,
            "country_code": "AM",
            "concat_country_code": "AM -- Armenia",
            "country_name": "Armenia"
        },
        {
            "country_id": 300000000273667,
            "country_code": "AN",
            "concat_country_code": "AN -- Netherlands Antilles",
            "country_name": "Netherlands Antilles"
        },
        {
            "country_id": 300000000273670,
            "country_code": "AO",
            "concat_country_code": "AO -- Angola",
            "country_name": "Angola"
        },
        {
            "country_id": 300000000273673,
            "country_code": "AQ",
            "concat_country_code": "AQ -- Antarctica",
            "country_name": "Antarctica"
        },
        {
            "country_id": 300000000273676,
            "country_code": "AR",
            "concat_country_code": "AR -- Argentina",
            "country_name": "Argentina"
        },
        {
            "country_id": 300000000273679,
            "country_code": "AS",
            "concat_country_code": "AS -- American Samoa",
            "country_name": "American Samoa"
        },
        {
            "country_id": 300000000273682,
            "country_code": "AT",
            "concat_country_code": "AT -- Austria",
            "country_name": "Austria"
        },
        {
            "country_id": 300000000273685,
            "country_code": "AU",
            "concat_country_code": "AU -- Australia",
            "country_name": "Australia"
        },
        {
            "country_id": 300000000273688,
            "country_code": "AW",
            "concat_country_code": "AW -- Aruba",
            "country_name": "Aruba"
        },
        {
            "country_id": 300000000273691,
            "country_code": "AX",
            "concat_country_code": "AX -- Aland Islands",
            "country_name": "Aland Islands"
        },
        {
            "country_id": 300000000273694,
            "country_code": "AZ",
            "concat_country_code": "AZ -- Azerbaijan",
            "country_name": "Azerbaijan"
        },
        {
            "country_id": 300000000273697,
            "country_code": "BA",
            "concat_country_code": "BA -- Bosnia and Herzegovina",
            "country_name": "Bosnia and Herzegovina"
        },
        {
            "country_id": 300000000273700,
            "country_code": "BB",
            "concat_country_code": "BB -- Barbados",
            "country_name": "Barbados"
        },
        {
            "country_id": 300000000273703,
            "country_code": "BD",
            "concat_country_code": "BD -- Bangladesh",
            "country_name": "Bangladesh"
        },
        {
            "country_id": 300000000273706,
            "country_code": "BE",
            "concat_country_code": "BE -- Belgium",
            "country_name": "Belgium"
        },
        {
            "country_id": 300000000273709,
            "country_code": "BF",
            "concat_country_code": "BF -- Burkina Faso",
            "country_name": "Burkina Faso"
        },
        {
            "country_id": 300000000273712,
            "country_code": "BG",
            "concat_country_code": "BG -- Bulgaria",
            "country_name": "Bulgaria"
        },
        {
            "country_id": 300000000273715,
            "country_code": "BH",
            "concat_country_code": "BH -- Bahrain",
            "country_name": "Bahrain"
        },
        {
            "country_id": 300000000273718,
            "country_code": "BI",
            "concat_country_code": "BI -- Burundi",
            "country_name": "Burundi"
        },
        {
            "country_id": 300000000273721,
            "country_code": "BJ",
            "concat_country_code": "BJ -- Benin",
            "country_name": "Benin"
        },
        {
            "country_id": 300000000273724,
            "country_code": "BL",
            "concat_country_code": "BL -- Saint Barthelemy",
            "country_name": "Saint Barthelemy"
        },
        {
            "country_id": 300000000273727,
            "country_code": "BM",
            "concat_country_code": "BM -- Bermuda",
            "country_name": "Bermuda"
        },
        {
            "country_id": 300000000273730,
            "country_code": "BN",
            "concat_country_code": "BN -- Brunei Darussalam",
            "country_name": "Brunei Darussalam"
        },
        {
            "country_id": 300000000273733,
            "country_code": "BO",
            "concat_country_code": "BO -- Bolivia",
            "country_name": "Bolivia"
        },
        {
            "country_id": 100000134355350,
            "country_code": "BQ",
            "concat_country_code": "BQ -- Caribbean Netherlands",
            "country_name": "Caribbean Netherlands"
        },
        {
            "country_id": 300000000273736,
            "country_code": "BR",
            "concat_country_code": "BR -- Brazil",
            "country_name": "Brazil"
        },
        {
            "country_id": 300000000273739,
            "country_code": "BS",
            "concat_country_code": "BS -- Bahamas",
            "country_name": "Bahamas"
        },
        {
            "country_id": 300000000273742,
            "country_code": "BT",
            "concat_country_code": "BT -- Bhutan",
            "country_name": "Bhutan"
        },
        {
            "country_id": 300000000273745,
            "country_code": "BV",
            "concat_country_code": "BV -- Bouvet Island",
            "country_name": "Bouvet Island"
        },
        {
            "country_id": 300000000273748,
            "country_code": "BW",
            "concat_country_code": "BW -- Botswana",
            "country_name": "Botswana"
        },
        {
            "country_id": 300000000273751,
            "country_code": "BY",
            "concat_country_code": "BY -- Belarus",
            "country_name": "Belarus"
        },
        {
            "country_id": 300000000273754,
            "country_code": "BZ",
            "concat_country_code": "BZ -- Belize",
            "country_name": "Belize"
        },
        {
            "country_id": 300000000273757,
            "country_code": "CA",
            "concat_country_code": "CA -- Canada",
            "country_name": "Canada"
        },
        {
            "country_id": 300000000273760,
            "country_code": "CC",
            "concat_country_code": "CC -- Cocos (Keeling) Islands",
            "country_name": "Cocos (Keeling) Islands"
        },
        {
            "country_id": 300000000273763,
            "country_code": "CD",
            "concat_country_code": "CD -- Congo, The Democratic Republic of the",
            "country_name": "Congo, The Democratic Republic of the"
        },
        {
            "country_id": 300000000273766,
            "country_code": "CF",
            "concat_country_code": "CF -- Central African Republic",
            "country_name": "Central African Republic"
        },
        {
            "country_id": 300000000273769,
            "country_code": "CG",
            "concat_country_code": "CG -- Congo",
            "country_name": "Congo"
        },
        {
            "country_id": 300000000273772,
            "country_code": "CH",
            "concat_country_code": "CH -- Switzerland",
            "country_name": "Switzerland"
        },
        {
            "country_id": 300000000273775,
            "country_code": "CI",
            "concat_country_code": "CI -- Cote d'Ivoire",
            "country_name": "Cote d'Ivoire"
        },
        {
            "country_id": 300000000273778,
            "country_code": "CK",
            "concat_country_code": "CK -- Cook Islands",
            "country_name": "Cook Islands"
        },
        {
            "country_id": 300000000273781,
            "country_code": "CL",
            "concat_country_code": "CL -- Chile",
            "country_name": "Chile"
        },
        {
            "country_id": 300000000273784,
            "country_code": "CM",
            "concat_country_code": "CM -- Cameroon",
            "country_name": "Cameroon"
        },
        {
            "country_id": 300000000273787,
            "country_code": "CN",
            "concat_country_code": "CN -- China",
            "country_name": "China"
        },
        {
            "country_id": 300000000273790,
            "country_code": "CO",
            "concat_country_code": "CO -- Colombia",
            "country_name": "Colombia"
        },
        {
            "country_id": 300000000273793,
            "country_code": "CR",
            "concat_country_code": "CR -- Costa Rica",
            "country_name": "Costa Rica"
        },
        {
            "country_id": 300000000273796,
            "country_code": "CU",
            "concat_country_code": "CU -- Cuba",
            "country_name": "Cuba"
        },
        {
            "country_id": 300000000273799,
            "country_code": "CV",
            "concat_country_code": "CV -- Cabo Verde",
            "country_name": "Cabo Verde"
        },
        {
            "country_id": 100000134355560,
            "country_code": "CW",
            "concat_country_code": "CW -- Curacao",
            "country_name": "Curacao"
        },
        {
            "country_id": 300000000273802,
            "country_code": "CX",
            "concat_country_code": "CX -- Christmas Island",
            "country_name": "Christmas Island"
        },
        {
            "country_id": 300000000273805,
            "country_code": "CY",
            "concat_country_code": "CY -- Cyprus",
            "country_name": "Cyprus"
        },
        {
            "country_id": 300000000273808,
            "country_code": "CZ",
            "concat_country_code": "CZ -- Czech Republic",
            "country_name": "Czech Republic"
        },
        {
            "country_id": 300000000273811,
            "country_code": "DE",
            "concat_country_code": "DE -- Germany",
            "country_name": "Germany"
        },
        {
            "country_id": 300000000273814,
            "country_code": "DJ",
            "concat_country_code": "DJ -- Djibouti",
            "country_name": "Djibouti"
        },
        {
            "country_id": 300000000273817,
            "country_code": "DK",
            "concat_country_code": "DK -- Denmark",
            "country_name": "Denmark"
        },
        {
            "country_id": 300000000273820,
            "country_code": "DM",
            "concat_country_code": "DM -- Dominica",
            "country_name": "Dominica"
        },
        {
            "country_id": 300000000273823,
            "country_code": "DO",
            "concat_country_code": "DO -- Dominican Republic",
            "country_name": "Dominican Republic"
        },
        {
            "country_id": 300000000273826,
            "country_code": "DZ",
            "concat_country_code": "DZ -- Algeria",
            "country_name": "Algeria"
        },
        {
            "country_id": 300000000273829,
            "country_code": "EC",
            "concat_country_code": "EC -- Ecuador",
            "country_name": "Ecuador"
        },
        {
            "country_id": 300000000273832,
            "country_code": "EE",
            "concat_country_code": "EE -- Estonia",
            "country_name": "Estonia"
        },
        {
            "country_id": 300000000273835,
            "country_code": "EG",
            "concat_country_code": "EG -- Egypt",
            "country_name": "Egypt"
        },
        {
            "country_id": 300000000273838,
            "country_code": "EH",
            "concat_country_code": "EH -- Western Sahara",
            "country_name": "Western Sahara"
        },
        {
            "country_id": 300000000273841,
            "country_code": "ER",
            "concat_country_code": "ER -- Eritrea",
            "country_name": "Eritrea"
        },
        {
            "country_id": 300000000273844,
            "country_code": "ES",
            "concat_country_code": "ES -- Spain",
            "country_name": "Spain"
        },
        {
            "country_id": 300000000273847,
            "country_code": "ET",
            "concat_country_code": "ET -- Ethiopia",
            "country_name": "Ethiopia"
        },
        {
            "country_id": 300000000273850,
            "country_code": "FI",
            "concat_country_code": "FI -- Finland",
            "country_name": "Finland"
        },
        {
            "country_id": 300000000273853,
            "country_code": "FJ",
            "concat_country_code": "FJ -- Fiji",
            "country_name": "Fiji"
        },
        {
            "country_id": 300000000273856,
            "country_code": "FK",
            "concat_country_code": "FK -- Falkland Islands (Malvinas)",
            "country_name": "Falkland Islands (Malvinas)"
        },
        {
            "country_id": 300000000273859,
            "country_code": "FM",
            "concat_country_code": "FM -- Micronesia, Federated States of",
            "country_name": "Micronesia, Federated States of"
        },
        {
            "country_id": 300000000273862,
            "country_code": "FO",
            "concat_country_code": "FO -- Faroe Islands",
            "country_name": "Faroe Islands"
        },
        {
            "country_id": 300000000273865,
            "country_code": "FR",
            "concat_country_code": "FR -- France",
            "country_name": "France"
        },
        {
            "country_id": 300000000273868,
            "country_code": "GA",
            "concat_country_code": "GA -- Gabon",
            "country_name": "Gabon"
        },
        {
            "country_id": 300000000273871,
            "country_code": "GB",
            "concat_country_code": "GB -- United Kingdom",
            "country_name": "United Kingdom"
        },
        {
            "country_id": 300000000273874,
            "country_code": "GD",
            "concat_country_code": "GD -- Grenada",
            "country_name": "Grenada"
        },
        {
            "country_id": 300000000273877,
            "country_code": "GE",
            "concat_country_code": "GE -- Georgia",
            "country_name": "Georgia"
        },
        {
            "country_id": 300000000273880,
            "country_code": "GF",
            "concat_country_code": "GF -- French Guiana",
            "country_name": "French Guiana"
        },
        {
            "country_id": 300000000273883,
            "country_code": "GG",
            "concat_country_code": "GG -- Guernsey",
            "country_name": "Guernsey"
        },
        {
            "country_id": 300000000273886,
            "country_code": "GH",
            "concat_country_code": "GH -- Ghana",
            "country_name": "Ghana"
        },
        {
            "country_id": 300000000273889,
            "country_code": "GI",
            "concat_country_code": "GI -- Gibraltar",
            "country_name": "Gibraltar"
        },
        {
            "country_id": 300000000273892,
            "country_code": "GL",
            "concat_country_code": "GL -- Greenland",
            "country_name": "Greenland"
        },
        {
            "country_id": 300000000273895,
            "country_code": "GM",
            "concat_country_code": "GM -- Gambia",
            "country_name": "Gambia"
        },
        {
            "country_id": 300000000273898,
            "country_code": "GN",
            "concat_country_code": "GN -- Guinea",
            "country_name": "Guinea"
        },
        {
            "country_id": 300000000273901,
            "country_code": "GP",
            "concat_country_code": "GP -- Guadeloupe",
            "country_name": "Guadeloupe"
        },
        {
            "country_id": 300000000273904,
            "country_code": "GQ",
            "concat_country_code": "GQ -- Equatorial Guinea",
            "country_name": "Equatorial Guinea"
        },
        {
            "country_id": 300000000273907,
            "country_code": "GR",
            "concat_country_code": "GR -- Greece",
            "country_name": "Greece"
        },
        {
            "country_id": 300000000273910,
            "country_code": "GS",
            "concat_country_code": "GS -- South Georgia and the South Sandwich Islands",
            "country_name": "South Georgia and the South Sandwich Islands"
        },
        {
            "country_id": 300000000273913,
            "country_code": "GT",
            "concat_country_code": "GT -- Guatemala",
            "country_name": "Guatemala"
        },
        {
            "country_id": 300000000273916,
            "country_code": "GU",
            "concat_country_code": "GU -- Guam",
            "country_name": "Guam"
        },
        {
            "country_id": 300000000273919,
            "country_code": "GW",
            "concat_country_code": "GW -- Guinea-Bissau",
            "country_name": "Guinea-Bissau"
        },
        {
            "country_id": 300000000273922,
            "country_code": "GY",
            "concat_country_code": "GY -- Guyana",
            "country_name": "Guyana"
        },
        {
            "country_id": 300000000273925,
            "country_code": "HK",
            "concat_country_code": "HK -- Hong Kong",
            "country_name": "Hong Kong"
        },
        {
            "country_id": 300000000273928,
            "country_code": "HM",
            "concat_country_code": "HM -- Heard Island and McDonald Islands",
            "country_name": "Heard Island and McDonald Islands"
        },
        {
            "country_id": 300000000273931,
            "country_code": "HN",
            "concat_country_code": "HN -- Honduras",
            "country_name": "Honduras"
        },
        {
            "country_id": 300000000273934,
            "country_code": "HR",
            "concat_country_code": "HR -- Croatia",
            "country_name": "Croatia"
        },
        {
            "country_id": 300000000273937,
            "country_code": "HT",
            "concat_country_code": "HT -- Haiti",
            "country_name": "Haiti"
        },
        {
            "country_id": 300000000273940,
            "country_code": "HU",
            "concat_country_code": "HU -- Hungary",
            "country_name": "Hungary"
        },
        {
            "country_id": 300000000273943,
            "country_code": "ID",
            "concat_country_code": "ID -- Indonesia",
            "country_name": "Indonesia"
        },
        {
            "country_id": 300000000273946,
            "country_code": "IE",
            "concat_country_code": "IE -- Ireland",
            "country_name": "Ireland"
        },
        {
            "country_id": 300000000273949,
            "country_code": "IL",
            "concat_country_code": "IL -- Israel",
            "country_name": "Israel"
        },
        {
            "country_id": 300000000273952,
            "country_code": "IM",
            "concat_country_code": "IM -- Isle of Man",
            "country_name": "Isle of Man"
        },
        {
            "country_id": 300000000273955,
            "country_code": "IN",
            "concat_country_code": "IN -- India",
            "country_name": "India"
        },
        {
            "country_id": 300000000273958,
            "country_code": "IO",
            "concat_country_code": "IO -- British Indian Ocean Territory",
            "country_name": "British Indian Ocean Territory"
        },
        {
            "country_id": 300000000273961,
            "country_code": "IQ",
            "concat_country_code": "IQ -- Iraq",
            "country_name": "Iraq"
        },
        {
            "country_id": 300000000273964,
            "country_code": "IR",
            "concat_country_code": "IR -- Iran, Islamic Republic of",
            "country_name": "Iran, Islamic Republic of"
        },
        {
            "country_id": 300000000273967,
            "country_code": "IS",
            "concat_country_code": "IS -- Iceland",
            "country_name": "Iceland"
        },
        {
            "country_id": 300000000273970,
            "country_code": "IT",
            "concat_country_code": "IT -- Italy",
            "country_name": "Italy"
        },
        {
            "country_id": 300000000273973,
            "country_code": "JE",
            "concat_country_code": "JE -- Jersey",
            "country_name": "Jersey"
        },
        {
            "country_id": 300000000273976,
            "country_code": "JM",
            "concat_country_code": "JM -- Jamaica",
            "country_name": "Jamaica"
        },
        {
            "country_id": 300000000273979,
            "country_code": "JO",
            "concat_country_code": "JO -- Jordan",
            "country_name": "Jordan"
        },
        {
            "country_id": 300000000273982,
            "country_code": "JP",
            "concat_country_code": "JP -- Japan",
            "country_name": "Japan"
        },
        {
            "country_id": 300000000273985,
            "country_code": "KE",
            "concat_country_code": "KE -- Kenya",
            "country_name": "Kenya"
        },
        {
            "country_id": 300000000273988,
            "country_code": "KG",
            "concat_country_code": "KG -- Kyrgyzstan",
            "country_name": "Kyrgyzstan"
        },
        {
            "country_id": 300000000273991,
            "country_code": "KH",
            "concat_country_code": "KH -- Cambodia",
            "country_name": "Cambodia"
        },
        {
            "country_id": 300000000273994,
            "country_code": "KI",
            "concat_country_code": "KI -- Kiribati",
            "country_name": "Kiribati"
        },
        {
            "country_id": 300000000273997,
            "country_code": "KM",
            "concat_country_code": "KM -- Comoros",
            "country_name": "Comoros"
        },
        {
            "country_id": 300000000274000,
            "country_code": "KN",
            "concat_country_code": "KN -- Saint Kitts and Nevis",
            "country_name": "Saint Kitts and Nevis"
        },
        {
            "country_id": 300000000275003,
            "country_code": "KP",
            "concat_country_code": "KP -- Korea, Democratic People's Republic of",
            "country_name": "Korea, Democratic People's Republic of"
        },
        {
            "country_id": 300000000275006,
            "country_code": "KR",
            "concat_country_code": "KR -- Korea, Republic of",
            "country_name": "Korea, Republic of"
        },
        {
            "country_id": 300000000275009,
            "country_code": "KW",
            "concat_country_code": "KW -- Kuwait",
            "country_name": "Kuwait"
        },
        {
            "country_id": 300000000275012,
            "country_code": "KY",
            "concat_country_code": "KY -- Cayman Islands",
            "country_name": "Cayman Islands"
        },
        {
            "country_id": 300000000275015,
            "country_code": "KZ",
            "concat_country_code": "KZ -- Kazakhstan",
            "country_name": "Kazakhstan"
        },
        {
            "country_id": 300000000275018,
            "country_code": "LA",
            "concat_country_code": "LA -- Lao People's Democratic Republic",
            "country_name": "Lao People's Democratic Republic"
        },
        {
            "country_id": 300000000275021,
            "country_code": "LB",
            "concat_country_code": "LB -- Lebanon",
            "country_name": "Lebanon"
        },
        {
            "country_id": 300000000275024,
            "country_code": "LC",
            "concat_country_code": "LC -- Saint Lucia",
            "country_name": "Saint Lucia"
        },
        {
            "country_id": 300000000275027,
            "country_code": "LI",
            "concat_country_code": "LI -- Liechtenstein",
            "country_name": "Liechtenstein"
        },
        {
            "country_id": 300000000275030,
            "country_code": "LK",
            "concat_country_code": "LK -- Sri Lanka",
            "country_name": "Sri Lanka"
        },
        {
            "country_id": 300000000275033,
            "country_code": "LR",
            "concat_country_code": "LR -- Liberia",
            "country_name": "Liberia"
        },
        {
            "country_id": 300000000275036,
            "country_code": "LS",
            "concat_country_code": "LS -- Lesotho",
            "country_name": "Lesotho"
        },
        {
            "country_id": 300000000275039,
            "country_code": "LT",
            "concat_country_code": "LT -- Lithuania",
            "country_name": "Lithuania"
        },
        {
            "country_id": 300000000275042,
            "country_code": "LU",
            "concat_country_code": "LU -- Luxembourg",
            "country_name": "Luxembourg"
        },
        {
            "country_id": 300000000275045,
            "country_code": "LV",
            "concat_country_code": "LV -- Latvia",
            "country_name": "Latvia"
        },
        {
            "country_id": 300000000275048,
            "country_code": "LY",
            "concat_country_code": "LY -- Libya",
            "country_name": "Libya"
        },
        {
            "country_id": 300000000275051,
            "country_code": "MA",
            "concat_country_code": "MA -- Morocco",
            "country_name": "Morocco"
        },
        {
            "country_id": 300000000275054,
            "country_code": "MC",
            "concat_country_code": "MC -- Monaco",
            "country_name": "Monaco"
        },
        {
            "country_id": 300000000275057,
            "country_code": "MD",
            "concat_country_code": "MD -- Moldova",
            "country_name": "Moldova"
        },
        {
            "country_id": 300000000275060,
            "country_code": "ME",
            "concat_country_code": "ME -- Montenegro",
            "country_name": "Montenegro"
        },
        {
            "country_id": 300000000275063,
            "country_code": "MF",
            "concat_country_code": "MF -- Saint Martin (French part)",
            "country_name": "Saint Martin (French part)"
        },
        {
            "country_id": 300000000275066,
            "country_code": "MG",
            "concat_country_code": "MG -- Madagascar",
            "country_name": "Madagascar"
        },
        {
            "country_id": 300000000275069,
            "country_code": "MH",
            "concat_country_code": "MH -- Marshall Islands",
            "country_name": "Marshall Islands"
        },
        {
            "country_id": 300000000275072,
            "country_code": "MK",
            "concat_country_code": "MK -- North Macedonia",
            "country_name": "North Macedonia"
        },
        {
            "country_id": 300000000275075,
            "country_code": "ML",
            "concat_country_code": "ML -- Mali",
            "country_name": "Mali"
        },
        {
            "country_id": 300000000275078,
            "country_code": "MM",
            "concat_country_code": "MM -- Myanmar",
            "country_name": "Myanmar"
        },
        {
            "country_id": 300000000275081,
            "country_code": "MN",
            "concat_country_code": "MN -- Mongolia",
            "country_name": "Mongolia"
        },
        {
            "country_id": 300000000275084,
            "country_code": "MO",
            "concat_country_code": "MO -- Macao",
            "country_name": "Macao"
        },
        {
            "country_id": 300000000275087,
            "country_code": "MP",
            "concat_country_code": "MP -- Northern Mariana Islands",
            "country_name": "Northern Mariana Islands"
        },
        {
            "country_id": 300000000275090,
            "country_code": "MQ",
            "concat_country_code": "MQ -- Martinique",
            "country_name": "Martinique"
        },
        {
            "country_id": 300000000275093,
            "country_code": "MR",
            "concat_country_code": "MR -- Mauritania",
            "country_name": "Mauritania"
        },
        {
            "country_id": 300000000275096,
            "country_code": "MS",
            "concat_country_code": "MS -- Montserrat",
            "country_name": "Montserrat"
        },
        {
            "country_id": 300000000275099,
            "country_code": "MT",
            "concat_country_code": "MT -- Malta",
            "country_name": "Malta"
        },
        {
            "country_id": 300000000275102,
            "country_code": "MU",
            "concat_country_code": "MU -- Mauritius",
            "country_name": "Mauritius"
        },
        {
            "country_id": 300000000275105,
            "country_code": "MV",
            "concat_country_code": "MV -- Maldives",
            "country_name": "Maldives"
        },
        {
            "country_id": 300000000275108,
            "country_code": "MW",
            "concat_country_code": "MW -- Malawi",
            "country_name": "Malawi"
        },
        {
            "country_id": 300000000275111,
            "country_code": "MX",
            "concat_country_code": "MX -- Mexico",
            "country_name": "Mexico"
        },
        {
            "country_id": 300000000275114,
            "country_code": "MY",
            "concat_country_code": "MY -- Malaysia",
            "country_name": "Malaysia"
        },
        {
            "country_id": 300000000275117,
            "country_code": "MZ",
            "concat_country_code": "MZ -- Mozambique",
            "country_name": "Mozambique"
        },
        {
            "country_id": 300000000275120,
            "country_code": "NA",
            "concat_country_code": "NA -- Namibia",
            "country_name": "Namibia"
        },
        {
            "country_id": 300000000275123,
            "country_code": "NC",
            "concat_country_code": "NC -- New Caledonia",
            "country_name": "New Caledonia"
        },
        {
            "country_id": 300000000275126,
            "country_code": "NE",
            "concat_country_code": "NE -- Niger",
            "country_name": "Niger"
        },
        {
            "country_id": 300000000275129,
            "country_code": "NF",
            "concat_country_code": "NF -- Norfolk Island",
            "country_name": "Norfolk Island"
        },
        {
            "country_id": 300000000275132,
            "country_code": "NG",
            "concat_country_code": "NG -- Nigeria",
            "country_name": "Nigeria"
        },
        {
            "country_id": 300000000275135,
            "country_code": "NI",
            "concat_country_code": "NI -- Nicaragua",
            "country_name": "Nicaragua"
        },
        {
            "country_id": 300000000275138,
            "country_code": "NL",
            "concat_country_code": "NL -- Netherlands",
            "country_name": "Netherlands"
        },
        {
            "country_id": 300000000275141,
            "country_code": "NO",
            "concat_country_code": "NO -- Norway",
            "country_name": "Norway"
        },
        {
            "country_id": 300000000275144,
            "country_code": "NP",
            "concat_country_code": "NP -- Nepal",
            "country_name": "Nepal"
        },
        {
            "country_id": 300000000275147,
            "country_code": "NR",
            "concat_country_code": "NR -- Nauru",
            "country_name": "Nauru"
        },
        {
            "country_id": 300000000275150,
            "country_code": "NU",
            "concat_country_code": "NU -- Niue",
            "country_name": "Niue"
        },
        {
            "country_id": 300000000275153,
            "country_code": "NZ",
            "concat_country_code": "NZ -- New Zealand",
            "country_name": "New Zealand"
        },
        {
            "country_id": 300000000275156,
            "country_code": "OM",
            "concat_country_code": "OM -- Oman",
            "country_name": "Oman"
        },
        {
            "country_id": 300000000275159,
            "country_code": "PA",
            "concat_country_code": "PA -- Panama",
            "country_name": "Panama"
        },
        {
            "country_id": 300000000275162,
            "country_code": "PE",
            "concat_country_code": "PE -- Peru",
            "country_name": "Peru"
        },
        {
            "country_id": 300000000275165,
            "country_code": "PF",
            "concat_country_code": "PF -- French Polynesia",
            "country_name": "French Polynesia"
        },
        {
            "country_id": 300000000275168,
            "country_code": "PG",
            "concat_country_code": "PG -- Papua New Guinea",
            "country_name": "Papua New Guinea"
        },
        {
            "country_id": 300000000275171,
            "country_code": "PH",
            "concat_country_code": "PH -- Philippines",
            "country_name": "Philippines"
        },
        {
            "country_id": 300000000275174,
            "country_code": "PK",
            "concat_country_code": "PK -- Pakistan",
            "country_name": "Pakistan"
        },
        {
            "country_id": 300000000275177,
            "country_code": "PL",
            "concat_country_code": "PL -- Poland",
            "country_name": "Poland"
        },
        {
            "country_id": 300000000275180,
            "country_code": "PM",
            "concat_country_code": "PM -- Saint Pierre and Miquelon",
            "country_name": "Saint Pierre and Miquelon"
        },
        {
            "country_id": 300000000275183,
            "country_code": "PN",
            "concat_country_code": "PN -- Pitcairn",
            "country_name": "Pitcairn"
        },
        {
            "country_id": 300000000275186,
            "country_code": "PR",
            "concat_country_code": "PR -- Puerto Rico",
            "country_name": "Puerto Rico"
        },
        {
            "country_id": 300000000275189,
            "country_code": "PS",
            "concat_country_code": "PS -- Palestine, State of",
            "country_name": "Palestine, State of"
        },
        {
            "country_id": 300000000275192,
            "country_code": "PT",
            "concat_country_code": "PT -- Portugal",
            "country_name": "Portugal"
        },
        {
            "country_id": 300000000275195,
            "country_code": "PW",
            "concat_country_code": "PW -- Palau",
            "country_name": "Palau"
        },
        {
            "country_id": 300000000275198,
            "country_code": "PY",
            "concat_country_code": "PY -- Paraguay",
            "country_name": "Paraguay"
        },
        {
            "country_id": 300000000275201,
            "country_code": "QA",
            "concat_country_code": "QA -- Qatar",
            "country_name": "Qatar"
        },
        {
            "country_id": 300000000275204,
            "country_code": "RE",
            "concat_country_code": "RE -- Reunion",
            "country_name": "Reunion"
        },
        {
            "country_id": 300000000275207,
            "country_code": "RO",
            "concat_country_code": "RO -- Romania",
            "country_name": "Romania"
        },
        {
            "country_id": 300000000275210,
            "country_code": "RS",
            "concat_country_code": "RS -- Serbia",
            "country_name": "Serbia"
        },
        {
            "country_id": 300000000275213,
            "country_code": "RU",
            "concat_country_code": "RU -- Russian Federation",
            "country_name": "Russian Federation"
        },
        {
            "country_id": 300000000275216,
            "country_code": "RW",
            "concat_country_code": "RW -- Rwanda",
            "country_name": "Rwanda"
        },
        {
            "country_id": 300000000275219,
            "country_code": "SA",
            "concat_country_code": "SA -- Saudi Arabia",
            "country_name": "Saudi Arabia"
        },
        {
            "country_id": 300000000275222,
            "country_code": "SB",
            "concat_country_code": "SB -- Solomon Islands",
            "country_name": "Solomon Islands"
        },
        {
            "country_id": 300000000275225,
            "country_code": "SC",
            "concat_country_code": "SC -- Seychelles",
            "country_name": "Seychelles"
        },
        {
            "country_id": 300000000275228,
            "country_code": "SD",
            "concat_country_code": "SD -- Sudan",
            "country_name": "Sudan"
        },
        {
            "country_id": 300000000275231,
            "country_code": "SE",
            "concat_country_code": "SE -- Sweden",
            "country_name": "Sweden"
        },
        {
            "country_id": 300000000275234,
            "country_code": "SG",
            "concat_country_code": "SG -- Singapore",
            "country_name": "Singapore"
        },
        {
            "country_id": 300000000275237,
            "country_code": "SH",
            "concat_country_code": "SH -- Saint Helena, Ascension and Tristan da Cunha",
            "country_name": "Saint Helena, Ascension and Tristan da Cunha"
        },
        {
            "country_id": 300000000275240,
            "country_code": "SI",
            "concat_country_code": "SI -- Slovenia",
            "country_name": "Slovenia"
        },
        {
            "country_id": 300000000275243,
            "country_code": "SJ",
            "concat_country_code": "SJ -- Svalbard and Jan Mayen",
            "country_name": "Svalbard and Jan Mayen"
        },
        {
            "country_id": 300000000275246,
            "country_code": "SK",
            "concat_country_code": "SK -- Slovakia",
            "country_name": "Slovakia"
        },
        {
            "country_id": 300000000275249,
            "country_code": "SL",
            "concat_country_code": "SL -- Sierra Leone",
            "country_name": "Sierra Leone"
        },
        {
            "country_id": 300000000275252,
            "country_code": "SM",
            "concat_country_code": "SM -- San Marino",
            "country_name": "San Marino"
        },
        {
            "country_id": 300000000275255,
            "country_code": "SN",
            "concat_country_code": "SN -- Senegal",
            "country_name": "Senegal"
        },
        {
            "country_id": 300000000275258,
            "country_code": "SO",
            "concat_country_code": "SO -- Somalia",
            "country_name": "Somalia"
        },
        {
            "country_id": 300000000275261,
            "country_code": "SR",
            "concat_country_code": "SR -- Suriname",
            "country_name": "Suriname"
        },
        {
            "country_id": 300000000275264,
            "country_code": "ST",
            "concat_country_code": "ST -- Sao Tome and Principe",
            "country_name": "Sao Tome and Principe"
        },
        {
            "country_id": 300000000275267,
            "country_code": "SV",
            "concat_country_code": "SV -- El Salvador",
            "country_name": "El Salvador"
        },
        {
            "country_id": 100000134355742,
            "country_code": "SX",
            "concat_country_code": "SX -- Sint Maarten",
            "country_name": "Sint Maarten"
        },
        {
            "country_id": 300000000275270,
            "country_code": "SY",
            "concat_country_code": "SY -- Syrian Arab Republic",
            "country_name": "Syrian Arab Republic"
        },
        {
            "country_id": 300000000275273,
            "country_code": "SZ",
            "concat_country_code": "SZ -- Eswatini",
            "country_name": "Eswatini"
        },
        {
            "country_id": 300000000275276,
            "country_code": "TC",
            "concat_country_code": "TC -- Turks and Caicos Islands",
            "country_name": "Turks and Caicos Islands"
        },
        {
            "country_id": 300000000275279,
            "country_code": "TD",
            "concat_country_code": "TD -- Chad",
            "country_name": "Chad"
        },
        {
            "country_id": 300000000275282,
            "country_code": "TF",
            "concat_country_code": "TF -- French Southern Territories",
            "country_name": "French Southern Territories"
        },
        {
            "country_id": 300000000275285,
            "country_code": "TG",
            "concat_country_code": "TG -- Togo",
            "country_name": "Togo"
        },
        {
            "country_id": 300000000275288,
            "country_code": "TH",
            "concat_country_code": "TH -- Thailand",
            "country_name": "Thailand"
        },
        {
            "country_id": 300000000275291,
            "country_code": "TJ",
            "concat_country_code": "TJ -- Tajikistan",
            "country_name": "Tajikistan"
        },
        {
            "country_id": 300000000275294,
            "country_code": "TK",
            "concat_country_code": "TK -- Tokelau",
            "country_name": "Tokelau"
        },
        {
            "country_id": 300000000275297,
            "country_code": "TL",
            "concat_country_code": "TL -- Timor-Leste",
            "country_name": "Timor-Leste"
        },
        {
            "country_id": 300000000275300,
            "country_code": "TM",
            "concat_country_code": "TM -- Turkmenistan",
            "country_name": "Turkmenistan"
        },
        {
            "country_id": 300000000275303,
            "country_code": "TN",
            "concat_country_code": "TN -- Tunisia",
            "country_name": "Tunisia"
        },
        {
            "country_id": 300000000275306,
            "country_code": "TO",
            "concat_country_code": "TO -- Tonga",
            "country_name": "Tonga"
        },
        {
            "country_id": 300000000275309,
            "country_code": "TR",
            "concat_country_code": "TR -- Turkey",
            "country_name": "Turkey"
        },
        {
            "country_id": 300000000275312,
            "country_code": "TT",
            "concat_country_code": "TT -- Trinidad and Tobago",
            "country_name": "Trinidad and Tobago"
        },
        {
            "country_id": 300000000275315,
            "country_code": "TV",
            "concat_country_code": "TV -- Tuvalu",
            "country_name": "Tuvalu"
        },
        {
            "country_id": 300000000275318,
            "country_code": "TW",
            "concat_country_code": "TW -- Taiwan",
            "country_name": "Taiwan"
        },
        {
            "country_id": 300000000275321,
            "country_code": "TZ",
            "concat_country_code": "TZ -- Tanzania, United Republic of",
            "country_name": "Tanzania, United Republic of"
        },
        {
            "country_id": 300000000275324,
            "country_code": "UA",
            "concat_country_code": "UA -- Ukraine",
            "country_name": "Ukraine"
        },
        {
            "country_id": 300000000275327,
            "country_code": "UG",
            "concat_country_code": "UG -- Uganda",
            "country_name": "Uganda"
        },
        {
            "country_id": 300000000275330,
            "country_code": "UM",
            "concat_country_code": "UM -- United States Minor Outlying Islands",
            "country_name": "United States Minor Outlying Islands"
        },
        {
            "country_id": 300000000275333,
            "country_code": "US",
            "concat_country_code": "US -- United States",
            "country_name": "United States"
        },
        {
            "country_id": 300000000275336,
            "country_code": "UY",
            "concat_country_code": "UY -- Uruguay",
            "country_name": "Uruguay"
        },
        {
            "country_id": 300000000275339,
            "country_code": "UZ",
            "concat_country_code": "UZ -- Uzbekistan",
            "country_name": "Uzbekistan"
        },
        {
            "country_id": 300000000275342,
            "country_code": "VA",
            "concat_country_code": "VA -- Holy See (Vatican City State)",
            "country_name": "Holy See (Vatican City State)"
        },
        {
            "country_id": 300000000275345,
            "country_code": "VC",
            "concat_country_code": "VC -- Saint Vincent and the Grenadines",
            "country_name": "Saint Vincent and the Grenadines"
        },
        {
            "country_id": 300000000275348,
            "country_code": "VE",
            "concat_country_code": "VE -- Venezuela",
            "country_name": "Venezuela"
        },
        {
            "country_id": 300000000275351,
            "country_code": "VG",
            "concat_country_code": "VG -- Virgin Islands, British",
            "country_name": "Virgin Islands, British"
        },
        {
            "country_id": 300000000275354,
            "country_code": "VI",
            "concat_country_code": "VI -- Virgin Islands, U.S.",
            "country_name": "Virgin Islands, U.S."
        },
        {
            "country_id": 300000000275357,
            "country_code": "VN",
            "concat_country_code": "VN -- Viet Nam",
            "country_name": "Viet Nam"
        },
        {
            "country_id": 300000000275360,
            "country_code": "VU",
            "concat_country_code": "VU -- Vanuatu",
            "country_name": "Vanuatu"
        },
        {
            "country_id": 300000000275363,
            "country_code": "WF",
            "concat_country_code": "WF -- Wallis and Futuna",
            "country_name": "Wallis and Futuna"
        },
        {
            "country_id": 300000000275366,
            "country_code": "WS",
            "concat_country_code": "WS -- Samoa",
            "country_name": "Samoa"
        },
        {
            "country_id": 300000000275369,
            "country_code": "XK",
            "concat_country_code": "XK -- Kosovo",
            "country_name": "Kosovo"
        },
        {
            "country_id": 300000000275372,
            "country_code": "YE",
            "concat_country_code": "YE -- Yemen",
            "country_name": "Yemen"
        },
        {
            "country_id": 300000000275375,
            "country_code": "YT",
            "concat_country_code": "YT -- Mayotte",
            "country_name": "Mayotte"
        },
        {
            "country_id": 300000000275378,
            "country_code": "ZA",
            "concat_country_code": "ZA -- South Africa",
            "country_name": "South Africa"
        },
        {
            "country_id": 300000000275381,
            "country_code": "ZM",
            "concat_country_code": "ZM -- Zambia",
            "country_name": "Zambia"
        },
        {
            "country_id": 300000000275384,
            "country_code": "ZW",
            "concat_country_code": "ZW -- Zimbabwe",
            "country_name": "Zimbabwe"
        }
    ],
    "hasMore": false,
    "limit": 10000,
    "offset": 0,
    "count": 250,
    "links": [
        {
            "rel": "self",
            "href": "https://10.2.0.169:8081/ords/hbg_integration/DistributionTitleRights/getCountriesList"
        },
        {
            "rel": "describedby",
            "href": "https://10.2.0.169:8081/ords/hbg_integration/metadata-catalog/DistributionTitleRights/item"
        },
        {
            "rel": "first",
            "href": "https://10.2.0.169:8081/ords/hbg_integration/DistributionTitleRights/getCountriesList?limit=10000"
        }
    ]
}