{
  "title": "item 1 orgview",
  "description": "",
  "variables": {
    "ClientCreateObj": {
      "type": "ClientInfoType"
    },
    "ClientInfoADP": {
      "type": "vb/ArrayDataProvider2",
      "defaultValue": {
        "itemType": "ClientInfoType",
        "keyAttributes": "client_info_id"
      }
    },
    "ClientinfoDlglabel": {
      "type": "string"
    },
    "DefOwnerArray": {
      "type": "OwnerCodeType[]"
    },
    "ediDlglabel": {
      "type": "string"
    },
    "FlowAccount": {
      "type": "string",
      "input": "fromCaller"
    },
    "flowPartyNumber": {
      "type": "string",
      "input": "fromCaller"
    },
    "getAccountTypeinfoListSDP": {
      "type": "vb/ServiceDataProvider",
      "defaultValue": {
        "endpoint": "devOrds/getAccountTypeinfo",
        "keyAttributes": "flex_value",
        "itemsPath": "items",
        "responseType": "getAccountTypeinfoResponse",
        "uriParameters": {
          "P_VALUE_SET_NAME": "HBG_ACCOUNT_TYPE"
        },
        "transformsContext": {
          "vb-textFilterAttributes": [
            "flex_value"
          ]
        }
      }
    },
    "getAccountTypeinfoListSDP2": {
      "type": "vb/ServiceDataProvider",
      "defaultValue": {
        "endpoint": "devOrds/getAccountTypeinfo",
        "keyAttributes": "flex_value",
        "itemsPath": "items",
        "responseType": "getAccountTypeinfoResponse2",
        "uriParameters": {
          "P_VALUE_SET_NAME": "HBG_ACCOUNT_TYPE"
        },
        "transformsContext": {
          "vb-textFilterAttributes": [
            "flex_value"
          ]
        }
      }
    },
    "InventoryArray": {
      "type": "InventoryType[]"
    },
    "inventorySearchObj": {
      "type": "InvTypeMapTblType"
    },
    "InventoryTblADP": {
      "type": "vb/ArrayDataProvider2",
      "defaultValue": {
        "itemType": "InvTypeMapTblType",
        "keyAttributes": "inv_id"
      }
    },
    "invmappingDlglabel": {
      "type": "string"
    },
    "organization": {
      "type": "string",
      "input": "fromCaller"
    },
    "AccountNumberArray": {
      "type": "AccountNumberType[]"
    },
    "FormatArray": {
      "type": "FormatType[]"
    },
    "Rowcategory1": {
      "type": "string"
    },
    "Rowcategory2": {
      "type": "string"
    },
    "RowOwner": {
      "type": "string"
    },
    "RowReportingGroup": {
      "type": "string"
    },
    "searchObj": {
      "type": "searchFieldsType"
    },
    "SubFormatArray": {
      "type": "SubFormatType[]"
    },
    "category2Array": {
      "type": "Category2type[]"
    },
    "category1Array": {
      "type": "Category1Type[]"
    },
    "ReportingGrpArray": {
      "type": "ReportingGrpCodeType[]"
    },
    "OwnerArray": {
      "type": "OwnerCodeType[]"
    },
    "party_id": {
      "type": "number",
      "input": "fromCaller"
    },
    "SelectedNavCustAccId": {
      "type": "number"
    },
    "SelectedNavData": {
      "type": "string"
    },
    "SelectedParent": {
      "type": "string",
      "input": "fromCaller"
    },
    "selectedTab": {
      "type": "string",
      "input": "none"
    },
    "TreeData": {
      "type": "any"
    }

  },
  "metadata": {},
  "types": {
    "@decorators.ClientInfoType": {
      "endpoint": "getSalesCreditGetClientinfo",
      "service": "devOrds",
      "path": "response-_-items[0]"
    },
    "@decorators.getAccountTypeinfoResponse": {
      "endpoint": "getAccountTypeinfo",
      "service": "devOrds",
      "path": "response"
    },
    "@decorators.getAccountTypeinfoResponse2": {
      "endpoint": "getAccountTypeinfo",
      "service": "devOrds",
      "path": "response"
    },
    "@decorators.InventoryType": {
      "endpoint": "GetOwners",
      "service": "devOrds",
      "path": "response-_-items[0]"
    },
    "@decorators.InvTypeMapTblType": {
      "endpoint": "InventoryTypeMapping",
      "service": "devOrds",
      "path": "response-_-items[0]"
    },
    "@decorators.searchFieldsType": {
      "endpoint": "getAccountTypeTabledata",
      "service": "devOrds",
      "path": "response-_-items[0]"
    },
    "ClientInfoType": {
      "account_type": "string",
      "account_type_description": "string",
      "cat1Id": "string",
      "cat2ID": "string",
      "category1": "string",
      "category1_description": "string",
      "category2": "string",
      "category2_description": "string",
      "client_info_id": "number",
      "created_by": "string",
      "creation_date": "string",
      "cust_account_id": "any",
      "cust_format": "string",
      "cust_owner": "string",
      "customer_account": "string",
      "customer_since": "any",
      "default_account_type": "string",
      "default_account_type_owners": "any",
      "default_account_type_owners_array": "string[]",
      "discount": "any",
      "format_description": "string",
      "last_activity": "any",
      "last_update_date": "string",
      "last_updated_by": "string",
      "lookup1": "any",
      "lookup2": "any",
      "lookup3": "any",
      "operation_account_type": "string",
      "owner_description": "string",
      "Owner_id": "number",
      "reporting_group": "string",
      "reporting_group_description": "string",
      "ReportinggroupId": "string",
      "sub_format": "string",
      "sub_format_description": "string"

    },
    "getAccountTypeinfoResponse": {
      "items": [
        {
          "flex_value": "string"
        }
      ]
    },
    "getAccountTypeinfoResponse2": {
      "items": [
        {
          "description": "string",
          "flex_value": "string"
        }
      ]
    },
    "InventoryType": {
      "flex_value": "string"
    },
    "InvTypeMapTblType": {
      "cat1Id": "string",
      "cat2Id": "string",
      "category_1": "any",
      "category_1_description": "any",
      "category_2": "any",
      "category_2_description": "any",
      "cust_account_id": "any",
      "entered_by": "any",
      "entered_date": "any",
      "format": "any",
      "format_description": "any",
      "inv_id": "number",
      "inventory_type": "string",
      "inventory_type_preference": "string",
      "notes": "any",
      "owner": "any",
      "owner_description": "any",
      "Owner_id": "string",
      "party_number": "any",
      "reporting_group": "any",
      "reporting_group_description": "any",
      "ReportinggroupId": "string",
      "sub_format": "any",
      "sub_format_description": "any",
      "updated_by": "any",
      "updated_date": "any",
      "reporting_description": "any"

    },
    "OwnerCodeType": {
      "owner_code": "string"
    },
    "AccountNumberType": {
      "account_number": "string"
    },
    "ReportingGrpCodeType": {
      "reporting_grp_code": "string"
    },
    "Category1Type": {
      "category1_code": "string",
      "category1_id": "number",
      "flex_value": "string",
      "reporting_group_id": "number"
    },
    "Category2type": {
      "category1_id": "number",
      "category2_code": "string",
      "category2_id": "number",
      "flex_value": "string"
    },
        "FormatType": {
      "format_code": "string"
    },
    "searchFieldsType": {
      "account_lookup1": "any",
      "account_lookup2": "any",
      "account_lookup3": "any",
      "account_name": "string",
      "account_number": "string",
      "address1": "string",
      "address2": "string",
      "address3": "string",
      "address4": "any",
      "bill_to_san": "any",
      "city": "string",
      "country": "string",
      "cust_accnt_id": "number",
      "organization_name": "string",
      "party_id": "number",
      "postal_code": "string",
      "registry_id": "string",
      "ship_to_san": "any",
      "site_name": "string",
      "site_number": "string",
      "site_purpose": "string",
      "state": "string"
    },
    "SubFormatType": {
      "sub_format_code": "string"
    }

  },
  "eventListeners": {
    "buttonAction": {
      "chains": [
        {
          "chainId": "BackBtnAction"
        }
      ]
    },
    "buttonAction10": {
      "chains": [
        {
          "chainId": "ClientinfoNavigation"
        }
      ]
    },
    "buttonAction11": {
      "chains": [
        {
          "chainId": "Salesforcenavigation"
        }
      ]
    },
    "buttonAction12": {
      "chains": [
        {
          "chainId": "DistributionChannelAction"
        }
      ]
    },
    "buttonAction13": {
      "chains": [
        {
          "chainId": "DistributeeActionChange"
        }
      ]
    },
    "buttonAction14": {
      "chains": [
        {
          "chainId": "SpclHandlingAction"
        }
      ]
    },
    "buttonAction15": {
      "chains": [
        {
          "chainId": "CartonBtnAction"
        }
      ]
    },
    "buttonAction16": {
      "chains": [
        {
          "chainId": "AccountInfoBtnAction"
        }
      ]
    },
    "buttonAction17": {
      "chains": [
        {
          "chainId": "DocumentBtnAction"
        }
      ]
    },
    "buttonAction18": {
      "chains": [
        {
          "chainId": "NewAccountBtnAction"
        }
      ]
    },
    "buttonAction19": {
      "chains": [
        {
          "chainId": "CompliancebtnAction"
        }
      ]
    },
    "buttonAction2": {
      "chains": [
        {
          "chainId": "ContactBtnAction"
        }
      ]
    },
    "buttonAction20": {
      "chains": [
        {
          "chainId": "HistoryBtnAction"
        }
      ]
    },
    "buttonAction21": {
      "chains": [
        {
          "chainId": "CreateBtnAction"
        }
      ]
    },
    "buttonAction22": {
      "chains": [
        {
          "chainId": "CloseClientinfoDLgAction"
        }
      ]
    },
    "buttonAction23": {
      "chains": [
        {
          "chainId": "AddClientInfoAction"
        }
      ]
    },
    "buttonAction24": {
      "chains": [
        {
          "chainId": "CloseInventoryTypeDlgAction"
        }
      ]
    },
    "buttonAction25": {
      "chains": [
        {
          "chainId": "CreateInventoryMappingAction"
        }
      ]
    },
    "buttonAction26": {
      "chains": [
        {
          "chainId": "InvTypeAddBtnAction"
        }
      ]
    },
    "buttonAction27": {
      "chains": [
        {
          "chainId": "CloseEdiProfileDlgAction"
        }
      ]
    },
    "buttonAction28": {
      "chains": [
        {
          "chainId": "AddEdiBtnAction"
        }
      ]
    },
    "buttonAction3": {
      "chains": [
        {
          "chainId": "NotifBtnAction"
        }
      ]
    },
    "buttonAction4": {
      "chains": [
        {
          "chainId": "CommentBtnAction"
        }
      ]
    },
    "buttonAction5": {
      "chains": [
        {
          "chainId": "TaxBtnAction"
        }
      ]
    },
    "buttonAction6": {
      "chains": [
        {
          "chainId": "InventoryTypeBtnAction"
        }
      ]
    },
    "buttonAction7": {
      "chains": [
        {
          "chainId": "EDIBtnAction"
        }
      ]
    },
    "buttonAction8": {
      "chains": [
        {
          "chainId": "OrdermanagementAction"
        }
      ]
    },
    "buttonAction9": {
      "chains": [
        {
          "chainId": "TransportationBtnAction"
        }
      ]
    },
    "comboKeyup": {
      "chains": [
        {
          "chainId": "OwnersKeyupAction",
          "parameters": {
            "CurrentValue": "[[ $event.srcElement.value ]]"
          }
        }
      ]
    },
    "comboKeyup2": {
      "chains": [
        {
          "chainId": "DefOwnerValueChange",
          "parameters": {
            "CurrentValue": "[[ $event.srcElement.value ]]"
          }
        }
      ]
    },
    "comboKeyup3": {
      "chains": [
        {
          "chainId": "ReportingGroupKeyupAction",
          "parameters": {
            "CurrentValue": "[[ $event.srcElement.value ]]"
          }
        }
      ]
    },
    "comboKeyup4": {
      "chains": [
        {
          "chainId": "cat1KeyupAction",
          "parameters": {
            "CurrentValue": "[[ $event.srcElement.value ]]"
          }
        }
      ]
    },
    "comboKeyup5": {
      "chains": [
        {
          "chainId": "cat2KeyupAction",
          "parameters": {
            "CurrentValue": "[[ $event.srcElement.value ]]"
          }
        }
      ]
    },
    "comboKeyup6": {
      "chains": [
        {
          "chainId": "InvReportingGroupKeyUpAction",
          "parameters": {
            "CurrentValue": "[[ $event.srcElement.value ]]"
          }
        }
      ]
    },
    "comboKeyup7": {
      "chains": [
        {
          "chainId": "InvCat1KeyUp",
          "parameters": {
            "CurrentValue": "[[ $event.srcElement.value ]]"
          }
        }
      ]
    },
    "comboKeyup8": {
      "chains": [
        {
          "chainId": "InvCat2KeyUpAction",
          "parameters": {
            "CurrentValue": "[[ $event.srcElement.value ]]"
          }
        }
      ]
    },
    "comboValue": {
      "chains": [
        {
          "chainId": "OwnerValueChangeAction",
          "parameters": {
            "value": "{{ $event.detail.value }}"
          }
        }
      ]
    },
    "comboValue10": {
      "chains": [
        {
          "chainId": "InvCat2ValueChangeAction",
          "parameters": {
            "value": "{{ $event.detail.value }}"
          }
        }
      ]
    },
    "comboValue11": {
      "chains": [
        {
          "chainId": "InvFormatValueChangeAction",
          "parameters": {
            "value": "{{ $event.detail.value }}"
          }
        }
      ]
    },
    "comboValue12": {
      "chains": [
        {
          "chainId": "InvSubFormatValueChangeAction",
          "parameters": {
            "value": "{{ $event.detail.value }}"
          }
        }
      ]
    },
    "comboValue13": {
      "chains": [
        {
          "chainId": "InventoryValueChange",
          "parameters": {
            "value": "{{ $event.detail.value }}"
          }
        }
      ]
    },
    "comboValue2": {
      "chains": [
        {
          "chainId": "ReportingGroupValueChangeAction",
          "parameters": {
            "value": "{{ $event.detail.value }}"
          }
        }
      ]
    },
    "comboValue3": {
      "chains": [
        {
          "chainId": "cat1ValueChangeAction",
          "parameters": {
            "value": "{{ $event.detail.value }}"
          }
        }
      ]
    },
    "comboValue4": {
      "chains": [
        {
          "chainId": "Cat2ValueChangeAction",
          "parameters": {
            "value": "{{ $event.detail.value }}"
          }
        }
      ]
    },
    "comboValue5": {
      "chains": [
        {
          "chainId": "FormatValueChangeAction",
          "parameters": {
            "value": "{{ $event.detail.value }}"
          }
        }
      ]
    },
    "comboValue6": {
      "chains": [
        {
          "chainId": "SubFormatValueChange",
          "parameters": {
            "value": "{{ $event.detail.value }}"
          }
        }
      ]
    },
    "comboValue7": {
      "chains": [
        {
          "chainId": "InvOwnerValueChange",
          "parameters": {
            "value": "{{ $event.detail.value }}"
          }
        }
      ]
    },
    "comboValue8": {
      "chains": [
        {
          "chainId": "InvReportingGroupValueChangeAction",
          "parameters": {
            "value": "{{ $event.detail.value }}"
          }
        }
      ]
    },
    "comboValue9": {
      "chains": [
        {
          "chainId": "InvCat1ValueChangeAction",
          "parameters": {
            "value": "{{ $event.detail.value }}"
          }
        }
      ]
    },
    "divClick": {
      "chains": [
        {
          "chainId": "FetchSelectedValue",
          "parameters": {
            "CurrentValue": "[[ $current.data.attr.id ]]",
            "SelectedNav": "[[ $current.data.attr.name ]]"
          }
        }
      ]
    },
    "iconClick": {
      "chains": [
        {
          "chainId": "ClientInfoEditIconCLickAction",
          "parameters": {
            "key": "{{ $current.key }}",
            "index": "{{ $current.index }}",
            "current": "{{ $current }}"
          }
        }
      ]
    },
    "iconClick2": {
      "chains": [
        {
          "chainId": "InventoryRowEditIconAction",
          "parameters": {
            "key": "{{ $current.key }}",
            "index": "{{ $current.index }}",
            "current": "{{ $current }}"
          }
        }
      ]
    },
    "iconClick3": {
      "chains": [
        {
          "chainId": "EdiEditIconAction",
          "parameters": {
            "key": "{{ $current.key }}",
            "index": "{{ $current.index }}",
            "current": "{{ $current }}"
          }
        }
      ]
    },
    "selectValueItem": {
      "chains": [
        {
          "chainId": "AccounttypeValueChangeAction",
          "parameters": {
            "key": "{{$event.detail.value.key}}",
            "data": "{{$event.detail.value.data}}",
            "metadata": "{{$event.detail.value.metadata}}"
          }
        }
      ]
    },
    "spanClick": {
      "chains": [
        {
          "chainId": "OrgLinkClickAction",
          "parameters": {
            "CurrentId": "[[ $current.data.attr.id ]]"
          }
        }
      ]
    },
    "spanClick2": {
      "chains": [
        {
          "chainId": "HeaderClickAction"
        }
      ]
    },
    "spanClick3": {
      "chains": [
        {
          "chainId": "AccountLinkClickAction"
        }
      ]
    },
    "toggleDrawer": {
      "chains": [
        {
          "chainId": "application:toggleDrawerHandler"
        }
      ]
    },
    "vbEnter": {
      "chains": [
{
          "parameters": {},
          "chainId": "TreeDatafetchAction"
        },
        {
          "parameters": {},
          "chainId": "FetchLOVsAction"
        }
      ]
    }

  },
  "imports": {
    "components": {
      "oj-button": {
        "path": "ojs/ojbutton"
      },
      "oj-checkboxset": {
        "path": "ojs/ojcheckboxset"
      },
      "oj-collapsible": {
        "path": "ojs/ojcollapsible"
      },
      "oj-combobox-many": {
        "path": "ojs/ojselectcombobox"
      },
      "oj-combobox-one": {
        "path": "ojs/ojselectcombobox"
      },
      "oj-dialog": {
        "path": "ojs/ojdialog"
      },
      "oj-form-layout": {
        "path": "ojs/ojformlayout"
      },
      "oj-input-date": {
        "path": "ojs/ojdatetimepicker"
      },
      "oj-input-number": {
        "path": "ojs/ojinputnumber"
      },
      "oj-input-text": {
        "path": "ojs/ojinputtext"
      },
      "oj-list-item-layout": {
        "path": "ojs/ojlistitemlayout"
      },
      "oj-list-view": {
        "path": "ojs/ojlistview"
      },
      "oj-navigation-list": {
        "path": "ojs/ojnavigationlist"
      },
      "oj-option": {
        "path": "ojs/ojoption"
      },
      "oj-select-single": {
        "path": "ojs/ojselectsingle"
      },
      "oj-table": {
        "path": "ojs/ojtable"
      },
      "oj-text-area": {
        "path": "ojs/ojinputtext"
      },
      "oj-tree-view": {
        "path": "ojs/ojtreeview"
      },
      "oj-validation-group": {
        "path": "ojs/ojvalidationgroup"
      }

    },
    "modules": {
      "ojValidationDateTime": {
        "path": "ojs/ojvalidation-datetime"
      }
    }
  }
}