{
    "items": [
        {
            "lookup_type": "HBG_CATEGORY_1",
            "lookup_code": "TW1701",
            "meaning": "Wave - TW Kids_TW1701",
            "description": "01",
            "enabled_flag": "Y",
            "display_sequence": 709,
            "created_by": "thastings@pelotongroup.com",
            "creation_date": "2022-11-21T21:40:47Z",
            "last_updated_by": "thastings@pelotongroup.com",
            "last_update_date": "2022-11-22T14:35:43Z",
            "tag": "TW17",
            "status": "N",
            "status_message": null,
            "oic_run_id": 20221123
        }
    ],
    "hasMore": false,
    "limit": 25,
    "offset": 0,
    "count": 1,
    "links": [
        {
            "rel": "self",
            "href": "https://10.2.0.169:8081/ords/hbg_integration/AutomaticHolds/getCategory1Details?P_CATEGORY1=TW1701"
        },
        {
            "rel": "describedby",
            "href": "https://10.2.0.169:8081/ords/hbg_integration/metadata-catalog/AutomaticHolds/item"
        },
        {
            "rel": "first",
            "href": "https://10.2.0.169:8081/ords/hbg_integration/AutomaticHolds/getCategory1Details?P_CATEGORY1=TW1701"
        }
    ]
}