{
    "openapi": "3.0.0",
    "info": {
        "version": "v01",
        "title": "HBG_MASS_ORDER_UPDATE_INT",
        "x-vb": {
            "serviceType": "ics"
        }
    },
    "servers": [
        {
            "url": "vb-catalog://backends/ics/ic/api/integration/v1/flows/rest"
        }
    ],
    "paths": {
        "/HBG_MASS_ORDER_UPDATE_INT/1.0/updateSalesOrders": {
            "post": {
                "tags": [
                    "Default Package/HBG_MASS_ORDER_UPDATE_INT|01.00.0000",
                    "Default Package"
                ],
                "operationId": "postHBG_MASS_ORDER_UPDATE_INT1_0UpdateSalesOrders",
                "parameters": [],
                "requestBody": {
                    "content": {
                        "application/json": {
                            "schema": {
                                "$ref": "#/components/schemas/PostHBG_MASS_ORDER_UPDATE_INT1_0UpdateSalesOrdersRequest"
                            },
                            "examples": {
                                "vb": {
                                    "externalValue": "./examples/postHBG_MASS_ORDER_UPDATE_INT1_0UpdateSalesOrders/request_application_json_vb.json"
                                }
                            }
                        }
                    },
                    "required": false
                },
                "responses": {
                    "204": {
                        "description": "No content defined for this response"
                    }
                },
                "security": [
                    {
                        "oauth2Authentication": []
                    },
                    {
                        "basicAuthentication": []
                    }
                ]
            }
        },
        "/HBG_SYNC_ORDER_TABLES/1.0/syncOrderTables": {
            "post": {
                "tags": [
                    "Default Package/HBG_SYNC_ORDER_TABLES|01.00.0000",
                    "Default Package"
                ],
                "operationId": "postHBG_SYNC_ORDER_TABLES1_0SyncOrderTables",
                "parameters": [],
                "requestBody": {
                    "content": {
                        "application/json": {
                            "schema": {
                                "$ref": "#/components/schemas/PostHBG_SYNC_ORDER_TABLES1_0SyncOrderTablesRequest"
                            },
                            "examples": {
                                "vb": {
                                    "externalValue": "./examples/postHBG_SYNC_ORDER_TABLES1_0SyncOrderTables/request_application_json_vb.json"
                                }
                            }
                        }
                    },
                    "required": false
                },
                "responses": {
                    "500": {
                        "description": "Faults",
                        "content": {
                            "application/json": {
                                "schema": {
                                    "$ref": "#/components/schemas/APIInvocationError"
                                }
                            }
                        }
                    },
                    "default": {
                        "description": "A sample description of the Response",
                        "content": {
                            "application/json": {
                                "schema": {
                                    "$ref": "#/components/schemas/response-wrapper"
                                }
                            }
                        }
                    }
                },
                "security": [
                    {
                        "oauth2Authentication": []
                    },
                    {
                        "basicAuthentication": []
                    }
                ]
            }
        },
        "/HBG_GET_PARTIES_LOV/1.0/getParties": {
            "get": {
                "tags": [
                    "Default Package/HBG_GET_PARTIES_LOV|01.00.0000",
                    "Default Package"
                ],
                "operationId": "getHBG_GET_PARTIES_LOV1_0GetParties",
                "parameters": [],
                "responses": {
                    "500": {
                        "description": "Faults",
                        "content": {
                            "application/json": {
                                "schema": {
                                    "$ref": "#/components/schemas/APIInvocationError-1"
                                }
                            }
                        }
                    },
                    "default": {
                        "description": "A sample description of the Response",
                        "content": {
                            "application/json": {
                                "schema": {
                                    "$ref": "#/components/schemas/response-wrapper-1"
                                }
                            }
                        }
                    }
                },
                "security": [
                    {
                        "oauth2Authentication": []
                    },
                    {
                        "basicAuthentication": []
                    }
                ]
            }
        }
    },
    "components": {
        "schemas": {
            "request-wrapper": {
                "type": "object",
                "required": [
                    "p_cust_account_id",
                    "p_ex_cust_account_id",
                    "p_from_ordered_qty",
                    "p_hdr_reason_code",
                    "p_invetory_item_id",
                    "p_line_reason_code",
                    "p_line_status",
                    "p_order_status",
                    "p_organization_id",
                    "p_po_number",
                    "p_received_from_date",
                    "p_received_to_date",
                    "p_to_ordered_qty"
                ],
                "properties": {
                    "p_organization_id": {
                        "type": "number"
                    },
                    "p_invetory_item_id": {
                        "type": "number"
                    },
                    "p_cust_account_id": {
                        "type": "number"
                    },
                    "p_ex_cust_account_id": {
                        "type": "number"
                    },
                    "p_line_status": {
                        "type": "string"
                    },
                    "p_order_status": {
                        "type": "string"
                    },
                    "p_from_ordered_qty": {
                        "type": "number"
                    },
                    "p_to_ordered_qty": {
                        "type": "number"
                    },
                    "p_po_number": {
                        "type": "string"
                    },
                    "p_hdr_reason_code": {
                        "type": "string"
                    },
                    "p_line_reason_code": {
                        "type": "string"
                    },
                    "p_received_from_date": {
                        "type": "string"
                    },
                    "p_received_to_date": {
                        "type": "string"
                    }
                }
            },
            "PostHBG_MASS_ORDER_UPDATE_INT1_0UpdateSalesOrdersRequest": {
                "type": "object",
                "properties": {
                    "p_organization_id": {
                        "type": "integer"
                    },
                    "p_invetory_item_id": {
                        "type": "integer"
                    },
                    "p_cust_account_id": {
                        "type": "integer"
                    },
                    "p_ex_cust_account_id": {
                        "type": "integer"
                    },
                    "p_line_status": {
                        "type": "string"
                    },
                    "p_order_status": {
                        "type": "string"
                    },
                    "p_from_ordered_qty": {
                        "type": "number"
                    },
                    "p_to_ordered_qty": {
                        "type": "integer"
                    },
                    "p_po_number": {
                        "type": "string"
                    },
                    "p_hold_flag": {
                        "type": "string"
                    },
                    "p_apply_reson_code": {
                        "type": "string"
                    },
                    "p_apply_reson_comments": {
                        "type": "string"
                    },
                    "p_release_reson_code": {
                        "type": "string"
                    },
                    "p_release_reson_comments": {
                        "type": "string"
                    },
                    "p_new_apply_reson_code": {
                        "type": "string"
                    },
                    "p_new_apply_reson_comments": {
                        "type": "string"
                    },
                    "p_new_release_reson_code": {
                        "type": "string"
                    },
                    "p_new_release_reson_comments": {
                        "type": "string"
                    },
                    "p_received_from_date": {
                        "type": "string"
                    },
                    "p_received_to_date": {
                        "type": "string"
                    }

                }
            },
            "request-wrapper-1": {
                "type": "object",
                "required": [
                    "batch_Id"
                ],
                "properties": {
                    "batch_Id": {
                        "type": "number"
                    }
                }
            },
            "APIInvocationError": {
                "type": "object",
                "required": [
                    "detail",
                    "errorCode",
                    "errorDetails",
                    "title",
                    "type"
                ],
                "properties": {
                    "type": {
                        "type": "string"
                    },
                    "title": {
                        "type": "string"
                    },
                    "detail": {
                        "type": "string"
                    },
                    "errorCode": {
                        "type": "string"
                    },
                    "errorDetails": {
                        "type": "array",
                        "items": {
                            "type": "object",
                            "properties": {
                                "type": {
                                    "type": "string"
                                },
                                "instance": {
                                    "type": "string"
                                },
                                "title": {
                                    "type": "string"
                                },
                                "errorPath": {
                                    "type": "string"
                                },
                                "errorCode": {
                                    "type": "string"
                                }
                            },
                            "required": [
                                "errorCode",
                                "errorPath",
                                "instance",
                                "title",
                                "type"
                            ]
                        },
                        "minItems": 1
                    }
                }
            },
            "response-wrapper": {
                "type": "object",
                "required": [
                    "status"
                ],
                "properties": {
                    "status": {
                        "type": "string"
                    }
                }
            },
            "PostHBG_SYNC_ORDER_TABLES1_0SyncOrderTablesRequest": {
                "type": "object",
                "properties": {
                    "batch_Id": {
                        "type": "integer"
                    }
                }
            },
            "APIInvocationError-1": {
                "type": "object",
                "required": [
                    "detail",
                    "errorCode",
                    "errorDetails",
                    "title",
                    "type"
                ],
                "properties": {
                    "type": {
                        "type": "string"
                    },
                    "title": {
                        "type": "string"
                    },
                    "detail": {
                        "type": "string"
                    },
                    "errorCode": {
                        "type": "string"
                    },
                    "errorDetails": {
                        "type": "array",
                        "items": {
                            "type": "object",
                            "properties": {
                                "type": {
                                    "type": "string"
                                },
                                "instance": {
                                    "type": "string"
                                },
                                "title": {
                                    "type": "string"
                                },
                                "errorPath": {
                                    "type": "string"
                                },
                                "errorCode": {
                                    "type": "string"
                                }
                            },
                            "required": [
                                "errorCode",
                                "errorPath",
                                "instance",
                                "title",
                                "type"
                            ]
                        },
                        "minItems": 1
                    }
                }
            },
            "response-wrapper-1": {
                "type": "array",
                "items": {
                    "type": "object",
                    "properties": {
                        "party_id": {
                            "type": "number"
                        },
                        "party_name": {
                            "type": "string"
                        },
                        "party_number": {
                            "type": "string"
                        }
                    },
                    "required": [
                        "party_id",
                        "party_name",
                        "party_number"
                    ]
                },
                "minItems": 1
            }
        }
    }
}