{
  "description": "",
  "root": "callFunctionValidateGroup",
  "actions": {
    "callFunctionValidateGroup": {
      "module": "vb/action/builtin/callModuleFunctionAction",
      "parameters": {
        "module": "[[ $application.functions ]]",
        "functionName": "validateGroup",
        "params": [
          "headervalidation"
        ]
      },
      "outcomes": {
        "success": "if"
      }
    },
    "if": {
      "module": "vb/action/builtin/ifAction",
      "parameters": {
        "condition": "[[ $chain.results.callFunctionValidateGroup === 'valid' ]]"
      },
      "outcomes": {
        "true": "runInParallel"
      }
    },
    "runInParallel": {
      "module": "vb/action/builtin/forkAction",
      "parameters": {
        "actions": {
          "if2": "ifHeadersCreateObj",
          "if3": "ifHeadersCreateObj2"
        }
      },
      "outcomes": {
        "join": "ifHeaderlabel"
      }
    },
    "ifHeadersCreateObj": {
      "module": "vb/action/builtin/ifAction",
      "parameters": {
        "condition": "[[ $page.variables.HeadersCreateObj.start_date ]]"
      },
      "outcomes": {
        "true": "callFunctionDateformatter"
      }
    },
    "ifHeadersCreateObj2": {
      "module": "vb/action/builtin/ifAction",
      "parameters": {
        "condition": "[[ $page.variables.HeadersCreateObj.end_date ]]"
      },
      "outcomes": {
        "true": "callFunctionDateformatter2"
      }
    },
    "callFunctionDateformatter": {
      "module": "vb/action/builtin/callModuleFunctionAction",
      "parameters": {
        "module": "[[ $functions ]]",
        "functionName": "dateformatter",
        "params": [
          "{{ $page.variables.HeadersCreateObj.start_date }}"
        ]
      },
      "outcomes": {
        "success": "assignVariablesHeadersCreateObj"
      }
    },
    "callFunctionDateformatter2": {
      "module": "vb/action/builtin/callModuleFunctionAction",
      "parameters": {
        "module": "[[ $functions ]]",
        "functionName": "dateformatter",
        "params": [
          "{{ $page.variables.HeadersCreateObj.end_date }}"
        ]
      },
      "outcomes": {
        "success": "assignVariablesHeadersCreateObj2"
      }
    },
    "assignVariablesHeadersCreateObj": {
      "module": "vb/action/builtin/assignVariablesAction",
      "parameters": {
        "$page.variables.HeadersCreateObj": {
          "source": {
            "start_date": "{{ $chain.results.callFunctionDateformatter }}"
          },
          "reset": "none",
          "auto": "always"
        }
      }
    },
    "assignVariablesHeadersCreateObj2": {
      "module": "vb/action/builtin/assignVariablesAction",
      "parameters": {
        "$page.variables.HeadersCreateObj": {
          "source": {
            "end_date": "{{ $chain.results.callFunctionDateformatter2 }}"
          },
          "reset": "none",
          "auto": "always"
        }
      }
    },
    "ifHeaderlabel": {
      "module": "vb/action/builtin/ifAction",
      "parameters": {
        "condition": "[[ $page.variables.Headerlabel === \"Create\" ]]"
      },
      "outcomes": {
        "true": "assignVariablesHeadersCreateObj3",
        "false": "assignVariablesHeadersCreateObj4"
      }
    },
    "assignVariablesHeadersCreateObj3": {
      "module": "vb/action/builtin/assignVariablesAction",
      "parameters": {
        "$page.variables.HeadersCreateObj": {
          "source": {
            "updated_by": "{{ $application.user.email }}",
            "entered_by": "{{ $application.user.email }}"
          },
          "reset": "none",
          "auto": "always"
        }
      },
      "outcomes": {
        "success": "callRestCreateRuleHeaders"
      }
    },
    "assignVariablesHeadersCreateObj4": {
      "module": "vb/action/builtin/assignVariablesAction",
      "parameters": {
        "$page.variables.HeadersCreateObj": {
          "source": {
            "updated_by": "{{ $application.user.email }}"
          },
          "reset": "none",
          "auto": "always"
        }
      },
      "outcomes": {
        "success": "callRestPutRuleHeaders"
      }
    },
    "fireNotification": {
      "module": "vb/action/builtin/fireNotificationEventAction",
      "parameters": {
        "target": "leaf",
        "summary": "Failed to Create Rules Header",
        "type": "error",
        "displayMode": "transient"
      }
    },
    "callRestCreateRuleHeaders": {
      "module": "vb/action/builtin/restAction",
      "parameters": {
        "endpoint": "ordsHbg_integration/CreateRuleHeaders",
        "body": "{{ $page.variables.HeadersCreateObj }}"
      },
      "outcomes": {
        "failure": "fireNotification",
        "success": "if2"
      }
    },
    "if2": {
      "module": "vb/action/builtin/ifAction",
      "parameters": {
        "condition": "[[ $chain.results.callRestCreateRuleHeaders.body.p_return_status === \"SUCCESS\" ]]"
      },
      "outcomes": {
        "false": "fireNotification3",
        "true": "fireNotification4"
      }
    },
    "fireNotification3": {
      "module": "vb/action/builtin/fireNotificationEventAction",
      "parameters": {
        "target": "leaf",
        "summary": "[[ $chain.results.callRestCreateRuleHeaders.body.p_return_status ]]",
        "displayMode": "transient"
      }
    },
    "fireNotification4": {
      "module": "vb/action/builtin/fireNotificationEventAction",
      "parameters": {
        "target": "leaf",
        "summary": "Rules header Created SUccessfully",
        "displayMode": "transient",
        "type": "confirmation"
      },
      "outcomes": {
        "success": "callChainFetchheaders"
      }
    },
    "callComponentHeaderpopClose": {
      "module": "vb/action/builtin/callComponentMethodAction",
      "parameters": {
        "component": "{{ document.getElementById('headerpop') }}",
        "method": "close"
      },
      "outcomes": {
        "success": "resetVariablesHeadersCreateObj"
      }
    },
    "resetVariablesHeadersCreateObj": {
      "module": "vb/action/builtin/resetVariablesAction",
      "parameters": {
        "variables": [
          "$page.variables.HeadersCreateObj"
        ]
      }
    },
    "callChainFetchheaders": {
      "module": "vb/action/builtin/callChainAction",
      "parameters": {
        "id": "Fetchheaders"
      },
      "outcomes": {
        "success": "callComponentHeaderpopClose"
      }
    },
    "callRestPutRuleHeaders": {
      "module": "vb/action/builtin/restAction",
      "parameters": {
        "endpoint": "ordsHbg_integration/putRuleHeaders",
        "body": "{{ $page.variables.HeadersCreateObj }}"
      },
      "outcomes": {
        "failure": "fireNotification5",
        "success": "if4"
      }
    },
    "if4": {
      "module": "vb/action/builtin/ifAction",
      "parameters": {
        "condition": "[[ $chain.results.callRestPutRuleHeaders.body.p_return_status === \"SUCCESS\" ]]"
      },
      "outcomes": {
        "false": "fireNotification6",
        "true": "fireNotification7"
      }
    },
    "fireNotification6": {
      "module": "vb/action/builtin/fireNotificationEventAction",
      "parameters": {
        "target": "leaf",
        "summary": "[[ $chain.results.callRestPutRuleHeaders.body.p_return_status ]]",
        "displayMode": "transient"
      }
    },
    "fireNotification5": {
      "module": "vb/action/builtin/fireNotificationEventAction",
      "parameters": {
        "target": "leaf",
        "summary": "Failed to update Rules Header",
        "type": "error",
        "displayMode": "transient"
      }
    },
    "fireNotification7": {
      "module": "vb/action/builtin/fireNotificationEventAction",
      "parameters": {
        "target": "leaf",
        "summary": "Rules header updated Successfully",
        "displayMode": "transient",
        "type": "confirmation"
      },
      "outcomes": {
        "success": "callChainFetchheaders2"
      }
    },
    "callChainFetchheaders2": {
      "module": "vb/action/builtin/callChainAction",
      "parameters": {
        "id": "Fetchheaders"
      },
      "outcomes": {
        "success": "callComponentHeaderpopClose2"
      }
    },
    "callComponentHeaderpopClose2": {
      "module": "vb/action/builtin/callComponentMethodAction",
      "parameters": {
        "component": "{{ document.getElementById('headerpop') }}",
        "method": "close"
      },
      "outcomes": {
        "success": "resetVariablesHeadersCreateObj2"
      }
    },
    "resetVariablesHeadersCreateObj2": {
      "module": "vb/action/builtin/resetVariablesAction",
      "parameters": {
        "variables": [
          "$page.variables.HeadersCreateObj"
        ]
      }
    }
  },
  "variables": {}
}