{
  "root": "resetVariablesActionLinesADP",
  "description": "",
  "actions": {
    "fireNotification": {
      "module": "vb/action/builtin/fireNotificationEventAction",
      "parameters": {
        "target": "leaf",
        "summary": "failed to Fetch Line Action Details",
        "type": "error",
        "displayMode": "transient"
      }
    },
    "callRestOrdersCoLinesActions": {
      "module": "vb/action/builtin/restAction",
      "parameters": {
        "endpoint": "ordsHbg_integration/OrdersCoLinesActions",
        "uriParams": {
          "P_RULE_LINE_ID": "{{ $page.variables.RuleLineId }}"
        }
      },
      "outcomes": {
        "failure": "fireNotification",
        "success": "assignVariablesActionLinesADP"
      }
    },
    "assignVariablesActionLinesADP": {
      "module": "vb/action/builtin/assignVariablesAction",
      "parameters": {
        "$page.variables.ActionLinesADP": {
          "source": {
            "data": "{{ $chain.results.callRestOrdersCoLinesActions.body.items }}"
          },
          "reset": "none",
          "auto": "always",
          "mapping": {
            "$target.data": {
              "source": "$source.data",
              "reset": "empty"
            }
          }
        }
      }
    },
    "resetVariablesActionLinesADP": {
      "module": "vb/action/builtin/resetVariablesAction",
      "parameters": {
        "variables": [
          "$page.variables.ActionLinesADP.data"
        ]
      },
      "outcomes": {
        "success": "callRestOrdersCoLinesActions"
      }
    }
  }
}