{
  "root": "callRestGetTemplatenameForRules",
  "description": "",
  "variables": {},
  "actions": {

    "assignVariablesTemplatenameArray": {
      "module": "vb/action/builtin/assignVariablesAction",
      "parameters": {
        "$page.variables.TemplatenameArray": {
          "source": "{{ $chain.results.callRestGetTemplatenameForRules.body.items }}",
          "reset": "empty"
        }
      }
    },
    "callRestGetTemplatenameForRules": {
      "module": "vb/action/builtin/restAction",
      "parameters": {
        "endpoint": "ordsHbg_integration/GetTemplatenameForRules",
        "uriParams": {
          "P_CUST_ACCOUNT_ID": "{{ $page.variables.SelectedCustAccountId ? $page.variables.SelectedCustAccountId : \"\" }}",
          "P_OWNER_CODE": "{{ $page.variables.SelectedOwnerCode ? $page.variables.SelectedOwnerCode : \"\" }}"
        }
      },
      "outcomes": {
        "success": "assignVariablesTemplatenameArray"
      }
    }
  }
}