{
  "description": "",
  "root": "assignVariablesHeaderlabel",
  "actions": {
    "assignVariablesHeaderlabel": {
      "module": "vb/action/builtin/assignVariablesAction",
      "parameters": {
        "$page.variables.Headerlabel": {
          "source": "Create"
        }
      },
      "outcomes": {
        "success": "resetVariablesHeadersCreateObj"
      }
    },
    "resetVariablesHeadersCreateObj": {
      "module": "vb/action/builtin/resetVariablesAction",
      "parameters": {
        "variables": [
          "$page.variables.HeadersCreateObj"
        ]
      },
      "outcomes": {
        "success": "callComponentHeaderpopOpen"
      }
    },
    "callComponentHeaderpopOpen": {
      "module": "vb/action/builtin/callComponentMethodAction",
      "parameters": {
        "component": "{{ document.getElementById('headerpop') }}",
        "method": "open"
      }
    }
  },
  "variables": {}
}