{
  "description": "",
  "root": "ifValue",
  "actions": {
    "ifValue": {
      "module": "vb/action/builtin/ifAction",
      "parameters": {
        "condition": "[[ $variables.value ]]"
      },
      "outcomes": {
        "true": "if",
        "false": "resetVariablesLinesCreateObj"
      }
    },
    "callRestGetOwnerName": {
      "module": "vb/action/builtin/restAction",
      "parameters": {
        "endpoint": "ordsHbg_integration/getOwnerName",
        "uriParams": {
          "OWNER_CODE": "{{ $variables.value }}"
        }
      },
      "outcomes": {
        "success": "runInParallel"
      }
    },
    "assignVariablesLinesCreateObj": {
      "module": "vb/action/builtin/assignVariablesAction",
      "parameters": {
        "$page.variables.LinesCreateObj": {
          "source": {
            "owner_name": "{{ $chain.results.callRestGetOwnerName.body.items[0].owner_name }}",
            "owner_id": "{{ $chain.results.callRestGetOwnerName.body.items[0].owner_id }}"
          },
          "reset": "none",
          "auto": "always"
        }
      }
    },
    "resetVariablesLinesCreateObj": {
      "module": "vb/action/builtin/resetVariablesAction",
      "parameters": {
        "variables": [
          "$page.variables.LinesCreateObj.owner_name",
          "$page.variables.LinesCreateObj.reporting_group",
          "$page.variables.LinesCreateObj.reporting_group_description",
          "$page.variables.LinesCreateObj.publisher",
          "$page.variables.LinesCreateObj.publisher_name",
          "$page.variables.LinesCreateObj.imprint",
          "$page.variables.LinesCreateObj.imprint_name"
        ]
      }
    },
    "runInParallel": {
      "module": "vb/action/builtin/forkAction",
      "parameters": {
        "actions": {
          "assignVariablesLinesCreateObj": "assignVariablesLinesCreateObj",
          "callRest": "callRestGetReportingGrpCode"
        }
      }
    },
    "callRestGetReportingGrpCode": {
      "module": "vb/action/builtin/restAction",
      "parameters": {
        "endpoint": "ordsHbg_integration/getReportingGrpCode",
        "uriParams": {
          "p_owner_id": "{{ $chain.results.callRestGetOwnerName.body.items[0].owner_id }}"
        }
      },
      "outcomes": {
        "success": "assignVariablesReportingGrpArray"
      }
    },
    "assignVariablesReportingGrpArray": {
      "module": "vb/action/builtin/assignVariablesAction",
      "parameters": {
        "$page.variables.ReportingGrpArray": {
          "source": "{{ $chain.results.callRestGetReportingGrpCode.body.items }}"
        }
      }
    },
    "resetVariablesAccountNumberArray": {
      "module": "vb/action/builtin/resetVariablesAction",
      "parameters": {
        "variables": [
           "$page.variables.LinesCreateObj.owner_name",
          "$page.variables.LinesCreateObj.reporting_group",
          "$page.variables.LinesCreateObj.reporting_group_description",
          "$page.variables.LinesCreateObj.publisher",
          "$page.variables.LinesCreateObj.publisher_name",
          "$page.variables.LinesCreateObj.imprint",
          "$page.variables.LinesCreateObj.imprint_name"
        ]
      },
      "outcomes": {
        "success": "resetVariablesRowOwner"
      }
    },
    "if": {
      "module": "vb/action/builtin/ifAction",
      "parameters": {
        "condition": "[[ $page.variables.RowOwner !== $variables.value ]]"
      },
      "outcomes": {
        "true": "resetVariablesAccountNumberArray",
        "false": "callRestGetOwnerName"
      }
    },
    "resetVariablesRowOwner": {
      "module": "vb/action/builtin/resetVariablesAction",
      "parameters": {
        "variables": [
          "$page.variables.RowOwner"
        ]
      },
      "outcomes": {
        "success": "callRestGetOwnerName"
      }
    }
  },
  "variables": {
    "value": {
      "required": true,
      "type": "any",
      "input": "fromCaller"
    }
  }
}