{
  "description": "",
  "root": "assignVariablesRuleLineId",
  "actions": {
    "assignVariablesRuleLineId": {
      "module": "vb/action/builtin/assignVariablesAction",
      "parameters": {
        "$page.variables.RuleLineId": {
          "source": "{{ $variables.rowData.rule_line_id }}"
        },
        "$page.variables.SelectedOwnerCode": {
          "source": "{{ $variables.rowData.owner_code }}"
        }
      },
      "outcomes": {
        "success": "callChainFetchLineAction"
      }
    },
    "callChainFetchLineAction": {
      "module": "vb/action/builtin/callChainAction",
      "parameters": {
        "id": "FetchLineAction"
      }
    }
  },
  "variables": {
    "rowKey": {
      "required": true,
      "type": "any",
      "input": "fromCaller"
    },
    "rowData": {
      "required": true,
      "type": "any",
      "input": "fromCaller"
    }
  }
}