{
    "items": [
        {
            "category2_id": 1,
            "category2_code": null,
            "category2_name": null,
            "category2_abbr": null,
            "returnable_grace_days": null,
            "active_ind": null,
            "creation_date": null,
            "created_by": null,
            "last_updated_date": null,
            "last_updated_by": null,
            "category1_id": null,
            "impr_id": null,
            "start_date": null,
            "end_date": null,
            "status": null
        }
    ],
    "hasMore": false,
    "limit": 25,
    "offset": 0,
    "count": 1,
    "links": [
        {
            "rel": "self",
            "href": "https://10.2.0.169:8081/ords/hbg_integration/familyCode/FamilyCodeCategory2"
        },
        {
            "rel": "edit",
            "href": "https://10.2.0.169:8081/ords/hbg_integration/familyCode/FamilyCodeCategory2"
        },
        {
            "rel": "describedby",
            "href": "https://10.2.0.169:8081/ords/hbg_integration/metadata-catalog/familyCode/item"
        },
        {
            "rel": "first",
            "href": "https://10.2.0.169:8081/ords/hbg_integration/familyCode/FamilyCodeCategory2"
        }
    ]
}