{
  "description": "",
  "root": "assignVariablesAccountNameVar",
  "actions": {
    "assignVariablesAccountNameVar": {
      "module": "vb/action/builtin/assignVariablesAction",
      "parameters": {
        "$page.variables.AccountNameVar": {
          "reset": "empty"
        },
        "$page.variables.AccountNumberVar": {
          "reset": "empty"
        },
        "$page.variables.AmountVar": {
          "source": {
            "reset": "empty"
          }
        },
        "$page.variables.BusinessUnitVar": {
          "source": {
            "reset": "empty"
          }
        },
        "$page.variables.CurrencyVar": {
          "source": {
            "reset": "empty"
          }
        },
        "$page.variables.EditingLineControlBool": {
          "source": false,
          "reset": "toDefault"
        },
        "$page.variables.EnableEditButton": {
          "source": false,
          "reset": "toDefault"
        },
        "$page.variables.GLAccountVar": {
          "source": {
            "reset": "empty"
          }
        },
        "$page.variables.PaymentDateVar": {
          "source": {
            "reset": "empty"
          }
        },
        "$page.variables.PaymentMethodVar": {
          "source": {
            "reset": "empty"
          }
        },
        "$page.variables.PaymentTypeVar": {
          "source": {
            "reset": "empty"
          }
        },
        "$page.variables.ReceiptNumberVar": {
          "source": {
            "reset": "empty"
          }
        }
      }
    }
  },
  "variables": {}
}