{
  "description": "",
  "root": "callFunctionUpdateADPPaymentType",
  "actions": {
    "callFunctionUpdateADPPaymentType": {
      "module": "vb/action/builtin/callModuleFunctionAction",
      "parameters": {
        "module": "[[ $functions ]]",
        "functionName": "updateADPPaymentType",
        "params": [
          "{{ $variables.key }}",
          "{{ $variables.value }}",
          "{{ $page.variables.ADPPaymentTable.data }}"
        ]
      },
      "outcomes": {
        "success": "fireDataProviderEventADPPaymentTable"
      }
    },
    "fireDataProviderEventADPPaymentTable": {
      "module": "vb/action/builtin/fireDataProviderEventAction",
      "parameters": {
        "target": "[[ $page.variables.ADPPaymentTable ]]",
        "update": {
          "keys": "{{ $variables.key }}",
          "data": "{{ $chain.results.callFunctionUpdateADPPaymentType }}"
        }
      },
      "outcomes": {
        "success": "ifValue"
      }
    },
    "ifValue": {
      "module": "vb/action/builtin/ifAction",
      "parameters": {
        "condition": "[[ $variables.value === \"Standard\" ]]"
      },
      "outcomes": {
        "true": "callChainInputTextValueChangeChainGLAccount",
        "false": "callChainInputTextValueChangeChainAccNumber"
      }
    },
    "callChainInputTextValueChangeChainGLAccount": {
      "module": "vb/action/builtin/callChainAction",
      "parameters": {
        "id": "InputTextValueChangeChainGLAccount",
        "params": {
          "current": "{{ $variables.current }}",
          "index": "{{ $variables.index }}",
          "key": "{{ $variables.key }}"
        }
      }
    },
    "callChainInputTextValueChangeChainAccNumber": {
      "module": "vb/action/builtin/callChainAction",
      "parameters": {
        "id": "InputTextValueChangeChainAccNumber",
        "params": {
          "current": "{{ $variables.current }}",
          "index": "{{ $variables.index }}",
          "key": "{{ $variables.key }}"
        }
      }
    }
  },
  "variables": {
    "value": {
      "required": true,
      "type": "any",
      "input": "fromCaller"
    },
    "key": {
      "required": true,
      "type": "any",
      "input": "fromCaller"
    },
    "index": {
      "required": true,
      "type": "number",
      "input": "fromCaller"
    },
    "current": {
      "required": true,
      "type": "any",
      "input": "fromCaller"
    }
  }
}