{
  "description": "",
  "root": "callFunctionUpdateADPCurrency",
  "actions": {
    "callFunctionUpdateADPCurrency": {
      "module": "vb/action/builtin/callModuleFunctionAction",
      "parameters": {
        "module": "[[ $functions ]]",
        "functionName": "updateADPCurrency",
        "params": [
          "{{ $variables.key }}",
          "{{ $variables.value }}",
          "{{ $page.variables.ADPPaymentTable.data }}"
        ]
      },
      "outcomes": {
        "success": "fireDataProviderEventADPPaymentTable"
      }
    },
    "fireDataProviderEventADPPaymentTable": {
      "module": "vb/action/builtin/fireDataProviderEventAction",
      "parameters": {
        "target": "[[ $page.variables.ADPPaymentTable ]]",
        "update": {
          "keys": "{{ $variables.key }}",
          "data": "{{ $chain.results.callFunctionUpdateADPCurrency }}"
        }
      }
    }
  },
  "variables": {
    "value": {
      "required": true,
      "type": "any",
      "input": "fromCaller"
    },
    "key": {
      "required": true,
      "type": "any",
      "input": "fromCaller"
    },
    "index": {
      "required": true,
      "type": "number",
      "input": "fromCaller"
    },
    "current": {
      "required": true,
      "type": "any",
      "input": "fromCaller"
    }
  }
}