{
  "description": "",
  "root": "callFunctionUpdateADPAccountNumber",
  "actions": {
    "callFunctionUpdateADPAccountNumber": {
      "module": "vb/action/builtin/callModuleFunctionAction",
      "parameters": {
        "module": "[[ $functions ]]",
        "functionName": "updateADPAccountNumber",
        "params": [
          "{{ $variables.key }}",
          "{{ $variables.value }}",
          "{{ $page.variables.ADPPaymentTable.data }}"
        ]
      },
      "outcomes": {
        "success": "fireDataProviderEventADPPaymentTable2"
      }
    },
    "if": {
      "module": "vb/action/builtin/ifAction",
      "parameters": {
        "condition": "[[ $variables.value === \"\" || $variables.value === undefined ]]"
      },
      "outcomes": {
        "false": "callRestGetPaymentExtensionGetCustomerbyAcctNum",
        "true": "callFunctionUpdateADPAccountName2"
      }
    },
    "fireNotification": {
      "module": "vb/action/builtin/fireNotificationEventAction",
      "parameters": {
        "target": "leaf",
        "summary": "[[ $chain.results.callRestGetPaymentExtensionGetCustomerbyAcctNum.message.summary ]]",
        "type": "error",
        "displayMode": "persist"
      }
    },
    "callRestGetPaymentExtensionGetCustomerbyAcctNum": {
      "module": "vb/action/builtin/restAction",
      "parameters": {
        "endpoint": "devOrds/getPaymentExtensionGetCustomerbyAcctNum",
        "uriParams": {
          "p_acct_num": "{{ $variables.value }}"
        }
      },
      "outcomes": {
        "failure": "fireNotification",
        "success": "callFunctionUpdateADPAccountName"
      }
    },
    "callFunctionUpdateADPAccountName": {
      "module": "vb/action/builtin/callModuleFunctionAction",
      "parameters": {
        "module": "[[ $functions ]]",
        "functionName": "updateADPAccountName",
        "params": [
          "{{ $variables.key }}",
          "{{ $chain.results.callRestGetPaymentExtensionGetCustomerbyAcctNum.body.accountname }}",
          "{{ $page.variables.ADPPaymentTable.data }}"
        ]
      },
      "outcomes": {
        "success": "fireDataProviderEventADPPaymentTable"
      }
    },
    "fireDataProviderEventADPPaymentTable": {
      "module": "vb/action/builtin/fireDataProviderEventAction",
      "parameters": {
        "update": {
          "data": "{{ $chain.results.callFunctionUpdateADPAccountName }}",
          "keys": "{{ $variables.key }}"
        },
        "target": "[[ $page.variables.ADPPaymentTable ]]"
      }
    },
    "fireDataProviderEventADPPaymentTable2": {
      "module": "vb/action/builtin/fireDataProviderEventAction",
      "parameters": {
        "update": {
          "keys": "{{ $variables.key }}",
          "data": "{{ $chain.results.callFunctionUpdateADPAccountNumber }}"
        },
        "target": "[[ $page.variables.ADPPaymentTable ]]"
      },
      "outcomes": {
        "success": "if"
      }
    },
    "callFunctionUpdateADPAccountName2": {
      "module": "vb/action/builtin/callModuleFunctionAction",
      "parameters": {
        "module": "[[ $functions ]]",
        "functionName": "updateADPAccountName",
        "params": [
          "{{ $variables.key }}",
          "{{ $variables.value }}",
          "{{ $page.variables.ADPPaymentTable.data }}"
        ]
      },
      "outcomes": {
        "success": "fireDataProviderEventADPPaymentTable3"
      }
    },
    "fireDataProviderEventADPPaymentTable3": {
      "module": "vb/action/builtin/fireDataProviderEventAction",
      "parameters": {
        "target": "[[ $page.variables.ADPPaymentTable ]]",
        "update": {
          "keys": "{{ $variables.key }}",
          "data": "{{ $chain.results.callFunctionUpdateADPAccountName2 }}"
        }
      }
    }
  },
  "variables": {
    "value": {
      "required": true,
      "type": "any",
      "input": "fromCaller"
    },
    "key": {
      "required": true,
      "type": "any",
      "input": "fromCaller"
    },
    "index": {
      "required": true,
      "type": "number",
      "input": "fromCaller"
    },
    "current": {
      "required": true,
      "type": "any",
      "input": "fromCaller"
    }
  }
}