{
  "description": "",
  "root": "callFunctionUpdateADPAmount",
  "actions": {
    "callFunctionUpdateADPAmount": {
      "module": "vb/action/builtin/callModuleFunctionAction",
      "parameters": {
        "module": "[[ $functions ]]",
        "functionName": "updateADPAmount",
        "params": [
          "{{ $variables.key }}",
          "{{ $variables.value }}",
          "{{ $page.variables.ADPPaymentTable.data }}"
        ]
      },
      "outcomes": {
        "success": "fireDataProviderEventADPPaymentTable"
      }
    },
    "fireDataProviderEventADPPaymentTable": {
      "module": "vb/action/builtin/fireDataProviderEventAction",
      "parameters": {
        "update": {
          "keys": "{{ $variables.key }}",
          "data": "{{ $chain.results.callFunctionUpdateADPAmount }}"
        },
        "target": "[[ $page.variables.ADPPaymentTable ]]"
      }
    }
  },
  "variables": {
    "value": {
      "required": true,
      "type": "any",
      "input": "fromCaller"
    },
    "key": {
      "required": true,
      "type": "any",
      "input": "fromCaller"
    },
    "index": {
      "required": true,
      "type": "number",
      "input": "fromCaller"
    },
    "current": {
      "required": true,
      "type": "any",
      "input": "fromCaller"
    }
  }
}