{
  "description": "",
  "root": "callFunctionUpdateADPPaymentDate",
  "actions": {
    "callFunctionUpdateADPPaymentDate": {
      "module": "vb/action/builtin/callModuleFunctionAction",
      "parameters": {
        "module": "[[ $functions ]]",
        "functionName": "updateADPPaymentDate",
        "params": [
          "{{ $variables.key }}",
          "{{ $variables.value + \"T23:59:59.999Z\" }}",
          "{{ $page.variables.ADPPaymentTable.data }}"
        ]
      },
      "outcomes": {
        "success": "fireDataProviderEventADPPaymentTable"
      }
    },
    "fireDataProviderEventADPPaymentTable": {
      "module": "vb/action/builtin/fireDataProviderEventAction",
      "parameters": {
        "target": "[[ $page.variables.ADPPaymentTable ]]",
        "update": {
          "keys": "{{ $variables.key }}",
          "data": "{{ $chain.results.callFunctionUpdateADPPaymentDate }}"
        }
      }
    }
  },
  "variables": {
    "value": {
      "required": true,
      "type": "any",
      "input": "fromCaller"
    },
    "key": {
      "required": true,
      "type": "any",
      "input": "fromCaller"
    },
    "index": {
      "required": true,
      "type": "number",
      "input": "fromCaller"
    },
    "current": {
      "required": true,
      "type": "any",
      "input": "fromCaller"
    }
  }
}