{
  "description": "",
  "root": "callFunctionLog",
  "actions": {
    "callFunctionLog": {
      "module": "vb/action/builtin/callModuleFunctionAction",
      "parameters": {
        "module": "[[ $functions ]]",
        "functionName": "log",
        "params": [
          "{{ $variables.selected }}"
        ]
      }
    }
  },
  "variables": {
    "keys": {
      "required": true,
      "type": "any[]",
      "input": "fromCaller"
    },
    "selected": {
      "required": true,
      "type": "any",
      "input": "fromCaller"
    }
  }
}