{
  "root": "ifEditMode",
  "description": "",
  "variables": {
    "event": {
      "required": false,
      "input": "fromCaller",
      "type": {
        "previousPage": "string",
        "previousPageParams": "any",
        "currentPage": "string",
        "currentPageParams": "any"
      }
    }
  },
  "actions": {
    "assignVariablesADPPaymentTable": {
      "module": "vb/action/builtin/assignVariablesAction",
      "parameters": {
        "$page.variables.ADPPaymentTable": {
          "source": {
            "data": "{{ $chain.results.callFunctionInitiateADPPaymentTable }}"          },
          "reset": "none",
          "auto": "always"
        },
        "$page.variables.BatchNumberInpt": {
          "source": "{{ $chain.results.callRestGetPaymentExtensionHbgArBatch.body.nextval }}"
        }
      }
    },
    "callFunctionInitiateADPPaymentTable": {
      "module": "vb/action/builtin/callModuleFunctionAction",
      "parameters": {
        "module": "[[ $functions ]]",
        "functionName": "initiateADPPaymentTable",
        "params": [
          "{{ $chain.results.callRestGetPaymentExtensionHbgArBatch.body.nextval }}"
        ]
      },
      "outcomes": {
        "success": "assignVariablesADPPaymentTable"
      }
    },
    "ifEditMode": {
      "module": "vb/action/builtin/ifAction",
      "parameters": {
        "condition": "[[ $page.variables.EditMode ]]"
      },
      "outcomes": {
        "false": "callRestGetPaymentExtensionHbgArBatch",
        "true": "callRestGetPaymentExtensionHbgArPaymentsLines"
      }
    },
    "fireNotification": {
      "module": "vb/action/builtin/fireNotificationEventAction",
      "parameters": {
        "target": "leaf",
        "summary": "[[ $chain.results.callRestGetPaymentExtensionHbgArPaymentsLines.message.summary ]]",
        "type": "error",
        "displayMode": "persist"
      }
    },
    "callRestGetPaymentExtensionHbgArPaymentsLines": {
      "module": "vb/action/builtin/restAction",
      "parameters": {
        "endpoint": "devOrds/getPaymentExtensionHbg_ar_payments_lines",
        "uriParams": {
          "P_BATCH_ID": "{{ $page.variables.BatchNumberInpt }}"
        }
      },
      "outcomes": {
        "failure": "fireNotification",
        "success": "callFunctionInitiateADPPaymentTableEditMode"
      }
    },
    "callFunctionInitiateADPPaymentTableEditMode": {
      "module": "vb/action/builtin/callModuleFunctionAction",
      "parameters": {
        "module": "[[ $functions ]]",
        "functionName": "initiateADPPaymentTableEditMode",
        "params": [
          "{{ $chain.results.callRestGetPaymentExtensionHbgArPaymentsLines.body.items }}"
        ]
      },
      "outcomes": {
        "success": "assignVariablesADPPaymentTable2"
      }
    },
    "assignVariablesADPPaymentTable2": {
      "module": "vb/action/builtin/assignVariablesAction",
      "parameters": {
        "$page.variables.ADPPaymentTable": {
          "source": {
            "data": "{{ $chain.results.callFunctionInitiateADPPaymentTableEditMode }}"
          },
          "reset": "none",
          "auto": "always"
        }
      }
    },
    "fireNotification2": {
      "module": "vb/action/builtin/fireNotificationEventAction",
      "parameters": {
        "target": "leaf",
        "summary": "[[ $chain.results.callRestGetPaymentExtensionHbgArBatch.message.summary ]]",
        "type": "error",
        "displayMode": "persist"
      }
    },
    "callRestGetPaymentExtensionHbgArBatch": {
      "module": "vb/action/builtin/restAction",
      "parameters": {
        "endpoint": "devOrds/getPaymentExtensionHbg_ar_batch"
      },
      "outcomes": {
        "failure": "fireNotification2",
        "success": "callFunctionInitiateADPPaymentTable"
      }
    }
  }
}