{
  "description": "",
  "root": "ifValue",
  "actions": {
    "ifValue": {
      "module": "vb/action/builtin/ifAction",
      "parameters": {
        "condition": "[[ $variables.value ]]"
      },
      "outcomes": {
        "true": "callRestGetCatnameByCode",
        "false": "resetVariablesLinesCreateObj"
      }
    },
    "callRestGetCatnameByCode": {
      "module": "vb/action/builtin/restAction",
      "parameters": {
        "endpoint": "ordsHbg_integration/getCatnameByCode",
        "uriParams": {
          "p_cat_code": "{{ $variables.value }}"
        }
      },
      "outcomes": {
        "success": "assignVariablesLinesCreateObj"
      }
    },
    "assignVariablesLinesCreateObj": {
      "module": "vb/action/builtin/assignVariablesAction",
      "parameters": {
        "$page.variables.LinesCreateObj": {
          "source": {
            "category_name": "{{ $chain.results.callRestGetCatnameByCode.body.items[0].category_name }}"
          },
          "reset": "none",
          "auto": "always"
        }
      }
    },
    "resetVariablesLinesCreateObj": {
      "module": "vb/action/builtin/resetVariablesAction",
      "parameters": {
        "variables": [
          "$page.variables.LinesCreateObj.category_name"
        ]
      }
    }
  },
  "variables": {
    "value": {
      "required": true,
      "type": "any",
      "input": "fromCaller"
    }
  }
}