{
  "description": "",
  "root": "resetVariablesHeadersCreateObj",
  "actions": {
    "assignVariablesHeaderlabel": {
      "module": "vb/action/builtin/assignVariablesAction",
      "parameters": {
        "$page.variables.Headerlabel": {
          "source": "Edit"
        },
        "$page.variables.HeadersCreateObj": {
          "source": "{{ $variables.current.row }}",
          "auto": "always"
        }
      },
      "outcomes": {
        "success": "callComponentHeaderdlgOpen"
      }
    },
    "resetVariablesHeadersCreateObj": {
      "module": "vb/action/builtin/resetVariablesAction",
      "parameters": {
        "variables": [
          "$page.variables.HeadersCreateObj"
        ]
      },
      "outcomes": {
        "success": "assignVariablesHeaderlabel"
      }
    },
    "callComponentHeaderdlgOpen": {
      "module": "vb/action/builtin/callComponentMethodAction",
      "parameters": {
        "component": "{{ document.getElementById('headerdlg') }}",
        "method": "open"
      }
    }
  },
  "variables": {
    "key": {
      "required": true,
      "type": "any",
      "input": "fromCaller"
    },
    "index": {
      "required": true,
      "type": "number",
      "input": "fromCaller"
    },
    "current": {
      "required": true,
      "type": "any",
      "input": "fromCaller"
    }
  }
}