{
  "description": "",
  "root": "resetVariablesSearchHeaderName",
  "actions": {
    "resetVariablesSearchHeaderName": {
      "module": "vb/action/builtin/resetVariablesAction",
      "parameters": {
        "variables": [
          "$page.variables.SearchHeaderName",
          "$page.variables.SearchHeaderDesc",
          "$page.variables.HeadersTblADP.data",
          "$page.variables.LinesTblADP.data",
          "$page.variables.RowTemplateId"
        ]
      },
      "outcomes": {
        "success": "callChainFetchHeaders"
      }
    },
    "callChainFetchHeaders": {
      "module": "vb/action/builtin/callChainAction",
      "parameters": {
        "id": "FetchHeaders"
      }
    }
  },
  "variables": {}
}